{
  "results": {
    "security_sales_1-1.0-0.5": {
      "acc,none": 0.49122807017543857,
      "acc_stderr,none": 0.06680502724442024,
      "acc_norm,none": 0.49122807017543857,
      "acc_norm_stderr,none": 0.06680502724442024,
      "map,none": 0.7178362573099415,
      "map_stderr,none": 0.038050836156280174,
      "map_2,none": 0.6754385964912281,
      "map_2_stderr,none": 0.04764377408421146,
      "map_3,none": 0.7046783625730993,
      "map_3_stderr,none": 0.04151340733266307,
      "map_4,none": 0.7178362573099415,
      "map_4_stderr,none": 0.038050836156280174,
      "map_norm,none": 0.7090643274853801,
      "map_norm_stderr,none": 0.039584724232342175,
      "map_2_norm,none": 0.6666666666666666,
      "map_2_norm_stderr,none": 0.04900854954141895,
      "map_3_norm,none": 0.6783625730994152,
      "map_3_norm_stderr,none": 0.04680320183579019,
      "map_4_norm,none": 0.7090643274853801,
      "map_4_norm_stderr,none": 0.039584724232342175,
      "alias": "security_sales_1-1.0-0.5"
    },
    "fp2-1.0-0.5": {
      "acc,none": 0.24421052631578946,
      "acc_stderr,none": 0.019733014655901614,
      "acc_norm,none": 0.24421052631578946,
      "acc_norm_stderr,none": 0.019733014655901614,
      "map,none": 0.5166666666666676,
      "map_stderr,none": 0.01315184799496372,
      "map_2,none": 0.3705263157894737,
      "map_2_stderr,none": 0.01882483138829997,
      "map_3,none": 0.4561403508771938,
      "map_3_stderr,none": 0.01628705770597866,
      "map_4,none": 0.5166666666666676,
      "map_4_stderr,none": 0.01315184799496372,
      "map_norm,none": 0.5166666666666676,
      "map_norm_stderr,none": 0.01315184799496372,
      "map_2_norm,none": 0.3705263157894737,
      "map_2_norm_stderr,none": 0.01882483138829997,
      "map_3_norm,none": 0.4561403508771938,
      "map_3_norm_stderr,none": 0.01628705770597866,
      "map_4_norm,none": 0.5166666666666676,
      "map_4_norm_stderr,none": 0.01315184799496372,
      "alias": "fp2-1.0-0.5"
    },
    "cpa_audit-1.0-0.5": {
      "acc,none": 0.1407035175879397,
      "acc_stderr,none": 0.017451338441977035,
      "acc_norm,none": 0.12311557788944724,
      "acc_norm_stderr,none": 0.016490446999484466,
      "map,none": 0.3872278056951425,
      "map_stderr,none": 0.01350582835354636,
      "map_2,none": 0.21608040201005024,
      "map_2_stderr,none": 0.018213761486070356,
      "map_3,none": 0.275544388609715,
      "map_3_stderr,none": 0.01755083143496508,
      "map_4,none": 0.3276800670016748,
      "map_4_stderr,none": 0.01617543788632636,
      "map_norm,none": 0.3773869346733669,
      "map_norm_stderr,none": 0.01288675586797702,
      "map_2_norm,none": 0.20477386934673367,
      "map_2_norm_stderr,none": 0.017531000684922495,
      "map_3_norm,none": 0.26507537688442184,
      "map_3_norm_stderr,none": 0.016929269862762338,
      "map_4_norm,none": 0.31783919597989924,
      "map_4_norm_stderr,none": 0.015567713990826801,
      "alias": "cpa_audit-1.0-0.5"
    },
    "cma_basics-1.0-0.5": {
      "acc,none": 0.2894736842105263,
      "acc_stderr,none": 0.07455791696866065,
      "acc_norm,none": 0.21052631578947367,
      "acc_norm_stderr,none": 0.06702258315442244,
      "map,none": 0.5460526315789473,
      "map_stderr,none": 0.0497640799374174,
      "map_2,none": 0.40789473684210525,
      "map_2_stderr,none": 0.07019395796413648,
      "map_3,none": 0.4868421052631579,
      "map_3_stderr,none": 0.06106814194504282,
      "map_4,none": 0.5460526315789473,
      "map_4_stderr,none": 0.0497640799374174,
      "map_norm,none": 0.5328947368421053,
      "map_norm_stderr,none": 0.04234738793897652,
      "map_2_norm,none": 0.42105263157894735,
      "map_2_norm_stderr,none": 0.0611829677599049,
      "map_3_norm,none": 0.5000000000000001,
      "map_3_norm_stderr,none": 0.0498932003052506,
      "map_4_norm,none": 0.5328947368421053,
      "map_4_norm_stderr,none": 0.04234738793897652,
      "alias": "cma_basics-1.0-0.5"
    },
    "chabsa-1.0-0.5": {
      "acc,none": 0.5611808882558591,
      "acc_stderr,none": 0.005647149750045238,
      "f1,none": 0.3594592352989964,
      "f1_stderr,none": "N/A",
      "acc_norm,none": 0.5611808882558591,
      "acc_norm_stderr,none": 0.005647149750045238,
      "f1_norm,none": 0.3594592352989964,
      "f1_norm_stderr,none": "N/A",
      "alias": "chabsa-1.0-0.5"
    }
  },
  "group_subtasks": {
    "chabsa-1.0-0.5": [],
    "cma_basics-1.0-0.5": [],
    "cpa_audit-1.0-0.5": [],
    "fp2-1.0-0.5": [],
    "security_sales_1-1.0-0.5": []
  },
  "configs": {
    "chabsa-1.0-0.5": {
      "task": "chabsa-1.0-0.5",
      "dataset_path": "jlm_fin_eval/datasets/chabsa/chabsa.py",
      "dataset_name": "chABSA",
      "test_split": "test",
      "doc_to_text": "センテンス: {{sentence}}\nターゲット: {{target}}\nシステム:",
      "doc_to_target": "{{polarity}}",
      "doc_to_choice": [
        "positive",
        "negative"
      ],
      "description": "ユーザー: センテンスにおける、ターゲットのセンチメントをpositiveかnegativeで答えてください。\nシステム: 分かりました。\n\n",
      "target_delimiter": " ",
      "fewshot_delimiter": "\n",
      "num_fewshot": 0,
      "metric_list": [
        {
          "metric": "acc",
          "aggregation": "mean",
          "higher_is_better": true
        },
        {
          "metric": "acc_norm",
          "aggregation": "mean",
          "higher_is_better": true
        },
        {
          "metric": "f1",
          "aggregation": "2class_adjusted_macro_f1_score_for_chabsa",
          "higher_is_better": true
        },
        {
          "metric": "f1_norm",
          "aggregation": "2class_adjusted_macro_f1_score_for_chabsa",
          "higher_is_better": true
        }
      ],
      "output_type": "multiple_choice",
      "repeats": 1,
      "should_decontaminate": false,
      "doc_to_decontamination_query": "sentence",
      "metadata": {
        "version": 1.0
      }
    },
    "cma_basics-1.0-0.5": {
      "task": "cma_basics-1.0-0.5",
      "dataset_path": "jlm_fin_eval/datasets/cma_basics/cma_basics.py",
      "dataset_name": "cma_basics",
      "test_split": "test",
      "doc_to_text": "def doc_to_text_05(doc):\n    return doc_to_text_04(doc, SEP=\"\\n\")\n",
      "doc_to_target": "def doc_to_target_01(doc):\n    return [\n        choice_text\n        for choice_id, choice_text in zip(doc[\"choices\"][\"id\"], doc[\"choices\"][\"text\"])\n        if choice_id == doc[\"answer\"]\n    ][0]\n",
      "doc_to_choice": "def doc_to_choices_01(doc):\n    choices = doc[\"choices\"][\"text\"]\n    return choices\n",
      "description": "ユーザー: 与えられた選択肢の中から、最適な答えを選んでください。\nシステム: 分かりました。\n\n",
      "target_delimiter": "",
      "fewshot_delimiter": "\n",
      "num_fewshot": 0,
      "metric_list": [
        {
          "metric": "acc",
          "aggregation": "mean",
          "higher_is_better": true
        },
        {
          "metric": "acc_norm",
          "aggregation": "mean",
          "higher_is_better": true
        },
        {
          "metric": "map",
          "aggregation": "mean",
          "higher_is_better": true
        },
        {
          "metric": "map_2",
          "aggregation": "mean",
          "higher_is_better": true
        },
        {
          "metric": "map_3",
          "aggregation": "mean",
          "higher_is_better": true
        },
        {
          "metric": "map_4",
          "aggregation": "mean",
          "higher_is_better": true
        },
        {
          "metric": "map_norm",
          "aggregation": "mean",
          "higher_is_better": true
        },
        {
          "metric": "map_2_norm",
          "aggregation": "mean",
          "higher_is_better": true
        },
        {
          "metric": "map_3_norm",
          "aggregation": "mean",
          "higher_is_better": true
        },
        {
          "metric": "map_4_norm",
          "aggregation": "mean",
          "higher_is_better": true
        }
      ],
      "output_type": "multiple_choice",
      "repeats": 1,