{
  "results": {
    "security_sales_1-1.0-0.3": {
      "acc,none": 0.45614035087719296,
      "acc_stderr,none": 0.0665577530069649,
      "acc_norm,none": 0.43859649122807015,
      "acc_norm_stderr,none": 0.0663095566682855,
      "map,none": 0.6929824561403509,
      "map_stderr,none": 0.03892157752039223,
      "map_2,none": 0.6491228070175439,
      "map_2_stderr,none": 0.04841619422794863,
      "map_3,none": 0.6666666666666666,
      "map_3_stderr,none": 0.04512583353391186,
      "map_4,none": 0.6929824561403509,
      "map_4_stderr,none": 0.03892157752039223,
      "map_norm,none": 0.6783625730994152,
      "map_norm_stderr,none": 0.039381719350998115,
      "map_2_norm,none": 0.6228070175438597,
      "map_2_norm_stderr,none": 0.05049985383360871,
      "map_3_norm,none": 0.6520467836257311,
      "map_3_norm_stderr,none": 0.04537213883999056,
      "map_4_norm,none": 0.6783625730994152,
      "map_4_norm_stderr,none": 0.039381719350998115,
      "alias": "security_sales_1-1.0-0.3"
    },
    "fp2-1.0-0.3": {
      "acc,none": 0.26526315789473687,
      "acc_stderr,none": 0.02027753714262581,
      "acc_norm,none": 0.26526315789473687,
      "acc_norm_stderr,none": 0.02027753714262581,
      "map,none": 0.5233333333333345,
      "map_stderr,none": 0.01361027075347783,
      "map_2,none": 0.37157894736842106,
      "map_2_stderr,none": 0.019391855012218333,
      "map_3,none": 0.4607017543859659,
      "map_3_stderr,none": 0.016799719037644496,
      "map_4,none": 0.5233333333333345,
      "map_4_stderr,none": 0.01361027075347783,
      "map_norm,none": 0.5233333333333345,
      "map_norm_stderr,none": 0.01361027075347783,
      "map_2_norm,none": 0.37157894736842106,
      "map_2_norm_stderr,none": 0.019391855012218333,
      "map_3_norm,none": 0.4607017543859659,
      "map_3_norm_stderr,none": 0.016799719037644496,
      "map_4_norm,none": 0.5233333333333345,
      "map_4_norm_stderr,none": 0.01361027075347783,
      "alias": "fp2-1.0-0.3"
    },
    "cpa_audit-1.0-0.3": {
      "acc,none": 0.13819095477386933,
      "acc_stderr,none": 0.017320087404198013,
      "acc_norm,none": 0.13819095477386933,
      "acc_norm_stderr,none": 0.017320087404198013,
      "map,none": 0.3925041876046902,
      "map_stderr,none": 0.013420771081548669,
      "map_2,none": 0.22738693467336685,
      "map_2_stderr,none": 0.018171040615122844,
      "map_3,none": 0.2927135678391957,
      "map_3_stderr,none": 0.017304740568228474,
      "map_4,none": 0.3322864321608038,
      "map_4_stderr,none": 0.01618870397870095,
      "map_norm,none": 0.3895309882747068,
      "map_norm_stderr,none": 0.0134498506870393,
      "map_2_norm,none": 0.2236180904522613,
      "map_2_norm_stderr,none": 0.01815823759435009,
      "map_3_norm,none": 0.2855946398659964,
      "map_3_norm_stderr,none": 0.01738576056060441,
      "map_4_norm,none": 0.3283082077051923,
      "map_4_norm_stderr,none": 0.016220729121291542,
      "alias": "cpa_audit-1.0-0.3"
    },
    "cma_basics-1.0-0.3": {
      "acc,none": 0.2631578947368421,
      "acc_stderr,none": 0.0723926637268818,
      "acc_norm,none": 0.21052631578947367,
      "acc_norm_stderr,none": 0.06702258315442244,
      "map,none": 0.5241228070175438,
      "map_stderr,none": 0.04847809198401604,
      "map_2,none": 0.35526315789473684,
      "map_2_stderr,none": 0.07032715345007577,
      "map_3,none": 0.4780701754385964,
      "map_3_stderr,none": 0.05732673216970657,
      "map_4,none": 0.5241228070175438,
      "map_4_stderr,none": 0.04847809198401604,
      "map_norm,none": 0.5197368421052632,
      "map_norm_stderr,none": 0.0432583846102189,
      "map_2_norm,none": 0.3815789473684211,
      "map_2_norm_stderr,none": 0.0637669190064234,
      "map_3_norm,none": 0.4868421052631579,
      "map_3_norm_stderr,none": 0.05043730800094184,
      "map_4_norm,none": 0.5197368421052632,
      "map_4_norm_stderr,none": 0.0432583846102189,
      "alias": "cma_basics-1.0-0.3"
    },
    "chabsa-1.0-0.3": {
      "acc,none": 0.5611808882558591,
      "acc_stderr,none": 0.005647149750045238,
      "f1,none": 0.3594592352989964,
      "f1_stderr,none": "N/A",
      "acc_norm,none": 0.5611808882558591,
      "acc_norm_stderr,none": 0.005647149750045238,
      "f1_norm,none": 0.3594592352989964,
      "f1_norm_stderr,none": "N/A",
      "alias": "chabsa-1.0-0.3"
    }
  },
  "group_subtasks": {
    "chabsa-1.0-0.3": [],
    "cma_basics-1.0-0.3": [],
    "cpa_audit-1.0-0.3": [],
    "fp2-1.0-0.3": [],
    "security_sales_1-1.0-0.3": []
  },
  "configs": {
    "chabsa-1.0-0.3": {
      "task": "chabsa-1.0-0.3",
      "dataset_path": "jlm_fin_eval/datasets/chabsa/chabsa.py",
      "dataset_name": "chABSA",
      "test_split": "test",
      "doc_to_text": "### 入力:\nセンテンス:{{sentence}}\nターゲット:{{target}}\n\n### 応答:\n\n",
      "doc_to_target": "{{polarity}}",
      "doc_to_choice": [
        "positive",
        "negative"
      ],
      "description": "以下は、タスクを説明する指示と、文脈のある入力の組み合わせです。要求を適切に満たす応答を書きなさい。\n\n### 指示:\n以下のセンテンスにおける、ターゲットのセンチメントをpositiveかnegativeで答えてください。\n\n\n",
      "target_delimiter": "",
      "fewshot_delimiter": "\n\n",
      "num_fewshot": 0,
      "metric_list": [
        {
          "metric": "acc",
          "aggregation": "mean",
          "higher_is_better": true
        },
        {
          "metric": "acc_norm",
          "aggregation": "mean",
          "higher_is_better": true
        },
        {
          "metric": "f1",
          "aggregation": "2class_adjusted_macro_f1_score_for_chabsa",
          "higher_is_better": true
        },
        {
          "metric": "f1_norm",
          "aggregation": "2class_adjusted_macro_f1_score_for_chabsa",
          "higher_is_better": true
        }
      ],
      "output_type": "multiple_choice",
      "repeats": 1,
      "should_decontaminate": false,
      "doc_to_decontamination_query": "sentence",
      "metadata": {
        "version": 1.0
      }
    },
    "cma_basics-1.0-0.3": {
      "task": "cma_basics-1.0-0.3",
      "dataset_path": "jlm_fin_eval/datasets/cma_basics/cma_basics.py",
      "dataset_name": "cma_basics",
      "test_split": "test",
      "doc_to_text": "def doc_to_text_03(doc):\n    q_doc_text = doc[\"question\"] + \"\\n\"\n    if doc[\"context\"] and doc[\"context\"] != \"\":\n        q_doc_text += doc[\"context\"] + \"\\n\"\n    choices = \"\\n\".join([f\"- {choice}\" for choice in doc[\"choices\"][\"text\"]])\n    input_text = f\"{q_doc_text}\" + f\"出力は以下から選択してください：\\n{choices}\"\n    return f\"### 入力:\\n{input_text}\\n\\n### 応答:\\n\"\n",
      "doc_to_target": "def doc_to_target_01(doc):\n    return [\n        choice_text\n        for choice_id, choice_text in zip(doc[\"choices\"][\"id\"], doc[\"choices\"][\"text\"])\n        if choice_id == doc[\"answer\"]\n    ][0]\n",
      "doc_to_choice": "def doc_to_choices_01(doc):\n    choices = doc[\"choices\"][\"text\"]\n    return choices\n",
      "description": "以下は、タスクを説明する指示と、文脈のある入力の組み合わせです。要求を適切に満たす応答を書きなさい。\n\n### 指示:\n与えられた選択肢の中から、最適な答えを選んでください。\n\n\n",
      "target_delimiter": "",
      "fewshot_delimiter": "\n\n",
      "num_fewshot": 0,
      "metric_list": [
        {
          "metric": "acc",
          "aggregation": "mean",
          "higher_is_better": true
        },
        {
          "metric": "acc_norm",
          "aggregation": "mean",
          "higher_is_better": true
        },
        {
          "metric": "map",
          "aggregation": "mean",
          "higher_is_better": true
        },
        {
          "metric": "map_2",
          "aggregation": "mean",
          "higher_is_better": true
        },
        {
          "metric": "map_3",
          "aggregation": "mean",
          "higher_is_better": true
        },
        {
          "metric": "map_4",
          "aggregation": "mean",
          "higher_is_better": true
        },
        {
          "metric": "map_norm",
          "aggregation": "mean",