{
  "results": {
    "security_sales_1-1.0-0.4": {
      "acc,none": 0.42105263157894735,
      "acc_stderr,none": 0.06597717584505354,
      "acc_norm,none": 0.42105263157894735,
      "acc_norm_stderr,none": 0.06597717584505354,
      "map,none": 0.6856725146198831,
      "map_stderr,none": 0.037022835806459396,
      "map_2,none": 0.6578947368421053,
      "map_2_stderr,none": 0.043639799873097414,
      "map_3,none": 0.6637426900584795,
      "map_3_stderr,none": 0.04244085029763922,
      "map_4,none": 0.6856725146198831,
      "map_4_stderr,none": 0.037022835806459396,
      "map_norm,none": 0.6637426900584794,
      "map_norm_stderr,none": 0.03990451480688942,
      "map_2_norm,none": 0.6052631578947368,
      "map_2_norm_stderr,none": 0.051202400270211425,
      "map_3_norm,none": 0.6286549707602338,
      "map_3_norm_stderr,none": 0.04738672460089451,
      "map_4_norm,none": 0.6637426900584794,
      "map_4_norm_stderr,none": 0.03990451480688942,
      "alias": "security_sales_1-1.0-0.4"
    },
    "fp2-1.0-0.4": {
      "acc,none": 0.2168421052631579,
      "acc_stderr,none": 0.018928112207699244,
      "acc_norm,none": 0.2168421052631579,
      "acc_norm_stderr,none": 0.018928112207699244,
      "map,none": 0.5084210526315798,
      "map_stderr,none": 0.012748322387395804,
      "map_2,none": 0.36210526315789476,
      "map_2_stderr,none": 0.018398927101457654,
      "map_3,none": 0.4505263157894746,
      "map_3_stderr,none": 0.015783254382515263,
      "map_4,none": 0.5084210526315798,
      "map_4_stderr,none": 0.012748322387395804,
      "map_norm,none": 0.5084210526315798,
      "map_norm_stderr,none": 0.012748322387395804,
      "map_2_norm,none": 0.36210526315789476,
      "map_2_norm_stderr,none": 0.018398927101457654,
      "map_3_norm,none": 0.4505263157894746,
      "map_3_norm_stderr,none": 0.015783254382515263,
      "map_4_norm,none": 0.5084210526315798,
      "map_4_norm_stderr,none": 0.012748322387395804,
      "alias": "fp2-1.0-0.4"
    },
    "cpa_audit-1.0-0.4": {
      "acc,none": 0.135678391959799,
      "acc_stderr,none": 0.017186908930253573,
      "acc_norm,none": 0.12060301507537688,
      "acc_norm_stderr,none": 0.016344675977865868,
      "map,none": 0.38584589614740367,
      "map_stderr,none": 0.013328923144164678,
      "map_2,none": 0.2135678391959799,
      "map_2_stderr,none": 0.01802684072421865,
      "map_3,none": 0.28140703517587917,
      "map_3_stderr,none": 0.017243716152433686,
      "map_4,none": 0.324120603015075,
      "map_4_stderr,none": 0.01609640412035265,
      "map_norm,none": 0.3778894472361809,
      "map_norm_stderr,none": 0.012790918714251382,
      "map_2_norm,none": 0.20477386934673367,
      "map_2_norm_stderr,none": 0.01744051456297129,
      "map_3_norm,none": 0.2734505862646564,
      "map_3_norm_stderr,none": 0.016706494163718083,
      "map_4_norm,none": 0.31616415410385224,
      "map_4_norm_stderr,none": 0.015574578913108105,
      "alias": "cpa_audit-1.0-0.4"
    },
    "cma_basics-1.0-0.4": {
      "acc,none": 0.2631578947368421,
      "acc_stderr,none": 0.0723926637268818,
      "acc_norm,none": 0.2631578947368421,
      "acc_norm_stderr,none": 0.0723926637268818,
      "map,none": 0.5350877192982457,
      "map_stderr,none": 0.047937504895089224,
      "map_2,none": 0.39473684210526316,
      "map_2_stderr,none": 0.06840463748816265,
      "map_3,none": 0.48245614035087725,
      "map_3_stderr,none": 0.058222129892395655,
      "map_4,none": 0.5350877192982457,
      "map_4_stderr,none": 0.047937504895089224,
      "map_norm,none": 0.5394736842105264,
      "map_norm_stderr,none": 0.047638317544757725,
      "map_2_norm,none": 0.40789473684210525,
      "map_2_norm_stderr,none": 0.06761340812294223,
      "map_3_norm,none": 0.48684210526315796,
      "map_3_norm_stderr,none": 0.05808355347211886,
      "map_4_norm,none": 0.5394736842105264,
      "map_4_norm_stderr,none": 0.047638317544757725,
      "alias": "cma_basics-1.0-0.4"
    },
    "chabsa-1.0-0.4": {
      "acc,none": 0.5611808882558591,
      "acc_stderr,none": 0.005647149750045238,
      "f1,none": 0.3594592352989964,
      "f1_stderr,none": "N/A",
      "acc_norm,none": 0.5611808882558591,
      "acc_norm_stderr,none": 0.005647149750045238,
      "f1_norm,none": 0.3594592352989964,
      "f1_norm_stderr,none": "N/A",
      "alias": "chabsa-1.0-0.4"
    }
  },
  "group_subtasks": {
    "chabsa-1.0-0.4": [],
    "cma_basics-1.0-0.4": [],
    "cpa_audit-1.0-0.4": [],
    "fp2-1.0-0.4": [],
    "security_sales_1-1.0-0.4": []
  },
  "configs": {
    "chabsa-1.0-0.4": {
      "task": "chabsa-1.0-0.4",
      "dataset_path": "jlm_fin_eval/datasets/chabsa/chabsa.py",
      "dataset_name": "chABSA",
      "test_split": "test",
      "doc_to_text": "センテンス: {{sentence}}<NL>ターゲット: {{target}}<NL>システム:",
      "doc_to_target": "{{polarity}}",
      "doc_to_choice": [
        "positive",
        "negative"
      ],
      "description": "ユーザー: センテンスにおける、ターゲットのセンチメントをpositiveかnegativeで答えてください。<NL>システム: 分かりました。<NL>",
      "target_delimiter": " ",
      "fewshot_delimiter": "<NL>",
      "num_fewshot": 0,
      "metric_list": [
        {
          "metric": "acc",
          "aggregation": "mean",
          "higher_is_better": true
        },
        {
          "metric": "acc_norm",
          "aggregation": "mean",
          "higher_is_better": true
        },
        {
          "metric": "f1",
          "aggregation": "2class_adjusted_macro_f1_score_for_chabsa",
          "higher_is_better": true
        },
        {
          "metric": "f1_norm",
          "aggregation": "2class_adjusted_macro_f1_score_for_chabsa",
          "higher_is_better": true
        }
      ],
      "output_type": "multiple_choice",
      "repeats": 1,
      "should_decontaminate": false,
      "doc_to_decontamination_query": "sentence",
      "metadata": {
        "version": 1.0
      }
    },
    "cma_basics-1.0-0.4": {
      "task": "cma_basics-1.0-0.4",
      "dataset_path": "jlm_fin_eval/datasets/cma_basics/cma_basics.py",
      "dataset_name": "cma_basics",
      "test_split": "test",
      "doc_to_text": "def doc_to_text_04(doc, SEP=\"<NL>\"):\n    q_doc_text = doc[\"question\"]\n    if doc[\"context\"] and doc[\"context\"] != \"\":\n        q_doc_text += \"\\n\" + doc[\"context\"]\n    choices = SEP.join([f\"- {choice}\" for choice in doc[\"choices\"][\"text\"]])\n    input_text = f\"質問：{q_doc_text}{SEP}\" + f\"選択肢：{SEP}{choices}\"\n    return f\"ユーザー: {input_text}{SEP}システム: \"\n",
      "doc_to_target": "def doc_to_target_01(doc):\n    return [\n        choice_text\n        for choice_id, choice_text in zip(doc[\"choices\"][\"id\"], doc[\"choices\"][\"text\"])\n        if choice_id == doc[\"answer\"]\n    ][0]\n",
      "doc_to_choice": "def doc_to_choices_01(doc):\n    choices = doc[\"choices\"][\"text\"]\n    return choices\n",
      "description": "ユーザー: 与えられた選択肢の中から、最適な答えを選んでください。<NL>システム: 分かりました。<NL>",
      "target_delimiter": "",
      "fewshot_delimiter": "<NL>",
      "num_fewshot": 0,
      "metric_list": [
        {
          "metric": "acc",
          "aggregation": "mean",
          "higher_is_better": true
        },
        {
          "metric": "acc_norm",
          "aggregation": "mean",
          "higher_is_better": true
        },
        {
          "metric": "map",
          "aggregation": "mean",
          "higher_is_better": true
        },
        {
          "metric": "map_2",
          "aggregation": "mean",
          "higher_is_better": true
        },
        {
          "metric": "map_3",
          "aggregation": "mean",
          "higher_is_better": true
        },
        {
          "metric": "map_4",
          "aggregation": "mean",
          "higher_is_better": true
        },
        {
          "metric": "map_norm",
          "aggregation": "mean",
          "higher_is_better": true
        },
        {
          "metric": "map_2_norm",
          "aggregation": "mean",