{
  "results": {
    "chabsa-1.0-0.6": {
      "acc": 0.8459147999482066,
      "f1": 0.8570567609491877
    },
    "cma_basics-1.0-0.2": {
      "acc": 0.39473684210526316,
      "acc_stderr": 0.0803572542664568,
      "map": 0.6293859649122806,
      "map_stderr": 0.050941174350828136,
      "map_2": 0.5263157894736842,
      "map_2_stderr": 0.07042688475064171,
      "map_3": 0.5964912280701754,
      "map_3_stderr": 0.05884389414473132,
      "map_4": 0.6293859649122806,
      "map_4_stderr": 0.050941174350828136
    },
    "cpa_audit": {
      "acc": 0.18592964824120603,
      "acc_stderr": 0.01952585408370162,
      "map": 0.41298157453936324,
      "map_stderr": 0.014971826621770538,
      "map_2": 0.25125628140703515,
      "map_2_stderr": 0.019788761400790212,
      "map_3": 0.307370184254606,
      "map_3_stderr": 0.018967104556554745,
      "map_4": 0.3488274706867669,
      "map_4_stderr": 0.01781385109129029
    },
    "fp2-1.0-0.3": {
      "acc": 0.2463157894736842,
      "acc_stderr": 0.01979026746533389,
      "map": 0.5214035087719308,
      "map_stderr": 0.013246098128328972,
      "map_2": 0.37894736842105264,
      "map_2_stderr": 0.01888397121945337,
      "map_3": 0.4603508771929833,
      "map_3_stderr": 0.016422889227800292,
      "map_4": 0.5214035087719308,
      "map_4_stderr": 0.013246098128328972
    },
    "security_sales_1": {
      "acc": 0.2982456140350877,
      "acc_stderr": 0.061134390564663986,
      "map": 0.611111111111111,
      "map_stderr": 0.03535862075414666,
      "map_2": 0.5526315789473685,
      "map_2_stderr": 0.046298128325591895,
      "map_3": 0.5935672514619882,
      "map_3_stderr": 0.03936136127841362,
      "map_4": 0.611111111111111,
      "map_4_stderr": 0.03535862075414666
    }
  },
  "versions": {
    "chabsa-1.0-0.6": 1.0,
    "cma_basics-1.0-0.2": 1.0,
    "cpa_audit": 1.0,
    "fp2-1.0-0.3": 1.0,
    "security_sales_1": 1.0
  },
  "config": {
    "model": "hf-causal-experimental",
    "model_args": "pretrained=elyza/ELYZA-japanese-Llama-2-7b-instruct",
    "num_fewshot": [
      2,
      2,
      0,
      3,
      2
    ],
    "batch_size": null,
    "device": null,
    "no_cache": true,
    "limit": null,
    "bootstrap_iters": 100000,
    "description_dict": {}
  }
}