{
  "results": {
    "security_sales_1-1.0-0.1.2": {
      "acc,none": 0.42105263157894735,
      "acc_stderr,none": 0.06597717584505354,
      "acc_norm,none": 0.42105263157894735,
      "acc_norm_stderr,none": 0.06597717584505354,
      "map,none": 0.6695906432748538,
      "map_stderr,none": 0.03907816483624941,
      "map_2,none": 0.6140350877192983,
      "map_2_stderr,none": 0.05009005652299035,
      "map_3,none": 0.6432748538011697,
      "map_3_stderr,none": 0.04501743924187362,
      "map_4,none": 0.6695906432748538,
      "map_4_stderr,none": 0.03907816483624941,
      "map_norm,none": 0.6695906432748538,
      "map_norm_stderr,none": 0.03907816483624941,
      "map_2_norm,none": 0.6140350877192983,
      "map_2_norm_stderr,none": 0.05009005652299035,
      "map_3_norm,none": 0.6432748538011697,
      "map_3_norm_stderr,none": 0.04501743924187362,
      "map_4_norm,none": 0.6695906432748538,
      "map_4_norm_stderr,none": 0.03907816483624941,
      "alias": "security_sales_1-1.0-0.1.2"
    },
    "fp2-1.0-0.1.2": {
      "acc,none": 0.25473684210526315,
      "acc_stderr,none": 0.020012969601671527,
      "acc_norm,none": 0.25473684210526315,
      "acc_norm_stderr,none": 0.020012969601671527,
      "map,none": 0.5282456140350886,
      "map_stderr,none": 0.013410131960800827,
      "map_2,none": 0.3894736842105263,
      "map_2_stderr,none": 0.019019651398856193,
      "map_3,none": 0.4666666666666673,
      "map_3_stderr,none": 0.016631467753740026,
      "map_4,none": 0.5282456140350886,
      "map_4_stderr,none": 0.013410131960800827,
      "map_norm,none": 0.5282456140350886,
      "map_norm_stderr,none": 0.013410131960800827,
      "map_2_norm,none": 0.3894736842105263,
      "map_2_norm_stderr,none": 0.019019651398856193,
      "map_3_norm,none": 0.4666666666666673,
      "map_3_norm_stderr,none": 0.016631467753740026,
      "map_4_norm,none": 0.5282456140350886,
      "map_4_norm_stderr,none": 0.013410131960800827,
      "alias": "fp2-1.0-0.1.2"
    },
    "cpa_audit-1.0-0.1.2": {
      "acc,none": 0.14824120603015076,
      "acc_stderr,none": 0.01783394937441964,
      "acc_norm,none": 0.14824120603015076,
      "acc_norm_stderr,none": 0.01783394937441964,
      "map,none": 0.4013400335008376,
      "map_stderr,none": 0.01361693522165321,
      "map_2,none": 0.2399497487437186,
      "map_2_stderr,none": 0.01845842998266655,
      "map_3,none": 0.30192629815745364,
      "map_3_stderr,none": 0.017554417462763153,
      "map_4,none": 0.3458961474036851,
      "map_4_stderr,none": 0.01625105021270719,
      "map_norm,none": 0.4013400335008376,
      "map_norm_stderr,none": 0.01361693522165321,
      "map_2_norm,none": 0.2399497487437186,
      "map_2_norm_stderr,none": 0.01845842998266655,
      "map_3_norm,none": 0.30192629815745364,
      "map_3_norm_stderr,none": 0.017554417462763153,
      "map_4_norm,none": 0.3458961474036851,
      "map_4_norm_stderr,none": 0.01625105021270719,
      "alias": "cpa_audit-1.0-0.1.2"
    },
    "cma_basics-1.0-0.1.2": {
      "acc,none": 0.3157894736842105,
      "acc_stderr,none": 0.07641750223933594,
      "acc_norm,none": 0.3157894736842105,
      "acc_norm_stderr,none": 0.07641750223933594,
      "map,none": 0.5657894736842105,
      "map_stderr,none": 0.05335269388557521,
      "map_2,none": 0.4342105263157895,
      "map_2_stderr,none": 0.07345142052853472,
      "map_3,none": 0.4868421052631579,
      "map_3_stderr,none": 0.06752107157166953,
      "map_4,none": 0.5657894736842105,
      "map_4_stderr,none": 0.05335269388557521,
      "map_norm,none": 0.5657894736842105,
      "map_norm_stderr,none": 0.05335269388557521,
      "map_2_norm,none": 0.4342105263157895,
      "map_2_norm_stderr,none": 0.07345142052853472,
      "map_3_norm,none": 0.4868421052631579,
      "map_3_norm_stderr,none": 0.06752107157166953,
      "map_4_norm,none": 0.5657894736842105,
      "map_4_norm_stderr,none": 0.05335269388557521,
      "alias": "cma_basics-1.0-0.1.2"
    },
    "chabsa-1.0-0.1": {
      "acc,none": 0.5828046096076654,
      "acc_stderr,none": 0.00561133685946508,
      "f1,none": 0.41794418609957407,
      "f1_stderr,none": "N/A",
      "acc_norm,none": 0.5828046096076654,
      "acc_norm_stderr,none": 0.00561133685946508,
      "f1_norm,none": 0.41794418609957407,
      "f1_norm_stderr,none": "N/A",
      "alias": "chabsa-1.0-0.1"
    }
  },
  "group_subtasks": {
    "chabsa-1.0-0.1": [],
    "cma_basics-1.0-0.1.2": [],
    "cpa_audit-1.0-0.1.2": [],
    "fp2-1.0-0.1.2": [],
    "security_sales_1-1.0-0.1.2": []
  },
  "configs": {
    "chabsa-1.0-0.1": {
      "task": "chabsa-1.0-0.1",
      "dataset_path": "jlm_fin_eval/datasets/chabsa/chabsa.py",
      "dataset_name": "chABSA",
      "test_split": "test",
      "doc_to_text": "[センテンス]: {{sentence}}\nターゲット]: {{target}}\n[答え]:",
      "doc_to_target": "{{polarity}}",
      "doc_to_choice": [
        "positive",
        "negative"
      ],
      "description": "[センテンス]における、[ターゲット]のセンチメントをpositiveかnegativeで選んでください。\n\n\n",
      "target_delimiter": " ",
      "fewshot_delimiter": "\n\n",
      "num_fewshot": 0,
      "metric_list": [
        {
          "metric": "acc",
          "aggregation": "mean",
          "higher_is_better": true
        },
        {
          "metric": "acc_norm",
          "aggregation": "mean",
          "higher_is_better": true
        },
        {
          "metric": "f1",
          "aggregation": "2class_adjusted_macro_f1_score_for_chabsa",
          "higher_is_better": true
        },
        {
          "metric": "f1_norm",
          "aggregation": "2class_adjusted_macro_f1_score_for_chabsa",
          "higher_is_better": true
        }
      ],
      "output_type": "multiple_choice",
      "repeats": 1,
      "should_decontaminate": false,
      "doc_to_decontamination_query": "sentence",
      "metadata": {
        "version": 1.0
      }
    },
    "cma_basics-1.0-0.1.2": {
      "task": "cma_basics-1.0-0.1.2",
      "dataset_path": "jlm_fin_eval/datasets/cma_basics/cma_basics.py",
      "dataset_name": "cma_basics",
      "test_split": "test",
      "doc_to_text": "def doc_to_text_01_2(doc):\n    q_doc_text = doc[\"question\"] + \"\\n\"\n    if doc[\"context\"] and doc[\"context\"] != \"\":\n        q_doc_text += doc[\"context\"] + \"\\n\"\n    choice_doc_text = []\n    for choice_id, choice_text in zip(doc[\"choices\"][\"id\"], doc[\"choices\"][\"text\"]):\n        choice_doc_text.append(chr(choice_id + 65) + \":\" + choice_text)\n    return f\"[問題]:{q_doc_text}[選択肢]:[{', '.join(choice_doc_text)}]\\n[答え]:\"\n",
      "doc_to_target": "def doc_to_target_alphabet(doc):\n    answer = chr(int(doc[\"answer\"]) + 65)\n    return answer\n",
      "doc_to_choice": "def doc_to_choices_alphabet(doc):\n    choices = [chr(choice_id + 65) for choice_id in doc[\"choices\"][\"id\"]]\n    return choices\n",
      "description": "[問題]に対する[答え]を[選択肢]の中からアルファベットで選んでください。\n\n\n",
      "target_delimiter": "",
      "fewshot_delimiter": "\n\n",
      "num_fewshot": 0,
      "metric_list": [
        {
          "metric": "acc",
          "aggregation": "mean",
          "higher_is_better": true
        },
        {
          "metric": "acc_norm",
          "aggregation": "mean",
          "higher_is_better": true
        },
        {
          "metric": "map",
          "aggregation": "mean",
          "higher_is_better": true
        },
        {
          "metric": "map_2",
          "aggregation": "mean",
          "higher_is_better": true
        },
        {
          "metric": "map_3",
          "aggregation": "mean",
          "higher_is_better": true
        },
        {
          "metric": "map_4",
          "aggregation": "mean",
          "higher_is_better": true
        },
        {
          "metric": "map_norm",
          "aggregation": "mean",
          "higher_is_better": true
        },
        {
          "metric": "map_2_norm",
          "aggregation": "mean",