{
  "results": {
    "security_sales_1-1.0-0.3": {
      "acc,none": 0.40350877192982454,
      "acc_stderr,none": 0.06555933012294897,
      "acc_norm,none": 0.40350877192982454,
      "acc_norm_stderr,none": 0.06555933012294897,
      "map,none": 0.6578947368421053,
      "map_stderr,none": 0.039062534351213866,
      "map_2,none": 0.5964912280701754,
      "map_2_stderr,none": 0.05074414372180829,
      "map_3,none": 0.631578947368421,
      "map_3_stderr,none": 0.0448815782432236,
      "map_4,none": 0.6578947368421053,
      "map_4_stderr,none": 0.039062534351213866,
      "map_norm,none": 0.6549707602339181,
      "map_norm_stderr,none": 0.03954710211939193,
      "map_2_norm,none": 0.5964912280701754,
      "map_2_norm_stderr,none": 0.05074414372180829,
      "map_3_norm,none": 0.6198830409356725,
      "map_3_norm_stderr,none": 0.0469692693067022,
      "map_4_norm,none": 0.6549707602339181,
      "map_4_norm_stderr,none": 0.03954710211939193,
      "alias": "security_sales_1-1.0-0.3"
    },
    "fp2-1.0-0.3": {
      "acc,none": 0.24,
      "acc_stderr,none": 0.019616577850947288,
      "acc_norm,none": 0.24,
      "acc_norm_stderr,none": 0.019616577850947288,
      "map,none": 0.5159649122807027,
      "map_stderr,none": 0.013254130268506728,
      "map_2,none": 0.37157894736842106,
      "map_2_stderr,none": 0.018869482379367575,
      "map_3,none": 0.45017543859649206,
      "map_3_stderr,none": 0.016585223594554718,
      "map_4,none": 0.5159649122807027,
      "map_4_stderr,none": 0.013254130268506728,
      "map_norm,none": 0.5159649122807027,
      "map_norm_stderr,none": 0.013254130268506728,
      "map_2_norm,none": 0.37157894736842106,
      "map_2_norm_stderr,none": 0.018869482379367575,
      "map_3_norm,none": 0.45017543859649206,
      "map_3_norm_stderr,none": 0.016585223594554718,
      "map_4_norm,none": 0.5159649122807027,
      "map_4_norm_stderr,none": 0.013254130268506728,
      "alias": "fp2-1.0-0.3"
    },
    "cpa_audit-1.0-0.3": {
      "acc,none": 0.13819095477386933,
      "acc_stderr,none": 0.01732008740419801,
      "acc_norm,none": 0.13316582914572864,
      "acc_norm_stderr,none": 0.0170517578589349,
      "map,none": 0.3875628140703515,
      "map_stderr,none": 0.013521706001407403,
      "map_2,none": 0.22613065326633167,
      "map_2_stderr,none": 0.01816699277209822,
      "map_3,none": 0.2788944723618088,
      "map_3_stderr,none": 0.01752771227926327,
      "map_4,none": 0.32600502512562785,
      "map_4_stderr,none": 0.016282077852656448,
      "map_norm,none": 0.3806113902847569,
      "map_norm_stderr,none": 0.013350893914650224,
      "map_2_norm,none": 0.2135678391959799,
      "map_2_norm_stderr,none": 0.017938855863817195,
      "map_3_norm,none": 0.2696817420435508,
      "map_3_norm_stderr,none": 0.01733818505820838,
      "map_4_norm,none": 0.31804857621440497,
      "map_4_norm_stderr,none": 0.01610797009760048,
      "alias": "cpa_audit-1.0-0.3"
    },
    "cma_basics-1.0-0.3": {
      "acc,none": 0.2894736842105263,
      "acc_stderr,none": 0.07455791696866067,
      "acc_norm,none": 0.23684210526315788,
      "acc_norm_stderr,none": 0.06989334006042333,
      "map,none": 0.5701754385964912,
      "map_stderr,none": 0.0474085757835264,
      "map_2,none": 0.4605263157894737,
      "map_2_stderr,none": 0.06635602428207724,
      "map_3,none": 0.5307017543859649,
      "map_3_stderr,none": 0.056172384471557146,
      "map_4,none": 0.5701754385964912,
      "map_4_stderr,none": 0.0474085757835264,
      "map_norm,none": 0.5197368421052632,
      "map_norm_stderr,none": 0.04655788676094663,
      "map_2_norm,none": 0.3815789473684211,
      "map_2_norm_stderr,none": 0.0664969077194058,
      "map_3_norm,none": 0.4605263157894737,
      "map_3_norm_stderr,none": 0.05776041575776094,
      "map_4_norm,none": 0.5197368421052632,
      "map_4_norm_stderr,none": 0.04655788676094663,
      "alias": "cma_basics-1.0-0.3"
    },
    "chabsa-1.0-0.3": {
      "acc,none": 0.5611808882558591,
      "acc_stderr,none": 0.005647149750045238,
      "f1,none": 0.3594592352989964,
      "f1_stderr,none": "N/A",
      "acc_norm,none": 0.5611808882558591,
      "acc_norm_stderr,none": 0.005647149750045238,
      "f1_norm,none": 0.3594592352989964,
      "f1_norm_stderr,none": "N/A",
      "alias": "chabsa-1.0-0.3"
    }
  },
  "group_subtasks": {
    "chabsa-1.0-0.3": [],
    "cma_basics-1.0-0.3": [],
    "cpa_audit-1.0-0.3": [],
    "fp2-1.0-0.3": [],
    "security_sales_1-1.0-0.3": []
  },
  "configs": {
    "chabsa-1.0-0.3": {
      "task": "chabsa-1.0-0.3",
      "dataset_path": "jlm_fin_eval/datasets/chabsa/chabsa.py",
      "dataset_name": "chABSA",
      "test_split": "test",
      "doc_to_text": "### 入力:\nセンテンス:{{sentence}}\nターゲット:{{target}}\n\n### 応答:\n\n",
      "doc_to_target": "{{polarity}}",
      "doc_to_choice": [
        "positive",
        "negative"
      ],
      "description": "以下は、タスクを説明する指示と、文脈のある入力の組み合わせです。要求を適切に満たす応答を書きなさい。\n\n### 指示:\n以下のセンテンスにおける、ターゲットのセンチメントをpositiveかnegativeで答えてください。\n\n\n",
      "target_delimiter": "",
      "fewshot_delimiter": "\n\n",
      "num_fewshot": 0,
      "metric_list": [
        {
          "metric": "acc",
          "aggregation": "mean",
          "higher_is_better": true
        },
        {
          "metric": "acc_norm",
          "aggregation": "mean",
          "higher_is_better": true
        },
        {
          "metric": "f1",
          "aggregation": "2class_adjusted_macro_f1_score_for_chabsa",
          "higher_is_better": true
        },
        {
          "metric": "f1_norm",
          "aggregation": "2class_adjusted_macro_f1_score_for_chabsa",
          "higher_is_better": true
        }
      ],
      "output_type": "multiple_choice",
      "repeats": 1,
      "should_decontaminate": false,
      "doc_to_decontamination_query": "sentence",
      "metadata": {
        "version": 1.0
      }
    },
    "cma_basics-1.0-0.3": {
      "task": "cma_basics-1.0-0.3",
      "dataset_path": "jlm_fin_eval/datasets/cma_basics/cma_basics.py",
      "dataset_name": "cma_basics",
      "test_split": "test",
      "doc_to_text": "def doc_to_text_03(doc):\n    q_doc_text = doc[\"question\"] + \"\\n\"\n    if doc[\"context\"] and doc[\"context\"] != \"\":\n        q_doc_text += doc[\"context\"] + \"\\n\"\n    choices = \"\\n\".join([f\"- {choice}\" for choice in doc[\"choices\"][\"text\"]])\n    input_text = f\"{q_doc_text}\" + f\"出力は以下から選択してください：\\n{choices}\"\n    return f\"### 入力:\\n{input_text}\\n\\n### 応答:\\n\"\n",
      "doc_to_target": "def doc_to_target_01(doc):\n    return [\n        choice_text\n        for choice_id, choice_text in zip(doc[\"choices\"][\"id\"], doc[\"choices\"][\"text\"])\n        if choice_id == doc[\"answer\"]\n    ][0]\n",
      "doc_to_choice": "def doc_to_choices_01(doc):\n    choices = doc[\"choices\"][\"text\"]\n    return choices\n",
      "description": "以下は、タスクを説明する指示と、文脈のある入力の組み合わせです。要求を適切に満たす応答を書きなさい。\n\n### 指示:\n与えられた選択肢の中から、最適な答えを選んでください。\n\n\n",
      "target_delimiter": "",
      "fewshot_delimiter": "\n\n",
      "num_fewshot": 0,
      "metric_list": [
        {
          "metric": "acc",
          "aggregation": "mean",
          "higher_is_better": true
        },
        {
          "metric": "acc_norm",
          "aggregation": "mean",
          "higher_is_better": true
        },
        {
          "metric": "map",
          "aggregation": "mean",
          "higher_is_better": true
        },
        {
          "metric": "map_2",
          "aggregation": "mean",
          "higher_is_better": true
        },
        {
          "metric": "map_3",
          "aggregation": "mean",
          "higher_is_better": true
        },
        {
          "metric": "map_4",
          "aggregation": "mean",
          "higher_is_better": true
        },
        {
          "metric": "map_norm",
          "aggregation": "mean",
          "higher_is_better": true
        },
        {
          "metric": "map_2_norm",