{
  "results": {
    "security_sales_1-1.0-0.5": {
      "acc,none": 0.40350877192982454,
      "acc_stderr,none": 0.06555933012294897,
      "acc_norm,none": 0.40350877192982454,
      "acc_norm_stderr,none": 0.06555933012294897,
      "map,none": 0.6549707602339181,
      "map_stderr,none": 0.03954710211939193,
      "map_2,none": 0.5964912280701754,
      "map_2_stderr,none": 0.05074414372180829,
      "map_3,none": 0.6198830409356725,
      "map_3_stderr,none": 0.0469692693067022,
      "map_4,none": 0.6549707602339181,
      "map_4_stderr,none": 0.03954710211939193,
      "map_norm,none": 0.6535087719298246,
      "map_norm_stderr,none": 0.039785734000971275,
      "map_2_norm,none": 0.5964912280701754,
      "map_2_norm_stderr,none": 0.05074414372180829,
      "map_3_norm,none": 0.6140350877192983,
      "map_3_norm_stderr,none": 0.047959965496891264,
      "map_4_norm,none": 0.6535087719298246,
      "map_4_norm_stderr,none": 0.039785734000971275,
      "alias": "security_sales_1-1.0-0.5"
    },
    "fp2-1.0-0.5": {
      "acc,none": 0.24,
      "acc_stderr,none": 0.01961657785094729,
      "acc_norm,none": 0.24,
      "acc_norm_stderr,none": 0.01961657785094729,
      "map,none": 0.5217543859649134,
      "map_stderr,none": 0.013078508016111292,
      "map_2,none": 0.37684210526315787,
      "map_2_stderr,none": 0.01879624883526298,
      "map_3,none": 0.46807017543859736,
      "map_3_stderr,none": 0.015963655437833676,
      "map_4,none": 0.5217543859649134,
      "map_4_stderr,none": 0.013078508016111292,
      "map_norm,none": 0.5217543859649134,
      "map_norm_stderr,none": 0.013078508016111292,
      "map_2_norm,none": 0.37684210526315787,
      "map_2_norm_stderr,none": 0.01879624883526298,
      "map_3_norm,none": 0.46807017543859736,
      "map_3_norm_stderr,none": 0.015963655437833676,
      "map_4_norm,none": 0.5217543859649134,
      "map_4_norm_stderr,none": 0.013078508016111292,
      "alias": "fp2-1.0-0.5"
    },
    "cpa_audit-1.0-0.5": {
      "acc,none": 0.12060301507537688,
      "acc_stderr,none": 0.01634467597786587,
      "acc_norm,none": 0.12060301507537688,
      "acc_norm_stderr,none": 0.01634467597786587,
      "map,none": 0.37784757118927964,
      "map_stderr,none": 0.012867543415710773,
      "map_2,none": 0.21105527638190955,
      "map_2_stderr,none": 0.017478653122086154,
      "map_3,none": 0.2721943048576211,
      "map_3_stderr,none": 0.01680523205459508,
      "map_4,none": 0.3155360134003346,
      "map_4_stderr,none": 0.015669868185242065,
      "map_norm,none": 0.37784757118927964,
      "map_norm_stderr,none": 0.012867543415710773,
      "map_2_norm,none": 0.21105527638190955,
      "map_2_norm_stderr,none": 0.017478653122086154,
      "map_3_norm,none": 0.2721943048576211,
      "map_3_norm_stderr,none": 0.01680523205459508,
      "map_4_norm,none": 0.3155360134003346,
      "map_4_norm_stderr,none": 0.015669868185242065,
      "alias": "cpa_audit-1.0-0.5"
    },
    "cma_basics-1.0-0.5": {
      "acc,none": 0.2894736842105263,
      "acc_stderr,none": 0.07455791696866067,
      "acc_norm,none": 0.21052631578947367,
      "acc_norm_stderr,none": 0.06702258315442244,
      "map,none": 0.5438596491228069,
      "map_stderr,none": 0.05006484278356198,
      "map_2,none": 0.40789473684210525,
      "map_2_stderr,none": 0.07019395796413648,
      "map_3,none": 0.4780701754385964,
      "map_3_stderr,none": 0.062282037397441356,
      "map_4,none": 0.5438596491228069,
      "map_4_stderr,none": 0.05006484278356198,
      "map_norm,none": 0.5087719298245614,
      "map_norm_stderr,none": 0.04442499553661061,
      "map_2_norm,none": 0.3684210526315789,
      "map_2_norm_stderr,none": 0.064460256389031,
      "map_3_norm,none": 0.45614035087719307,
      "map_3_norm_stderr,none": 0.05468569420963744,
      "map_4_norm,none": 0.5087719298245614,
      "map_4_norm_stderr,none": 0.04442499553661061,
      "alias": "cma_basics-1.0-0.5"
    },
    "chabsa-1.0-0.5": {
      "acc,none": 0.5611808882558591,
      "acc_stderr,none": 0.005647149750045238,
      "f1,none": 0.3594592352989964,
      "f1_stderr,none": "N/A",
      "acc_norm,none": 0.5611808882558591,
      "acc_norm_stderr,none": 0.005647149750045238,
      "f1_norm,none": 0.3594592352989964,
      "f1_norm_stderr,none": "N/A",
      "alias": "chabsa-1.0-0.5"
    }
  },
  "group_subtasks": {
    "chabsa-1.0-0.5": [],
    "cma_basics-1.0-0.5": [],
    "cpa_audit-1.0-0.5": [],
    "fp2-1.0-0.5": [],
    "security_sales_1-1.0-0.5": []
  },
  "configs": {
    "chabsa-1.0-0.5": {
      "task": "chabsa-1.0-0.5",
      "dataset_path": "jlm_fin_eval/datasets/chabsa/chabsa.py",
      "dataset_name": "chABSA",
      "test_split": "test",
      "doc_to_text": "センテンス: {{sentence}}\nターゲット: {{target}}\nシステム:",
      "doc_to_target": "{{polarity}}",
      "doc_to_choice": [
        "positive",
        "negative"
      ],
      "description": "ユーザー: センテンスにおける、ターゲットのセンチメントをpositiveかnegativeで答えてください。\nシステム: 分かりました。\n\n",
      "target_delimiter": " ",
      "fewshot_delimiter": "\n",
      "num_fewshot": 0,
      "metric_list": [
        {
          "metric": "acc",
          "aggregation": "mean",
          "higher_is_better": true
        },
        {
          "metric": "acc_norm",
          "aggregation": "mean",
          "higher_is_better": true
        },
        {
          "metric": "f1",
          "aggregation": "2class_adjusted_macro_f1_score_for_chabsa",
          "higher_is_better": true
        },
        {
          "metric": "f1_norm",
          "aggregation": "2class_adjusted_macro_f1_score_for_chabsa",
          "higher_is_better": true
        }
      ],
      "output_type": "multiple_choice",
      "repeats": 1,
      "should_decontaminate": false,
      "doc_to_decontamination_query": "sentence",
      "metadata": {
        "version": 1.0
      }
    },
    "cma_basics-1.0-0.5": {
      "task": "cma_basics-1.0-0.5",
      "dataset_path": "jlm_fin_eval/datasets/cma_basics/cma_basics.py",
      "dataset_name": "cma_basics",
      "test_split": "test",
      "doc_to_text": "def doc_to_text_05(doc):\n    return doc_to_text_04(doc, SEP=\"\\n\")\n",
      "doc_to_target": "def doc_to_target_01(doc):\n    return [\n        choice_text\n        for choice_id, choice_text in zip(doc[\"choices\"][\"id\"], doc[\"choices\"][\"text\"])\n        if choice_id == doc[\"answer\"]\n    ][0]\n",
      "doc_to_choice": "def doc_to_choices_01(doc):\n    choices = doc[\"choices\"][\"text\"]\n    return choices\n",
      "description": "ユーザー: 与えられた選択肢の中から、最適な答えを選んでください。\nシステム: 分かりました。\n\n",
      "target_delimiter": "",
      "fewshot_delimiter": "\n",
      "num_fewshot": 0,
      "metric_list": [
        {
          "metric": "acc",
          "aggregation": "mean",
          "higher_is_better": true
        },
        {
          "metric": "acc_norm",
          "aggregation": "mean",
          "higher_is_better": true
        },
        {
          "metric": "map",
          "aggregation": "mean",
          "higher_is_better": true
        },
        {
          "metric": "map_2",
          "aggregation": "mean",
          "higher_is_better": true
        },
        {
          "metric": "map_3",
          "aggregation": "mean",
          "higher_is_better": true
        },
        {
          "metric": "map_4",
          "aggregation": "mean",
          "higher_is_better": true
        },
        {
          "metric": "map_norm",
          "aggregation": "mean",
          "higher_is_better": true
        },
        {
          "metric": "map_2_norm",
          "aggregation": "mean",
          "higher_is_better": true
        },
        {
          "metric": "map_3_norm",
          "aggregation": "mean",
          "higher_is_better": true
        },
        {
          "metric": "map_4_norm",
          "aggregation": "mean",
          "higher_is_better": true
        }
      ],
      "output_type": "multiple_choice",
      "repeats": 1,