{
  "results": {
    "security_sales_1-1.0-0.2.1": {
      "acc,none": 0.40350877192982454,
      "acc_stderr,none": 0.06555933012294897,
      "acc_norm,none": 0.40350877192982454,
      "acc_norm_stderr,none": 0.06555933012294897,
      "map,none": 0.6710526315789473,
      "map_stderr,none": 0.03745536263741565,
      "map_2,none": 0.631578947368421,
      "map_2_stderr,none": 0.04603024876762329,
      "map_3,none": 0.6491228070175439,
      "map_3_stderr,none": 0.042684765238724574,
      "map_4,none": 0.6710526315789473,
      "map_4_stderr,none": 0.03745536263741565,
      "map_norm,none": 0.6549707602339181,
      "map_norm_stderr,none": 0.03954710211939193,
      "map_2_norm,none": 0.5964912280701754,
      "map_2_norm_stderr,none": 0.05074414372180829,
      "map_3_norm,none": 0.6198830409356725,
      "map_3_norm_stderr,none": 0.0469692693067022,
      "map_4_norm,none": 0.6549707602339181,
      "map_4_norm_stderr,none": 0.03954710211939193,
      "alias": "security_sales_1-1.0-0.2.1"
    },
    "fp2-1.0-0.2.1": {
      "acc,none": 0.26526315789473687,
      "acc_stderr,none": 0.02027753714262581,
      "acc_norm,none": 0.26526315789473687,
      "acc_norm_stderr,none": 0.02027753714262581,
      "map,none": 0.5326315789473692,
      "map_stderr,none": 0.013527764666643093,
      "map_2,none": 0.39052631578947367,
      "map_2_stderr,none": 0.019235599771288525,
      "map_3,none": 0.47473684210526396,
      "map_3_stderr,none": 0.016598373352551276,
      "map_4,none": 0.5326315789473692,
      "map_4_stderr,none": 0.013527764666643093,
      "map_norm,none": 0.5326315789473692,
      "map_norm_stderr,none": 0.013527764666643093,
      "map_2_norm,none": 0.39052631578947367,
      "map_2_norm_stderr,none": 0.019235599771288525,
      "map_3_norm,none": 0.47473684210526396,
      "map_3_norm_stderr,none": 0.016598373352551276,
      "map_4_norm,none": 0.5326315789473692,
      "map_4_norm_stderr,none": 0.013527764666643093,
      "alias": "fp2-1.0-0.2.1"
    },
    "cpa_audit-1.0-0.2.1": {
      "acc,none": 0.1407035175879397,
      "acc_stderr,none": 0.017451338441977035,
      "acc_norm,none": 0.12562814070351758,
      "acc_norm_stderr,none": 0.016633984738460367,
      "map,none": 0.3893634840871019,
      "map_stderr,none": 0.013573387546050517,
      "map_2,none": 0.22487437185929648,
      "map_2_stderr,none": 0.018249630727053556,
      "map_3,none": 0.2843383584589612,
      "map_3_stderr,none": 0.01751300139558328,
      "map_4,none": 0.32705192629815716,
      "map_4_stderr,none": 0.01636529650231418,
      "map_norm,none": 0.3797319932998322,
      "map_norm_stderr,none": 0.013059404819229578,
      "map_2_norm,none": 0.2135678391959799,
      "map_2_norm_stderr,none": 0.017672273179254277,
      "map_3_norm,none": 0.2721943048576212,
      "map_3_norm_stderr,none": 0.017023498766716025,
      "map_4_norm,none": 0.3174204355108875,
      "map_4_norm_stderr,none": 0.015846472559486718,
      "alias": "cpa_audit-1.0-0.2.1"
    },
    "cma_basics-1.0-0.2.1": {
      "acc,none": 0.3157894736842105,
      "acc_stderr,none": 0.07641750223933595,
      "acc_norm,none": 0.34210526315789475,
      "acc_norm_stderr,none": 0.07799328662681833,
      "map,none": 0.5789473684210527,
      "map_stderr,none": 0.049390485211705824,
      "map_2,none": 0.47368421052631576,
      "map_2_stderr,none": 0.06785519375116957,
      "map_3,none": 0.5263157894736842,
      "map_3_stderr,none": 0.060464953330159284,
      "map_4,none": 0.5789473684210527,
      "map_4_stderr,none": 0.049390485211705824,
      "map_norm,none": 0.5789473684210527,
      "map_norm_stderr,none": 0.05173489358155999,
      "map_2_norm,none": 0.4473684210526316,
      "map_2_norm_stderr,none": 0.07252182112435493,
      "map_3_norm,none": 0.5263157894736842,
      "map_3_norm_stderr,none": 0.06239462930145466,
      "map_4_norm,none": 0.5789473684210527,
      "map_4_norm_stderr,none": 0.05173489358155999,
      "alias": "cma_basics-1.0-0.2.1"
    },
    "chabsa-1.0-0.2": {
      "acc,none": 0.5716690405282921,
      "acc_stderr,none": 0.00563115097093085,
      "f1,none": 0.38819564387019634,
      "f1_stderr,none": "N/A",
      "acc_norm,none": 0.5716690405282921,
      "acc_norm_stderr,none": 0.00563115097093085,
      "f1_norm,none": 0.38819564387019634,
      "f1_norm_stderr,none": "N/A",
      "alias": "chabsa-1.0-0.2"
    }
  },
  "group_subtasks": {
    "chabsa-1.0-0.2": [],
    "cma_basics-1.0-0.2.1": [],
    "cpa_audit-1.0-0.2.1": [],
    "fp2-1.0-0.2.1": [],
    "security_sales_1-1.0-0.2.1": []
  },
  "configs": {
    "chabsa-1.0-0.2": {
      "task": "chabsa-1.0-0.2",
      "dataset_path": "jlm_fin_eval/datasets/chabsa/chabsa.py",
      "dataset_name": "chABSA",
      "test_split": "test",
      "doc_to_text": "センテンス: {{sentence}}\nターゲット: {{target}}\n回答:",
      "doc_to_target": "{{polarity}}",
      "doc_to_choice": [
        "positive",
        "negative"
      ],
      "description": "センテンスとターゲットを入力として受け取り、ターゲットに関するセンチメントをpositiveかnegativeから選択してください。\n\n\n",
      "target_delimiter": " ",
      "fewshot_delimiter": "\n\n",
      "num_fewshot": 0,
      "metric_list": [
        {
          "metric": "acc",
          "aggregation": "mean",
          "higher_is_better": true
        },
        {
          "metric": "acc_norm",
          "aggregation": "mean",
          "higher_is_better": true
        },
        {
          "metric": "f1",
          "aggregation": "2class_adjusted_macro_f1_score_for_chabsa",
          "higher_is_better": true
        },
        {
          "metric": "f1_norm",
          "aggregation": "2class_adjusted_macro_f1_score_for_chabsa",
          "higher_is_better": true
        }
      ],
      "output_type": "multiple_choice",
      "repeats": 1,
      "should_decontaminate": false,
      "doc_to_decontamination_query": "sentence",
      "metadata": {
        "version": 1.0
      }
    },
    "cma_basics-1.0-0.2.1": {
      "task": "cma_basics-1.0-0.2.1",
      "dataset_path": "jlm_fin_eval/datasets/cma_basics/cma_basics.py",
      "dataset_name": "cma_basics",
      "test_split": "test",
      "doc_to_text": "def doc_to_text_02_1(doc):\n    q_doc_text = doc[\"question\"] + \"\\n\"\n    if doc[\"context\"] and doc[\"context\"] != \"\":\n        q_doc_text += doc[\"context\"] + \"\\n\"\n    choices = \"\\n\".join([f\"- {choice}\" for choice in doc[\"choices\"][\"text\"]])\n    return f\"質問:{q_doc_text}選択肢:\\n{choices}\\n回答:\"\n",
      "doc_to_target": "def doc_to_target_01(doc):\n    return [\n        choice_text\n        for choice_id, choice_text in zip(doc[\"choices\"][\"id\"], doc[\"choices\"][\"text\"])\n        if choice_id == doc[\"answer\"]\n    ][0]\n",
      "doc_to_choice": "def doc_to_choices_01(doc):\n    choices = doc[\"choices\"][\"text\"]\n    return choices\n",
      "description": "与えられた選択肢の中から、最適な答えを選んでください。\n\n\n",
      "target_delimiter": "",
      "fewshot_delimiter": "\n\n",
      "num_fewshot": 0,
      "metric_list": [
        {
          "metric": "acc",
          "aggregation": "mean",
          "higher_is_better": true
        },
        {
          "metric": "acc_norm",
          "aggregation": "mean",
          "higher_is_better": true
        },
        {
          "metric": "map",
          "aggregation": "mean",
          "higher_is_better": true
        },
        {
          "metric": "map_2",
          "aggregation": "mean",
          "higher_is_better": true
        },
        {
          "metric": "map_3",
          "aggregation": "mean",
          "higher_is_better": true
        },
        {
          "metric": "map_4",
          "aggregation": "mean",
          "higher_is_better": true
        },
        {
          "metric": "map_norm",
          "aggregation": "mean",
          "higher_is_better": true
        },
        {
          "metric": "map_2_norm",
          "aggregation": "mean",
          "higher_is_better": true
        },
        {
          "metric": "map_3_norm",