{
  "results": {
    "security_sales_1-1.0-0.4": {
      "acc,none": 0.43859649122807015,
      "acc_stderr,none": 0.0663095566682855,
      "acc_norm,none": 0.40350877192982454,
      "acc_norm_stderr,none": 0.06555933012294897,
      "map,none": 0.6929824561403509,
      "map_stderr,none": 0.03738192067923185,
      "map_2,none": 0.6578947368421053,
      "map_2_stderr,none": 0.045399049956733876,
      "map_3,none": 0.6754385964912281,
      "map_3_stderr,none": 0.04180658475592049,
      "map_4,none": 0.6929824561403509,
      "map_4_stderr,none": 0.03738192067923185,
      "map_norm,none": 0.6593567251461987,
      "map_norm_stderr,none": 0.038984287922099764,
      "map_2_norm,none": 0.6052631578947368,
      "map_2_norm_stderr,none": 0.04964921136756273,
      "map_3_norm,none": 0.6286549707602338,
      "map_3_norm_stderr,none": 0.045704048665200295,
      "map_4_norm,none": 0.6593567251461987,
      "map_4_norm_stderr,none": 0.038984287922099764,
      "alias": "security_sales_1-1.0-0.4"
    },
    "fp2-1.0-0.4": {
      "acc,none": 0.27157894736842103,
      "acc_stderr,none": 0.02042914185546727,
      "acc_norm,none": 0.27157894736842103,
      "acc_norm_stderr,none": 0.02042914185546727,
      "map,none": 0.5350877192982465,
      "map_stderr,none": 0.013537591603075447,
      "map_2,none": 0.3957894736842105,
      "map_2_stderr,none": 0.019210670815564004,
      "map_3,none": 0.4771929824561414,
      "map_3_stderr,none": 0.016624438557634475,
      "map_4,none": 0.5350877192982465,
      "map_4_stderr,none": 0.013537591603075447,
      "map_norm,none": 0.5350877192982465,
      "map_norm_stderr,none": 0.013537591603075447,
      "map_2_norm,none": 0.3957894736842105,
      "map_2_norm_stderr,none": 0.019210670815564004,
      "map_3_norm,none": 0.4771929824561414,
      "map_3_norm_stderr,none": 0.016624438557634475,
      "map_4_norm,none": 0.5350877192982465,
      "map_4_norm_stderr,none": 0.013537591603075447,
      "alias": "fp2-1.0-0.4"
    },
    "cpa_audit-1.0-0.4": {
      "acc,none": 0.12311557788944724,
      "acc_stderr,none": 0.016490446999484466,
      "acc_norm,none": 0.12060301507537688,
      "acc_norm_stderr,none": 0.01634467597786587,
      "map,none": 0.3698911222780568,
      "map_stderr,none": 0.013017923010960419,
      "map_2,none": 0.1984924623115578,
      "map_2_stderr,none": 0.017487293876365762,
      "map_3,none": 0.257118927973199,
      "map_3_stderr,none": 0.016963142159898758,
      "map_4,none": 0.3017169179229478,
      "map_4_stderr,none": 0.01590768189249633,
      "map_norm,none": 0.36863484087102166,
      "map_norm_stderr,none": 0.012925040930680122,
      "map_2_norm,none": 0.1972361809045226,
      "map_2_norm_stderr,none": 0.017387094357796593,
      "map_3_norm,none": 0.25586264656616386,
      "map_3_norm_stderr,none": 0.016870827914346805,
      "map_4_norm,none": 0.3004606365159126,
      "map_4_norm_stderr,none": 0.01581813013007723,
      "alias": "cpa_audit-1.0-0.4"
    },
    "cma_basics-1.0-0.4": {
      "acc,none": 0.3157894736842105,
      "acc_stderr,none": 0.07641750223933595,
      "acc_norm,none": 0.23684210526315788,
      "acc_norm_stderr,none": 0.06989334006042332,
      "map,none": 0.5767543859649124,
      "map_stderr,none": 0.04973272754499204,
      "map_2,none": 0.47368421052631576,
      "map_2_stderr,none": 0.06785519375116957,
      "map_3,none": 0.5175438596491229,
      "map_3_stderr,none": 0.0618422313689785,
      "map_4,none": 0.5767543859649124,
      "map_4_stderr,none": 0.04973272754499204,
      "map_norm,none": 0.5263157894736842,
      "map_norm_stderr,none": 0.046310158500752874,
      "map_2_norm,none": 0.40789473684210525,
      "map_2_norm_stderr,none": 0.06493037949471836,
      "map_3_norm,none": 0.4605263157894737,
      "map_3_norm_stderr,none": 0.058777591144357044,
      "map_4_norm,none": 0.5263157894736842,
      "map_4_norm_stderr,none": 0.046310158500752874,
      "alias": "cma_basics-1.0-0.4"
    },
    "chabsa-1.0-0.4": {
      "acc,none": 0.5619577884241875,
      "acc_stderr,none": 0.005646052734490707,
      "f1,none": 0.36243179179994633,
      "f1_stderr,none": "N/A",
      "acc_norm,none": 0.5619577884241875,
      "acc_norm_stderr,none": 0.005646052734490707,
      "f1_norm,none": 0.36243179179994633,
      "f1_norm_stderr,none": "N/A",
      "alias": "chabsa-1.0-0.4"
    }
  },
  "group_subtasks": {
    "chabsa-1.0-0.4": [],
    "cma_basics-1.0-0.4": [],
    "cpa_audit-1.0-0.4": [],
    "fp2-1.0-0.4": [],
    "security_sales_1-1.0-0.4": []
  },
  "configs": {
    "chabsa-1.0-0.4": {
      "task": "chabsa-1.0-0.4",
      "dataset_path": "jlm_fin_eval/datasets/chabsa/chabsa.py",
      "dataset_name": "chABSA",
      "test_split": "test",
      "doc_to_text": "センテンス: {{sentence}}<NL>ターゲット: {{target}}<NL>システム:",
      "doc_to_target": "{{polarity}}",
      "doc_to_choice": [
        "positive",
        "negative"
      ],
      "description": "ユーザー: センテンスにおける、ターゲットのセンチメントをpositiveかnegativeで答えてください。<NL>システム: 分かりました。<NL>",
      "target_delimiter": " ",
      "fewshot_delimiter": "<NL>",
      "num_fewshot": 0,
      "metric_list": [
        {
          "metric": "acc",
          "aggregation": "mean",
          "higher_is_better": true
        },
        {
          "metric": "acc_norm",
          "aggregation": "mean",
          "higher_is_better": true
        },
        {
          "metric": "f1",
          "aggregation": "2class_adjusted_macro_f1_score_for_chabsa",
          "higher_is_better": true
        },
        {
          "metric": "f1_norm",
          "aggregation": "2class_adjusted_macro_f1_score_for_chabsa",
          "higher_is_better": true
        }
      ],
      "output_type": "multiple_choice",
      "repeats": 1,
      "should_decontaminate": false,
      "doc_to_decontamination_query": "sentence",
      "metadata": {
        "version": 1.0
      }
    },
    "cma_basics-1.0-0.4": {
      "task": "cma_basics-1.0-0.4",
      "dataset_path": "jlm_fin_eval/datasets/cma_basics/cma_basics.py",
      "dataset_name": "cma_basics",
      "test_split": "test",
      "doc_to_text": "def doc_to_text_04(doc, SEP=\"<NL>\"):\n    q_doc_text = doc[\"question\"]\n    if doc[\"context\"] and doc[\"context\"] != \"\":\n        q_doc_text += \"\\n\" + doc[\"context\"]\n    choices = SEP.join([f\"- {choice}\" for choice in doc[\"choices\"][\"text\"]])\n    input_text = f\"質問：{q_doc_text}{SEP}\" + f\"選択肢：{SEP}{choices}\"\n    return f\"ユーザー: {input_text}{SEP}システム: \"\n",
      "doc_to_target": "def doc_to_target_01(doc):\n    return [\n        choice_text\n        for choice_id, choice_text in zip(doc[\"choices\"][\"id\"], doc[\"choices\"][\"text\"])\n        if choice_id == doc[\"answer\"]\n    ][0]\n",
      "doc_to_choice": "def doc_to_choices_01(doc):\n    choices = doc[\"choices\"][\"text\"]\n    return choices\n",
      "description": "ユーザー: 与えられた選択肢の中から、最適な答えを選んでください。<NL>システム: 分かりました。<NL>",
      "target_delimiter": "",
      "fewshot_delimiter": "<NL>",
      "num_fewshot": 0,
      "metric_list": [
        {
          "metric": "acc",
          "aggregation": "mean",
          "higher_is_better": true
        },
        {
          "metric": "acc_norm",
          "aggregation": "mean",
          "higher_is_better": true
        },
        {
          "metric": "map",
          "aggregation": "mean",
          "higher_is_better": true
        },
        {
          "metric": "map_2",
          "aggregation": "mean",
          "higher_is_better": true
        },
        {
          "metric": "map_3",
          "aggregation": "mean",
          "higher_is_better": true
        },
        {
          "metric": "map_4",
          "aggregation": "mean",
          "higher_is_better": true
        },
        {
          "metric": "map_norm",
          "aggregation": "mean",
          "higher_is_better": true
        },
        {
          "metric": "map_2_norm",
          "aggregation": "mean",