{
  "results": {
    "security_sales_1-1.0-0.1": {
      "acc,none": 0.3684210526315789,
      "acc_stderr,none": 0.06446025638903098,
      "acc_norm,none": 0.38596491228070173,
      "acc_norm_stderr,none": 0.0650543726938216,
      "map,none": 0.6608187134502923,
      "map_stderr,none": 0.035574929522999434,
      "map_2,none": 0.6228070175438597,
      "map_2_stderr,none": 0.043859649122806994,
      "map_3,none": 0.6520467836257311,
      "map_3_stderr,none": 0.03784262896358125,
      "map_4,none": 0.6608187134502923,
      "map_4_stderr,none": 0.035574929522999434,
      "map_norm,none": 0.6535087719298246,
      "map_norm_stderr,none": 0.03828084935040658,
      "map_2_norm,none": 0.6052631578947368,
      "map_2_norm_stderr,none": 0.04804583837764615,
      "map_3_norm,none": 0.6228070175438597,
      "map_3_norm_stderr,none": 0.045034393047785476,
      "map_4_norm,none": 0.6535087719298246,
      "map_4_norm_stderr,none": 0.03828084935040658,
      "alias": "security_sales_1-1.0-0.1"
    },
    "fp2-1.0-0.1": {
      "acc,none": 0.2736842105263158,
      "acc_stderr,none": 0.020478514182225446,
      "acc_norm,none": 0.2736842105263158,
      "acc_norm_stderr,none": 0.020478514182225446,
      "map,none": 0.5354385964912289,
      "map_stderr,none": 0.013707750072028556,
      "map_2,none": 0.39263157894736844,
      "map_2_stderr,none": 0.019432797646437364,
      "map_3,none": 0.4754385964912287,
      "map_3_stderr,none": 0.016858706378876022,
      "map_4,none": 0.5354385964912289,
      "map_4_stderr,none": 0.013707750072028556,
      "map_norm,none": 0.5354385964912289,
      "map_norm_stderr,none": 0.013707750072028556,
      "map_2_norm,none": 0.39263157894736844,
      "map_2_norm_stderr,none": 0.019432797646437364,
      "map_3_norm,none": 0.4754385964912287,
      "map_3_norm_stderr,none": 0.016858706378876022,
      "map_4_norm,none": 0.5354385964912289,
      "map_4_norm_stderr,none": 0.013707750072028556,
      "alias": "fp2-1.0-0.1"
    },
    "cpa_audit-1.0-0.1": {
      "acc,none": 0.20100502512562815,
      "acc_stderr,none": 0.02011315627680787,
      "acc_norm,none": 0.1984924623115578,
      "acc_norm_stderr,none": 0.020018455258200212,
      "map,none": 0.43082077051926276,
      "map_stderr,none": 0.015178496013939584,
      "map_2,none": 0.2776381909547739,
      "map_2_stderr,none": 0.020136959362927625,
      "map_3,none": 0.33207705192629783,
      "map_3_stderr,none": 0.01917284795641291,
      "map_4,none": 0.3710217755443884,
      "map_4_stderr,none": 0.017976379450162838,
      "map_norm,none": 0.4259212730318254,
      "map_norm_stderr,none": 0.01518690991788727,
      "map_2_norm,none": 0.27261306532663315,
      "map_2_norm_stderr,none": 0.02007408187907609,
      "map_3_norm,none": 0.32537688442211027,
      "map_3_norm_stderr,none": 0.019177961821659515,
      "map_4_norm,none": 0.36369346733668323,
      "map_4_norm_stderr,none": 0.018039323800055993,
      "alias": "cpa_audit-1.0-0.1"
    },
    "cma_basics-1.0-0.1": {
      "acc,none": 0.39473684210526316,
      "acc_stderr,none": 0.0803572542664568,
      "acc_norm,none": 0.3157894736842105,
      "acc_norm_stderr,none": 0.07641750223933595,
      "map,none": 0.6228070175438594,
      "map_stderr,none": 0.05181021010648847,
      "map_2,none": 0.5131578947368421,
      "map_2_stderr,none": 0.07177599227670443,
      "map_3,none": 0.5833333333333331,
      "map_3_stderr,none": 0.0608634722719123,
      "map_4,none": 0.6228070175438594,
      "map_4_stderr,none": 0.05181021010648847,
      "map_norm,none": 0.5833333333333333,
      "map_norm_stderr,none": 0.04869077781752985,
      "map_2_norm,none": 0.47368421052631576,
      "map_2_norm_stderr,none": 0.06785519375116958,
      "map_3_norm,none": 0.543859649122807,
      "map_3_norm_stderr,none": 0.05750331060428995,
      "map_4_norm,none": 0.5833333333333333,
      "map_4_norm_stderr,none": 0.04869077781752985,
      "alias": "cma_basics-1.0-0.1"
    },
    "chabsa-1.0-0.1": {
      "acc,none": 0.8013725236307134,
      "acc_stderr,none": 0.004540168672218171,
      "f1,none": 0.8134176624955807,
      "f1_stderr,none": "N/A",
      "acc_norm,none": 0.8013725236307134,
      "acc_norm_stderr,none": 0.004540168672218171,
      "f1_norm,none": 0.8134176624955807,
      "f1_norm_stderr,none": "N/A",
      "alias": "chabsa-1.0-0.1"
    }
  },
  "group_subtasks": {
    "chabsa-1.0-0.1": [],
    "cma_basics-1.0-0.1": [],
    "cpa_audit-1.0-0.1": [],
    "fp2-1.0-0.1": [],
    "security_sales_1-1.0-0.1": []
  },
  "configs": {
    "chabsa-1.0-0.1": {
      "task": "chabsa-1.0-0.1",
      "dataset_path": "jlm_fin_eval/datasets/chabsa/chabsa.py",
      "dataset_name": "chABSA",
      "test_split": "test",
      "doc_to_text": "[センテンス]: {{sentence}}\nターゲット]: {{target}}\n[答え]:",
      "doc_to_target": "{{polarity}}",
      "doc_to_choice": [
        "positive",
        "negative"
      ],
      "description": "[センテンス]における、[ターゲット]のセンチメントをpositiveかnegativeで選んでください。\n\n\n",
      "target_delimiter": " ",
      "fewshot_delimiter": "\n\n",
      "num_fewshot": 0,
      "metric_list": [
        {
          "metric": "acc",
          "aggregation": "mean",
          "higher_is_better": true
        },
        {
          "metric": "acc_norm",
          "aggregation": "mean",
          "higher_is_better": true
        },
        {
          "metric": "f1",
          "aggregation": "2class_adjusted_macro_f1_score_for_chabsa",
          "higher_is_better": true
        },
        {
          "metric": "f1_norm",
          "aggregation": "2class_adjusted_macro_f1_score_for_chabsa",
          "higher_is_better": true
        }
      ],
      "output_type": "multiple_choice",
      "repeats": 1,
      "should_decontaminate": false,
      "doc_to_decontamination_query": "sentence",
      "metadata": {
        "version": 1.0
      }
    },
    "cma_basics-1.0-0.1": {
      "task": "cma_basics-1.0-0.1",
      "dataset_path": "jlm_fin_eval/datasets/cma_basics/cma_basics.py",
      "dataset_name": "cma_basics",
      "test_split": "test",
      "doc_to_text": "def doc_to_text_01(doc):\n    q_doc_text = doc[\"question\"] + \"\\n\"\n    if doc[\"context\"] and doc[\"context\"] != \"\":\n        q_doc_text += doc[\"context\"] + \"\\n\"\n    return f\"[問題]:{q_doc_text}[選択肢]:[{', '.join(doc['choices']['text'])}]\\n[答え]:\"\n",
      "doc_to_target": "def doc_to_target_01(doc):\n    return [\n        choice_text\n        for choice_id, choice_text in zip(doc[\"choices\"][\"id\"], doc[\"choices\"][\"text\"])\n        if choice_id == doc[\"answer\"]\n    ][0]\n",
      "doc_to_choice": "def doc_to_choices_01(doc):\n    choices = doc[\"choices\"][\"text\"]\n    return choices\n",
      "description": "[問題]に対する[答え]を[選択肢]の中から選んでください。\n\n\n",
      "target_delimiter": "",
      "fewshot_delimiter": "\n\n",
      "num_fewshot": 0,
      "metric_list": [
        {
          "metric": "acc",
          "aggregation": "mean",
          "higher_is_better": true
        },
        {
          "metric": "acc_norm",
          "aggregation": "mean",
          "higher_is_better": true
        },
        {
          "metric": "map",
          "aggregation": "mean",
          "higher_is_better": true
        },
        {
          "metric": "map_2",
          "aggregation": "mean",
          "higher_is_better": true
        },
        {
          "metric": "map_3",
          "aggregation": "mean",
          "higher_is_better": true
        },
        {
          "metric": "map_4",
          "aggregation": "mean",
          "higher_is_better": true
        },
        {
          "metric": "map_norm",
          "aggregation": "mean",
          "higher_is_better": true
        },
        {
          "metric": "map_2_norm",
          "aggregation": "mean",
          "higher_is_better": true
        },
        {
          "metric": "map_3_norm",
          "aggregation": "mean",