{
  "results": {
    "security_sales_1": {
      "acc,none": 0.42105263157894735,
      "acc_stderr,none": 0.06597717584505354,
      "acc_norm,none": 0.42105263157894735,
      "acc_norm_stderr,none": 0.06597717584505354,
      "map,none": 0.6871345029239766,
      "map_stderr,none": 0.03656536840757218,
      "map_2,none": 0.6491228070175439,
      "map_2_stderr,none": 0.04506489382544239,
      "map_3,none": 0.6783625730994152,
      "map_3_stderr,none": 0.03888135051716018,
      "map_4,none": 0.6871345029239766,
      "map_4_stderr,none": 0.03656536840757218,
      "map_norm,none": 0.6871345029239766,
      "map_norm_stderr,none": 0.03656536840757218,
      "map_2_norm,none": 0.6491228070175439,
      "map_2_norm_stderr,none": 0.04506489382544239,
      "map_3_norm,none": 0.6783625730994152,
      "map_3_norm_stderr,none": 0.03888135051716018,
      "map_4_norm,none": 0.6871345029239766,
      "map_4_norm_stderr,none": 0.03656536840757218,
      "alias": "security_sales_1"
    },
    "fp2": {
      "acc,none": 0.24,
      "acc_stderr,none": 0.019616577850947305,
      "acc_norm,none": 0.24,
      "acc_norm_stderr,none": 0.019616577850947305,
      "map,none": 0.5192982456140359,
      "map_stderr,none": 0.01307720713791427,
      "map_2,none": 0.3736842105263158,
      "map_2_stderr,none": 0.01878156785999232,
      "map_3,none": 0.46350877192982526,
      "map_3_stderr,none": 0.016039458469865504,
      "map_4,none": 0.5192982456140359,
      "map_4_stderr,none": 0.01307720713791427,
      "map_norm,none": 0.5192982456140359,
      "map_norm_stderr,none": 0.01307720713791427,
      "map_2_norm,none": 0.3736842105263158,
      "map_2_norm_stderr,none": 0.01878156785999232,
      "map_3_norm,none": 0.46350877192982526,
      "map_3_norm_stderr,none": 0.016039458469865504,
      "map_4_norm,none": 0.5192982456140359,
      "map_4_norm_stderr,none": 0.01307720713791427,
      "alias": "fp2"
    },
    "cpa_audit": {
      "acc,none": 0.13819095477386933,
      "acc_stderr,none": 0.01732008740419801,
      "acc_norm,none": 0.13819095477386933,
      "acc_norm_stderr,none": 0.01732008740419801,
      "map,none": 0.38341708542713543,
      "map_stderr,none": 0.013461545726027641,
      "map_2,none": 0.2198492462311558,
      "map_2_stderr,none": 0.01805603704082995,
      "map_3,none": 0.27596314907872677,
      "map_3_stderr,none": 0.017408471961711483,
      "map_4,none": 0.3161641541038523,
      "map_4_stderr,none": 0.016383235602322403,
      "map_norm,none": 0.38341708542713543,
      "map_norm_stderr,none": 0.013461545726027641,
      "map_2_norm,none": 0.2198492462311558,
      "map_2_norm_stderr,none": 0.01805603704082995,
      "map_3_norm,none": 0.27596314907872677,
      "map_3_norm_stderr,none": 0.017408471961711483,
      "map_4_norm,none": 0.3161641541038523,
      "map_4_norm_stderr,none": 0.016383235602322403,
      "alias": "cpa_audit"
    },
    "cma_basics": {
      "acc,none": 0.3157894736842105,
      "acc_stderr,none": 0.07641750223933595,
      "acc_norm,none": 0.3157894736842105,
      "acc_norm_stderr,none": 0.07641750223933595,
      "map,none": 0.5679824561403507,
      "map_stderr,none": 0.0477541348623826,
      "map_2,none": 0.4605263157894737,
      "map_2_stderr,none": 0.06635602428207722,
      "map_3,none": 0.5219298245614034,
      "map_3_stderr,none": 0.05767033395659508,
      "map_4,none": 0.5679824561403507,
      "map_4_stderr,none": 0.0477541348623826,
      "map_norm,none": 0.5679824561403507,
      "map_norm_stderr,none": 0.0477541348623826,
      "map_2_norm,none": 0.4605263157894737,
      "map_2_norm_stderr,none": 0.06635602428207722,
      "map_3_norm,none": 0.5219298245614034,
      "map_3_norm_stderr,none": 0.05767033395659508,
      "map_4_norm,none": 0.5679824561403507,
      "map_4_norm_stderr,none": 0.0477541348623826,
      "alias": "cma_basics"
    },
    "chabsa": {
      "acc,none": 0.7455651948724589,
      "acc_stderr,none": 0.004956398012376986,
      "f1,none": 0.7314402266909419,
      "f1_stderr,none": "N/A",
      "acc_norm,none": 0.7455651948724589,
      "acc_norm_stderr,none": 0.004956398012376986,
      "f1_norm,none": 0.7314402266909419,
      "f1_norm_stderr,none": "N/A",
      "alias": "chabsa"
    }
  },
  "group_subtasks": {
    "chabsa": [],
    "cma_basics": [],
    "cpa_audit": [],
    "fp2": [],
    "security_sales_1": []
  },
  "configs": {
    "chabsa": {
      "task": "chabsa",
      "dataset_path": "jlm_fin_eval/datasets/chabsa/chabsa.py",
      "dataset_name": "chABSA",
      "test_split": "test",
      "doc_to_text": "センテンス: {{sentence}}\nターゲット: {{target}}\n回答:",
      "doc_to_target": "{{polarity}}",
      "doc_to_choice": [
        "positive",
        "negative"
      ],
      "description": "以下のセンテンスにおける、ターゲットのセンチメントをpositiveかnegativeで答えてください。\n\n\n",
      "target_delimiter": " ",
      "fewshot_delimiter": "\n\n",
      "num_fewshot": 0,
      "metric_list": [
        {
          "metric": "acc",
          "aggregation": "mean",
          "higher_is_better": true
        },
        {
          "metric": "acc_norm",
          "aggregation": "mean",
          "higher_is_better": true
        },
        {
          "metric": "f1",
          "aggregation": "2class_adjusted_macro_f1_score_for_chabsa",
          "higher_is_better": true
        },
        {
          "metric": "f1_norm",
          "aggregation": "2class_adjusted_macro_f1_score_for_chabsa",
          "higher_is_better": true
        }
      ],
      "output_type": "multiple_choice",
      "repeats": 1,
      "should_decontaminate": false,
      "doc_to_decontamination_query": "sentence",
      "metadata": {
        "version": 1.0
      }
    },
    "cma_basics": {
      "task": "cma_basics",
      "dataset_path": "jlm_fin_eval/datasets/cma_basics/cma_basics.py",
      "dataset_name": "cma_basics",
      "test_split": "test",
      "doc_to_text": "def doc_to_text_00(doc):\n    doc_text = \"【問題】\\n\" + doc[\"question\"] + \"\\n\"\n    if doc[\"context\"] and doc[\"context\"] != \"\":\n        doc_text += doc[\"context\"] + \"\\n\"\n    doc_text += \"\\n【選択肢】\\n\"\n    for choice_id, choice_text in zip(doc[\"choices\"][\"id\"], doc[\"choices\"][\"text\"]):\n        doc_text += chr(choice_id + 65) + \": \" + choice_text + \"\\n\"\n    doc_text += \"\\n【答え】\\n\"\n    # doc_text += chr(int(doc[\"answer\"]) + 65)\n    return doc_text\n",
      "doc_to_target": "def doc_to_target_alphabet(doc):\n    answer = chr(int(doc[\"answer\"]) + 65)\n    return answer\n",
      "doc_to_choice": "def doc_to_choices_alphabet(doc):\n    choices = [chr(choice_id + 65) for choice_id in doc[\"choices\"][\"id\"]]\n    return choices\n",
      "description": "以下の問題の適切な答えを選択肢から選んでアルファベットで答えなさい。\n\n\n",
      "target_delimiter": "",
      "fewshot_delimiter": "\n\n",
      "num_fewshot": 0,
      "metric_list": [
        {
          "metric": "acc",
          "aggregation": "mean",
          "higher_is_better": true
        },
        {
          "metric": "acc_norm",
          "aggregation": "mean",
          "higher_is_better": true
        },
        {
          "metric": "map",
          "aggregation": "mean",
          "higher_is_better": true
        },
        {
          "metric": "map_2",
          "aggregation": "mean",
          "higher_is_better": true
        },
        {
          "metric": "map_3",
          "aggregation": "mean",
          "higher_is_better": true
        },
        {
          "metric": "map_4",
          "aggregation": "mean",
          "higher_is_better": true
        },
        {
          "metric": "map_norm",
          "aggregation": "mean",
          "higher_is_better": true
        },
        {
          "metric": "map_2_norm",
          "aggregation": "mean",
          "higher_is_better": true
        },
        {
          "metric": "map_3_norm",
          "aggregation": "mean",
          "higher_is_better": true
        },
        {
          "metric": "map_4_norm",