{
  "results": {
    "security_sales_1-1.0-0.1.2": {
      "acc,none": 0.43859649122807015,
      "acc_stderr,none": 0.0663095566682855,
      "acc_norm,none": 0.43859649122807015,
      "acc_norm_stderr,none": 0.0663095566682855,
      "map,none": 0.6812865497076024,
      "map_stderr,none": 0.039031254602960516,
      "map_2,none": 0.631578947368421,
      "map_2_stderr,none": 0.04931599141890321,
      "map_3,none": 0.6549707602339182,
      "map_3_stderr,none": 0.04509875938506166,
      "map_4,none": 0.6812865497076024,
      "map_4_stderr,none": 0.039031254602960516,
      "map_norm,none": 0.6812865497076024,
      "map_norm_stderr,none": 0.039031254602960516,
      "map_2_norm,none": 0.631578947368421,
      "map_2_norm_stderr,none": 0.04931599141890321,
      "map_3_norm,none": 0.6549707602339182,
      "map_3_norm_stderr,none": 0.04509875938506166,
      "map_4_norm,none": 0.6812865497076024,
      "map_4_norm_stderr,none": 0.039031254602960516,
      "alias": "security_sales_1-1.0-0.1.2"
    },
    "fp2-1.0-0.1.2": {
      "acc,none": 0.27578947368421053,
      "acc_stderr,none": 0.020527312251959445,
      "acc_norm,none": 0.27578947368421053,
      "acc_norm_stderr,none": 0.020527312251959445,
      "map,none": 0.5359649122807029,
      "map_stderr,none": 0.013762127490034403,
      "map_2,none": 0.3936842105263158,
      "map_2_stderr,none": 0.019473534159831534,
      "map_3,none": 0.47438596491228135,
      "map_3_stderr,none": 0.01697574487064239,
      "map_4,none": 0.5359649122807029,
      "map_4_stderr,none": 0.013762127490034403,
      "map_norm,none": 0.5359649122807029,
      "map_norm_stderr,none": 0.013762127490034403,
      "map_2_norm,none": 0.3936842105263158,
      "map_2_norm_stderr,none": 0.019473534159831534,
      "map_3_norm,none": 0.47438596491228135,
      "map_3_norm_stderr,none": 0.01697574487064239,
      "map_4_norm,none": 0.5359649122807029,
      "map_4_norm_stderr,none": 0.013762127490034403,
      "alias": "fp2-1.0-0.1.2"
    },
    "cpa_audit-1.0-0.1.2": {
      "acc,none": 0.17839195979899497,
      "acc_stderr,none": 0.019214306990983247,
      "acc_norm,none": 0.17839195979899497,
      "acc_norm_stderr,none": 0.019214306990983247,
      "map,none": 0.41042713567839173,
      "map_stderr,none": 0.014738492052561487,
      "map_2,none": 0.25,
      "map_2_stderr,none": 0.019547525235177287,
      "map_3,none": 0.3027638190954771,
      "map_3_stderr,none": 0.01878675168579052,
      "map_4,none": 0.3486180904522612,
      "map_4_stderr,none": 0.017509473106867443,
      "map_norm,none": 0.41042713567839173,
      "map_norm_stderr,none": 0.014738492052561487,
      "map_2_norm,none": 0.25,
      "map_2_norm_stderr,none": 0.019547525235177287,
      "map_3_norm,none": 0.3027638190954771,
      "map_3_norm_stderr,none": 0.01878675168579052,
      "map_4_norm,none": 0.3486180904522612,
      "map_4_norm_stderr,none": 0.017509473106867443,
      "alias": "cpa_audit-1.0-0.1.2"
    },
    "cma_basics-1.0-0.1.2": {
      "acc,none": 0.2631578947368421,
      "acc_stderr,none": 0.0723926637268818,
      "acc_norm,none": 0.2631578947368421,
      "acc_norm_stderr,none": 0.0723926637268818,
      "map,none": 0.5460526315789473,
      "map_stderr,none": 0.04700797346742479,
      "map_2,none": 0.42105263157894735,
      "map_2_stderr,none": 0.06674273816118409,
      "map_3,none": 0.5,
      "map_3_stderr,none": 0.056573571480353566,
      "map_4,none": 0.5460526315789473,
      "map_4_stderr,none": 0.04700797346742479,
      "map_norm,none": 0.5460526315789473,
      "map_norm_stderr,none": 0.04700797346742479,
      "map_2_norm,none": 0.42105263157894735,
      "map_2_norm_stderr,none": 0.06674273816118409,
      "map_3_norm,none": 0.5,
      "map_3_norm_stderr,none": 0.056573571480353566,
      "map_4_norm,none": 0.5460526315789473,
      "map_4_norm_stderr,none": 0.04700797346742479,
      "alias": "cma_basics-1.0-0.1.2"
    },
    "chabsa-1.0-0.1": {
      "acc,none": 0.5623462385083516,
      "acc_stderr,none": 0.005645498954838697,
      "f1,none": 0.3625939976823069,
      "f1_stderr,none": "N/A",
      "acc_norm,none": 0.5623462385083516,
      "acc_norm_stderr,none": 0.005645498954838697,
      "f1_norm,none": 0.3625939976823069,
      "f1_norm_stderr,none": "N/A",
      "alias": "chabsa-1.0-0.1"
    }
  },
  "group_subtasks": {
    "chabsa-1.0-0.1": [],
    "cma_basics-1.0-0.1.2": [],
    "cpa_audit-1.0-0.1.2": [],
    "fp2-1.0-0.1.2": [],
    "security_sales_1-1.0-0.1.2": []
  },
  "configs": {
    "chabsa-1.0-0.1": {
      "task": "chabsa-1.0-0.1",
      "dataset_path": "jlm_fin_eval/datasets/chabsa/chabsa.py",
      "dataset_name": "chABSA",
      "test_split": "test",
      "doc_to_text": "[センテンス]: {{sentence}}\nターゲット]: {{target}}\n[答え]:",
      "doc_to_target": "{{polarity}}",
      "doc_to_choice": [
        "positive",
        "negative"
      ],
      "description": "[センテンス]における、[ターゲット]のセンチメントをpositiveかnegativeで選んでください。\n\n\n",
      "target_delimiter": " ",
      "fewshot_delimiter": "\n\n",
      "num_fewshot": 0,
      "metric_list": [
        {
          "metric": "acc",
          "aggregation": "mean",
          "higher_is_better": true
        },
        {
          "metric": "acc_norm",
          "aggregation": "mean",
          "higher_is_better": true
        },
        {
          "metric": "f1",
          "aggregation": "2class_adjusted_macro_f1_score_for_chabsa",
          "higher_is_better": true
        },
        {
          "metric": "f1_norm",
          "aggregation": "2class_adjusted_macro_f1_score_for_chabsa",
          "higher_is_better": true
        }
      ],
      "output_type": "multiple_choice",
      "repeats": 1,
      "should_decontaminate": false,
      "doc_to_decontamination_query": "sentence",
      "metadata": {
        "version": 1.0
      }
    },
    "cma_basics-1.0-0.1.2": {
      "task": "cma_basics-1.0-0.1.2",
      "dataset_path": "jlm_fin_eval/datasets/cma_basics/cma_basics.py",
      "dataset_name": "cma_basics",
      "test_split": "test",
      "doc_to_text": "def doc_to_text_01_2(doc):\n    q_doc_text = doc[\"question\"] + \"\\n\"\n    if doc[\"context\"] and doc[\"context\"] != \"\":\n        q_doc_text += doc[\"context\"] + \"\\n\"\n    choice_doc_text = []\n    for choice_id, choice_text in zip(doc[\"choices\"][\"id\"], doc[\"choices\"][\"text\"]):\n        choice_doc_text.append(chr(choice_id + 65) + \":\" + choice_text)\n    return f\"[問題]:{q_doc_text}[選択肢]:[{', '.join(choice_doc_text)}]\\n[答え]:\"\n",
      "doc_to_target": "def doc_to_target_alphabet(doc):\n    answer = chr(int(doc[\"answer\"]) + 65)\n    return answer\n",
      "doc_to_choice": "def doc_to_choices_alphabet(doc):\n    choices = [chr(choice_id + 65) for choice_id in doc[\"choices\"][\"id\"]]\n    return choices\n",
      "description": "[問題]に対する[答え]を[選択肢]の中からアルファベットで選んでください。\n\n\n",
      "target_delimiter": "",
      "fewshot_delimiter": "\n\n",
      "num_fewshot": 0,
      "metric_list": [
        {
          "metric": "acc",
          "aggregation": "mean",
          "higher_is_better": true
        },
        {
          "metric": "acc_norm",
          "aggregation": "mean",
          "higher_is_better": true
        },
        {
          "metric": "map",
          "aggregation": "mean",
          "higher_is_better": true
        },
        {
          "metric": "map_2",
          "aggregation": "mean",
          "higher_is_better": true
        },
        {
          "metric": "map_3",
          "aggregation": "mean",
          "higher_is_better": true
        },
        {
          "metric": "map_4",
          "aggregation": "mean",
          "higher_is_better": true
        },
        {
          "metric": "map_norm",
          "aggregation": "mean",
          "higher_is_better": true
        },
        {
          "metric": "map_2_norm",
          "aggregation": "mean",
          "higher_is_better": true
        },
        {
          "metric": "map_3_norm",