{
  "results": {
    "security_sales_1-1.0-0.4": {
      "acc,none": 0.43859649122807015,
      "acc_stderr,none": 0.0663095566682855,
      "acc_norm,none": 0.42105263157894735,
      "acc_norm_stderr,none": 0.06597717584505354,
      "map,none": 0.7002923976608186,
      "map_stderr,none": 0.03630137020237278,
      "map_2,none": 0.6754385964912281,
      "map_2_stderr,none": 0.042426458689799995,
      "map_3,none": 0.6871345029239767,
      "map_3_stderr,none": 0.03981258644948037,
      "map_4,none": 0.7002923976608186,
      "map_4_stderr,none": 0.03630137020237278,
      "map_norm,none": 0.6739766081871345,
      "map_norm_stderr,none": 0.03847875132837168,
      "map_2_norm,none": 0.6228070175438597,
      "map_2_norm_stderr,none": 0.04892436645686707,
      "map_3_norm,none": 0.652046783625731,
      "map_3_norm_stderr,none": 0.04361180320630362,
      "map_4_norm,none": 0.6739766081871345,
      "map_4_norm_stderr,none": 0.03847875132837168,
      "alias": "security_sales_1-1.0-0.4"
    },
    "fp2-1.0-0.4": {
      "acc,none": 0.24421052631578946,
      "acc_stderr,none": 0.019733014655901625,
      "acc_norm,none": 0.24421052631578946,
      "acc_norm_stderr,none": 0.019733014655901625,
      "map,none": 0.5184210526315797,
      "map_stderr,none": 0.013235760424452547,
      "map_2,none": 0.37157894736842106,
      "map_2_stderr,none": 0.01892823570735003,
      "map_3,none": 0.4578947368421059,
      "map_3_stderr,none": 0.01636858397762058,
      "map_4,none": 0.5184210526315797,
      "map_4_stderr,none": 0.013235760424452547,
      "map_norm,none": 0.5184210526315797,
      "map_norm_stderr,none": 0.013235760424452547,
      "map_2_norm,none": 0.37157894736842106,
      "map_2_norm_stderr,none": 0.01892823570735003,
      "map_3_norm,none": 0.4578947368421059,
      "map_3_norm_stderr,none": 0.01636858397762058,
      "map_4_norm,none": 0.5184210526315797,
      "map_4_norm_stderr,none": 0.013235760424452547,
      "alias": "fp2-1.0-0.4"
    },
    "cpa_audit-1.0-0.4": {
      "acc,none": 0.1457286432160804,
      "acc_stderr,none": 0.017708229011298,
      "acc_norm,none": 0.14321608040201006,
      "acc_norm_stderr,none": 0.017580705212218505,
      "map,none": 0.39706867671691765,
      "map_stderr,none": 0.013760279279030459,
      "map_2,none": 0.24246231155778894,
      "map_2_stderr,none": 0.01846144493998264,
      "map_3,none": 0.2935510887772192,
      "map_3_stderr,none": 0.017740987570528104,
      "map_4,none": 0.3337520938023449,
      "map_4_stderr,none": 0.016629376826353237,
      "map_norm,none": 0.39539363484087076,
      "map_norm_stderr,none": 0.013677105552263646,
      "map_2_norm,none": 0.2399497487437186,
      "map_2_norm_stderr,none": 0.018372512093654054,
      "map_3_norm,none": 0.2918760469011723,
      "map_3_norm_stderr,none": 0.01765182816191196,
      "map_4_norm,none": 0.332077051926298,
      "map_4_norm_stderr,none": 0.016544479659936613,
      "alias": "cpa_audit-1.0-0.4"
    },
    "cma_basics-1.0-0.4": {
      "acc,none": 0.34210526315789475,
      "acc_stderr,none": 0.07799328662681833,
      "acc_norm,none": 0.2894736842105263,
      "acc_norm_stderr,none": 0.07455791696866065,
      "map,none": 0.5745614035087719,
      "map_stderr,none": 0.05238403934293911,
      "map_2,none": 0.4473684210526316,
      "map_2_stderr,none": 0.07252182112435493,
      "map_3,none": 0.5087719298245613,
      "map_3_stderr,none": 0.06500640338212942,
      "map_4,none": 0.5745614035087719,
      "map_4_stderr,none": 0.05238403934293911,
      "map_norm,none": 0.5504385964912281,
      "map_norm_stderr,none": 0.04944966150020735,
      "map_2_norm,none": 0.42105263157894735,
      "map_2_norm_stderr,none": 0.0693556909988199,
      "map_3_norm,none": 0.49122807017543874,
      "map_3_norm_stderr,none": 0.060927505400902325,
      "map_4_norm,none": 0.5504385964912281,
      "map_4_norm_stderr,none": 0.04944966150020735,
      "alias": "cma_basics-1.0-0.4"
    },
    "chabsa-1.0-0.4": {
      "acc,none": 0.5618283050627995,
      "acc_stderr,none": 0.0056462365465628815,
      "f1,none": 0.36179105235110515,
      "f1_stderr,none": "N/A",
      "acc_norm,none": 0.5618283050627995,
      "acc_norm_stderr,none": 0.0056462365465628815,
      "f1_norm,none": 0.36179105235110515,
      "f1_norm_stderr,none": "N/A",
      "alias": "chabsa-1.0-0.4"
    }
  },
  "group_subtasks": {
    "chabsa-1.0-0.4": [],
    "cma_basics-1.0-0.4": [],
    "cpa_audit-1.0-0.4": [],
    "fp2-1.0-0.4": [],
    "security_sales_1-1.0-0.4": []
  },
  "configs": {
    "chabsa-1.0-0.4": {
      "task": "chabsa-1.0-0.4",
      "dataset_path": "jlm_fin_eval/datasets/chabsa/chabsa.py",
      "dataset_name": "chABSA",
      "test_split": "test",
      "doc_to_text": "センテンス: {{sentence}}<NL>ターゲット: {{target}}<NL>システム:",
      "doc_to_target": "{{polarity}}",
      "doc_to_choice": [
        "positive",
        "negative"
      ],
      "description": "ユーザー: センテンスにおける、ターゲットのセンチメントをpositiveかnegativeで答えてください。<NL>システム: 分かりました。<NL>",
      "target_delimiter": " ",
      "fewshot_delimiter": "<NL>",
      "num_fewshot": 0,
      "metric_list": [
        {
          "metric": "acc",
          "aggregation": "mean",
          "higher_is_better": true
        },
        {
          "metric": "acc_norm",
          "aggregation": "mean",
          "higher_is_better": true
        },
        {
          "metric": "f1",
          "aggregation": "2class_adjusted_macro_f1_score_for_chabsa",
          "higher_is_better": true
        },
        {
          "metric": "f1_norm",
          "aggregation": "2class_adjusted_macro_f1_score_for_chabsa",
          "higher_is_better": true
        }
      ],
      "output_type": "multiple_choice",
      "repeats": 1,
      "should_decontaminate": false,
      "doc_to_decontamination_query": "sentence",
      "metadata": {
        "version": 1.0
      }
    },
    "cma_basics-1.0-0.4": {
      "task": "cma_basics-1.0-0.4",
      "dataset_path": "jlm_fin_eval/datasets/cma_basics/cma_basics.py",
      "dataset_name": "cma_basics",
      "test_split": "test",
      "doc_to_text": "def doc_to_text_04(doc, SEP=\"<NL>\"):\n    q_doc_text = doc[\"question\"]\n    if doc[\"context\"] and doc[\"context\"] != \"\":\n        q_doc_text += \"\\n\" + doc[\"context\"]\n    choices = SEP.join([f\"- {choice}\" for choice in doc[\"choices\"][\"text\"]])\n    input_text = f\"質問：{q_doc_text}{SEP}\" + f\"選択肢：{SEP}{choices}\"\n    return f\"ユーザー: {input_text}{SEP}システム: \"\n",
      "doc_to_target": "def doc_to_target_01(doc):\n    return [\n        choice_text\n        for choice_id, choice_text in zip(doc[\"choices\"][\"id\"], doc[\"choices\"][\"text\"])\n        if choice_id == doc[\"answer\"]\n    ][0]\n",
      "doc_to_choice": "def doc_to_choices_01(doc):\n    choices = doc[\"choices\"][\"text\"]\n    return choices\n",
      "description": "ユーザー: 与えられた選択肢の中から、最適な答えを選んでください。<NL>システム: 分かりました。<NL>",
      "target_delimiter": "",
      "fewshot_delimiter": "<NL>",
      "num_fewshot": 0,
      "metric_list": [
        {
          "metric": "acc",
          "aggregation": "mean",
          "higher_is_better": true
        },
        {
          "metric": "acc_norm",
          "aggregation": "mean",
          "higher_is_better": true
        },
        {
          "metric": "map",
          "aggregation": "mean",
          "higher_is_better": true
        },
        {
          "metric": "map_2",
          "aggregation": "mean",
          "higher_is_better": true
        },
        {
          "metric": "map_3",
          "aggregation": "mean",
          "higher_is_better": true
        },
        {
          "metric": "map_4",
          "aggregation": "mean",
          "higher_is_better": true
        },
        {
          "metric": "map_norm",
          "aggregation": "mean",
          "higher_is_better": true
        },
        {
          "metric": "map_2_norm",
          "aggregation": "mean",