{
  "results": {
    "security_sales_1-1.0-0.2.1": {
      "acc,none": 0.40350877192982454,
      "acc_stderr,none": 0.06555933012294897,
      "acc_norm,none": 0.40350877192982454,
      "acc_norm_stderr,none": 0.06555933012294897,
      "map,none": 0.6769005847953216,
      "map_stderr,none": 0.03655284030016667,
      "map_2,none": 0.6403508771929824,
      "map_2_stderr,none": 0.04469751084464112,
      "map_3,none": 0.6637426900584794,
      "map_3_stderr,none": 0.03990451480688942,
      "map_4,none": 0.6769005847953216,
      "map_4_stderr,none": 0.03655284030016667,
      "map_norm,none": 0.665204678362573,
      "map_norm_stderr,none": 0.03815001182910673,
      "map_2_norm,none": 0.6140350877192983,
      "map_2_norm_stderr,none": 0.04850125934928228,
      "map_3_norm,none": 0.6432748538011696,
      "map_3_norm_stderr,none": 0.04324266679895861,
      "map_4_norm,none": 0.665204678362573,
      "map_4_norm_stderr,none": 0.03815001182910673,
      "alias": "security_sales_1-1.0-0.2.1"
    },
    "fp2-1.0-0.2.1": {
      "acc,none": 0.24,
      "acc_stderr,none": 0.019616577850947305,
      "acc_norm,none": 0.24,
      "acc_norm_stderr,none": 0.019616577850947305,
      "map,none": 0.5157894736842115,
      "map_stderr,none": 0.013176387921986494,
      "map_2,none": 0.36947368421052634,
      "map_2_stderr,none": 0.018838982318920026,
      "map_3,none": 0.45368421052631647,
      "map_3_stderr,none": 0.016367203407737035,
      "map_4,none": 0.5157894736842115,
      "map_4_stderr,none": 0.013176387921986494,
      "map_norm,none": 0.5157894736842115,
      "map_norm_stderr,none": 0.013176387921986494,
      "map_2_norm,none": 0.36947368421052634,
      "map_2_norm_stderr,none": 0.018838982318920026,
      "map_3_norm,none": 0.45368421052631647,
      "map_3_norm_stderr,none": 0.016367203407737035,
      "map_4_norm,none": 0.5157894736842115,
      "map_4_norm_stderr,none": 0.013176387921986494,
      "alias": "fp2-1.0-0.2.1"
    },
    "cpa_audit-1.0-0.2.1": {
      "acc,none": 0.1407035175879397,
      "acc_stderr,none": 0.017451338441977042,
      "acc_norm,none": 0.135678391959799,
      "acc_norm_stderr,none": 0.017186908930253573,
      "map,none": 0.3873115577889446,
      "map_stderr,none": 0.013574062626045477,
      "map_2,none": 0.2198492462311558,
      "map_2_stderr,none": 0.01823045109718633,
      "map_3,none": 0.2826633165829144,
      "map_3_stderr,none": 0.01748088951636405,
      "map_4,none": 0.32223618090452233,
      "map_4_stderr,none": 0.016437919634363803,
      "map_norm,none": 0.3819095477386931,
      "map_norm_stderr,none": 0.013441360442211678,
      "map_2_norm,none": 0.21482412060301506,
      "map_2_norm_stderr,none": 0.018033124676923595,
      "map_3_norm,none": 0.27345058626465646,
      "map_3_norm_stderr,none": 0.01738714516709503,
      "map_4_norm,none": 0.31490787269681725,
      "map_4_norm_stderr,none": 0.01633949988471244,
      "alias": "cpa_audit-1.0-0.2.1"
    },
    "cma_basics-1.0-0.2.1": {
      "acc,none": 0.21052631578947367,
      "acc_stderr,none": 0.06702258315442243,
      "acc_norm,none": 0.2894736842105263,
      "acc_norm_stderr,none": 0.07455791696866065,
      "map,none": 0.48464912280701766,
      "map_stderr,none": 0.04606956269407047,
      "map_2,none": 0.3157894736842105,
      "map_2_stderr,none": 0.06646171485760265,
      "map_3,none": 0.412280701754386,
      "map_3_stderr,none": 0.058204267603313695,
      "map_4,none": 0.48464912280701766,
      "map_4_stderr,none": 0.04606956269407047,
      "map_norm,none": 0.5460526315789472,
      "map_norm_stderr,none": 0.04976407993741739,
      "map_2_norm,none": 0.40789473684210525,
      "map_2_norm_stderr,none": 0.07019395796413648,
      "map_3_norm,none": 0.4868421052631578,
      "map_3_norm_stderr,none": 0.061068141945042835,
      "map_4_norm,none": 0.5460526315789472,
      "map_4_norm_stderr,none": 0.04976407993741739,
      "alias": "cma_basics-1.0-0.2.1"
    },
    "chabsa-1.0-0.2": {
      "acc,none": 0.5631231386766801,
      "acc_stderr,none": 0.005644380846614185,
      "f1,none": 0.3664170268860254,
      "f1_stderr,none": "N/A",
      "acc_norm,none": 0.5631231386766801,
      "acc_norm_stderr,none": 0.005644380846614185,
      "f1_norm,none": 0.3664170268860254,
      "f1_norm_stderr,none": "N/A",
      "alias": "chabsa-1.0-0.2"
    }
  },
  "group_subtasks": {
    "chabsa-1.0-0.2": [],
    "cma_basics-1.0-0.2.1": [],
    "cpa_audit-1.0-0.2.1": [],
    "fp2-1.0-0.2.1": [],
    "security_sales_1-1.0-0.2.1": []
  },
  "configs": {
    "chabsa-1.0-0.2": {
      "task": "chabsa-1.0-0.2",
      "dataset_path": "jlm_fin_eval/datasets/chabsa/chabsa.py",
      "dataset_name": "chABSA",
      "test_split": "test",
      "doc_to_text": "センテンス: {{sentence}}\nターゲット: {{target}}\n回答:",
      "doc_to_target": "{{polarity}}",
      "doc_to_choice": [
        "positive",
        "negative"
      ],
      "description": "センテンスとターゲットを入力として受け取り、ターゲットに関するセンチメントをpositiveかnegativeから選択してください。\n\n\n",
      "target_delimiter": " ",
      "fewshot_delimiter": "\n\n",
      "num_fewshot": 0,
      "metric_list": [
        {
          "metric": "acc",
          "aggregation": "mean",
          "higher_is_better": true
        },
        {
          "metric": "acc_norm",
          "aggregation": "mean",
          "higher_is_better": true
        },
        {
          "metric": "f1",
          "aggregation": "2class_adjusted_macro_f1_score_for_chabsa",
          "higher_is_better": true
        },
        {
          "metric": "f1_norm",
          "aggregation": "2class_adjusted_macro_f1_score_for_chabsa",
          "higher_is_better": true
        }
      ],
      "output_type": "multiple_choice",
      "repeats": 1,
      "should_decontaminate": false,
      "doc_to_decontamination_query": "sentence",
      "metadata": {
        "version": 1.0
      }
    },
    "cma_basics-1.0-0.2.1": {
      "task": "cma_basics-1.0-0.2.1",
      "dataset_path": "jlm_fin_eval/datasets/cma_basics/cma_basics.py",
      "dataset_name": "cma_basics",
      "test_split": "test",
      "doc_to_text": "def doc_to_text_02_1(doc):\n    q_doc_text = doc[\"question\"] + \"\\n\"\n    if doc[\"context\"] and doc[\"context\"] != \"\":\n        q_doc_text += doc[\"context\"] + \"\\n\"\n    choices = \"\\n\".join([f\"- {choice}\" for choice in doc[\"choices\"][\"text\"]])\n    return f\"質問:{q_doc_text}選択肢:\\n{choices}\\n回答:\"\n",
      "doc_to_target": "def doc_to_target_01(doc):\n    return [\n        choice_text\n        for choice_id, choice_text in zip(doc[\"choices\"][\"id\"], doc[\"choices\"][\"text\"])\n        if choice_id == doc[\"answer\"]\n    ][0]\n",
      "doc_to_choice": "def doc_to_choices_01(doc):\n    choices = doc[\"choices\"][\"text\"]\n    return choices\n",
      "description": "与えられた選択肢の中から、最適な答えを選んでください。\n\n\n",
      "target_delimiter": "",
      "fewshot_delimiter": "\n\n",
      "num_fewshot": 0,
      "metric_list": [
        {
          "metric": "acc",
          "aggregation": "mean",
          "higher_is_better": true
        },
        {
          "metric": "acc_norm",
          "aggregation": "mean",
          "higher_is_better": true
        },
        {
          "metric": "map",
          "aggregation": "mean",
          "higher_is_better": true
        },
        {
          "metric": "map_2",
          "aggregation": "mean",
          "higher_is_better": true
        },
        {
          "metric": "map_3",
          "aggregation": "mean",
          "higher_is_better": true
        },
        {
          "metric": "map_4",
          "aggregation": "mean",
          "higher_is_better": true
        },
        {
          "metric": "map_norm",
          "aggregation": "mean",
          "higher_is_better": true
        },
        {
          "metric": "map_2_norm",
          "aggregation": "mean",
          "higher_is_better": true
        },
        {
          "metric": "map_3_norm",
          "aggregation": "mean",