{
  "results": {
    "security_sales_1-1.0-0.3": {
      "acc,none": 0.42105263157894735,
      "acc_stderr,none": 0.06597717584505354,
      "acc_norm,none": 0.42105263157894735,
      "acc_norm_stderr,none": 0.06597717584505354,
      "map,none": 0.6842105263157895,
      "map_stderr,none": 0.03712372968138604,
      "map_2,none": 0.6491228070175439,
      "map_2_stderr,none": 0.04506489382544239,
      "map_3,none": 0.6666666666666666,
      "map_3_stderr,none": 0.04150972951140821,
      "map_4,none": 0.6842105263157895,
      "map_4_stderr,none": 0.03712372968138604,
      "map_norm,none": 0.6812865497076023,
      "map_norm_stderr,none": 0.03749610156901124,
      "map_2_norm,none": 0.6403508771929824,
      "map_2_norm_stderr,none": 0.046416689667799826,
      "map_3_norm,none": 0.6637426900584794,
      "map_3_norm_stderr,none": 0.04182118967680477,
      "map_4_norm,none": 0.6812865497076023,
      "map_4_norm_stderr,none": 0.03749610156901124,
      "alias": "security_sales_1-1.0-0.3"
    },
    "fp2-1.0-0.3": {
      "acc,none": 0.2463157894736842,
      "acc_stderr,none": 0.01979026746533388,
      "acc_norm,none": 0.2463157894736842,
      "acc_norm_stderr,none": 0.01979026746533388,
      "map,none": 0.5163157894736851,
      "map_stderr,none": 0.013339059279875639,
      "map_2,none": 0.36526315789473685,
      "map_2_stderr,none": 0.0190697309786214,
      "map_3,none": 0.4536842105263165,
      "map_3_stderr,none": 0.01652474139247849,
      "map_4,none": 0.5163157894736851,
      "map_4_stderr,none": 0.013339059279875639,
      "map_norm,none": 0.5163157894736851,
      "map_norm_stderr,none": 0.013339059279875639,
      "map_2_norm,none": 0.36526315789473685,
      "map_2_norm_stderr,none": 0.0190697309786214,
      "map_3_norm,none": 0.4536842105263165,
      "map_3_norm_stderr,none": 0.01652474139247849,
      "map_4_norm,none": 0.5163157894736851,
      "map_4_norm_stderr,none": 0.013339059279875639,
      "alias": "fp2-1.0-0.3"
    },
    "cpa_audit-1.0-0.3": {
      "acc,none": 0.14321608040201006,
      "acc_stderr,none": 0.017580705212218516,
      "acc_norm,none": 0.14321608040201006,
      "acc_norm_stderr,none": 0.017580705212218516,
      "map,none": 0.389572864321608,
      "map_stderr,none": 0.013656757112901855,
      "map_2,none": 0.2236180904522613,
      "map_2_stderr,none": 0.01833167930441584,
      "map_3,none": 0.2839195979899494,
      "map_3_stderr,none": 0.017595171210212306,
      "map_4,none": 0.32726130653266305,
      "map_4_stderr,none": 0.016436508813295784,
      "map_norm,none": 0.3873953098827468,
      "map_norm_stderr,none": 0.01369853917346704,
      "map_2_norm,none": 0.22236180904522612,
      "map_2_norm_stderr,none": 0.01832701620358127,
      "map_3_norm,none": 0.28015075376884396,
      "map_3_norm_stderr,none": 0.017642366675609,
      "map_4_norm,none": 0.32223618090452233,
      "map_4_norm_stderr,none": 0.016549835190466374,
      "alias": "cpa_audit-1.0-0.3"
    },
    "cma_basics-1.0-0.3": {
      "acc,none": 0.3684210526315789,
      "acc_stderr,none": 0.07930218984219833,
      "acc_norm,none": 0.2894736842105263,
      "acc_norm_stderr,none": 0.07455791696866065,
      "map,none": 0.5986842105263158,
      "map_stderr,none": 0.052390242087604955,
      "map_2,none": 0.4868421052631579,
      "map_2_stderr,none": 0.07177599227670443,
      "map_3,none": 0.5394736842105263,
      "map_3_stderr,none": 0.06454488960464659,
      "map_4,none": 0.5986842105263158,
      "map_4_stderr,none": 0.052390242087604955,
      "map_norm,none": 0.5614035087719298,
      "map_norm_stderr,none": 0.04783979501112991,
      "map_2_norm,none": 0.42105263157894735,
      "map_2_norm_stderr,none": 0.0693556909988199,
      "map_3_norm,none": 0.5350877192982457,
      "map_3_norm_stderr,none": 0.05376525213077418,
      "map_4_norm,none": 0.5614035087719298,
      "map_4_norm_stderr,none": 0.04783979501112991,
      "alias": "cma_basics-1.0-0.3"
    },
    "chabsa-1.0-0.3": {
      "acc,none": 0.5613103716172472,
      "acc_stderr,none": 0.005646967890138889,
      "f1,none": 0.3598083358969339,
      "f1_stderr,none": "N/A",
      "acc_norm,none": 0.5613103716172472,
      "acc_norm_stderr,none": 0.005646967890138889,
      "f1_norm,none": 0.3598083358969339,
      "f1_norm_stderr,none": "N/A",
      "alias": "chabsa-1.0-0.3"
    }
  },
  "group_subtasks": {
    "chabsa-1.0-0.3": [],
    "cma_basics-1.0-0.3": [],
    "cpa_audit-1.0-0.3": [],
    "fp2-1.0-0.3": [],
    "security_sales_1-1.0-0.3": []
  },
  "configs": {
    "chabsa-1.0-0.3": {
      "task": "chabsa-1.0-0.3",
      "dataset_path": "jlm_fin_eval/datasets/chabsa/chabsa.py",
      "dataset_name": "chABSA",
      "test_split": "test",
      "doc_to_text": "### 入力:\nセンテンス:{{sentence}}\nターゲット:{{target}}\n\n### 応答:\n\n",
      "doc_to_target": "{{polarity}}",
      "doc_to_choice": [
        "positive",
        "negative"
      ],
      "description": "以下は、タスクを説明する指示と、文脈のある入力の組み合わせです。要求を適切に満たす応答を書きなさい。\n\n### 指示:\n以下のセンテンスにおける、ターゲットのセンチメントをpositiveかnegativeで答えてください。\n\n\n",
      "target_delimiter": "",
      "fewshot_delimiter": "\n\n",
      "num_fewshot": 0,
      "metric_list": [
        {
          "metric": "acc",
          "aggregation": "mean",
          "higher_is_better": true
        },
        {
          "metric": "acc_norm",
          "aggregation": "mean",
          "higher_is_better": true
        },
        {
          "metric": "f1",
          "aggregation": "2class_adjusted_macro_f1_score_for_chabsa",
          "higher_is_better": true
        },
        {
          "metric": "f1_norm",
          "aggregation": "2class_adjusted_macro_f1_score_for_chabsa",
          "higher_is_better": true
        }
      ],
      "output_type": "multiple_choice",
      "repeats": 1,
      "should_decontaminate": false,
      "doc_to_decontamination_query": "sentence",
      "metadata": {
        "version": 1.0
      }
    },
    "cma_basics-1.0-0.3": {
      "task": "cma_basics-1.0-0.3",
      "dataset_path": "jlm_fin_eval/datasets/cma_basics/cma_basics.py",
      "dataset_name": "cma_basics",
      "test_split": "test",
      "doc_to_text": "def doc_to_text_03(doc):\n    q_doc_text = doc[\"question\"] + \"\\n\"\n    if doc[\"context\"] and doc[\"context\"] != \"\":\n        q_doc_text += doc[\"context\"] + \"\\n\"\n    choices = \"\\n\".join([f\"- {choice}\" for choice in doc[\"choices\"][\"text\"]])\n    input_text = f\"{q_doc_text}\" + f\"出力は以下から選択してください：\\n{choices}\"\n    return f\"### 入力:\\n{input_text}\\n\\n### 応答:\\n\"\n",
      "doc_to_target": "def doc_to_target_01(doc):\n    return [\n        choice_text\n        for choice_id, choice_text in zip(doc[\"choices\"][\"id\"], doc[\"choices\"][\"text\"])\n        if choice_id == doc[\"answer\"]\n    ][0]\n",
      "doc_to_choice": "def doc_to_choices_01(doc):\n    choices = doc[\"choices\"][\"text\"]\n    return choices\n",
      "description": "以下は、タスクを説明する指示と、文脈のある入力の組み合わせです。要求を適切に満たす応答を書きなさい。\n\n### 指示:\n与えられた選択肢の中から、最適な答えを選んでください。\n\n\n",
      "target_delimiter": "",
      "fewshot_delimiter": "\n\n",
      "num_fewshot": 0,
      "metric_list": [
        {
          "metric": "acc",
          "aggregation": "mean",
          "higher_is_better": true
        },
        {
          "metric": "acc_norm",
          "aggregation": "mean",
          "higher_is_better": true
        },
        {
          "metric": "map",
          "aggregation": "mean",
          "higher_is_better": true
        },
        {
          "metric": "map_2",
          "aggregation": "mean",
          "higher_is_better": true
        },
        {
          "metric": "map_3",
          "aggregation": "mean",
          "higher_is_better": true
        },
        {
          "metric": "map_4",
          "aggregation": "mean",
          "higher_is_better": true
        },
        {
          "metric": "map_norm",
          "aggregation": "mean",