{
  "results": {
    "security_sales_1-1.0-0.1": {
      "acc,none": 0.42105263157894735,
      "acc_stderr,none": 0.06597717584505354,
      "acc_norm,none": 0.40350877192982454,
      "acc_norm_stderr,none": 0.06555933012294897,
      "map,none": 0.6754385964912281,
      "map_stderr,none": 0.038217983397029004,
      "map_2,none": 0.6228070175438597,
      "map_2_stderr,none": 0.04892436645686707,
      "map_3,none": 0.6578947368421053,
      "map_3_stderr,none": 0.042426458689800016,
      "map_4,none": 0.6754385964912281,
      "map_4_stderr,none": 0.038217983397029004,
      "map_norm,none": 0.6666666666666666,
      "map_norm_stderr,none": 0.03806487668563674,
      "map_2_norm,none": 0.6228070175438597,
      "map_2_norm_stderr,none": 0.04729642723500153,
      "map_3_norm,none": 0.6403508771929824,
      "map_3_norm_stderr,none": 0.04410956367618556,
      "map_4_norm,none": 0.6666666666666666,
      "map_4_norm_stderr,none": 0.03806487668563674,
      "alias": "security_sales_1-1.0-0.1"
    },
    "fp2-1.0-0.1": {
      "acc,none": 0.2505263157894737,
      "acc_stderr,none": 0.019902869674481148,
      "acc_norm,none": 0.2505263157894737,
      "acc_norm_stderr,none": 0.019902869674481148,
      "map,none": 0.5178947368421063,
      "map_stderr,none": 0.013441912119265416,
      "map_2,none": 0.3684210526315789,
      "map_2_stderr,none": 0.01914521523044809,
      "map_3,none": 0.45263157894736916,
      "map_3_stderr,none": 0.01672995452645482,
      "map_4,none": 0.5178947368421063,
      "map_4_stderr,none": 0.013441912119265416,
      "map_norm,none": 0.5178947368421063,
      "map_norm_stderr,none": 0.013441912119265416,
      "map_2_norm,none": 0.3684210526315789,
      "map_2_norm_stderr,none": 0.01914521523044809,
      "map_3_norm,none": 0.45263157894736916,
      "map_3_norm_stderr,none": 0.01672995452645482,
      "map_4_norm,none": 0.5178947368421063,
      "map_4_norm_stderr,none": 0.013441912119265416,
      "alias": "fp2-1.0-0.1"
    },
    "cpa_audit-1.0-0.1": {
      "acc,none": 0.14321608040201006,
      "acc_stderr,none": 0.017580705212218505,
      "acc_norm,none": 0.1306532663316583,
      "acc_norm_stderr,none": 0.016914586905916504,
      "map,none": 0.3878559463986596,
      "map_stderr,none": 0.013733487689093032,
      "map_2,none": 0.22738693467336685,
      "map_2_stderr,none": 0.018344361275975867,
      "map_3,none": 0.278475711892797,
      "map_3_stderr,none": 0.017728883052297154,
      "map_4,none": 0.321189279731993,
      "map_4_stderr,none": 0.016634077680324846,
      "map_norm,none": 0.3804020100502509,
      "map_norm_stderr,none": 0.013307587435901113,
      "map_2_norm,none": 0.2185929648241206,
      "map_2_norm_stderr,none": 0.017874473539113738,
      "map_3_norm,none": 0.27051926298157425,
      "map_3_norm_stderr,none": 0.017295127514236588,
      "map_4_norm,none": 0.3132328308207702,
      "map_4_norm_stderr,none": 0.016223833207507945,
      "alias": "cpa_audit-1.0-0.1"
    },
    "cma_basics-1.0-0.1": {
      "acc,none": 0.21052631578947367,
      "acc_stderr,none": 0.06702258315442244,
      "acc_norm,none": 0.18421052631578946,
      "acc_norm_stderr,none": 0.06373021861834362,
      "map,none": 0.5065789473684209,
      "map_stderr,none": 0.04504243241905515,
      "map_2,none": 0.3815789473684211,
      "map_2_stderr,none": 0.0637669190064234,
      "map_3,none": 0.4342105263157894,
      "map_3_stderr,none": 0.05813723514112971,
      "map_4,none": 0.5065789473684209,
      "map_4_stderr,none": 0.04504243241905515,
      "map_norm,none": 0.5109649122807017,
      "map_norm_stderr,none": 0.04135982950874964,
      "map_2_norm,none": 0.39473684210526316,
      "map_2_norm_stderr,none": 0.060102729554261713,
      "map_3_norm,none": 0.46491228070175433,
      "map_3_norm_stderr,none": 0.05112836741800169,
      "map_4_norm,none": 0.5109649122807017,
      "map_4_norm_stderr,none": 0.04135982950874964,
      "alias": "cma_basics-1.0-0.1"
    },
    "chabsa-1.0-0.1": {
      "acc,none": 0.5623462385083516,
      "acc_stderr,none": 0.005645498954838697,
      "f1,none": 0.3625939976823069,
      "f1_stderr,none": "N/A",
      "acc_norm,none": 0.5623462385083516,
      "acc_norm_stderr,none": 0.005645498954838697,
      "f1_norm,none": 0.3625939976823069,
      "f1_norm_stderr,none": "N/A",
      "alias": "chabsa-1.0-0.1"
    }
  },
  "group_subtasks": {
    "chabsa-1.0-0.1": [],
    "cma_basics-1.0-0.1": [],
    "cpa_audit-1.0-0.1": [],
    "fp2-1.0-0.1": [],
    "security_sales_1-1.0-0.1": []
  },
  "configs": {
    "chabsa-1.0-0.1": {
      "task": "chabsa-1.0-0.1",
      "dataset_path": "jlm_fin_eval/datasets/chabsa/chabsa.py",
      "dataset_name": "chABSA",
      "test_split": "test",
      "doc_to_text": "[センテンス]: {{sentence}}\nターゲット]: {{target}}\n[答え]:",
      "doc_to_target": "{{polarity}}",
      "doc_to_choice": [
        "positive",
        "negative"
      ],
      "description": "[センテンス]における、[ターゲット]のセンチメントをpositiveかnegativeで選んでください。\n\n\n",
      "target_delimiter": " ",
      "fewshot_delimiter": "\n\n",
      "num_fewshot": 0,
      "metric_list": [
        {
          "metric": "acc",
          "aggregation": "mean",
          "higher_is_better": true
        },
        {
          "metric": "acc_norm",
          "aggregation": "mean",
          "higher_is_better": true
        },
        {
          "metric": "f1",
          "aggregation": "2class_adjusted_macro_f1_score_for_chabsa",
          "higher_is_better": true
        },
        {
          "metric": "f1_norm",
          "aggregation": "2class_adjusted_macro_f1_score_for_chabsa",
          "higher_is_better": true
        }
      ],
      "output_type": "multiple_choice",
      "repeats": 1,
      "should_decontaminate": false,
      "doc_to_decontamination_query": "sentence",
      "metadata": {
        "version": 1.0
      }
    },
    "cma_basics-1.0-0.1": {
      "task": "cma_basics-1.0-0.1",
      "dataset_path": "jlm_fin_eval/datasets/cma_basics/cma_basics.py",
      "dataset_name": "cma_basics",
      "test_split": "test",
      "doc_to_text": "def doc_to_text_01(doc):\n    q_doc_text = doc[\"question\"] + \"\\n\"\n    if doc[\"context\"] and doc[\"context\"] != \"\":\n        q_doc_text += doc[\"context\"] + \"\\n\"\n    return f\"[問題]:{q_doc_text}[選択肢]:[{', '.join(doc['choices']['text'])}]\\n[答え]:\"\n",
      "doc_to_target": "def doc_to_target_01(doc):\n    return [\n        choice_text\n        for choice_id, choice_text in zip(doc[\"choices\"][\"id\"], doc[\"choices\"][\"text\"])\n        if choice_id == doc[\"answer\"]\n    ][0]\n",
      "doc_to_choice": "def doc_to_choices_01(doc):\n    choices = doc[\"choices\"][\"text\"]\n    return choices\n",
      "description": "[問題]に対する[答え]を[選択肢]の中から選んでください。\n\n\n",
      "target_delimiter": "",
      "fewshot_delimiter": "\n\n",
      "num_fewshot": 0,
      "metric_list": [
        {
          "metric": "acc",
          "aggregation": "mean",
          "higher_is_better": true
        },
        {
          "metric": "acc_norm",
          "aggregation": "mean",
          "higher_is_better": true
        },
        {
          "metric": "map",
          "aggregation": "mean",
          "higher_is_better": true
        },
        {
          "metric": "map_2",
          "aggregation": "mean",
          "higher_is_better": true
        },
        {
          "metric": "map_3",
          "aggregation": "mean",
          "higher_is_better": true
        },
        {
          "metric": "map_4",
          "aggregation": "mean",
          "higher_is_better": true
        },
        {
          "metric": "map_norm",
          "aggregation": "mean",
          "higher_is_better": true
        },
        {
          "metric": "map_2_norm",
          "aggregation": "mean",
          "higher_is_better": true
        },
        {
          "metric": "map_3_norm",
          "aggregation": "mean",