{
  "results": {
    "security_sales_1-1.0-0.2": {
      "acc,none": 0.3684210526315789,
      "acc_stderr,none": 0.06446025638903097,
      "acc_norm,none": 0.3684210526315789,
      "acc_norm_stderr,none": 0.06446025638903097,
      "map,none": 0.6578947368421053,
      "map_stderr,none": 0.03574724768319778,
      "map_2,none": 0.6052631578947368,
      "map_2_stderr,none": 0.04638707774155286,
      "map_3,none": 0.6578947368421053,
      "map_3_stderr,none": 0.03574724768319778,
      "map_4,none": 0.6578947368421053,
      "map_4_stderr,none": 0.03574724768319778,
      "map_norm,none": 0.6578947368421053,
      "map_norm_stderr,none": 0.03574724768319778,
      "map_2_norm,none": 0.6052631578947368,
      "map_2_norm_stderr,none": 0.04638707774155286,
      "map_3_norm,none": 0.6578947368421053,
      "map_3_norm_stderr,none": 0.03574724768319778,
      "map_4_norm,none": 0.6578947368421053,
      "map_4_norm_stderr,none": 0.03574724768319778,
      "alias": "security_sales_1-1.0-0.2"
    },
    "fp2-1.0-0.2": {
      "acc,none": 0.2463157894736842,
      "acc_stderr,none": 0.01979026746533387,
      "acc_norm,none": 0.2463157894736842,
      "acc_norm_stderr,none": 0.01979026746533387,
      "map,none": 0.5168421052631585,
      "map_stderr,none": 0.01334808142122978,
      "map_2,none": 0.36947368421052634,
      "map_2_stderr,none": 0.019014980410081747,
      "map_3,none": 0.4515789473684215,
      "map_3_stderr,none": 0.01664595414588577,
      "map_4,none": 0.5168421052631585,
      "map_4_stderr,none": 0.01334808142122978,
      "map_norm,none": 0.5168421052631585,
      "map_norm_stderr,none": 0.01334808142122978,
      "map_2_norm,none": 0.36947368421052634,
      "map_2_norm_stderr,none": 0.019014980410081747,
      "map_3_norm,none": 0.4515789473684215,
      "map_3_norm_stderr,none": 0.01664595414588577,
      "map_4_norm,none": 0.5168421052631585,
      "map_4_norm_stderr,none": 0.01334808142122978,
      "alias": "fp2-1.0-0.2"
    },
    "cpa_audit-1.0-0.2": {
      "acc,none": 0.16080402010050251,
      "acc_stderr,none": 0.018436772423078947,
      "acc_norm,none": 0.16080402010050251,
      "acc_norm_stderr,none": 0.018436772423078947,
      "map,none": 0.40464824120603005,
      "map_stderr,none": 0.014085443334293941,
      "map_2,none": 0.23618090452261306,
      "map_2_stderr,none": 0.01895979058610907,
      "map_3,none": 0.3031825795644887,
      "map_3_stderr,none": 0.01801948829154653,
      "map_4,none": 0.3465242881072024,
      "map_4_stderr,none": 0.01676498531745113,
      "map_norm,none": 0.40464824120603005,
      "map_norm_stderr,none": 0.014085443334293941,
      "map_2_norm,none": 0.23618090452261306,
      "map_2_norm_stderr,none": 0.01895979058610907,
      "map_3_norm,none": 0.3031825795644887,
      "map_3_norm_stderr,none": 0.01801948829154653,
      "map_4_norm,none": 0.3465242881072024,
      "map_4_norm_stderr,none": 0.01676498531745113,
      "alias": "cpa_audit-1.0-0.2"
    },
    "cma_basics-1.0-0.2": {
      "acc,none": 0.23684210526315788,
      "acc_stderr,none": 0.06989334006042333,
      "acc_norm,none": 0.23684210526315788,
      "acc_norm_stderr,none": 0.06989334006042333,
      "map,none": 0.5109649122807017,
      "map_stderr,none": 0.047057717368610225,
      "map_2,none": 0.35526315789473684,
      "map_2_stderr,none": 0.06775167699562201,
      "map_3,none": 0.4517543859649123,
      "map_3_stderr,none": 0.057922209956362554,
      "map_4,none": 0.5109649122807017,
      "map_4_stderr,none": 0.047057717368610225,
      "map_norm,none": 0.5109649122807017,
      "map_norm_stderr,none": 0.047057717368610225,
      "map_2_norm,none": 0.35526315789473684,
      "map_2_norm_stderr,none": 0.06775167699562201,
      "map_3_norm,none": 0.4517543859649123,
      "map_3_norm_stderr,none": 0.057922209956362554,
      "map_4_norm,none": 0.5109649122807017,
      "map_4_norm_stderr,none": 0.047057717368610225,
      "alias": "cma_basics-1.0-0.2"
    },
    "chabsa-1.0-0.2": {
      "acc,none": 0.5631231386766801,
      "acc_stderr,none": 0.005644380846614185,
      "f1,none": 0.3664170268860254,
      "f1_stderr,none": "N/A",
      "acc_norm,none": 0.5631231386766801,
      "acc_norm_stderr,none": 0.005644380846614185,
      "f1_norm,none": 0.3664170268860254,
      "f1_norm_stderr,none": "N/A",
      "alias": "chabsa-1.0-0.2"
    }
  },
  "group_subtasks": {
    "chabsa-1.0-0.2": [],
    "cma_basics-1.0-0.2": [],
    "cpa_audit-1.0-0.2": [],
    "fp2-1.0-0.2": [],
    "security_sales_1-1.0-0.2": []
  },
  "configs": {
    "chabsa-1.0-0.2": {
      "task": "chabsa-1.0-0.2",
      "dataset_path": "jlm_fin_eval/datasets/chabsa/chabsa.py",
      "dataset_name": "chABSA",
      "test_split": "test",
      "doc_to_text": "センテンス: {{sentence}}\nターゲット: {{target}}\n回答:",
      "doc_to_target": "{{polarity}}",
      "doc_to_choice": [
        "positive",
        "negative"
      ],
      "description": "センテンスとターゲットを入力として受け取り、ターゲットに関するセンチメントをpositiveかnegativeから選択してください。\n\n\n",
      "target_delimiter": " ",
      "fewshot_delimiter": "\n\n",
      "num_fewshot": 0,
      "metric_list": [
        {
          "metric": "acc",
          "aggregation": "mean",
          "higher_is_better": true
        },
        {
          "metric": "acc_norm",
          "aggregation": "mean",
          "higher_is_better": true
        },
        {
          "metric": "f1",
          "aggregation": "2class_adjusted_macro_f1_score_for_chabsa",
          "higher_is_better": true
        },
        {
          "metric": "f1_norm",
          "aggregation": "2class_adjusted_macro_f1_score_for_chabsa",
          "higher_is_better": true
        }
      ],
      "output_type": "multiple_choice",
      "repeats": 1,
      "should_decontaminate": false,
      "doc_to_decontamination_query": "sentence",
      "metadata": {
        "version": 1.0
      }
    },
    "cma_basics-1.0-0.2": {
      "task": "cma_basics-1.0-0.2",
      "dataset_path": "jlm_fin_eval/datasets/cma_basics/cma_basics.py",
      "dataset_name": "cma_basics",
      "test_split": "test",
      "doc_to_text": "def doc_to_text_02(doc):\n    q_doc_text = doc[\"question\"] + \"\\n\"\n    if doc[\"context\"] and doc[\"context\"] != \"\":\n        q_doc_text += doc[\"context\"] + \"\\n\"\n    choices = \",\".join(\n        [\n            f\"{idx}.{choice}\"\n            for idx, choice in zip(doc[\"choices\"][\"id\"], doc[\"choices\"][\"text\"])\n        ]\n    )\n    return f\"質問:{q_doc_text}\" f\"選択肢:{choices}\\n\" \"回答:\"\n",
      "doc_to_target": "def doc_to_target_02(doc):\n    return [\n        str(choice_id)\n        for choice_id in doc[\"choices\"][\"id\"]\n        if choice_id == doc[\"answer\"]\n    ][0]\n",
      "doc_to_choice": "def doc_to_choices_02(doc):\n    return [str(choice) for choice in doc[\"choices\"][\"id\"]]\n",
      "description": "質問と回答の選択肢を入力として受け取り、選択肢から回答を選択してください。なお、回答は選択肢の番号(例:0)でするものとします。\n\n\n",
      "target_delimiter": "",
      "fewshot_delimiter": "\n\n",
      "num_fewshot": 0,
      "metric_list": [
        {
          "metric": "acc",
          "aggregation": "mean",
          "higher_is_better": true
        },
        {
          "metric": "acc_norm",
          "aggregation": "mean",
          "higher_is_better": true
        },
        {
          "metric": "map",
          "aggregation": "mean",
          "higher_is_better": true
        },
        {
          "metric": "map_2",
          "aggregation": "mean",
          "higher_is_better": true
        },
        {
          "metric": "map_3",
          "aggregation": "mean",
          "higher_is_better": true
        },
        {
          "metric": "map_4",
          "aggregation": "mean",
          "higher_is_better": true
        },
        {
          "metric": "map_norm",
          "aggregation": "mean",
          "higher_is_better": true
        },
        {
          "metric": "map_2_norm",
          "aggregation": "mean",