{
  "results": {
    "security_sales_1": {
      "acc,none": 0.43859649122807015,
      "acc_stderr,none": 0.0663095566682855,
      "acc_norm,none": 0.43859649122807015,
      "acc_norm_stderr,none": 0.0663095566682855,
      "map,none": 0.6915204678362574,
      "map_stderr,none": 0.03766064358578397,
      "map_2,none": 0.6578947368421053,
      "map_2_stderr,none": 0.045399049956733876,
      "map_3,none": 0.6695906432748538,
      "map_3_stderr,none": 0.04305159279271749,
      "map_4,none": 0.6915204678362574,
      "map_4_stderr,none": 0.03766064358578397,
      "map_norm,none": 0.6915204678362574,
      "map_norm_stderr,none": 0.03766064358578397,
      "map_2_norm,none": 0.6578947368421053,
      "map_2_norm_stderr,none": 0.045399049956733876,
      "map_3_norm,none": 0.6695906432748538,
      "map_3_norm_stderr,none": 0.04305159279271749,
      "map_4_norm,none": 0.6915204678362574,
      "map_4_norm_stderr,none": 0.03766064358578397,
      "alias": "security_sales_1"
    },
    "fp2": {
      "acc,none": 0.26526315789473687,
      "acc_stderr,none": 0.02027753714262581,
      "acc_norm,none": 0.26526315789473687,
      "acc_norm_stderr,none": 0.02027753714262581,
      "map,none": 0.5282456140350889,
      "map_stderr,none": 0.013629145870036165,
      "map_2,none": 0.38105263157894737,
      "map_2_stderr,none": 0.019376177612427988,
      "map_3,none": 0.4666666666666676,
      "map_3_stderr,none": 0.016808560247217087,
      "map_4,none": 0.5282456140350889,
      "map_4_stderr,none": 0.013629145870036165,
      "map_norm,none": 0.5282456140350889,
      "map_norm_stderr,none": 0.013629145870036165,
      "map_2_norm,none": 0.38105263157894737,
      "map_2_norm_stderr,none": 0.019376177612427988,
      "map_3_norm,none": 0.4666666666666676,
      "map_3_norm_stderr,none": 0.016808560247217087,
      "map_4_norm,none": 0.5282456140350889,
      "map_4_norm_stderr,none": 0.013629145870036165,
      "alias": "fp2"
    },
    "cpa_audit": {
      "acc,none": 0.17587939698492464,
      "acc_stderr,none": 0.019107664906766533,
      "acc_norm,none": 0.17587939698492464,
      "acc_norm_stderr,none": 0.019107664906766533,
      "map,none": 0.4076214405360132,
      "map_stderr,none": 0.014774801474778889,
      "map_2,none": 0.2550251256281407,
      "map_2_stderr,none": 0.019464780996883393,
      "map_3,none": 0.2994137353433832,
      "map_3_stderr,none": 0.018819029414195762,
      "map_4,none": 0.3383584589614738,
      "map_4_stderr,none": 0.017779661681767197,
      "map_norm,none": 0.4076214405360132,
      "map_norm_stderr,none": 0.014774801474778889,
      "map_2_norm,none": 0.2550251256281407,
      "map_2_norm_stderr,none": 0.019464780996883393,
      "map_3_norm,none": 0.2994137353433832,
      "map_3_norm_stderr,none": 0.018819029414195762,
      "map_4_norm,none": 0.3383584589614738,
      "map_4_norm_stderr,none": 0.017779661681767197,
      "alias": "cpa_audit"
    },
    "cma_basics": {
      "acc,none": 0.2631578947368421,
      "acc_stderr,none": 0.0723926637268818,
      "acc_norm,none": 0.2631578947368421,
      "acc_norm_stderr,none": 0.0723926637268818,
      "map,none": 0.5197368421052633,
      "map_stderr,none": 0.04873480384732031,
      "map_2,none": 0.34210526315789475,
      "map_2_stderr,none": 0.0708244056017332,
      "map_3,none": 0.4736842105263159,
      "map_3_stderr,none": 0.05744903658501967,
      "map_4,none": 0.5197368421052633,
      "map_4_stderr,none": 0.04873480384732031,
      "map_norm,none": 0.5197368421052633,
      "map_norm_stderr,none": 0.04873480384732031,
      "map_2_norm,none": 0.34210526315789475,
      "map_2_norm_stderr,none": 0.0708244056017332,
      "map_3_norm,none": 0.4736842105263159,
      "map_3_norm_stderr,none": 0.05744903658501967,
      "map_4_norm,none": 0.5197368421052633,
      "map_4_norm_stderr,none": 0.04873480384732031,
      "alias": "cma_basics"
    },
    "chabsa": {
      "acc,none": 0.5611808882558591,
      "acc_stderr,none": 0.0056471497500452435,
      "f1,none": 0.3594592352989964,
      "f1_stderr,none": "N/A",
      "acc_norm,none": 0.5611808882558591,
      "acc_norm_stderr,none": 0.0056471497500452435,
      "f1_norm,none": 0.3594592352989964,
      "f1_norm_stderr,none": "N/A",
      "alias": "chabsa"
    }
  },
  "group_subtasks": {
    "chabsa": [],
    "cma_basics": [],
    "cpa_audit": [],
    "fp2": [],
    "security_sales_1": []
  },
  "configs": {
    "chabsa": {
      "task": "chabsa",
      "dataset_path": "jlm_fin_eval/datasets/chabsa/chabsa.py",
      "dataset_name": "chABSA",
      "test_split": "test",
      "doc_to_text": "センテンス: {{sentence}}\nターゲット: {{target}}\n回答:",
      "doc_to_target": "{{polarity}}",
      "doc_to_choice": [
        "positive",
        "negative"
      ],
      "description": "以下のセンテンスにおける、ターゲットのセンチメントをpositiveかnegativeで答えてください。\n\n\n",
      "target_delimiter": " ",
      "fewshot_delimiter": "\n\n",
      "num_fewshot": 0,
      "metric_list": [
        {
          "metric": "acc",
          "aggregation": "mean",
          "higher_is_better": true
        },
        {
          "metric": "acc_norm",
          "aggregation": "mean",
          "higher_is_better": true
        },
        {
          "metric": "f1",
          "aggregation": "2class_adjusted_macro_f1_score_for_chabsa",
          "higher_is_better": true
        },
        {
          "metric": "f1_norm",
          "aggregation": "2class_adjusted_macro_f1_score_for_chabsa",
          "higher_is_better": true
        }
      ],
      "output_type": "multiple_choice",
      "repeats": 1,
      "should_decontaminate": false,
      "doc_to_decontamination_query": "sentence",
      "metadata": {
        "version": 1.0
      }
    },
    "cma_basics": {
      "task": "cma_basics",
      "dataset_path": "jlm_fin_eval/datasets/cma_basics/cma_basics.py",
      "dataset_name": "cma_basics",
      "test_split": "test",
      "doc_to_text": "def doc_to_text_00(doc):\n    doc_text = \"【問題】\\n\" + doc[\"question\"] + \"\\n\"\n    if doc[\"context\"] and doc[\"context\"] != \"\":\n        doc_text += doc[\"context\"] + \"\\n\"\n    doc_text += \"\\n【選択肢】\\n\"\n    for choice_id, choice_text in zip(doc[\"choices\"][\"id\"], doc[\"choices\"][\"text\"]):\n        doc_text += chr(choice_id + 65) + \": \" + choice_text + \"\\n\"\n    doc_text += \"\\n【答え】\\n\"\n    # doc_text += chr(int(doc[\"answer\"]) + 65)\n    return doc_text\n",
      "doc_to_target": "def doc_to_target_alphabet(doc):\n    answer = chr(int(doc[\"answer\"]) + 65)\n    return answer\n",
      "doc_to_choice": "def doc_to_choices_alphabet(doc):\n    choices = [chr(choice_id + 65) for choice_id in doc[\"choices\"][\"id\"]]\n    return choices\n",
      "description": "以下の問題の適切な答えを選択肢から選んでアルファベットで答えなさい。\n\n\n",
      "target_delimiter": "",
      "fewshot_delimiter": "\n\n",
      "num_fewshot": 0,
      "metric_list": [
        {
          "metric": "acc",
          "aggregation": "mean",
          "higher_is_better": true
        },
        {
          "metric": "acc_norm",
          "aggregation": "mean",
          "higher_is_better": true
        },
        {
          "metric": "map",
          "aggregation": "mean",
          "higher_is_better": true
        },
        {
          "metric": "map_2",
          "aggregation": "mean",
          "higher_is_better": true
        },
        {
          "metric": "map_3",
          "aggregation": "mean",
          "higher_is_better": true
        },
        {
          "metric": "map_4",
          "aggregation": "mean",
          "higher_is_better": true
        },
        {
          "metric": "map_norm",
          "aggregation": "mean",
          "higher_is_better": true
        },
        {
          "metric": "map_2_norm",
          "aggregation": "mean",
          "higher_is_better": true
        },
        {
          "metric": "map_3_norm",
          "aggregation": "mean",