{
  "results": {
    "security_sales_1-1.0-0.1": {
      "acc,none": 0.47368421052631576,
      "acc_stderr,none": 0.06672270432067237,
      "acc_norm,none": 0.47368421052631576,
      "acc_norm_stderr,none": 0.06672270432067237,
      "map,none": 0.6988304093567251,
      "map_stderr,none": 0.038165015963916075,
      "map_2,none": 0.6666666666666666,
      "map_2_stderr,none": 0.0457007080922568,
      "map_3,none": 0.672514619883041,
      "map_3_stderr,none": 0.044536684829613496,
      "map_4,none": 0.6988304093567251,
      "map_4_stderr,none": 0.038165015963916075,
      "map_norm,none": 0.6959064327485381,
      "map_norm_stderr,none": 0.0385471333853712,
      "map_2_norm,none": 0.6578947368421053,
      "map_2_norm_stderr,none": 0.04709262512309164,
      "map_3_norm,none": 0.6695906432748538,
      "map_3_norm_stderr,none": 0.04483392962924385,
      "map_4_norm,none": 0.6959064327485381,
      "map_4_norm_stderr,none": 0.0385471333853712,
      "alias": "security_sales_1-1.0-0.1"
    },
    "fp2-1.0-0.1": {
      "acc,none": 0.25263157894736843,
      "acc_stderr,none": 0.01995822981303426,
      "acc_norm,none": 0.25263157894736843,
      "acc_norm_stderr,none": 0.01995822981303426,
      "map,none": 0.5242105263157905,
      "map_stderr,none": 0.013358832869571307,
      "map_2,none": 0.38,
      "map_2_stderr,none": 0.0190444621602716,
      "map_3,none": 0.4642105263157902,
      "map_3_stderr,none": 0.016490283046618415,
      "map_4,none": 0.5242105263157905,
      "map_4_stderr,none": 0.013358832869571307,
      "map_norm,none": 0.5242105263157905,
      "map_norm_stderr,none": 0.013358832869571307,
      "map_2_norm,none": 0.38,
      "map_2_norm_stderr,none": 0.0190444621602716,
      "map_3_norm,none": 0.4642105263157902,
      "map_3_norm_stderr,none": 0.016490283046618415,
      "map_4_norm,none": 0.5242105263157905,
      "map_4_norm_stderr,none": 0.013358832869571307,
      "alias": "fp2-1.0-0.1"
    },
    "cpa_audit-1.0-0.1": {
      "acc,none": 0.14321608040201006,
      "acc_stderr,none": 0.017580705212218516,
      "acc_norm,none": 0.14321608040201006,
      "acc_norm_stderr,none": 0.017580705212218516,
      "map,none": 0.3914154103852596,
      "map_stderr,none": 0.013653293281819752,
      "map_2,none": 0.22738693467336685,
      "map_2_stderr,none": 0.018344361275975864,
      "map_3,none": 0.28852596314907836,
      "map_3_stderr,none": 0.017561260339113573,
      "map_4,none": 0.32684254606365126,
      "map_4_stderr,none": 0.01652677238025155,
      "map_norm,none": 0.3896566164154102,
      "map_norm_stderr,none": 0.013696636567892682,
      "map_2_norm,none": 0.22738693467336685,
      "map_2_norm_stderr,none": 0.018344361275975864,
      "map_3_norm,none": 0.28433835845896116,
      "map_3_norm_stderr,none": 0.017633050415051692,
      "map_4_norm,none": 0.3239112227805692,
      "map_4_norm_stderr,none": 0.016589582123164068,
      "alias": "cpa_audit-1.0-0.1"
    },
    "cma_basics-1.0-0.1": {
      "acc,none": 0.21052631578947367,
      "acc_stderr,none": 0.06702258315442243,
      "acc_norm,none": 0.2631578947368421,
      "acc_norm_stderr,none": 0.0723926637268818,
      "map,none": 0.5109649122807017,
      "map_stderr,none": 0.044132920608548495,
      "map_2,none": 0.3684210526315789,
      "map_2_stderr,none": 0.06446025638903101,
      "map_3,none": 0.46491228070175444,
      "map_3_stderr,none": 0.053396527408416564,
      "map_4,none": 0.5109649122807017,
      "map_4_stderr,none": 0.044132920608548495,
      "map_norm,none": 0.537280701754386,
      "map_norm_stderr,none": 0.047322135069859904,
      "map_2_norm,none": 0.3815789473684211,
      "map_2_norm_stderr,none": 0.06911915445746264,
      "map_3_norm,none": 0.5043859649122807,
      "map_3_norm_stderr,none": 0.05425138981075869,
      "map_4_norm,none": 0.537280701754386,
      "map_4_norm_stderr,none": 0.047322135069859904,
      "alias": "cma_basics-1.0-0.1"
    },
    "chabsa-1.0-0.1": {
      "acc,none": 0.754240580085459,
      "acc_stderr,none": 0.004899425242573273,
      "f1,none": 0.7529232281147753,
      "f1_stderr,none": "N/A",
      "acc_norm,none": 0.754240580085459,
      "acc_norm_stderr,none": 0.004899425242573273,
      "f1_norm,none": 0.7529232281147753,
      "f1_norm_stderr,none": "N/A",
      "alias": "chabsa-1.0-0.1"
    }
  },
  "group_subtasks": {
    "chabsa-1.0-0.1": [],
    "cma_basics-1.0-0.1": [],
    "cpa_audit-1.0-0.1": [],
    "fp2-1.0-0.1": [],
    "security_sales_1-1.0-0.1": []
  },
  "configs": {
    "chabsa-1.0-0.1": {
      "task": "chabsa-1.0-0.1",
      "dataset_path": "jlm_fin_eval/datasets/chabsa/chabsa.py",
      "dataset_name": "chABSA",
      "test_split": "test",
      "doc_to_text": "[センテンス]: {{sentence}}\nターゲット]: {{target}}\n[答え]:",
      "doc_to_target": "{{polarity}}",
      "doc_to_choice": [
        "positive",
        "negative"
      ],
      "description": "[センテンス]における、[ターゲット]のセンチメントをpositiveかnegativeで選んでください。\n\n\n",
      "target_delimiter": " ",
      "fewshot_delimiter": "\n\n",
      "num_fewshot": 0,
      "metric_list": [
        {
          "metric": "acc",
          "aggregation": "mean",
          "higher_is_better": true
        },
        {
          "metric": "acc_norm",
          "aggregation": "mean",
          "higher_is_better": true
        },
        {
          "metric": "f1",
          "aggregation": "2class_adjusted_macro_f1_score_for_chabsa",
          "higher_is_better": true
        },
        {
          "metric": "f1_norm",
          "aggregation": "2class_adjusted_macro_f1_score_for_chabsa",
          "higher_is_better": true
        }
      ],
      "output_type": "multiple_choice",
      "repeats": 1,
      "should_decontaminate": false,
      "doc_to_decontamination_query": "sentence",
      "metadata": {
        "version": 1.0
      }
    },
    "cma_basics-1.0-0.1": {
      "task": "cma_basics-1.0-0.1",
      "dataset_path": "jlm_fin_eval/datasets/cma_basics/cma_basics.py",
      "dataset_name": "cma_basics",
      "test_split": "test",
      "doc_to_text": "def doc_to_text_01(doc):\n    q_doc_text = doc[\"question\"] + \"\\n\"\n    if doc[\"context\"] and doc[\"context\"] != \"\":\n        q_doc_text += doc[\"context\"] + \"\\n\"\n    return f\"[問題]:{q_doc_text}[選択肢]:[{', '.join(doc['choices']['text'])}]\\n[答え]:\"\n",
      "doc_to_target": "def doc_to_target_01(doc):\n    return [\n        choice_text\n        for choice_id, choice_text in zip(doc[\"choices\"][\"id\"], doc[\"choices\"][\"text\"])\n        if choice_id == doc[\"answer\"]\n    ][0]\n",
      "doc_to_choice": "def doc_to_choices_01(doc):\n    choices = doc[\"choices\"][\"text\"]\n    return choices\n",
      "description": "[問題]に対する[答え]を[選択肢]の中から選んでください。\n\n\n",
      "target_delimiter": "",
      "fewshot_delimiter": "\n\n",
      "num_fewshot": 0,
      "metric_list": [
        {
          "metric": "acc",
          "aggregation": "mean",
          "higher_is_better": true
        },
        {
          "metric": "acc_norm",
          "aggregation": "mean",
          "higher_is_better": true
        },
        {
          "metric": "map",
          "aggregation": "mean",
          "higher_is_better": true
        },
        {
          "metric": "map_2",
          "aggregation": "mean",
          "higher_is_better": true
        },
        {
          "metric": "map_3",
          "aggregation": "mean",
          "higher_is_better": true
        },
        {
          "metric": "map_4",
          "aggregation": "mean",
          "higher_is_better": true
        },
        {
          "metric": "map_norm",
          "aggregation": "mean",
          "higher_is_better": true
        },
        {
          "metric": "map_2_norm",
          "aggregation": "mean",
          "higher_is_better": true
        },
        {
          "metric": "map_3_norm",
          "aggregation": "mean",
          "higher_is_better": true
        },
        {
          "metric": "map_4_norm",