{
  "results": {
    "security_sales_1-1.0-0.3": {
      "acc,none": 0.47368421052631576,
      "acc_stderr,none": 0.06672270432067237,
      "acc_norm,none": 0.45614035087719296,
      "acc_norm_stderr,none": 0.06655775300696491,
      "map,none": 0.7119883040935673,
      "map_stderr,none": 0.03766672393083112,
      "map_2,none": 0.6842105263157895,
      "map_2_stderr,none": 0.04448180288044822,
      "map_3,none": 0.6900584795321638,
      "map_3_stderr,none": 0.043242666798958634,
      "map_4,none": 0.7119883040935673,
      "map_4_stderr,none": 0.03766672393083112,
      "map_norm,none": 0.7032163742690059,
      "map_norm_stderr,none": 0.03748999355144801,
      "map_2_norm,none": 0.6754385964912281,
      "map_2_norm_stderr,none": 0.044233991465470655,
      "map_3_norm,none": 0.6812865497076024,
      "map_3_norm_stderr,none": 0.04300901662328507,
      "map_4_norm,none": 0.7032163742690059,
      "map_4_norm_stderr,none": 0.03748999355144801,
      "alias": "security_sales_1-1.0-0.3"
    },
    "fp2-1.0-0.3": {
      "acc,none": 0.25263157894736843,
      "acc_stderr,none": 0.019958229813034266,
      "acc_norm,none": 0.25263157894736843,
      "acc_norm_stderr,none": 0.019958229813034266,
      "map,none": 0.5228070175438606,
      "map_stderr,none": 0.013382493498135454,
      "map_2,none": 0.3757894736842105,
      "map_2_stderr,none": 0.019104023356479777,
      "map_3,none": 0.4628070175438604,
      "map_3_stderr,none": 0.01649869185334562,
      "map_4,none": 0.5228070175438606,
      "map_4_stderr,none": 0.013382493498135454,
      "map_norm,none": 0.5228070175438606,
      "map_norm_stderr,none": 0.013382493498135454,
      "map_2_norm,none": 0.3757894736842105,
      "map_2_norm_stderr,none": 0.019104023356479777,
      "map_3_norm,none": 0.4628070175438604,
      "map_3_norm_stderr,none": 0.01649869185334562,
      "map_4_norm,none": 0.5228070175438606,
      "map_4_norm_stderr,none": 0.013382493498135454,
      "alias": "fp2-1.0-0.3"
    },
    "cpa_audit-1.0-0.3": {
      "acc,none": 0.135678391959799,
      "acc_stderr,none": 0.017186908930253576,
      "acc_norm,none": 0.13316582914572864,
      "acc_norm_stderr,none": 0.017051757858934903,
      "map,none": 0.3829564489112225,
      "map_stderr,none": 0.013451669492216614,
      "map_2,none": 0.2185929648241206,
      "map_2_stderr,none": 0.018050642035328173,
      "map_3,none": 0.27303182579564467,
      "map_3_stderr,none": 0.01743903287802446,
      "map_4,none": 0.3176298157453934,
      "map_4_stderr,none": 0.016304931415436732,
      "map_norm,none": 0.3784338358458955,
      "map_norm_stderr,none": 0.013408983820483824,
      "map_2_norm,none": 0.21482412060301506,
      "map_2_norm_stderr,none": 0.01794517062665973,
      "map_3_norm,none": 0.26423785594639854,
      "map_3_norm_stderr,none": 0.017432458757204082,
      "map_4_norm,none": 0.3100921273031824,
      "map_4_norm_stderr,none": 0.016322679776763032,
      "alias": "cpa_audit-1.0-0.3"
    },
    "cma_basics-1.0-0.3": {
      "acc,none": 0.2894736842105263,
      "acc_stderr,none": 0.07455791696866067,
      "acc_norm,none": 0.2894736842105263,
      "acc_norm_stderr,none": 0.07455791696866065,
      "map,none": 0.5328947368421053,
      "map_stderr,none": 0.05092586290643335,
      "map_2,none": 0.3815789473684211,
      "map_2_stderr,none": 0.07164549036461391,
      "map_3,none": 0.4605263157894737,
      "map_3_stderr,none": 0.06361999042637631,
      "map_4,none": 0.5328947368421053,
      "map_4_stderr,none": 0.05092586290643335,
      "map_norm,none": 0.5526315789473685,
      "map_norm_stderr,none": 0.04883471539556381,
      "map_2_norm,none": 0.40789473684210525,
      "map_2_norm_stderr,none": 0.07019395796413648,
      "map_3_norm,none": 0.5131578947368421,
      "map_3_norm_stderr,none": 0.05705400592179911,
      "map_4_norm,none": 0.5526315789473685,
      "map_4_norm_stderr,none": 0.04883471539556381,
      "alias": "cma_basics-1.0-0.3"
    },
    "chabsa-1.0-0.3": {
      "acc,none": 0.5611808882558591,
      "acc_stderr,none": 0.005647149750045247,
      "f1,none": 0.3594592352989964,
      "f1_stderr,none": "N/A",
      "acc_norm,none": 0.5611808882558591,
      "acc_norm_stderr,none": 0.005647149750045247,
      "f1_norm,none": 0.3594592352989964,
      "f1_norm_stderr,none": "N/A",
      "alias": "chabsa-1.0-0.3"
    }
  },
  "group_subtasks": {
    "chabsa-1.0-0.3": [],
    "cma_basics-1.0-0.3": [],
    "cpa_audit-1.0-0.3": [],
    "fp2-1.0-0.3": [],
    "security_sales_1-1.0-0.3": []
  },
  "configs": {
    "chabsa-1.0-0.3": {
      "task": "chabsa-1.0-0.3",
      "dataset_path": "jlm_fin_eval/datasets/chabsa/chabsa.py",
      "dataset_name": "chABSA",
      "test_split": "test",
      "doc_to_text": "### 入力:\nセンテンス:{{sentence}}\nターゲット:{{target}}\n\n### 応答:\n\n",
      "doc_to_target": "{{polarity}}",
      "doc_to_choice": [
        "positive",
        "negative"
      ],
      "description": "以下は、タスクを説明する指示と、文脈のある入力の組み合わせです。要求を適切に満たす応答を書きなさい。\n\n### 指示:\n以下のセンテンスにおける、ターゲットのセンチメントをpositiveかnegativeで答えてください。\n\n\n",
      "target_delimiter": "",
      "fewshot_delimiter": "\n\n",
      "num_fewshot": 0,
      "metric_list": [
        {
          "metric": "acc",
          "aggregation": "mean",
          "higher_is_better": true
        },
        {
          "metric": "acc_norm",
          "aggregation": "mean",
          "higher_is_better": true
        },
        {
          "metric": "f1",
          "aggregation": "2class_adjusted_macro_f1_score_for_chabsa",
          "higher_is_better": true
        },
        {
          "metric": "f1_norm",
          "aggregation": "2class_adjusted_macro_f1_score_for_chabsa",
          "higher_is_better": true
        }
      ],
      "output_type": "multiple_choice",
      "repeats": 1,
      "should_decontaminate": false,
      "doc_to_decontamination_query": "sentence",
      "metadata": {
        "version": 1.0
      }
    },
    "cma_basics-1.0-0.3": {
      "task": "cma_basics-1.0-0.3",
      "dataset_path": "jlm_fin_eval/datasets/cma_basics/cma_basics.py",
      "dataset_name": "cma_basics",
      "test_split": "test",
      "doc_to_text": "def doc_to_text_03(doc):\n    q_doc_text = doc[\"question\"] + \"\\n\"\n    if doc[\"context\"] and doc[\"context\"] != \"\":\n        q_doc_text += doc[\"context\"] + \"\\n\"\n    choices = \"\\n\".join([f\"- {choice}\" for choice in doc[\"choices\"][\"text\"]])\n    input_text = f\"{q_doc_text}\" + f\"出力は以下から選択してください：\\n{choices}\"\n    return f\"### 入力:\\n{input_text}\\n\\n### 応答:\\n\"\n",
      "doc_to_target": "def doc_to_target_01(doc):\n    return [\n        choice_text\n        for choice_id, choice_text in zip(doc[\"choices\"][\"id\"], doc[\"choices\"][\"text\"])\n        if choice_id == doc[\"answer\"]\n    ][0]\n",
      "doc_to_choice": "def doc_to_choices_01(doc):\n    choices = doc[\"choices\"][\"text\"]\n    return choices\n",
      "description": "以下は、タスクを説明する指示と、文脈のある入力の組み合わせです。要求を適切に満たす応答を書きなさい。\n\n### 指示:\n与えられた選択肢の中から、最適な答えを選んでください。\n\n\n",
      "target_delimiter": "",
      "fewshot_delimiter": "\n\n",
      "num_fewshot": 0,
      "metric_list": [
        {
          "metric": "acc",
          "aggregation": "mean",
          "higher_is_better": true
        },
        {
          "metric": "acc_norm",
          "aggregation": "mean",
          "higher_is_better": true
        },
        {
          "metric": "map",
          "aggregation": "mean",
          "higher_is_better": true
        },
        {
          "metric": "map_2",
          "aggregation": "mean",
          "higher_is_better": true
        },
        {
          "metric": "map_3",
          "aggregation": "mean",
          "higher_is_better": true
        },
        {
          "metric": "map_4",
          "aggregation": "mean",
          "higher_is_better": true
        },
        {
          "metric": "map_norm",
          "aggregation": "mean",