{
  "results": {
    "security_sales_1-1.0-0.5": {
      "acc,none": 0.5087719298245614,
      "acc_stderr,none": 0.06680502724442025,
      "acc_norm,none": 0.5087719298245614,
      "acc_norm_stderr,none": 0.06680502724442025,
      "map,none": 0.7192982456140351,
      "map_stderr,none": 0.03792926928386392,
      "map_2,none": 0.6842105263157895,
      "map_2_stderr,none": 0.046209007687950596,
      "map_3,none": 0.7017543859649122,
      "map_3_stderr,none": 0.04249118253931321,
      "map_4,none": 0.7192982456140351,
      "map_4_stderr,none": 0.03792926928386392,
      "map_norm,none": 0.7178362573099415,
      "map_norm_stderr,none": 0.038050836156280174,
      "map_2_norm,none": 0.6754385964912281,
      "map_2_norm_stderr,none": 0.04764377408421146,
      "map_3_norm,none": 0.7046783625730993,
      "map_3_norm_stderr,none": 0.04151340733266307,
      "map_4_norm,none": 0.7178362573099415,
      "map_4_norm_stderr,none": 0.038050836156280174,
      "alias": "security_sales_1-1.0-0.5"
    },
    "fp2-1.0-0.5": {
      "acc,none": 0.2336842105263158,
      "acc_stderr,none": 0.019437007433459805,
      "acc_norm,none": 0.2336842105263158,
      "acc_norm_stderr,none": 0.019437007433459805,
      "map,none": 0.5100000000000008,
      "map_stderr,none": 0.013114459361361781,
      "map_2,none": 0.36105263157894735,
      "map_2_stderr,none": 0.01877073639737903,
      "map_3,none": 0.4452631578947375,
      "map_3_stderr,none": 0.016380195198861757,
      "map_4,none": 0.5100000000000008,
      "map_4_stderr,none": 0.013114459361361781,
      "map_norm,none": 0.5100000000000008,
      "map_norm_stderr,none": 0.013114459361361781,
      "map_2_norm,none": 0.36105263157894735,
      "map_2_norm_stderr,none": 0.01877073639737903,
      "map_3_norm,none": 0.4452631578947375,
      "map_3_norm_stderr,none": 0.016380195198861757,
      "map_4_norm,none": 0.5100000000000008,
      "map_4_norm_stderr,none": 0.013114459361361781,
      "alias": "fp2-1.0-0.5"
    },
    "cpa_audit-1.0-0.5": {
      "acc,none": 0.17587939698492464,
      "acc_stderr,none": 0.01910766490676655,
      "acc_norm,none": 0.17587939698492464,
      "acc_norm_stderr,none": 0.01910766490676655,
      "map,none": 0.4055276381909545,
      "map_stderr,none": 0.014733063922363086,
      "map_2,none": 0.24623115577889448,
      "map_2_stderr,none": 0.019465495812292767,
      "map_3,none": 0.2931323283082075,
      "map_3_stderr,none": 0.018829905381398903,
      "map_4,none": 0.34212730318257945,
      "map_4_stderr,none": 0.017521965537781247,
      "map_norm,none": 0.403266331658291,
      "map_norm_stderr,none": 0.01476896633500947,
      "map_2_norm,none": 0.24371859296482412,
      "map_2_norm_stderr,none": 0.019463861909925915,
      "map_3_norm,none": 0.28978224455611373,
      "map_3_norm_stderr,none": 0.018857799851189454,
      "map_4_norm,none": 0.33752093802345046,
      "map_4_norm_stderr,none": 0.017613813796083306,
      "alias": "cpa_audit-1.0-0.5"
    },
    "cma_basics-1.0-0.5": {
      "acc,none": 0.3684210526315789,
      "acc_stderr,none": 0.0793021898421983,
      "acc_norm,none": 0.3684210526315789,
      "acc_norm_stderr,none": 0.0793021898421983,
      "map,none": 0.5921052631578948,
      "map_stderr,none": 0.05285337335158948,
      "map_2,none": 0.4605263157894737,
      "map_2_stderr,none": 0.07395930156875366,
      "map_3,none": 0.5394736842105263,
      "map_3_stderr,none": 0.0636199904263763,
      "map_4,none": 0.5921052631578948,
      "map_4_stderr,none": 0.05285337335158948,
      "map_norm,none": 0.5899122807017544,
      "map_norm_stderr,none": 0.05318799644408332,
      "map_2_norm,none": 0.4605263157894737,
      "map_2_norm_stderr,none": 0.07395930156875366,
      "map_3_norm,none": 0.5307017543859649,
      "map_3_norm_stderr,none": 0.06497840492990466,
      "map_4_norm,none": 0.5899122807017544,
      "map_4_norm_stderr,none": 0.05318799644408332,
      "alias": "cma_basics-1.0-0.5"
    },
    "chabsa-1.0-0.5": {
      "acc,none": 0.4292373430014243,
      "acc_stderr,none": 0.00563263521205456,
      "f1,none": 0.3471215667154234,
      "f1_stderr,none": "N/A",
      "acc_norm,none": 0.4292373430014243,
      "acc_norm_stderr,none": 0.00563263521205456,
      "f1_norm,none": 0.3471215667154234,
      "f1_norm_stderr,none": "N/A",
      "alias": "chabsa-1.0-0.5"
    }
  },
  "group_subtasks": {
    "chabsa-1.0-0.5": [],
    "cma_basics-1.0-0.5": [],
    "cpa_audit-1.0-0.5": [],
    "fp2-1.0-0.5": [],
    "security_sales_1-1.0-0.5": []
  },
  "configs": {
    "chabsa-1.0-0.5": {
      "task": "chabsa-1.0-0.5",
      "dataset_path": "jlm_fin_eval/datasets/chabsa/chabsa.py",
      "dataset_name": "chABSA",
      "test_split": "test",
      "doc_to_text": "センテンス: {{sentence}}\nターゲット: {{target}}\nシステム:",
      "doc_to_target": "{{polarity}}",
      "doc_to_choice": [
        "positive",
        "negative"
      ],
      "description": "ユーザー: センテンスにおける、ターゲットのセンチメントをpositiveかnegativeで答えてください。\nシステム: 分かりました。\n\n",
      "target_delimiter": " ",
      "fewshot_delimiter": "\n",
      "num_fewshot": 0,
      "metric_list": [
        {
          "metric": "acc",
          "aggregation": "mean",
          "higher_is_better": true
        },
        {
          "metric": "acc_norm",
          "aggregation": "mean",
          "higher_is_better": true
        },
        {
          "metric": "f1",
          "aggregation": "2class_adjusted_macro_f1_score_for_chabsa",
          "higher_is_better": true
        },
        {
          "metric": "f1_norm",
          "aggregation": "2class_adjusted_macro_f1_score_for_chabsa",
          "higher_is_better": true
        }
      ],
      "output_type": "multiple_choice",
      "repeats": 1,
      "should_decontaminate": false,
      "doc_to_decontamination_query": "sentence",
      "metadata": {
        "version": 1.0
      }
    },
    "cma_basics-1.0-0.5": {
      "task": "cma_basics-1.0-0.5",
      "dataset_path": "jlm_fin_eval/datasets/cma_basics/cma_basics.py",
      "dataset_name": "cma_basics",
      "test_split": "test",
      "doc_to_text": "def doc_to_text_05(doc):\n    return doc_to_text_04(doc, SEP=\"\\n\")\n",
      "doc_to_target": "def doc_to_target_01(doc):\n    return [\n        choice_text\n        for choice_id, choice_text in zip(doc[\"choices\"][\"id\"], doc[\"choices\"][\"text\"])\n        if choice_id == doc[\"answer\"]\n    ][0]\n",
      "doc_to_choice": "def doc_to_choices_01(doc):\n    choices = doc[\"choices\"][\"text\"]\n    return choices\n",
      "description": "ユーザー: 与えられた選択肢の中から、最適な答えを選んでください。\nシステム: 分かりました。\n\n",
      "target_delimiter": "",
      "fewshot_delimiter": "\n",
      "num_fewshot": 0,
      "metric_list": [
        {
          "metric": "acc",
          "aggregation": "mean",
          "higher_is_better": true
        },
        {
          "metric": "acc_norm",
          "aggregation": "mean",
          "higher_is_better": true
        },
        {
          "metric": "map",
          "aggregation": "mean",
          "higher_is_better": true
        },
        {
          "metric": "map_2",
          "aggregation": "mean",
          "higher_is_better": true
        },
        {
          "metric": "map_3",
          "aggregation": "mean",
          "higher_is_better": true
        },
        {
          "metric": "map_4",
          "aggregation": "mean",
          "higher_is_better": true
        },
        {
          "metric": "map_norm",
          "aggregation": "mean",
          "higher_is_better": true
        },
        {
          "metric": "map_2_norm",
          "aggregation": "mean",
          "higher_is_better": true
        },
        {
          "metric": "map_3_norm",
          "aggregation": "mean",
          "higher_is_better": true
        },
        {
          "metric": "map_4_norm",
          "aggregation": "mean",
          "higher_is_better": true
        }
      ],
      "output_type": "multiple_choice",
      "repeats": 1,