{
  "results": {
    "security_sales_1-1.0-0.1": {
      "acc,none": 0.45614035087719296,
      "acc_stderr,none": 0.06655775300696491,
      "acc_norm,none": 0.45614035087719296,
      "acc_norm_stderr,none": 0.06655775300696491,
      "map,none": 0.7134502923976609,
      "map_stderr,none": 0.0371987074796005,
      "map_2,none": 0.6754385964912281,
      "map_2_stderr,none": 0.04597050799129106,
      "map_3,none": 0.7046783625730995,
      "map_3_stderr,none": 0.039581831493218964,
      "map_4,none": 0.7134502923976609,
      "map_4_stderr,none": 0.0371987074796005,
      "map_norm,none": 0.7163742690058479,
      "map_norm_stderr,none": 0.036777693292337967,
      "map_2_norm,none": 0.6842105263157895,
      "map_2_norm_stderr,none": 0.04448180288044822,
      "map_3_norm,none": 0.7076023391812865,
      "map_3_norm_stderr,none": 0.03919811606291763,
      "map_4_norm,none": 0.7163742690058479,
      "map_4_norm_stderr,none": 0.036777693292337967,
      "alias": "security_sales_1-1.0-0.1"
    },
    "fp2-1.0-0.1": {
      "acc,none": 0.2505263157894737,
      "acc_stderr,none": 0.019902869674481148,
      "acc_norm,none": 0.2505263157894737,
      "acc_norm_stderr,none": 0.019902869674481148,
      "map,none": 0.5214035087719305,
      "map_stderr,none": 0.013419599878216898,
      "map_2,none": 0.3736842105263158,
      "map_2_stderr,none": 0.019133001375788355,
      "map_3,none": 0.45929824561403565,
      "map_3_stderr,none": 0.016607978612843893,
      "map_4,none": 0.5214035087719305,
      "map_4_stderr,none": 0.013419599878216898,
      "map_norm,none": 0.5214035087719305,
      "map_norm_stderr,none": 0.013419599878216898,
      "map_2_norm,none": 0.3736842105263158,
      "map_2_norm_stderr,none": 0.019133001375788355,
      "map_3_norm,none": 0.45929824561403565,
      "map_3_norm_stderr,none": 0.016607978612843893,
      "map_4_norm,none": 0.5214035087719305,
      "map_4_norm_stderr,none": 0.013419599878216898,
      "alias": "fp2-1.0-0.1"
    },
    "cpa_audit-1.0-0.1": {
      "acc,none": 0.14321608040201006,
      "acc_stderr,none": 0.017580705212218516,
      "acc_norm,none": 0.14321608040201006,
      "acc_norm_stderr,none": 0.017580705212218516,
      "map,none": 0.3845477386934672,
      "map_stderr,none": 0.013680144415144563,
      "map_2,none": 0.2135678391959799,
      "map_2_stderr,none": 0.018288255708978,
      "map_3,none": 0.2780569514237852,
      "map_3_stderr,none": 0.01757120542870926,
      "map_4,none": 0.31762981574539323,
      "map_4_stderr,none": 0.016561681272690917,
      "map_norm,none": 0.383793969849246,
      "map_norm_stderr,none": 0.013694517592656053,
      "map_2_norm,none": 0.2135678391959799,
      "map_2_norm_stderr,none": 0.018288255708978,
      "map_3_norm,none": 0.2755443886097149,
      "map_3_norm_stderr,none": 0.01761082929868962,
      "map_4_norm,none": 0.31637353433835813,
      "map_4_norm_stderr,none": 0.01658243150975734,
      "alias": "cpa_audit-1.0-0.1"
    },
    "cma_basics-1.0-0.1": {
      "acc,none": 0.2631578947368421,
      "acc_stderr,none": 0.0723926637268818,
      "acc_norm,none": 0.2894736842105263,
      "acc_norm_stderr,none": 0.07455791696866065,
      "map,none": 0.5504385964912281,
      "map_stderr,none": 0.04699138046533091,
      "map_2,none": 0.4473684210526316,
      "map_2_stderr,none": 0.06474996686623638,
      "map_3,none": 0.4912280701754385,
      "map_3_stderr,none": 0.05894982383289516,
      "map_4,none": 0.5504385964912281,
      "map_4_stderr,none": 0.04699138046533091,
      "map_norm,none": 0.5723684210526315,
      "map_norm_stderr,none": 0.047683315321566104,
      "map_2_norm,none": 0.4868421052631579,
      "map_2_norm_stderr,none": 0.06391350981827948,
      "map_3_norm,none": 0.5131578947368421,
      "map_3_norm_stderr,none": 0.0600897526072133,
      "map_4_norm,none": 0.5723684210526315,
      "map_4_norm_stderr,none": 0.047683315321566104,
      "alias": "cma_basics-1.0-0.1"
    },
    "chabsa-1.0-0.1": {
      "acc,none": 0.6384824550045319,
      "acc_stderr,none": 0.005467317243584752,
      "f1,none": 0.6197032996684214,
      "f1_stderr,none": "N/A",
      "acc_norm,none": 0.6384824550045319,
      "acc_norm_stderr,none": 0.005467317243584752,
      "f1_norm,none": 0.6197032996684214,
      "f1_norm_stderr,none": "N/A",
      "alias": "chabsa-1.0-0.1"
    }
  },
  "group_subtasks": {
    "chabsa-1.0-0.1": [],
    "cma_basics-1.0-0.1": [],
    "cpa_audit-1.0-0.1": [],
    "fp2-1.0-0.1": [],
    "security_sales_1-1.0-0.1": []
  },
  "configs": {
    "chabsa-1.0-0.1": {
      "task": "chabsa-1.0-0.1",
      "dataset_path": "jlm_fin_eval/datasets/chabsa/chabsa.py",
      "dataset_name": "chABSA",
      "test_split": "test",
      "doc_to_text": "[センテンス]: {{sentence}}\nターゲット]: {{target}}\n[答え]:",
      "doc_to_target": "{{polarity}}",
      "doc_to_choice": [
        "positive",
        "negative"
      ],
      "description": "[センテンス]における、[ターゲット]のセンチメントをpositiveかnegativeで選んでください。\n\n\n",
      "target_delimiter": " ",
      "fewshot_delimiter": "\n\n",
      "num_fewshot": 0,
      "metric_list": [
        {
          "metric": "acc",
          "aggregation": "mean",
          "higher_is_better": true
        },
        {
          "metric": "acc_norm",
          "aggregation": "mean",
          "higher_is_better": true
        },
        {
          "metric": "f1",
          "aggregation": "2class_adjusted_macro_f1_score_for_chabsa",
          "higher_is_better": true
        },
        {
          "metric": "f1_norm",
          "aggregation": "2class_adjusted_macro_f1_score_for_chabsa",
          "higher_is_better": true
        }
      ],
      "output_type": "multiple_choice",
      "repeats": 1,
      "should_decontaminate": false,
      "doc_to_decontamination_query": "sentence",
      "metadata": {
        "version": 1.0
      }
    },
    "cma_basics-1.0-0.1": {
      "task": "cma_basics-1.0-0.1",
      "dataset_path": "jlm_fin_eval/datasets/cma_basics/cma_basics.py",
      "dataset_name": "cma_basics",
      "test_split": "test",
      "doc_to_text": "def doc_to_text_01(doc):\n    q_doc_text = doc[\"question\"] + \"\\n\"\n    if doc[\"context\"] and doc[\"context\"] != \"\":\n        q_doc_text += doc[\"context\"] + \"\\n\"\n    return f\"[問題]:{q_doc_text}[選択肢]:[{', '.join(doc['choices']['text'])}]\\n[答え]:\"\n",
      "doc_to_target": "def doc_to_target_01(doc):\n    return [\n        choice_text\n        for choice_id, choice_text in zip(doc[\"choices\"][\"id\"], doc[\"choices\"][\"text\"])\n        if choice_id == doc[\"answer\"]\n    ][0]\n",
      "doc_to_choice": "def doc_to_choices_01(doc):\n    choices = doc[\"choices\"][\"text\"]\n    return choices\n",
      "description": "[問題]に対する[答え]を[選択肢]の中から選んでください。\n\n\n",
      "target_delimiter": "",
      "fewshot_delimiter": "\n\n",
      "num_fewshot": 0,
      "metric_list": [
        {
          "metric": "acc",
          "aggregation": "mean",
          "higher_is_better": true
        },
        {
          "metric": "acc_norm",
          "aggregation": "mean",
          "higher_is_better": true
        },
        {
          "metric": "map",
          "aggregation": "mean",
          "higher_is_better": true
        },
        {
          "metric": "map_2",
          "aggregation": "mean",
          "higher_is_better": true
        },
        {
          "metric": "map_3",
          "aggregation": "mean",
          "higher_is_better": true
        },
        {
          "metric": "map_4",
          "aggregation": "mean",
          "higher_is_better": true
        },
        {
          "metric": "map_norm",
          "aggregation": "mean",
          "higher_is_better": true
        },
        {
          "metric": "map_2_norm",
          "aggregation": "mean",
          "higher_is_better": true
        },
        {
          "metric": "map_3_norm",
          "aggregation": "mean",