{
  "results": {
    "chabsa-1.0-0.5": {
      "acc": 0.7135828046096077,
      "f1": 0.7226681189785884
    },
    "cma_basics": {
      "acc": 0.39473684210526316,
      "acc_stderr": 0.0803572542664568,
      "map": 0.6513157894736841,
      "map_stderr": 0.0506648603833283,
      "map_2": 0.5657894736842105,
      "map_2_stderr": 0.06843883126059969,
      "map_3": 0.6184210526315789,
      "map_3_stderr": 0.05893659303397801,
      "map_4": 0.6513157894736841,
      "map_4_stderr": 0.0506648603833283
    },
    "cpa_audit-1.0-0.2.1": {
      "acc": 0.19597989949748743,
      "acc_stderr": 0.01992250594300254,
      "map": 0.4303182579564485,
      "map_stderr": 0.01508299012057981,
      "map_2": 0.2751256281407035,
      "map_2_stderr": 0.020066555038961778,
      "map_3": 0.3337520938023448,
      "map_3_stderr": 0.0190256660082747,
      "map_4": 0.3726968174204353,
      "map_4_stderr": 0.01781009408897224
    },
    "fp2-1.0-0.2": {
      "acc": 0.28842105263157897,
      "acc_stderr": 0.020808264192721013,
      "map": 0.5457894736842113,
      "map_stderr": 0.013990031498680819,
      "map_2": 0.40421052631578946,
      "map_2_stderr": 0.019757757812318567,
      "map_3": 0.48631578947368476,
      "map_3_stderr": 0.017142147492654237,
      "map_4": 0.5457894736842113,
      "map_4_stderr": 0.013990031498680819
    },
    "security_sales_1": {
      "acc": 0.543859649122807,
      "acc_stderr": 0.0665577530069649,
      "map": 0.7383040935672515,
      "map_stderr": 0.03780327314355617,
      "map_2": 0.7017543859649122,
      "map_2_stderr": 0.046593966021499254,
      "map_3": 0.7251461988304094,
      "map_3_stderr": 0.041402930580427745,
      "map_4": 0.7383040935672515,
      "map_4_stderr": 0.03780327314355617
    }
  },
  "versions": {
    "chabsa-1.0-0.5": 1.0,
    "cma_basics": 1.0,
    "cpa_audit-1.0-0.2.1": 1.0,
    "fp2-1.0-0.2": 1.0,
    "security_sales_1": 1.0
  },
  "config": {
    "model": "hf-causal-experimental",
    "model_args": "pretrained=tokyotech-llm/Swallow-7b-hf",
    "num_fewshot": [
      0,
      0,
      3,
      4,
      4
    ],
    "batch_size": null,
    "device": null,
    "no_cache": true,
    "limit": null,
    "bootstrap_iters": 100000,
    "description_dict": {}
  }
}