{
  "results": {
    "security_sales_1-1.0-0.2": {
      "acc,none": 0.38596491228070173,
      "acc_stderr,none": 0.0650543726938216,
      "acc_norm,none": 0.38596491228070173,
      "acc_norm_stderr,none": 0.0650543726938216,
      "map,none": 0.6608187134502922,
      "map_stderr,none": 0.03718947181090229,
      "map_2,none": 0.6140350877192983,
      "map_2_stderr,none": 0.046858623053353976,
      "map_3,none": 0.6432748538011696,
      "map_3_stderr,none": 0.04139186668749951,
      "map_4,none": 0.6608187134502922,
      "map_4_stderr,none": 0.03718947181090229,
      "map_norm,none": 0.6608187134502922,
      "map_norm_stderr,none": 0.03718947181090229,
      "map_2_norm,none": 0.6140350877192983,
      "map_2_norm_stderr,none": 0.046858623053353976,
      "map_3_norm,none": 0.6432748538011696,
      "map_3_norm_stderr,none": 0.04139186668749951,
      "map_4_norm,none": 0.6608187134502922,
      "map_4_norm_stderr,none": 0.03718947181090229,
      "alias": "security_sales_1-1.0-0.2"
    },
    "fp2-1.0-0.2": {
      "acc,none": 0.24210526315789474,
      "acc_stderr,none": 0.01967512001202636,
      "acc_norm,none": 0.24210526315789474,
      "acc_norm_stderr,none": 0.01967512001202636,
      "map,none": 0.515964912280703,
      "map_stderr,none": 0.013240160329590293,
      "map_2,none": 0.36947368421052634,
      "map_2_stderr,none": 0.018897830471784813,
      "map_3,none": 0.45228070175438684,
      "map_3_stderr,none": 0.016486407883686906,
      "map_4,none": 0.515964912280703,
      "map_4_stderr,none": 0.013240160329590293,
      "map_norm,none": 0.515964912280703,
      "map_norm_stderr,none": 0.013240160329590293,
      "map_2_norm,none": 0.36947368421052634,
      "map_2_norm_stderr,none": 0.018897830471784813,
      "map_3_norm,none": 0.45228070175438684,
      "map_3_norm_stderr,none": 0.016486407883686906,
      "map_4_norm,none": 0.515964912280703,
      "map_4_norm_stderr,none": 0.013240160329590293,
      "alias": "fp2-1.0-0.2"
    },
    "cpa_audit-1.0-0.2": {
      "acc,none": 0.13819095477386933,
      "acc_stderr,none": 0.01732008740419801,
      "acc_norm,none": 0.13819095477386933,
      "acc_norm_stderr,none": 0.01732008740419801,
      "map,none": 0.391959798994975,
      "map_stderr,none": 0.013475080845926494,
      "map_2,none": 0.23241206030150754,
      "map_2_stderr,none": 0.01818503701382538,
      "map_3,none": 0.28685092127303163,
      "map_3_stderr,none": 0.017469970167834054,
      "map_4,none": 0.33082077051926273,
      "map_4_stderr,none": 0.016262788003114523,
      "map_norm,none": 0.391959798994975,
      "map_norm_stderr,none": 0.013475080845926494,
      "map_2_norm,none": 0.23241206030150754,
      "map_2_norm_stderr,none": 0.01818503701382538,
      "map_3_norm,none": 0.28685092127303163,
      "map_3_norm_stderr,none": 0.017469970167834054,
      "map_4_norm,none": 0.33082077051926273,
      "map_4_norm_stderr,none": 0.016262788003114523,
      "alias": "cpa_audit-1.0-0.2"
    },
    "cma_basics-1.0-0.2": {
      "acc,none": 0.2631578947368421,
      "acc_stderr,none": 0.0723926637268818,
      "acc_norm,none": 0.2631578947368421,
      "acc_norm_stderr,none": 0.0723926637268818,
      "map,none": 0.5307017543859649,
      "map_stderr,none": 0.048530346482482126,
      "map_2,none": 0.39473684210526316,
      "map_2_stderr,none": 0.06840463748816267,
      "map_3,none": 0.46491228070175444,
      "map_3_stderr,none": 0.060670967396642045,
      "map_4,none": 0.5307017543859649,
      "map_4_stderr,none": 0.048530346482482126,
      "map_norm,none": 0.5307017543859649,
      "map_norm_stderr,none": 0.048530346482482126,
      "map_2_norm,none": 0.39473684210526316,
      "map_2_norm_stderr,none": 0.06840463748816267,
      "map_3_norm,none": 0.46491228070175444,
      "map_3_norm_stderr,none": 0.060670967396642045,
      "map_4_norm,none": 0.5307017543859649,
      "map_4_norm_stderr,none": 0.048530346482482126,
      "alias": "cma_basics-1.0-0.2"
    },
    "chabsa-1.0-0.2": {
      "acc,none": 0.5668781561569338,
      "acc_stderr,none": 0.00563877812380272,
      "f1,none": 0.37550688305543434,
      "f1_stderr,none": "N/A",
      "acc_norm,none": 0.5668781561569338,
      "acc_norm_stderr,none": 0.00563877812380272,
      "f1_norm,none": 0.37550688305543434,
      "f1_norm_stderr,none": "N/A",
      "alias": "chabsa-1.0-0.2"
    }
  },
  "group_subtasks": {
    "chabsa-1.0-0.2": [],
    "cma_basics-1.0-0.2": [],
    "cpa_audit-1.0-0.2": [],
    "fp2-1.0-0.2": [],
    "security_sales_1-1.0-0.2": []
  },
  "configs": {
    "chabsa-1.0-0.2": {
      "task": "chabsa-1.0-0.2",
      "dataset_path": "jlm_fin_eval/datasets/chabsa/chabsa.py",
      "dataset_name": "chABSA",
      "test_split": "test",
      "doc_to_text": "センテンス: {{sentence}}\nターゲット: {{target}}\n回答:",
      "doc_to_target": "{{polarity}}",
      "doc_to_choice": [
        "positive",
        "negative"
      ],
      "description": "センテンスとターゲットを入力として受け取り、ターゲットに関するセンチメントをpositiveかnegativeから選択してください。\n\n\n",
      "target_delimiter": " ",
      "fewshot_delimiter": "\n\n",
      "num_fewshot": 0,
      "metric_list": [
        {
          "metric": "acc",
          "aggregation": "mean",
          "higher_is_better": true
        },
        {
          "metric": "acc_norm",
          "aggregation": "mean",
          "higher_is_better": true
        },
        {
          "metric": "f1",
          "aggregation": "2class_adjusted_macro_f1_score_for_chabsa",
          "higher_is_better": true
        },
        {
          "metric": "f1_norm",
          "aggregation": "2class_adjusted_macro_f1_score_for_chabsa",
          "higher_is_better": true
        }
      ],
      "output_type": "multiple_choice",
      "repeats": 1,
      "should_decontaminate": false,
      "doc_to_decontamination_query": "sentence",
      "metadata": {
        "version": 1.0
      }
    },
    "cma_basics-1.0-0.2": {
      "task": "cma_basics-1.0-0.2",
      "dataset_path": "jlm_fin_eval/datasets/cma_basics/cma_basics.py",
      "dataset_name": "cma_basics",
      "test_split": "test",
      "doc_to_text": "def doc_to_text_02(doc):\n    q_doc_text = doc[\"question\"] + \"\\n\"\n    if doc[\"context\"] and doc[\"context\"] != \"\":\n        q_doc_text += doc[\"context\"] + \"\\n\"\n    choices = \",\".join(\n        [\n            f\"{idx}.{choice}\"\n            for idx, choice in zip(doc[\"choices\"][\"id\"], doc[\"choices\"][\"text\"])\n        ]\n    )\n    return f\"質問:{q_doc_text}\" f\"選択肢:{choices}\\n\" \"回答:\"\n",
      "doc_to_target": "def doc_to_target_02(doc):\n    return [\n        str(choice_id)\n        for choice_id in doc[\"choices\"][\"id\"]\n        if choice_id == doc[\"answer\"]\n    ][0]\n",
      "doc_to_choice": "def doc_to_choices_02(doc):\n    return [str(choice) for choice in doc[\"choices\"][\"id\"]]\n",
      "description": "質問と回答の選択肢を入力として受け取り、選択肢から回答を選択してください。なお、回答は選択肢の番号(例:0)でするものとします。\n\n\n",
      "target_delimiter": "",
      "fewshot_delimiter": "\n\n",
      "num_fewshot": 0,
      "metric_list": [
        {
          "metric": "acc",
          "aggregation": "mean",
          "higher_is_better": true
        },
        {
          "metric": "acc_norm",
          "aggregation": "mean",
          "higher_is_better": true
        },
        {
          "metric": "map",
          "aggregation": "mean",
          "higher_is_better": true
        },
        {
          "metric": "map_2",
          "aggregation": "mean",
          "higher_is_better": true
        },
        {
          "metric": "map_3",
          "aggregation": "mean",
          "higher_is_better": true
        },
        {
          "metric": "map_4",
          "aggregation": "mean",
          "higher_is_better": true
        },
        {
          "metric": "map_norm",
          "aggregation": "mean",
          "higher_is_better": true
        },
        {
          "metric": "map_2_norm",
          "aggregation": "mean",