{
  "results": {
    "security_sales_1-1.0-0.4": {
      "acc,none": 0.42105263157894735,
      "acc_stderr,none": 0.06597717584505354,
      "acc_norm,none": 0.40350877192982454,
      "acc_norm_stderr,none": 0.06555933012294897,
      "map,none": 0.6812865497076023,
      "map_stderr,none": 0.03749610156901124,
      "map_2,none": 0.6403508771929824,
      "map_2_stderr,none": 0.046416689667799826,
      "map_3,none": 0.6637426900584794,
      "map_3_stderr,none": 0.04182118967680477,
      "map_4,none": 0.6812865497076023,
      "map_4_stderr,none": 0.03749610156901124,
      "map_norm,none": 0.6666666666666666,
      "map_norm_stderr,none": 0.03806487668563674,
      "map_2_norm,none": 0.6228070175438597,
      "map_2_norm_stderr,none": 0.047296427235001534,
      "map_3_norm,none": 0.6403508771929824,
      "map_3_norm_stderr,none": 0.04410956367618556,
      "map_4_norm,none": 0.6666666666666666,
      "map_4_norm_stderr,none": 0.03806487668563674,
      "alias": "security_sales_1-1.0-0.4"
    },
    "fp2-1.0-0.4": {
      "acc,none": 0.25684210526315787,
      "acc_stderr,none": 0.020067094117036353,
      "acc_norm,none": 0.25684210526315787,
      "acc_norm_stderr,none": 0.020067094117036353,
      "map,none": 0.5189473684210536,
      "map_stderr,none": 0.013335188692399011,
      "map_2,none": 0.3684210526315789,
      "map_2_stderr,none": 0.019087129812846264,
      "map_3,none": 0.4589473684210535,
      "map_3_stderr,none": 0.016430636985390955,
      "map_4,none": 0.5189473684210536,
      "map_4_stderr,none": 0.013335188692399011,
      "map_norm,none": 0.5189473684210536,
      "map_norm_stderr,none": 0.013335188692399011,
      "map_2_norm,none": 0.3684210526315789,
      "map_2_norm_stderr,none": 0.019087129812846264,
      "map_3_norm,none": 0.4589473684210535,
      "map_3_norm_stderr,none": 0.016430636985390955,
      "map_4_norm,none": 0.5189473684210536,
      "map_4_norm_stderr,none": 0.013335188692399011,
      "alias": "fp2-1.0-0.4"
    },
    "cpa_audit-1.0-0.4": {
      "acc,none": 0.12060301507537688,
      "acc_stderr,none": 0.01634467597786587,
      "acc_norm,none": 0.12060301507537688,
      "acc_norm_stderr,none": 0.01634467597786587,
      "map,none": 0.3738274706867671,
      "map_stderr,none": 0.012834550607775854,
      "map_2,none": 0.19974874371859297,
      "map_2_stderr,none": 0.01740583291878177,
      "map_3,none": 0.2659128978224453,
      "map_3_stderr,none": 0.016760344240231508,
      "map_4,none": 0.3117671691792292,
      "map_4_stderr,none": 0.015590428302061901,
      "map_norm,none": 0.3738274706867671,
      "map_norm_stderr,none": 0.012834550607775854,
      "map_2_norm,none": 0.19974874371859297,
      "map_2_norm_stderr,none": 0.01740583291878177,
      "map_3_norm,none": 0.2659128978224453,
      "map_3_norm_stderr,none": 0.016760344240231508,
      "map_4_norm,none": 0.3117671691792292,
      "map_4_norm_stderr,none": 0.015590428302061901,
      "alias": "cpa_audit-1.0-0.4"
    },
    "cma_basics-1.0-0.4": {
      "acc,none": 0.23684210526315788,
      "acc_stderr,none": 0.0698933400604233,
      "acc_norm,none": 0.10526315789473684,
      "acc_norm_stderr,none": 0.05045276771256955,
      "map,none": 0.4956140350877193,
      "map_stderr,none": 0.04858388245737325,
      "map_2,none": 0.34210526315789475,
      "map_2_stderr,none": 0.0682676911296069,
      "map_3,none": 0.40350877192982465,
      "map_3_stderr,none": 0.06305771518553054,
      "map_4,none": 0.4956140350877193,
      "map_4_stderr,none": 0.04858388245737325,
      "map_norm,none": 0.4276315789473686,
      "map_norm_stderr,none": 0.03599648488685428,
      "map_2_norm,none": 0.25,
      "map_2_norm_stderr,none": 0.0557822937487768,
      "map_3_norm,none": 0.35526315789473695,
      "map_3_norm_stderr,none": 0.04835325721672582,
      "map_4_norm,none": 0.4276315789473686,
      "map_4_norm_stderr,none": 0.03599648488685428,
      "alias": "cma_basics-1.0-0.4"
    },
    "chabsa-1.0-0.4": {
      "acc,none": 0.5611808882558591,
      "acc_stderr,none": 0.00564714975004524,
      "f1,none": 0.3594592352989964,
      "f1_stderr,none": "N/A",
      "acc_norm,none": 0.5611808882558591,
      "acc_norm_stderr,none": 0.00564714975004524,
      "f1_norm,none": 0.3594592352989964,
      "f1_norm_stderr,none": "N/A",
      "alias": "chabsa-1.0-0.4"
    }
  },
  "group_subtasks": {
    "chabsa-1.0-0.4": [],
    "cma_basics-1.0-0.4": [],
    "cpa_audit-1.0-0.4": [],
    "fp2-1.0-0.4": [],
    "security_sales_1-1.0-0.4": []
  },
  "configs": {
    "chabsa-1.0-0.4": {
      "task": "chabsa-1.0-0.4",
      "dataset_path": "jlm_fin_eval/datasets/chabsa/chabsa.py",
      "dataset_name": "chABSA",
      "test_split": "test",
      "doc_to_text": "センテンス: {{sentence}}<NL>ターゲット: {{target}}<NL>システム:",
      "doc_to_target": "{{polarity}}",
      "doc_to_choice": [
        "positive",
        "negative"
      ],
      "description": "ユーザー: センテンスにおける、ターゲットのセンチメントをpositiveかnegativeで答えてください。<NL>システム: 分かりました。<NL>",
      "target_delimiter": " ",
      "fewshot_delimiter": "<NL>",
      "num_fewshot": 0,
      "metric_list": [
        {
          "metric": "acc",
          "aggregation": "mean",
          "higher_is_better": true
        },
        {
          "metric": "acc_norm",
          "aggregation": "mean",
          "higher_is_better": true
        },
        {
          "metric": "f1",
          "aggregation": "2class_adjusted_macro_f1_score_for_chabsa",
          "higher_is_better": true
        },
        {
          "metric": "f1_norm",
          "aggregation": "2class_adjusted_macro_f1_score_for_chabsa",
          "higher_is_better": true
        }
      ],
      "output_type": "multiple_choice",
      "repeats": 1,
      "should_decontaminate": false,
      "doc_to_decontamination_query": "sentence",
      "metadata": {
        "version": 1.0
      }
    },
    "cma_basics-1.0-0.4": {
      "task": "cma_basics-1.0-0.4",
      "dataset_path": "jlm_fin_eval/datasets/cma_basics/cma_basics.py",
      "dataset_name": "cma_basics",
      "test_split": "test",
      "doc_to_text": "def doc_to_text_04(doc, SEP=\"<NL>\"):\n    q_doc_text = doc[\"question\"]\n    if doc[\"context\"] and doc[\"context\"] != \"\":\n        q_doc_text += \"\\n\" + doc[\"context\"]\n    choices = SEP.join([f\"- {choice}\" for choice in doc[\"choices\"][\"text\"]])\n    input_text = f\"質問：{q_doc_text}{SEP}\" + f\"選択肢：{SEP}{choices}\"\n    return f\"ユーザー: {input_text}{SEP}システム: \"\n",
      "doc_to_target": "def doc_to_target_01(doc):\n    return [\n        choice_text\n        for choice_id, choice_text in zip(doc[\"choices\"][\"id\"], doc[\"choices\"][\"text\"])\n        if choice_id == doc[\"answer\"]\n    ][0]\n",
      "doc_to_choice": "def doc_to_choices_01(doc):\n    choices = doc[\"choices\"][\"text\"]\n    return choices\n",
      "description": "ユーザー: 与えられた選択肢の中から、最適な答えを選んでください。<NL>システム: 分かりました。<NL>",
      "target_delimiter": "",
      "fewshot_delimiter": "<NL>",
      "num_fewshot": 0,
      "metric_list": [
        {
          "metric": "acc",
          "aggregation": "mean",
          "higher_is_better": true
        },
        {
          "metric": "acc_norm",
          "aggregation": "mean",
          "higher_is_better": true
        },
        {
          "metric": "map",
          "aggregation": "mean",
          "higher_is_better": true
        },
        {
          "metric": "map_2",
          "aggregation": "mean",
          "higher_is_better": true
        },
        {
          "metric": "map_3",
          "aggregation": "mean",
          "higher_is_better": true
        },
        {
          "metric": "map_4",
          "aggregation": "mean",
          "higher_is_better": true
        },
        {
          "metric": "map_norm",
          "aggregation": "mean",
          "higher_is_better": true
        },
        {
          "metric": "map_2_norm",
          "aggregation": "mean",