{
  "results": {
    "security_sales_1-1.0-0.2.1": {
      "acc,none": 0.45614035087719296,
      "acc_stderr,none": 0.06655775300696491,
      "acc_norm,none": 0.42105263157894735,
      "acc_norm_stderr,none": 0.06597717584505354,
      "map,none": 0.716374269005848,
      "map_stderr,none": 0.036777693292337946,
      "map_2,none": 0.6842105263157895,
      "map_2_stderr,none": 0.04448180288044822,
      "map_3,none": 0.7076023391812866,
      "map_3_stderr,none": 0.03919811606291763,
      "map_4,none": 0.716374269005848,
      "map_4_stderr,none": 0.036777693292337946,
      "map_norm,none": 0.6871345029239766,
      "map_norm_stderr,none": 0.03813800427118592,
      "map_2_norm,none": 0.6403508771929824,
      "map_2_norm_stderr,none": 0.048074428584506966,
      "map_3_norm,none": 0.6695906432748537,
      "map_3_norm_stderr,none": 0.042440850297639214,
      "map_4_norm,none": 0.6871345029239766,
      "map_4_norm_stderr,none": 0.03813800427118592,
      "alias": "security_sales_1-1.0-0.2.1"
    },
    "fp2-1.0-0.2.1": {
      "acc,none": 0.24842105263157896,
      "acc_stderr,none": 0.01984688399487186,
      "acc_norm,none": 0.24842105263157896,
      "acc_norm_stderr,none": 0.01984688399487186,
      "map,none": 0.516140350877194,
      "map_stderr,none": 0.013156749771290936,
      "map_2,none": 0.3684210526315789,
      "map_2_stderr,none": 0.018852998636330942,
      "map_3,none": 0.4561403508771939,
      "map_3_stderr,none": 0.016264316815510573,
      "map_4,none": 0.516140350877194,
      "map_4_stderr,none": 0.013156749771290936,
      "map_norm,none": 0.516140350877194,
      "map_norm_stderr,none": 0.013156749771290936,
      "map_2_norm,none": 0.3684210526315789,
      "map_2_norm_stderr,none": 0.018852998636330942,
      "map_3_norm,none": 0.4561403508771939,
      "map_3_norm_stderr,none": 0.016264316815510573,
      "map_4_norm,none": 0.516140350877194,
      "map_4_norm_stderr,none": 0.013156749771290936,
      "alias": "fp2-1.0-0.2.1"
    },
    "cpa_audit-1.0-0.2.1": {
      "acc,none": 0.16834170854271358,
      "acc_stderr,none": 0.018779026412908417,
      "acc_norm,none": 0.16331658291457288,
      "acc_norm_stderr,none": 0.018552415816923462,
      "map,none": 0.40724455611390226,
      "map_stderr,none": 0.014473487856685625,
      "map_2,none": 0.25251256281407036,
      "map_2_stderr,none": 0.01922061637807968,
      "map_3,none": 0.30108877721943017,
      "map_3_stderr,none": 0.01850622846880014,
      "map_4,none": 0.34443048576214386,
      "map_4_stderr,none": 0.01730030173730959,
      "map_norm,none": 0.402135678391959,
      "map_norm_stderr,none": 0.014359509693486682,
      "map_2_norm,none": 0.24748743718592964,
      "map_2_norm_stderr,none": 0.019055267522819688,
      "map_3_norm,none": 0.2918760469011723,
      "map_3_norm_stderr,none": 0.018440904766293967,
      "map_4_norm,none": 0.33898659966499134,
      "map_4_norm_stderr,none": 0.01717181927305801,
      "alias": "cpa_audit-1.0-0.2.1"
    },
    "cma_basics-1.0-0.2.1": {
      "acc,none": 0.21052631578947367,
      "acc_stderr,none": 0.06702258315442246,
      "acc_norm,none": 0.18421052631578946,
      "acc_norm_stderr,none": 0.06373021861834362,
      "map,none": 0.5021929824561404,
      "map_stderr,none": 0.04494421252906304,
      "map_2,none": 0.35526315789473684,
      "map_2_stderr,none": 0.0650743494707991,
      "map_3,none": 0.4429824561403509,
      "map_3_stderr,none": 0.055968390324925454,
      "map_4,none": 0.5021929824561404,
      "map_4_stderr,none": 0.04494421252906304,
      "map_norm,none": 0.4912280701754386,
      "map_norm_stderr,none": 0.042955352831190764,
      "map_2_norm,none": 0.35526315789473684,
      "map_2_norm_stderr,none": 0.06228203739744135,
      "map_3_norm,none": 0.42543859649122817,
      "map_3_norm_stderr,none": 0.05505050643808933,
      "map_4_norm,none": 0.4912280701754386,
      "map_4_norm_stderr,none": 0.042955352831190764,
      "alias": "cma_basics-1.0-0.2.1"
    },
    "chabsa-1.0-0.2": {
      "acc,none": 0.5668781561569338,
      "acc_stderr,none": 0.00563877812380272,
      "f1,none": 0.37550688305543434,
      "f1_stderr,none": "N/A",
      "acc_norm,none": 0.5668781561569338,
      "acc_norm_stderr,none": 0.00563877812380272,
      "f1_norm,none": 0.37550688305543434,
      "f1_norm_stderr,none": "N/A",
      "alias": "chabsa-1.0-0.2"
    }
  },
  "group_subtasks": {
    "chabsa-1.0-0.2": [],
    "cma_basics-1.0-0.2.1": [],
    "cpa_audit-1.0-0.2.1": [],
    "fp2-1.0-0.2.1": [],
    "security_sales_1-1.0-0.2.1": []
  },
  "configs": {
    "chabsa-1.0-0.2": {
      "task": "chabsa-1.0-0.2",
      "dataset_path": "jlm_fin_eval/datasets/chabsa/chabsa.py",
      "dataset_name": "chABSA",
      "test_split": "test",
      "doc_to_text": "センテンス: {{sentence}}\nターゲット: {{target}}\n回答:",
      "doc_to_target": "{{polarity}}",
      "doc_to_choice": [
        "positive",
        "negative"
      ],
      "description": "センテンスとターゲットを入力として受け取り、ターゲットに関するセンチメントをpositiveかnegativeから選択してください。\n\n\n",
      "target_delimiter": " ",
      "fewshot_delimiter": "\n\n",
      "num_fewshot": 0,
      "metric_list": [
        {
          "metric": "acc",
          "aggregation": "mean",
          "higher_is_better": true
        },
        {
          "metric": "acc_norm",
          "aggregation": "mean",
          "higher_is_better": true
        },
        {
          "metric": "f1",
          "aggregation": "2class_adjusted_macro_f1_score_for_chabsa",
          "higher_is_better": true
        },
        {
          "metric": "f1_norm",
          "aggregation": "2class_adjusted_macro_f1_score_for_chabsa",
          "higher_is_better": true
        }
      ],
      "output_type": "multiple_choice",
      "repeats": 1,
      "should_decontaminate": false,
      "doc_to_decontamination_query": "sentence",
      "metadata": {
        "version": 1.0
      }
    },
    "cma_basics-1.0-0.2.1": {
      "task": "cma_basics-1.0-0.2.1",
      "dataset_path": "jlm_fin_eval/datasets/cma_basics/cma_basics.py",
      "dataset_name": "cma_basics",
      "test_split": "test",
      "doc_to_text": "def doc_to_text_02_1(doc):\n    q_doc_text = doc[\"question\"] + \"\\n\"\n    if doc[\"context\"] and doc[\"context\"] != \"\":\n        q_doc_text += doc[\"context\"] + \"\\n\"\n    choices = \"\\n\".join([f\"- {choice}\" for choice in doc[\"choices\"][\"text\"]])\n    return f\"質問:{q_doc_text}選択肢:\\n{choices}\\n回答:\"\n",
      "doc_to_target": "def doc_to_target_01(doc):\n    return [\n        choice_text\n        for choice_id, choice_text in zip(doc[\"choices\"][\"id\"], doc[\"choices\"][\"text\"])\n        if choice_id == doc[\"answer\"]\n    ][0]\n",
      "doc_to_choice": "def doc_to_choices_01(doc):\n    choices = doc[\"choices\"][\"text\"]\n    return choices\n",
      "description": "与えられた選択肢の中から、最適な答えを選んでください。\n\n\n",
      "target_delimiter": "",
      "fewshot_delimiter": "\n\n",
      "num_fewshot": 0,
      "metric_list": [
        {
          "metric": "acc",
          "aggregation": "mean",
          "higher_is_better": true
        },
        {
          "metric": "acc_norm",
          "aggregation": "mean",
          "higher_is_better": true
        },
        {
          "metric": "map",
          "aggregation": "mean",
          "higher_is_better": true
        },
        {
          "metric": "map_2",
          "aggregation": "mean",
          "higher_is_better": true
        },
        {
          "metric": "map_3",
          "aggregation": "mean",
          "higher_is_better": true
        },
        {
          "metric": "map_4",
          "aggregation": "mean",
          "higher_is_better": true
        },
        {
          "metric": "map_norm",
          "aggregation": "mean",
          "higher_is_better": true
        },
        {
          "metric": "map_2_norm",
          "aggregation": "mean",
          "higher_is_better": true
        },
        {
          "metric": "map_3_norm",