{
  "results": {
    "chabsa-1.0-0.5": {
      "acc": 0.7146186715007121,
      "f1": 0.4825488937828868
    },
    "cma_basics": {
      "acc": 0.3684210526315789,
      "acc_stderr": 0.07930218984219833,
      "map": 0.6557017543859649,
      "map_stderr": 0.05010766153497393,
      "map_2": 0.5789473684210527,
      "map_2_stderr": 0.06674273816118408,
      "map_3": 0.6228070175438596,
      "map_3_stderr": 0.058524954700343405,
      "map_4": 0.6557017543859649,
      "map_4_stderr": 0.05010766153497393
    },
    "cpa_audit-1.0-0.2.1": {
      "acc": 0.1934673366834171,
      "acc_stderr": 0.019825290206918044,
      "map": 0.42931323283082035,
      "map_stderr": 0.015015812924361145,
      "map_2": 0.2751256281407035,
      "map_2_stderr": 0.01998755098400359,
      "map_3": 0.33123953098827447,
      "map_3_stderr": 0.018997646003271557,
      "map_4": 0.37269681742043526,
      "map_4_stderr": 0.017706146066613367
    },
    "fp2-1.0-0.2": {
      "acc": 0.2968421052631579,
      "acc_stderr": 0.020984566852914024,
      "map": 0.5554385964912288,
      "map_stderr": 0.01410222947523616,
      "map_2": 0.4189473684210526,
      "map_2_stderr": 0.019840522700669955,
      "map_3": 0.49754385964912334,
      "map_3_stderr": 0.01723223118916302,
      "map_4": 0.5554385964912288,
      "map_4_stderr": 0.01410222947523616
    },
    "security_sales_1": {
      "acc": 0.543859649122807,
      "acc_stderr": 0.06655775300696491,
      "map": 0.7368421052631579,
      "map_stderr": 0.038109971923207815,
      "map_2": 0.7017543859649122,
      "map_2_stderr": 0.046593966021499254,
      "map_3": 0.7192982456140351,
      "map_3_stderr": 0.042781228108049046,
      "map_4": 0.7368421052631579,
      "map_4_stderr": 0.038109971923207815
    }
  },
  "versions": {
    "chabsa-1.0-0.5": 1.0,
    "cma_basics": 1.0,
    "cpa_audit-1.0-0.2.1": 1.0,
    "fp2-1.0-0.2": 1.0,
    "security_sales_1": 1.0
  },
  "config": {
    "model": "hf-causal-experimental",
    "model_args": "pretrained=tokyotech-llm/Swallow-7b-hf",
    "num_fewshot": [
      0,
      0,
      3,
      4,
      4
    ],
    "batch_size": null,
    "device": null,
    "no_cache": true,
    "limit": null,
    "bootstrap_iters": 100000,
    "description_dict": {}
  }
}