{
  "results": {
    "security_sales_1-1.0-0.2.1": {
      "acc,none": 0.49122807017543857,
      "acc_stderr,none": 0.06680502724442025,
      "acc_norm,none": 0.43859649122807015,
      "acc_norm_stderr,none": 0.0663095566682855,
      "map,none": 0.7134502923976609,
      "map_stderr,none": 0.03874564544771974,
      "map_2,none": 0.6666666666666666,
      "map_2_stderr,none": 0.049008549541418936,
      "map_3,none": 0.6959064327485381,
      "map_3_stderr,none": 0.0431790694116238,
      "map_4,none": 0.7134502923976609,
      "map_4_stderr,none": 0.03874564544771974,
      "map_norm,none": 0.6783625730994153,
      "map_norm_stderr,none": 0.039381719350998115,
      "map_2_norm,none": 0.6228070175438597,
      "map_2_norm_stderr,none": 0.05049985383360871,
      "map_3_norm,none": 0.6520467836257311,
      "map_3_norm_stderr,none": 0.04537213883999056,
      "map_4_norm,none": 0.6783625730994153,
      "map_4_norm_stderr,none": 0.039381719350998115,
      "alias": "security_sales_1-1.0-0.2.1"
    },
    "fp2-1.0-0.2.1": {
      "acc,none": 0.24,
      "acc_stderr,none": 0.019616577850947305,
      "acc_norm,none": 0.24,
      "acc_norm_stderr,none": 0.019616577850947305,
      "map,none": 0.5168421052631587,
      "map_stderr,none": 0.013152549065855123,
      "map_2,none": 0.37157894736842106,
      "map_2_stderr,none": 0.01881054554066752,
      "map_3,none": 0.45578947368421124,
      "map_3_stderr,none": 0.0163115504105638,
      "map_4,none": 0.5168421052631587,
      "map_4_stderr,none": 0.013152549065855123,
      "map_norm,none": 0.5168421052631587,
      "map_norm_stderr,none": 0.013152549065855123,
      "map_2_norm,none": 0.37157894736842106,
      "map_2_norm_stderr,none": 0.01881054554066752,
      "map_3_norm,none": 0.45578947368421124,
      "map_3_norm_stderr,none": 0.0163115504105638,
      "map_4_norm,none": 0.5168421052631587,
      "map_4_norm_stderr,none": 0.013152549065855123,
      "alias": "fp2-1.0-0.2.1"
    },
    "cpa_audit-1.0-0.2.1": {
      "acc,none": 0.17587939698492464,
      "acc_stderr,none": 0.01910766490676655,
      "acc_norm,none": 0.17587939698492464,
      "acc_norm_stderr,none": 0.01910766490676655,
      "map,none": 0.41474036850921236,
      "map_stderr,none": 0.014676422653892015,
      "map_2,none": 0.2650753768844221,
      "map_2_stderr,none": 0.01945170545476355,
      "map_3,none": 0.30946398659966473,
      "map_3_stderr,none": 0.018745654822861203,
      "map_4,none": 0.35343383584589605,
      "map_4_stderr,none": 0.017483390906563073,
      "map_norm,none": 0.41310720268006657,
      "map_norm_stderr,none": 0.01471375797628399,
      "map_2_norm,none": 0.2638190954773869,
      "map_2_norm_stderr,none": 0.019454055613942013,
      "map_3_norm,none": 0.3073701842546061,
      "map_3_norm_stderr,none": 0.018771450913759636,
      "map_4_norm,none": 0.3507118927973198,
      "map_4_norm_stderr,none": 0.01754468000557833,
      "alias": "cpa_audit-1.0-0.2.1"
    },
    "cma_basics-1.0-0.2.1": {
      "acc,none": 0.21052631578947367,
      "acc_stderr,none": 0.06702258315442244,
      "acc_norm,none": 0.21052631578947367,
      "acc_norm_stderr,none": 0.06702258315442243,
      "map,none": 0.46929824561403516,
      "map_stderr,none": 0.046768188341286494,
      "map_2,none": 0.27631578947368424,
      "map_2_stderr,none": 0.06719689445830741,
      "map_3,none": 0.3903508771929825,
      "map_3_stderr,none": 0.059059965223784344,
      "map_4,none": 0.46929824561403516,
      "map_4_stderr,none": 0.046768188341286494,
      "map_norm,none": 0.5109649122807017,
      "map_norm_stderr,none": 0.04446739906376799,
      "map_2_norm,none": 0.3815789473684211,
      "map_2_norm_stderr,none": 0.06376691900642341,
      "map_3_norm,none": 0.4517543859649123,
      "map_3_norm_stderr,none": 0.05583818784471196,
      "map_4_norm,none": 0.5109649122807017,
      "map_4_norm_stderr,none": 0.04446739906376799,
      "alias": "cma_basics-1.0-0.2.1"
    },
    "chabsa-1.0-0.2": {
      "acc,none": 0.71008675385213,
      "acc_stderr,none": 0.005163270004821642,
      "f1,none": 0.6851719015883306,
      "f1_stderr,none": "N/A",
      "acc_norm,none": 0.71008675385213,
      "acc_norm_stderr,none": 0.005163270004821642,
      "f1_norm,none": 0.6851719015883306,
      "f1_norm_stderr,none": "N/A",
      "alias": "chabsa-1.0-0.2"
    }
  },
  "group_subtasks": {
    "chabsa-1.0-0.2": [],
    "cma_basics-1.0-0.2.1": [],
    "cpa_audit-1.0-0.2.1": [],
    "fp2-1.0-0.2.1": [],
    "security_sales_1-1.0-0.2.1": []
  },
  "configs": {
    "chabsa-1.0-0.2": {
      "task": "chabsa-1.0-0.2",
      "dataset_path": "jlm_fin_eval/datasets/chabsa/chabsa.py",
      "dataset_name": "chABSA",
      "test_split": "test",
      "doc_to_text": "センテンス: {{sentence}}\nターゲット: {{target}}\n回答:",
      "doc_to_target": "{{polarity}}",
      "doc_to_choice": [
        "positive",
        "negative"
      ],
      "description": "センテンスとターゲットを入力として受け取り、ターゲットに関するセンチメントをpositiveかnegativeから選択してください。\n\n\n",
      "target_delimiter": " ",
      "fewshot_delimiter": "\n\n",
      "num_fewshot": 0,
      "metric_list": [
        {
          "metric": "acc",
          "aggregation": "mean",
          "higher_is_better": true
        },
        {
          "metric": "acc_norm",
          "aggregation": "mean",
          "higher_is_better": true
        },
        {
          "metric": "f1",
          "aggregation": "2class_adjusted_macro_f1_score_for_chabsa",
          "higher_is_better": true
        },
        {
          "metric": "f1_norm",
          "aggregation": "2class_adjusted_macro_f1_score_for_chabsa",
          "higher_is_better": true
        }
      ],
      "output_type": "multiple_choice",
      "repeats": 1,
      "should_decontaminate": false,
      "doc_to_decontamination_query": "sentence",
      "metadata": {
        "version": 1.0
      }
    },
    "cma_basics-1.0-0.2.1": {
      "task": "cma_basics-1.0-0.2.1",
      "dataset_path": "jlm_fin_eval/datasets/cma_basics/cma_basics.py",
      "dataset_name": "cma_basics",
      "test_split": "test",
      "doc_to_text": "def doc_to_text_02_1(doc):\n    q_doc_text = doc[\"question\"] + \"\\n\"\n    if doc[\"context\"] and doc[\"context\"] != \"\":\n        q_doc_text += doc[\"context\"] + \"\\n\"\n    choices = \"\\n\".join([f\"- {choice}\" for choice in doc[\"choices\"][\"text\"]])\n    return f\"質問:{q_doc_text}選択肢:\\n{choices}\\n回答:\"\n",
      "doc_to_target": "def doc_to_target_01(doc):\n    return [\n        choice_text\n        for choice_id, choice_text in zip(doc[\"choices\"][\"id\"], doc[\"choices\"][\"text\"])\n        if choice_id == doc[\"answer\"]\n    ][0]\n",
      "doc_to_choice": "def doc_to_choices_01(doc):\n    choices = doc[\"choices\"][\"text\"]\n    return choices\n",
      "description": "与えられた選択肢の中から、最適な答えを選んでください。\n\n\n",
      "target_delimiter": "",
      "fewshot_delimiter": "\n\n",
      "num_fewshot": 0,
      "metric_list": [
        {
          "metric": "acc",
          "aggregation": "mean",
          "higher_is_better": true
        },
        {
          "metric": "acc_norm",
          "aggregation": "mean",
          "higher_is_better": true
        },
        {
          "metric": "map",
          "aggregation": "mean",
          "higher_is_better": true
        },
        {
          "metric": "map_2",
          "aggregation": "mean",
          "higher_is_better": true
        },
        {
          "metric": "map_3",
          "aggregation": "mean",
          "higher_is_better": true
        },
        {
          "metric": "map_4",
          "aggregation": "mean",
          "higher_is_better": true
        },
        {
          "metric": "map_norm",
          "aggregation": "mean",
          "higher_is_better": true
        },
        {
          "metric": "map_2_norm",
          "aggregation": "mean",
          "higher_is_better": true
        },
        {
          "metric": "map_3_norm",
          "aggregation": "mean",