{
  "results": {
    "cpa_audit-1.0-0.2": {
      "acc": 0.18592964824120603,
      "acc_stderr": 0.019525854083701603,
      "map": 0.42420435510887766,
      "map_stderr": 0.014869558071770877,
      "map_2": 0.2638190954773869,
      "map_2_stderr": 0.019856547126780272,
      "map_3": 0.32663316582914537,
      "map_3_stderr": 0.01880427169550462,
      "map_4": 0.3643216080402009,
      "map_4_stderr": 0.017656144218848695
    },
    "cma_basics-1.0-0.2.1": {
      "acc": 0.2894736842105263,
      "acc_stderr": 0.07455791696866065,
      "map": 0.524122807017544,
      "map_stderr": 0.051443895487902444,
      "map_2": 0.35526315789473684,
      "map_2_stderr": 0.07281158760157558,
      "map_3": 0.4517543859649124,
      "map_3_stderr": 0.06376691900642338,
      "map_4": 0.524122807017544,
      "map_4_stderr": 0.051443895487902444
    },
    "fp2-1.0-0.2.1": {
      "acc": 0.2694736842105263,
      "acc_stderr": 0.020379191097956495,
      "map": 0.5294736842105272,
      "map_stderr": 0.01361120105761232,
      "map_2": 0.38526315789473686,
      "map_2_stderr": 0.01931503519340822,
      "map_3": 0.4673684210526322,
      "map_3_stderr": 0.016826136111267227,
      "map_4": 0.5294736842105272,
      "map_4_stderr": 0.01361120105761232
    },
    "chabsa-1.0-0.2": {
      "acc": 0.7493202123527126,
      "f1": 0.5021070627965566
    },
    "security_sales_1-1.0-0.4": {
      "acc": 0.49122807017543857,
      "acc_stderr": 0.06680502724442024,
      "map": 0.7090643274853802,
      "map_stderr": 0.03941949930617767,
      "map_2": 0.6578947368421053,
      "map_2_stderr": 0.05030903049159358,
      "map_3": 0.6871345029239766,
      "map_3_stderr": 0.04475212826027476,
      "map_4": 0.7090643274853802,
      "map_4_stderr": 0.03941949930617767
    }
  },
  "versions": {
    "cpa_audit-1.0-0.2": 1.0,
    "cma_basics-1.0-0.2.1": 1.0,
    "fp2-1.0-0.2.1": 1.0,
    "chabsa-1.0-0.2": 1.0,
    "security_sales_1-1.0-0.4": 1.0
  },
  "config": {
    "model": "hf",
    "model_args": "pretrained=rinna/japanese-gpt-neox-3.6b-instruction-sft-v2,load_in_8bit=True",
    "num_fewshot": [
      0,
      0,
      0,
      0,
      0
    ],
    "batch_size": null,
    "device": "cuda",
    "no_cache": false,
    "limit": null,
    "bootstrap_iters": 100000,
    "description_dict": {}
  }
}