{
  "results": {
    "chabsa-1.0-0.2": {
      "acc": 0.749967629159653,
      "f1": 0.7535998683490033
    },
    "cma_basics": {
      "acc": 0.39473684210526316,
      "acc_stderr": 0.0803572542664568,
      "map": 0.6162280701754386,
      "map_stderr": 0.052642690861130444,
      "map_2": 0.5,
      "map_2_stderr": 0.07303616672629475,
      "map_3": 0.5701754385964911,
      "map_3_stderr": 0.06274362315814695,
      "map_4": 0.6162280701754386,
      "map_4_stderr": 0.052642690861130444
    },
    "cpa_audit-1.0-0.6": {
      "acc": 0.19095477386934673,
      "acc_stderr": 0.01972678932678125,
      "map": 0.42608877721943017,
      "map_stderr": 0.01508898148651788,
      "map_2": 0.28266331658291455,
      "map_2_stderr": 0.01988065745308599,
      "map_3": 0.3237018425460634,
      "map_3_stderr": 0.019157682624959708,
      "map_4": 0.36327470686767144,
      "map_4_stderr": 0.01798496834653878
    },
    "fp2-1.0-0.1.2": {
      "acc": 0.2736842105263158,
      "acc_stderr": 0.02047851418222544,
      "map": 0.5356140350877201,
      "map_stderr": 0.013741625321199396,
      "map_2": 0.3989473684210526,
      "map_2_stderr": 0.019332576009297768,
      "map_3": 0.4698245614035094,
      "map_3_stderr": 0.01713722242200953,
      "map_4": 0.5356140350877201,
      "map_4_stderr": 0.013741625321199396
    },
    "security_sales_1": {
      "acc": 0.43859649122807015,
      "acc_stderr": 0.0663095566682855,
      "map": 0.6959064327485381,
      "map_stderr": 0.03681503527393726,
      "map_2": 0.6578947368421053,
      "map_2_stderr": 0.04539904995673385,
      "map_3": 0.6871345029239767,
      "map_3_stderr": 0.039151349552652794,
      "map_4": 0.6959064327485381,
      "map_4_stderr": 0.03681503527393726
    }
  },
  "versions": {
    "chabsa-1.0-0.2": 1.0,
    "cma_basics": 1.0,
    "cpa_audit-1.0-0.6": 1.0,
    "fp2-1.0-0.1.2": 1.0,
    "security_sales_1": 1.0
  },
  "config": {
    "model": "hf-causal-experimental",
    "model_args": "pretrained=rinna/japanese-gpt-neox-3.6b-instruction-sft-v2",
    "num_fewshot": [
      0,
      2,
      2,
      4,
      2
    ],
    "batch_size": null,
    "device": null,
    "no_cache": true,
    "limit": null,
    "bootstrap_iters": 100000,
    "description_dict": {}
  }
}