{
  "results": {
    "security_sales_1-1.0-0.1": {
      "acc,none": 0.45614035087719296,
      "acc_stderr,none": 0.06655775300696491,
      "acc_norm,none": 0.43859649122807015,
      "acc_norm_stderr,none": 0.0663095566682855,
      "map,none": 0.706140350877193,
      "map_stderr,none": 0.037086698520367896,
      "map_2,none": 0.6842105263157895,
      "map_2_stderr,none": 0.04268476523872454,
      "map_3,none": 0.6842105263157895,
      "map_3_stderr,none": 0.04268476523872454,
      "map_4,none": 0.706140350877193,
      "map_4_stderr,none": 0.037086698520367896,
      "map_norm,none": 0.6812865497076024,
      "map_norm_stderr,none": 0.039031254602960516,
      "map_2_norm,none": 0.631578947368421,
      "map_2_norm_stderr,none": 0.04931599141890321,
      "map_3_norm,none": 0.6549707602339182,
      "map_3_norm_stderr,none": 0.045098759385061665,
      "map_4_norm,none": 0.6812865497076024,
      "map_4_norm_stderr,none": 0.039031254602960516,
      "alias": "security_sales_1-1.0-0.1"
    },
    "fp2-1.0-0.1": {
      "acc,none": 0.24,
      "acc_stderr,none": 0.019616577850947305,
      "acc_norm,none": 0.24,
      "acc_norm_stderr,none": 0.019616577850947305,
      "map,none": 0.5157894736842114,
      "map_stderr,none": 0.013183408530471787,
      "map_2,none": 0.3705263157894737,
      "map_2_stderr,none": 0.018824831388299986,
      "map_3,none": 0.452631578947369,
      "map_3_stderr,none": 0.016417305414139667,
      "map_4,none": 0.5157894736842114,
      "map_4_stderr,none": 0.013183408530471787,
      "map_norm,none": 0.5157894736842114,
      "map_norm_stderr,none": 0.013183408530471787,
      "map_2_norm,none": 0.3705263157894737,
      "map_2_norm_stderr,none": 0.018824831388299986,
      "map_3_norm,none": 0.452631578947369,
      "map_3_norm_stderr,none": 0.016417305414139667,
      "map_4_norm,none": 0.5157894736842114,
      "map_4_norm_stderr,none": 0.013183408530471787,
      "alias": "fp2-1.0-0.1"
    },
    "cpa_audit-1.0-0.1": {
      "acc,none": 0.16080402010050251,
      "acc_stderr,none": 0.01843677242307894,
      "acc_norm,none": 0.15829145728643215,
      "acc_norm_stderr,none": 0.01831953107292637,
      "map,none": 0.395938023450586,
      "map_stderr,none": 0.014281610734722736,
      "map_2,none": 0.23241206030150754,
      "map_2_stderr,none": 0.018951926085125366,
      "map_3,none": 0.2868509212730316,
      "map_3_stderr,none": 0.01826690419329087,
      "map_4,none": 0.3314489112227805,
      "map_4_stderr,none": 0.017096955989333813,
      "map_norm,none": 0.3938442211055274,
      "map_norm_stderr,none": 0.014199474973964578,
      "map_2_norm,none": 0.228643216080402,
      "map_2_norm_stderr,none": 0.018858455694820815,
      "map_3_norm,none": 0.28475711892797295,
      "map_3_norm_stderr,none": 0.01817112569523953,
      "map_4_norm,none": 0.32935510887772185,
      "map_4_norm_stderr,none": 0.017008419955841358,
      "alias": "cpa_audit-1.0-0.1"
    },
    "cma_basics-1.0-0.1": {
      "acc,none": 0.15789473684210525,
      "acc_stderr,none": 0.05994682078436837,
      "acc_norm,none": 0.23684210526315788,
      "acc_norm_stderr,none": 0.06989334006042332,
      "map,none": 0.47807017543859653,
      "map_stderr,none": 0.040333607948261095,
      "map_2,none": 0.32894736842105265,
      "map_2_stderr,none": 0.06045205413996871,
      "map_3,none": 0.42543859649122817,
      "map_3_stderr,none": 0.05056085333728953,
      "map_4,none": 0.47807017543859653,
      "map_4_stderr,none": 0.040333607948261095,
      "map_norm,none": 0.5219298245614035,
      "map_norm_stderr,none": 0.046265229886245846,
      "map_2_norm,none": 0.3815789473684211,
      "map_2_norm_stderr,none": 0.06649690771940579,
      "map_3_norm,none": 0.46929824561403505,
      "map_3_norm_stderr,none": 0.056523003942009035,
      "map_4_norm,none": 0.5219298245614035,
      "map_4_norm_stderr,none": 0.046265229886245846,
      "alias": "cma_basics-1.0-0.1"
    },
    "chabsa-1.0-0.1": {
      "acc,none": 0.6856143985497863,
      "acc_stderr,none": 0.005283313602513561,
      "f1,none": 0.6569038743896107,
      "f1_stderr,none": "N/A",
      "acc_norm,none": 0.6856143985497863,
      "acc_norm_stderr,none": 0.005283313602513561,
      "f1_norm,none": 0.6569038743896107,
      "f1_norm_stderr,none": "N/A",
      "alias": "chabsa-1.0-0.1"
    }
  },
  "group_subtasks": {
    "chabsa-1.0-0.1": [],
    "cma_basics-1.0-0.1": [],
    "cpa_audit-1.0-0.1": [],
    "fp2-1.0-0.1": [],
    "security_sales_1-1.0-0.1": []
  },
  "configs": {
    "chabsa-1.0-0.1": {
      "task": "chabsa-1.0-0.1",
      "dataset_path": "jlm_fin_eval/datasets/chabsa/chabsa.py",
      "dataset_name": "chABSA",
      "test_split": "test",
      "doc_to_text": "[センテンス]: {{sentence}}\nターゲット]: {{target}}\n[答え]:",
      "doc_to_target": "{{polarity}}",
      "doc_to_choice": [
        "positive",
        "negative"
      ],
      "description": "[センテンス]における、[ターゲット]のセンチメントをpositiveかnegativeで選んでください。\n\n\n",
      "target_delimiter": " ",
      "fewshot_delimiter": "\n\n",
      "num_fewshot": 0,
      "metric_list": [
        {
          "metric": "acc",
          "aggregation": "mean",
          "higher_is_better": true
        },
        {
          "metric": "acc_norm",
          "aggregation": "mean",
          "higher_is_better": true
        },
        {
          "metric": "f1",
          "aggregation": "2class_adjusted_macro_f1_score_for_chabsa",
          "higher_is_better": true
        },
        {
          "metric": "f1_norm",
          "aggregation": "2class_adjusted_macro_f1_score_for_chabsa",
          "higher_is_better": true
        }
      ],
      "output_type": "multiple_choice",
      "repeats": 1,
      "should_decontaminate": false,
      "doc_to_decontamination_query": "sentence",
      "metadata": {
        "version": 1.0
      }
    },
    "cma_basics-1.0-0.1": {
      "task": "cma_basics-1.0-0.1",
      "dataset_path": "jlm_fin_eval/datasets/cma_basics/cma_basics.py",
      "dataset_name": "cma_basics",
      "test_split": "test",
      "doc_to_text": "def doc_to_text_01(doc):\n    q_doc_text = doc[\"question\"] + \"\\n\"\n    if doc[\"context\"] and doc[\"context\"] != \"\":\n        q_doc_text += doc[\"context\"] + \"\\n\"\n    return f\"[問題]:{q_doc_text}[選択肢]:[{', '.join(doc['choices']['text'])}]\\n[答え]:\"\n",
      "doc_to_target": "def doc_to_target_01(doc):\n    return [\n        choice_text\n        for choice_id, choice_text in zip(doc[\"choices\"][\"id\"], doc[\"choices\"][\"text\"])\n        if choice_id == doc[\"answer\"]\n    ][0]\n",
      "doc_to_choice": "def doc_to_choices_01(doc):\n    choices = doc[\"choices\"][\"text\"]\n    return choices\n",
      "description": "[問題]に対する[答え]を[選択肢]の中から選んでください。\n\n\n",
      "target_delimiter": "",
      "fewshot_delimiter": "\n\n",
      "num_fewshot": 0,
      "metric_list": [
        {
          "metric": "acc",
          "aggregation": "mean",
          "higher_is_better": true
        },
        {
          "metric": "acc_norm",
          "aggregation": "mean",
          "higher_is_better": true
        },
        {
          "metric": "map",
          "aggregation": "mean",
          "higher_is_better": true
        },
        {
          "metric": "map_2",
          "aggregation": "mean",
          "higher_is_better": true
        },
        {
          "metric": "map_3",
          "aggregation": "mean",
          "higher_is_better": true
        },
        {
          "metric": "map_4",
          "aggregation": "mean",
          "higher_is_better": true
        },
        {
          "metric": "map_norm",
          "aggregation": "mean",
          "higher_is_better": true
        },
        {
          "metric": "map_2_norm",
          "aggregation": "mean",
          "higher_is_better": true
        },
        {
          "metric": "map_3_norm",
          "aggregation": "mean",
          "higher_is_better": true
        },
        {
          "metric": "map_4_norm",