{
  "results": {
    "security_sales_1-1.0-0.5": {
      "acc,none": 0.42105263157894735,
      "acc_stderr,none": 0.06597717584505354,
      "acc_norm,none": 0.42105263157894735,
      "acc_norm_stderr,none": 0.06597717584505354,
      "map,none": 0.6710526315789473,
      "map_stderr,none": 0.03882437283855331,
      "map_2,none": 0.6140350877192983,
      "map_2_stderr,none": 0.050090056522990346,
      "map_3,none": 0.6491228070175439,
      "map_3_stderr,none": 0.04389096626290781,
      "map_4,none": 0.6710526315789473,
      "map_4_stderr,none": 0.03882437283855331,
      "map_norm,none": 0.6695906432748537,
      "map_norm_stderr,none": 0.03907816483624941,
      "map_2_norm,none": 0.6140350877192983,
      "map_2_norm_stderr,none": 0.050090056522990346,
      "map_3_norm,none": 0.6432748538011696,
      "map_3_norm_stderr,none": 0.04501743924187362,
      "map_4_norm,none": 0.6695906432748537,
      "map_4_norm_stderr,none": 0.03907816483624941,
      "alias": "security_sales_1-1.0-0.5"
    },
    "fp2-1.0-0.5": {
      "acc,none": 0.24842105263157896,
      "acc_stderr,none": 0.01984688399487186,
      "acc_norm,none": 0.24842105263157896,
      "acc_norm_stderr,none": 0.01984688399487186,
      "map,none": 0.5217543859649132,
      "map_stderr,none": 0.013309936576812245,
      "map_2,none": 0.38,
      "map_2_stderr,none": 0.01892749469735873,
      "map_3,none": 0.4585964912280709,
      "map_3_stderr,none": 0.016567125635156884,
      "map_4,none": 0.5217543859649132,
      "map_4_stderr,none": 0.013309936576812245,
      "map_norm,none": 0.5217543859649132,
      "map_norm_stderr,none": 0.013309936576812245,
      "map_2_norm,none": 0.38,
      "map_2_norm_stderr,none": 0.01892749469735873,
      "map_3_norm,none": 0.4585964912280709,
      "map_3_norm_stderr,none": 0.016567125635156884,
      "map_4_norm,none": 0.5217543859649132,
      "map_4_norm_stderr,none": 0.013309936576812245,
      "alias": "fp2-1.0-0.5"
    },
    "cpa_audit-1.0-0.5": {
      "acc,none": 0.18592964824120603,
      "acc_stderr,none": 0.019525854083701593,
      "acc_norm,none": 0.17839195979899497,
      "acc_norm_stderr,none": 0.019214306990983254,
      "map,none": 0.42102177554438847,
      "map_stderr,none": 0.01490983345202134,
      "map_2,none": 0.2663316582914573,
      "map_2_stderr,none": 0.01977187918978238,
      "map_3,none": 0.32412060301507495,
      "map_3_stderr,none": 0.018801593636700923,
      "map_4,none": 0.35929648241206014,
      "map_4_stderr,none": 0.01775098127038488,
      "map_norm,none": 0.4138609715242877,
      "map_norm_stderr,none": 0.014755688438623975,
      "map_2_norm,none": 0.25879396984924624,
      "map_2_norm_stderr,none": 0.019542541981216976,
      "map_3_norm,none": 0.314907872696817,
      "map_3_norm_stderr,none": 0.018653045268371117,
      "map_4_norm,none": 0.3481993299832494,
      "map_4_norm_stderr,none": 0.017700111003612986,
      "alias": "cpa_audit-1.0-0.5"
    },
    "cma_basics-1.0-0.5": {
      "acc,none": 0.21052631578947367,
      "acc_stderr,none": 0.06702258315442244,
      "acc_norm,none": 0.23684210526315788,
      "acc_norm_stderr,none": 0.06989334006042333,
      "map,none": 0.48684210526315796,
      "map_stderr,none": 0.045819194313547376,
      "map_2,none": 0.3157894736842105,
      "map_2_stderr,none": 0.06646171485760265,
      "map_3,none": 0.42105263157894746,
      "map_3_stderr,none": 0.05717689371603139,
      "map_4,none": 0.48684210526315796,
      "map_4_stderr,none": 0.045819194313547376,
      "map_norm,none": 0.5285087719298245,
      "map_norm_stderr,none": 0.04600745147700079,
      "map_2_norm,none": 0.40789473684210525,
      "map_2_norm_stderr,none": 0.06493037949471836,
      "map_3_norm,none": 0.46929824561403505,
      "map_3_norm_stderr,none": 0.05756204971030976,
      "map_4_norm,none": 0.5285087719298245,
      "map_4_norm_stderr,none": 0.04600745147700079,
      "alias": "cma_basics-1.0-0.5"
    },
    "chabsa-1.0-0.5": {
      "acc,none": 0.6338210539945617,
      "acc_stderr,none": 0.005482329286826065,
      "f1,none": 0.5533619883343543,
      "f1_stderr,none": "N/A",
      "acc_norm,none": 0.6338210539945617,
      "acc_norm_stderr,none": 0.005482329286826065,
      "f1_norm,none": 0.5533619883343543,
      "f1_norm_stderr,none": "N/A",
      "alias": "chabsa-1.0-0.5"
    }
  },
  "group_subtasks": {
    "chabsa-1.0-0.5": [],
    "cma_basics-1.0-0.5": [],
    "cpa_audit-1.0-0.5": [],
    "fp2-1.0-0.5": [],
    "security_sales_1-1.0-0.5": []
  },
  "configs": {
    "chabsa-1.0-0.5": {
      "task": "chabsa-1.0-0.5",
      "dataset_path": "jlm_fin_eval/datasets/chabsa/chabsa.py",
      "dataset_name": "chABSA",
      "test_split": "test",
      "doc_to_text": "センテンス: {{sentence}}\nターゲット: {{target}}\nシステム:",
      "doc_to_target": "{{polarity}}",
      "doc_to_choice": [
        "positive",
        "negative"
      ],
      "description": "ユーザー: センテンスにおける、ターゲットのセンチメントをpositiveかnegativeで答えてください。\nシステム: 分かりました。\n\n",
      "target_delimiter": " ",
      "fewshot_delimiter": "\n",
      "num_fewshot": 0,
      "metric_list": [
        {
          "metric": "acc",
          "aggregation": "mean",
          "higher_is_better": true
        },
        {
          "metric": "acc_norm",
          "aggregation": "mean",
          "higher_is_better": true
        },
        {
          "metric": "f1",
          "aggregation": "2class_adjusted_macro_f1_score_for_chabsa",
          "higher_is_better": true
        },
        {
          "metric": "f1_norm",
          "aggregation": "2class_adjusted_macro_f1_score_for_chabsa",
          "higher_is_better": true
        }
      ],
      "output_type": "multiple_choice",
      "repeats": 1,
      "should_decontaminate": false,
      "doc_to_decontamination_query": "sentence",
      "metadata": {
        "version": 1.0
      }
    },
    "cma_basics-1.0-0.5": {
      "task": "cma_basics-1.0-0.5",
      "dataset_path": "jlm_fin_eval/datasets/cma_basics/cma_basics.py",
      "dataset_name": "cma_basics",
      "test_split": "test",
      "doc_to_text": "def doc_to_text_05(doc):\n    return doc_to_text_04(doc, SEP=\"\\n\")\n",
      "doc_to_target": "def doc_to_target_01(doc):\n    return [\n        choice_text\n        for choice_id, choice_text in zip(doc[\"choices\"][\"id\"], doc[\"choices\"][\"text\"])\n        if choice_id == doc[\"answer\"]\n    ][0]\n",
      "doc_to_choice": "def doc_to_choices_01(doc):\n    choices = doc[\"choices\"][\"text\"]\n    return choices\n",
      "description": "ユーザー: 与えられた選択肢の中から、最適な答えを選んでください。\nシステム: 分かりました。\n\n",
      "target_delimiter": "",
      "fewshot_delimiter": "\n",
      "num_fewshot": 0,
      "metric_list": [
        {
          "metric": "acc",
          "aggregation": "mean",
          "higher_is_better": true
        },
        {
          "metric": "acc_norm",
          "aggregation": "mean",
          "higher_is_better": true
        },
        {
          "metric": "map",
          "aggregation": "mean",
          "higher_is_better": true
        },
        {
          "metric": "map_2",
          "aggregation": "mean",
          "higher_is_better": true
        },
        {
          "metric": "map_3",
          "aggregation": "mean",
          "higher_is_better": true
        },
        {
          "metric": "map_4",
          "aggregation": "mean",
          "higher_is_better": true
        },
        {
          "metric": "map_norm",
          "aggregation": "mean",
          "higher_is_better": true
        },
        {
          "metric": "map_2_norm",
          "aggregation": "mean",
          "higher_is_better": true
        },
        {
          "metric": "map_3_norm",
          "aggregation": "mean",
          "higher_is_better": true
        },
        {
          "metric": "map_4_norm",
          "aggregation": "mean",
          "higher_is_better": true
        }
      ],
      "output_type": "multiple_choice",
      "repeats": 1,