{
  "results": {
    "security_sales_1-1.0-0.1.2": {
      "acc,none": 0.42105263157894735,
      "acc_stderr,none": 0.06597717584505354,
      "acc_norm,none": 0.42105263157894735,
      "acc_norm_stderr,none": 0.06597717584505354,
      "map,none": 0.6593567251461989,
      "map_stderr,none": 0.03881650728481811,
      "map_2,none": 0.5964912280701754,
      "map_2_stderr,none": 0.05074414372180829,
      "map_3,none": 0.6374269005847953,
      "map_3_stderr,none": 0.04377951465305627,
      "map_4,none": 0.6593567251461989,
      "map_4_stderr,none": 0.03881650728481811,
      "map_norm,none": 0.6593567251461989,
      "map_norm_stderr,none": 0.03881650728481811,
      "map_2_norm,none": 0.5964912280701754,
      "map_2_norm_stderr,none": 0.05074414372180829,
      "map_3_norm,none": 0.6374269005847953,
      "map_3_norm_stderr,none": 0.04377951465305627,
      "map_4_norm,none": 0.6593567251461989,
      "map_4_norm_stderr,none": 0.03881650728481811,
      "alias": "security_sales_1-1.0-0.1.2"
    },
    "fp2-1.0-0.1.2": {
      "acc,none": 0.2736842105263158,
      "acc_stderr,none": 0.02047851418222545,
      "acc_norm,none": 0.2736842105263158,
      "acc_norm_stderr,none": 0.02047851418222545,
      "map,none": 0.5340350877192992,
      "map_stderr,none": 0.013753428897679571,
      "map_2,none": 0.391578947368421,
      "map_2_stderr,none": 0.019449030375384598,
      "map_3,none": 0.4708771929824569,
      "map_3_stderr,none": 0.01702188939558887,
      "map_4,none": 0.5340350877192992,
      "map_4_stderr,none": 0.013753428897679571,
      "map_norm,none": 0.5340350877192992,
      "map_norm_stderr,none": 0.013753428897679571,
      "map_2_norm,none": 0.391578947368421,
      "map_2_norm_stderr,none": 0.019449030375384598,
      "map_3_norm,none": 0.4708771929824569,
      "map_3_norm_stderr,none": 0.01702188939558887,
      "map_4_norm,none": 0.5340350877192992,
      "map_4_norm_stderr,none": 0.013753428897679571,
      "alias": "fp2-1.0-0.1.2"
    },
    "cpa_audit-1.0-0.1.2": {
      "acc,none": 0.18341708542713567,
      "acc_stderr,none": 0.019423379028843266,
      "acc_norm,none": 0.18341708542713567,
      "acc_norm_stderr,none": 0.019423379028843266,
      "map,none": 0.41201842546063655,
      "map_stderr,none": 0.01477011671036953,
      "map_2,none": 0.24748743718592964,
      "map_2_stderr,none": 0.019627895402233093,
      "map_3,none": 0.3069514237855943,
      "map_3_stderr,none": 0.018765296511213846,
      "map_4,none": 0.35154941373534315,
      "map_4_stderr,none": 0.017499896793925662,
      "map_norm,none": 0.41201842546063655,
      "map_norm_stderr,none": 0.01477011671036953,
      "map_2_norm,none": 0.24748743718592964,
      "map_2_norm_stderr,none": 0.019627895402233093,
      "map_3_norm,none": 0.3069514237855943,
      "map_3_norm_stderr,none": 0.018765296511213846,
      "map_4_norm,none": 0.35154941373534315,
      "map_4_norm_stderr,none": 0.017499896793925662,
      "alias": "cpa_audit-1.0-0.1.2"
    },
    "cma_basics-1.0-0.1.2": {
      "acc,none": 0.2631578947368421,
      "acc_stderr,none": 0.0723926637268818,
      "acc_norm,none": 0.2631578947368421,
      "acc_norm_stderr,none": 0.0723926637268818,
      "map,none": 0.5307017543859649,
      "map_stderr,none": 0.04791580880667533,
      "map_2,none": 0.3684210526315789,
      "map_2_stderr,none": 0.0697593162744764,
      "map_3,none": 0.4912280701754385,
      "map_3_stderr,none": 0.05585215262868538,
      "map_4,none": 0.5307017543859649,
      "map_4_stderr,none": 0.04791580880667533,
      "map_norm,none": 0.5307017543859649,
      "map_norm_stderr,none": 0.04791580880667533,
      "map_2_norm,none": 0.3684210526315789,
      "map_2_norm_stderr,none": 0.0697593162744764,
      "map_3_norm,none": 0.4912280701754385,
      "map_3_norm_stderr,none": 0.05585215262868538,
      "map_4_norm,none": 0.5307017543859649,
      "map_4_norm_stderr,none": 0.04791580880667533,
      "alias": "cma_basics-1.0-0.1.2"
    },
    "chabsa-1.0-0.1": {
      "acc,none": 0.6861323319953386,
      "acc_stderr,none": 0.00528095338543677,
      "f1,none": 0.6577247754791475,
      "f1_stderr,none": "N/A",
      "acc_norm,none": 0.6861323319953386,
      "acc_norm_stderr,none": 0.00528095338543677,
      "f1_norm,none": 0.6577247754791475,
      "f1_norm_stderr,none": "N/A",
      "alias": "chabsa-1.0-0.1"
    }
  },
  "group_subtasks": {
    "chabsa-1.0-0.1": [],
    "cma_basics-1.0-0.1.2": [],
    "cpa_audit-1.0-0.1.2": [],
    "fp2-1.0-0.1.2": [],
    "security_sales_1-1.0-0.1.2": []
  },
  "configs": {
    "chabsa-1.0-0.1": {
      "task": "chabsa-1.0-0.1",
      "dataset_path": "jlm_fin_eval/datasets/chabsa/chabsa.py",
      "dataset_name": "chABSA",
      "test_split": "test",
      "doc_to_text": "[センテンス]: {{sentence}}\nターゲット]: {{target}}\n[答え]:",
      "doc_to_target": "{{polarity}}",
      "doc_to_choice": [
        "positive",
        "negative"
      ],
      "description": "[センテンス]における、[ターゲット]のセンチメントをpositiveかnegativeで選んでください。\n\n\n",
      "target_delimiter": " ",
      "fewshot_delimiter": "\n\n",
      "num_fewshot": 0,
      "metric_list": [
        {
          "metric": "acc",
          "aggregation": "mean",
          "higher_is_better": true
        },
        {
          "metric": "acc_norm",
          "aggregation": "mean",
          "higher_is_better": true
        },
        {
          "metric": "f1",
          "aggregation": "2class_adjusted_macro_f1_score_for_chabsa",
          "higher_is_better": true
        },
        {
          "metric": "f1_norm",
          "aggregation": "2class_adjusted_macro_f1_score_for_chabsa",
          "higher_is_better": true
        }
      ],
      "output_type": "multiple_choice",
      "repeats": 1,
      "should_decontaminate": false,
      "doc_to_decontamination_query": "sentence",
      "metadata": {
        "version": 1.0
      }
    },
    "cma_basics-1.0-0.1.2": {
      "task": "cma_basics-1.0-0.1.2",
      "dataset_path": "jlm_fin_eval/datasets/cma_basics/cma_basics.py",
      "dataset_name": "cma_basics",
      "test_split": "test",
      "doc_to_text": "def doc_to_text_01_2(doc):\n    q_doc_text = doc[\"question\"] + \"\\n\"\n    if doc[\"context\"] and doc[\"context\"] != \"\":\n        q_doc_text += doc[\"context\"] + \"\\n\"\n    choice_doc_text = []\n    for choice_id, choice_text in zip(doc[\"choices\"][\"id\"], doc[\"choices\"][\"text\"]):\n        choice_doc_text.append(chr(choice_id + 65) + \":\" + choice_text)\n    return f\"[問題]:{q_doc_text}[選択肢]:[{', '.join(choice_doc_text)}]\\n[答え]:\"\n",
      "doc_to_target": "def doc_to_target_alphabet(doc):\n    answer = chr(int(doc[\"answer\"]) + 65)\n    return answer\n",
      "doc_to_choice": "def doc_to_choices_alphabet(doc):\n    choices = [chr(choice_id + 65) for choice_id in doc[\"choices\"][\"id\"]]\n    return choices\n",
      "description": "[問題]に対する[答え]を[選択肢]の中からアルファベットで選んでください。\n\n\n",
      "target_delimiter": "",
      "fewshot_delimiter": "\n\n",
      "num_fewshot": 0,
      "metric_list": [
        {
          "metric": "acc",
          "aggregation": "mean",
          "higher_is_better": true
        },
        {
          "metric": "acc_norm",
          "aggregation": "mean",
          "higher_is_better": true
        },
        {
          "metric": "map",
          "aggregation": "mean",
          "higher_is_better": true
        },
        {
          "metric": "map_2",
          "aggregation": "mean",
          "higher_is_better": true
        },
        {
          "metric": "map_3",
          "aggregation": "mean",
          "higher_is_better": true
        },
        {
          "metric": "map_4",
          "aggregation": "mean",
          "higher_is_better": true
        },
        {
          "metric": "map_norm",
          "aggregation": "mean",
          "higher_is_better": true
        },
        {
          "metric": "map_2_norm",
          "aggregation": "mean",