{
  "results": {
    "security_sales_1-1.0-0.4": {
      "acc,none": 0.49122807017543857,
      "acc_stderr,none": 0.06680502724442025,
      "acc_norm,none": 0.49122807017543857,
      "acc_norm_stderr,none": 0.06680502724442025,
      "map,none": 0.7222222222222222,
      "map_stderr,none": 0.03733390146562185,
      "map_2,none": 0.6842105263157895,
      "map_2_stderr,none": 0.046209007687950596,
      "map_3,none": 0.7134502923976608,
      "map_3_stderr,none": 0.03974350064055024,
      "map_4,none": 0.7222222222222222,
      "map_4_stderr,none": 0.03733390146562185,
      "map_norm,none": 0.7105263157894737,
      "map_norm_stderr,none": 0.03930799254797321,
      "map_2_norm,none": 0.6666666666666666,
      "map_2_norm_stderr,none": 0.04900854954141896,
      "map_3_norm,none": 0.6842105263157895,
      "map_3_norm_stderr,none": 0.04564053596860729,
      "map_4_norm,none": 0.7105263157894737,
      "map_4_norm_stderr,none": 0.03930799254797321,
      "alias": "security_sales_1-1.0-0.4"
    },
    "fp2-1.0-0.4": {
      "acc,none": 0.2673684210526316,
      "acc_stderr,none": 0.020328657645803418,
      "acc_norm,none": 0.2673684210526316,
      "acc_norm_stderr,none": 0.020328657645803418,
      "map,none": 0.5312280701754397,
      "map_stderr,none": 0.01349824093240824,
      "map_2,none": 0.38842105263157894,
      "map_2_stderr,none": 0.019210062388114364,
      "map_3,none": 0.4733333333333343,
      "map_3_stderr,none": 0.016563974100121243,
      "map_4,none": 0.5312280701754397,
      "map_4_stderr,none": 0.01349824093240824,
      "map_norm,none": 0.5312280701754397,
      "map_norm_stderr,none": 0.01349824093240824,
      "map_2_norm,none": 0.38842105263157894,
      "map_2_norm_stderr,none": 0.019210062388114364,
      "map_3_norm,none": 0.4733333333333343,
      "map_3_norm_stderr,none": 0.016563974100121243,
      "map_4_norm,none": 0.5312280701754397,
      "map_4_norm_stderr,none": 0.01349824093240824,
      "alias": "fp2-1.0-0.4"
    },
    "cpa_audit-1.0-0.4": {
      "acc,none": 0.1407035175879397,
      "acc_stderr,none": 0.017451338441977046,
      "acc_norm,none": 0.12814070351758794,
      "acc_norm_stderr,none": 0.016775346521934947,
      "map,none": 0.38676716917922926,
      "map_stderr,none": 0.013779265261709552,
      "map_2,none": 0.2198492462311558,
      "map_2_stderr,none": 0.018403212241181736,
      "map_3,none": 0.2768006700167501,
      "map_3_stderr,none": 0.01775527322461341,
      "map_4,none": 0.319514237855946,
      "map_4_stderr,none": 0.016673014473557898,
      "map_norm,none": 0.37671691792294804,
      "map_norm_stderr,none": 0.013245457175205297,
      "map_2_norm,none": 0.20477386934673367,
      "map_2_norm_stderr,none": 0.01779969930631895,
      "map_3_norm,none": 0.2667504187604687,
      "map_3_norm_stderr,none": 0.017183014849909622,
      "map_4_norm,none": 0.30946398659966456,
      "map_4_norm_stderr,none": 0.016129423853860098,
      "alias": "cpa_audit-1.0-0.4"
    },
    "cma_basics-1.0-0.4": {
      "acc,none": 0.23684210526315788,
      "acc_stderr,none": 0.06989334006042332,
      "acc_norm,none": 0.21052631578947367,
      "acc_norm_stderr,none": 0.06702258315442243,
      "map,none": 0.513157894736842,
      "map_stderr,none": 0.04709499081395403,
      "map_2,none": 0.3684210526315789,
      "map_2_stderr,none": 0.06716206838991057,
      "map_3,none": 0.4473684210526317,
      "map_3_stderr,none": 0.05900271735976142,
      "map_4,none": 0.513157894736842,
      "map_4_stderr,none": 0.04709499081395403,
      "map_norm,none": 0.5241228070175439,
      "map_norm_stderr,none": 0.04365320070248526,
      "map_2_norm,none": 0.42105263157894735,
      "map_2_norm_stderr,none": 0.06118296775990489,
      "map_3_norm,none": 0.46491228070175444,
      "map_3_norm_stderr,none": 0.05557219020090343,
      "map_4_norm,none": 0.5241228070175439,
      "map_4_norm_stderr,none": 0.04365320070248526,
      "alias": "cma_basics-1.0-0.4"
    },
    "chabsa-1.0-0.4": {
      "acc,none": 0.5611808882558591,
      "acc_stderr,none": 0.005647149750045236,
      "f1,none": 0.3594592352989964,
      "f1_stderr,none": "N/A",
      "acc_norm,none": 0.5611808882558591,
      "acc_norm_stderr,none": 0.005647149750045236,
      "f1_norm,none": 0.3594592352989964,
      "f1_norm_stderr,none": "N/A",
      "alias": "chabsa-1.0-0.4"
    }
  },
  "group_subtasks": {
    "chabsa-1.0-0.4": [],
    "cma_basics-1.0-0.4": [],
    "cpa_audit-1.0-0.4": [],
    "fp2-1.0-0.4": [],
    "security_sales_1-1.0-0.4": []
  },
  "configs": {
    "chabsa-1.0-0.4": {
      "task": "chabsa-1.0-0.4",
      "dataset_path": "jlm_fin_eval/datasets/chabsa/chabsa.py",
      "dataset_name": "chABSA",
      "test_split": "test",
      "doc_to_text": "センテンス: {{sentence}}<NL>ターゲット: {{target}}<NL>システム:",
      "doc_to_target": "{{polarity}}",
      "doc_to_choice": [
        "positive",
        "negative"
      ],
      "description": "ユーザー: センテンスにおける、ターゲットのセンチメントをpositiveかnegativeで答えてください。<NL>システム: 分かりました。<NL>",
      "target_delimiter": " ",
      "fewshot_delimiter": "<NL>",
      "num_fewshot": 0,
      "metric_list": [
        {
          "metric": "acc",
          "aggregation": "mean",
          "higher_is_better": true
        },
        {
          "metric": "acc_norm",
          "aggregation": "mean",
          "higher_is_better": true
        },
        {
          "metric": "f1",
          "aggregation": "2class_adjusted_macro_f1_score_for_chabsa",
          "higher_is_better": true
        },
        {
          "metric": "f1_norm",
          "aggregation": "2class_adjusted_macro_f1_score_for_chabsa",
          "higher_is_better": true
        }
      ],
      "output_type": "multiple_choice",
      "repeats": 1,
      "should_decontaminate": false,
      "doc_to_decontamination_query": "sentence",
      "metadata": {
        "version": 1.0
      }
    },
    "cma_basics-1.0-0.4": {
      "task": "cma_basics-1.0-0.4",
      "dataset_path": "jlm_fin_eval/datasets/cma_basics/cma_basics.py",
      "dataset_name": "cma_basics",
      "test_split": "test",
      "doc_to_text": "def doc_to_text_04(doc, SEP=\"<NL>\"):\n    q_doc_text = doc[\"question\"]\n    if doc[\"context\"] and doc[\"context\"] != \"\":\n        q_doc_text += \"\\n\" + doc[\"context\"]\n    choices = SEP.join([f\"- {choice}\" for choice in doc[\"choices\"][\"text\"]])\n    input_text = f\"質問：{q_doc_text}{SEP}\" + f\"選択肢：{SEP}{choices}\"\n    return f\"ユーザー: {input_text}{SEP}システム: \"\n",
      "doc_to_target": "def doc_to_target_01(doc):\n    return [\n        choice_text\n        for choice_id, choice_text in zip(doc[\"choices\"][\"id\"], doc[\"choices\"][\"text\"])\n        if choice_id == doc[\"answer\"]\n    ][0]\n",
      "doc_to_choice": "def doc_to_choices_01(doc):\n    choices = doc[\"choices\"][\"text\"]\n    return choices\n",
      "description": "ユーザー: 与えられた選択肢の中から、最適な答えを選んでください。<NL>システム: 分かりました。<NL>",
      "target_delimiter": "",
      "fewshot_delimiter": "<NL>",
      "num_fewshot": 0,
      "metric_list": [
        {
          "metric": "acc",
          "aggregation": "mean",
          "higher_is_better": true
        },
        {
          "metric": "acc_norm",
          "aggregation": "mean",
          "higher_is_better": true
        },
        {
          "metric": "map",
          "aggregation": "mean",
          "higher_is_better": true
        },
        {
          "metric": "map_2",
          "aggregation": "mean",
          "higher_is_better": true
        },
        {
          "metric": "map_3",
          "aggregation": "mean",
          "higher_is_better": true
        },
        {
          "metric": "map_4",
          "aggregation": "mean",
          "higher_is_better": true
        },
        {
          "metric": "map_norm",
          "aggregation": "mean",
          "higher_is_better": true
        },
        {
          "metric": "map_2_norm",
          "aggregation": "mean",