{
  "results": {
    "security_sales_1-1.0-0.1": {
      "acc,none": 0.45614035087719296,
      "acc_stderr,none": 0.0665577530069649,
      "acc_norm,none": 0.40350877192982454,
      "acc_norm_stderr,none": 0.06555933012294897,
      "map,none": 0.7017543859649122,
      "map_stderr,none": 0.03742783879097666,
      "map_2,none": 0.6578947368421053,
      "map_2_stderr,none": 0.04709262512309165,
      "map_3,none": 0.6929824561403509,
      "map_3_stderr,none": 0.03975118277083185,
      "map_4,none": 0.7017543859649122,
      "map_4_stderr,none": 0.03742783879097666,
      "map_norm,none": 0.6695906432748536,
      "map_norm_stderr,none": 0.03754492993683116,
      "map_2_norm,none": 0.6228070175438597,
      "map_2_norm_stderr,none": 0.047296427235001534,
      "map_3_norm,none": 0.6520467836257309,
      "map_3_norm_stderr,none": 0.04177735959697943,
      "map_4_norm,none": 0.6695906432748536,
      "map_4_norm_stderr,none": 0.03754492993683116,
      "alias": "security_sales_1-1.0-0.1"
    },
    "fp2-1.0-0.1": {
      "acc,none": 0.26105263157894737,
      "acc_stderr,none": 0.02017351708062388,
      "acc_norm,none": 0.26105263157894737,
      "acc_norm_stderr,none": 0.02017351708062388,
      "map,none": 0.5287719298245623,
      "map_stderr,none": 0.013500617135166992,
      "map_2,none": 0.38526315789473686,
      "map_2_stderr,none": 0.019199716171525147,
      "map_3,none": 0.4687719298245621,
      "map_3_stderr,none": 0.016640086179140978,
      "map_4,none": 0.5287719298245623,
      "map_4_stderr,none": 0.013500617135166992,
      "map_norm,none": 0.5287719298245623,
      "map_norm_stderr,none": 0.013500617135166992,
      "map_2_norm,none": 0.38526315789473686,
      "map_2_norm_stderr,none": 0.019199716171525147,
      "map_3_norm,none": 0.4687719298245621,
      "map_3_norm_stderr,none": 0.016640086179140978,
      "map_4_norm,none": 0.5287719298245623,
      "map_4_norm_stderr,none": 0.013500617135166992,
      "alias": "fp2-1.0-0.1"
    },
    "cpa_audit-1.0-0.1": {
      "acc,none": 0.16331658291457288,
      "acc_stderr,none": 0.018552415816923476,
      "acc_norm,none": 0.1507537688442211,
      "acc_norm_stderr,none": 0.01795790417830786,
      "map,none": 0.4065326633165826,
      "map_stderr,none": 0.014349735886872762,
      "map_2,none": 0.24748743718592964,
      "map_2_stderr,none": 0.01913812052318007,
      "map_3,none": 0.30192629815745353,
      "map_3_stderr,none": 0.01834768387559638,
      "map_4,none": 0.34840871021775516,
      "map_4_stderr,none": 0.01702247381786132,
      "map_norm,none": 0.3948073701842544,
      "map_norm_stderr,none": 0.01397815419571076,
      "map_2_norm,none": 0.228643216080402,
      "map_2_norm_stderr,none": 0.018689903092483938,
      "map_3_norm,none": 0.2881072026800665,
      "map_3_norm_stderr,none": 0.017939890012255093,
      "map_4_norm,none": 0.3358458961474035,
      "map_4_norm_stderr,none": 0.016639480693287165,
      "alias": "cpa_audit-1.0-0.1"
    },
    "cma_basics-1.0-0.1": {
      "acc,none": 0.34210526315789475,
      "acc_stderr,none": 0.07799328662681834,
      "acc_norm,none": 0.2631578947368421,
      "acc_norm_stderr,none": 0.0723926637268818,
      "map,none": 0.5921052631578948,
      "map_stderr,none": 0.05026693736581684,
      "map_2,none": 0.47368421052631576,
      "map_2_stderr,none": 0.07042688475064172,
      "map_3,none": 0.5526315789473685,
      "map_3_stderr,none": 0.05900271735976144,
      "map_4,none": 0.5921052631578948,
      "map_4_stderr,none": 0.05026693736581684,
      "map_norm,none": 0.5570175438596491,
      "map_norm_stderr,none": 0.04566575285980678,
      "map_2_norm,none": 0.4342105263157895,
      "map_2_norm_stderr,none": 0.06578947368421051,
      "map_3_norm,none": 0.5307017543859649,
      "map_3_norm_stderr,none": 0.05178009664267944,
      "map_4_norm,none": 0.5570175438596491,
      "map_4_norm_stderr,none": 0.04566575285980678,
      "alias": "cma_basics-1.0-0.1"
    },
    "chabsa-1.0-0.1": {
      "acc,none": 0.7120290042729509,
      "acc_stderr,none": 0.005152978350199308,
      "f1,none": 0.6837254783193325,
      "f1_stderr,none": "N/A",
      "acc_norm,none": 0.7120290042729509,
      "acc_norm_stderr,none": 0.005152978350199308,
      "f1_norm,none": 0.6837254783193325,
      "f1_norm_stderr,none": "N/A",
      "alias": "chabsa-1.0-0.1"
    }
  },
  "group_subtasks": {
    "chabsa-1.0-0.1": [],
    "cma_basics-1.0-0.1": [],
    "cpa_audit-1.0-0.1": [],
    "fp2-1.0-0.1": [],
    "security_sales_1-1.0-0.1": []
  },
  "configs": {
    "chabsa-1.0-0.1": {
      "task": "chabsa-1.0-0.1",
      "dataset_path": "jlm_fin_eval/datasets/chabsa/chabsa.py",
      "dataset_name": "chABSA",
      "test_split": "test",
      "doc_to_text": "[センテンス]: {{sentence}}\nターゲット]: {{target}}\n[答え]:",
      "doc_to_target": "{{polarity}}",
      "doc_to_choice": [
        "positive",
        "negative"
      ],
      "description": "[センテンス]における、[ターゲット]のセンチメントをpositiveかnegativeで選んでください。\n\n\n",
      "target_delimiter": " ",
      "fewshot_delimiter": "\n\n",
      "num_fewshot": 0,
      "metric_list": [
        {
          "metric": "acc",
          "aggregation": "mean",
          "higher_is_better": true
        },
        {
          "metric": "acc_norm",
          "aggregation": "mean",
          "higher_is_better": true
        },
        {
          "metric": "f1",
          "aggregation": "2class_adjusted_macro_f1_score_for_chabsa",
          "higher_is_better": true
        },
        {
          "metric": "f1_norm",
          "aggregation": "2class_adjusted_macro_f1_score_for_chabsa",
          "higher_is_better": true
        }
      ],
      "output_type": "multiple_choice",
      "repeats": 1,
      "should_decontaminate": false,
      "doc_to_decontamination_query": "sentence",
      "metadata": {
        "version": 1.0
      }
    },
    "cma_basics-1.0-0.1": {
      "task": "cma_basics-1.0-0.1",
      "dataset_path": "jlm_fin_eval/datasets/cma_basics/cma_basics.py",
      "dataset_name": "cma_basics",
      "test_split": "test",
      "doc_to_text": "def doc_to_text_01(doc):\n    q_doc_text = doc[\"question\"] + \"\\n\"\n    if doc[\"context\"] and doc[\"context\"] != \"\":\n        q_doc_text += doc[\"context\"] + \"\\n\"\n    return f\"[問題]:{q_doc_text}[選択肢]:[{', '.join(doc['choices']['text'])}]\\n[答え]:\"\n",
      "doc_to_target": "def doc_to_target_01(doc):\n    return [\n        choice_text\n        for choice_id, choice_text in zip(doc[\"choices\"][\"id\"], doc[\"choices\"][\"text\"])\n        if choice_id == doc[\"answer\"]\n    ][0]\n",
      "doc_to_choice": "def doc_to_choices_01(doc):\n    choices = doc[\"choices\"][\"text\"]\n    return choices\n",
      "description": "[問題]に対する[答え]を[選択肢]の中から選んでください。\n\n\n",
      "target_delimiter": "",
      "fewshot_delimiter": "\n\n",
      "num_fewshot": 0,
      "metric_list": [
        {
          "metric": "acc",
          "aggregation": "mean",
          "higher_is_better": true
        },
        {
          "metric": "acc_norm",
          "aggregation": "mean",
          "higher_is_better": true
        },
        {
          "metric": "map",
          "aggregation": "mean",
          "higher_is_better": true
        },
        {
          "metric": "map_2",
          "aggregation": "mean",
          "higher_is_better": true
        },
        {
          "metric": "map_3",
          "aggregation": "mean",
          "higher_is_better": true
        },
        {
          "metric": "map_4",
          "aggregation": "mean",
          "higher_is_better": true
        },
        {
          "metric": "map_norm",
          "aggregation": "mean",
          "higher_is_better": true
        },
        {
          "metric": "map_2_norm",
          "aggregation": "mean",
          "higher_is_better": true
        },
        {
          "metric": "map_3_norm",
          "aggregation": "mean",