{
  "results": {
    "security_sales_1-1.0-0.3": {
      "acc,none": 0.49122807017543857,
      "acc_stderr,none": 0.06680502724442024,
      "acc_norm,none": 0.47368421052631576,
      "acc_norm_stderr,none": 0.06672270432067237,
      "map,none": 0.7236842105263158,
      "map_stderr,none": 0.03720691503830365,
      "map_2,none": 0.6929824561403509,
      "map_2_stderr,none": 0.044697510844641145,
      "map_3,none": 0.7105263157894737,
      "map_3_stderr,none": 0.0407749859737442,
      "map_4,none": 0.7236842105263158,
      "map_4_stderr,none": 0.03720691503830365,
      "map_norm,none": 0.7002923976608187,
      "map_norm_stderr,none": 0.039404972840807254,
      "map_2_norm,none": 0.6578947368421053,
      "map_2_norm_stderr,none": 0.04872737367223958,
      "map_3_norm,none": 0.6695906432748538,
      "map_3_norm_stderr,none": 0.04654807031456852,
      "map_4_norm,none": 0.7002923976608187,
      "map_4_norm_stderr,none": 0.039404972840807254,
      "alias": "security_sales_1-1.0-0.3"
    },
    "fp2-1.0-0.3": {
      "acc,none": 0.2463157894736842,
      "acc_stderr,none": 0.01979026746533387,
      "acc_norm,none": 0.2463157894736842,
      "acc_norm_stderr,none": 0.01979026746533387,
      "map,none": 0.519298245614036,
      "map_stderr,none": 0.01328778389526481,
      "map_2,none": 0.3736842105263158,
      "map_2_stderr,none": 0.018958098967531204,
      "map_3,none": 0.45719298245614104,
      "map_3_stderr,none": 0.01648492688982489,
      "map_4,none": 0.519298245614036,
      "map_4_stderr,none": 0.01328778389526481,
      "map_norm,none": 0.519298245614036,
      "map_norm_stderr,none": 0.01328778389526481,
      "map_2_norm,none": 0.3736842105263158,
      "map_2_norm_stderr,none": 0.018958098967531204,
      "map_3_norm,none": 0.45719298245614104,
      "map_3_norm_stderr,none": 0.01648492688982489,
      "map_4_norm,none": 0.519298245614036,
      "map_4_norm_stderr,none": 0.01328778389526481,
      "alias": "fp2-1.0-0.3"
    },
    "cpa_audit-1.0-0.3": {
      "acc,none": 0.17839195979899497,
      "acc_stderr,none": 0.019214306990983258,
      "acc_norm,none": 0.1658291457286432,
      "acc_norm_stderr,none": 0.01866649095365282,
      "map,none": 0.4135678391959796,
      "map_stderr,none": 0.014671963433262014,
      "map_2,none": 0.26256281407035176,
      "map_2_stderr,none": 0.019456201163526452,
      "map_3,none": 0.3052763819095475,
      "map_3_stderr,none": 0.018796624122261543,
      "map_4,none": 0.350502512562814,
      "map_4_stderr,none": 0.017523893930859617,
      "map_norm,none": 0.4036013400335005,
      "map_norm_stderr,none": 0.014406747881202057,
      "map_2_norm,none": 0.24748743718592964,
      "map_2_norm_stderr,none": 0.01913812052318007,
      "map_3_norm,none": 0.29187604690117225,
      "map_3_norm_stderr,none": 0.018526505482498935,
      "map_4_norm,none": 0.339614740368509,
      "map_4_norm_stderr,none": 0.017244061963905863,
      "alias": "cpa_audit-1.0-0.3"
    },
    "cma_basics-1.0-0.3": {
      "acc,none": 0.34210526315789475,
      "acc_stderr,none": 0.07799328662681834,
      "acc_norm,none": 0.2894736842105263,
      "acc_norm_stderr,none": 0.07455791696866065,
      "map,none": 0.5942982456140351,
      "map_stderr,none": 0.05050040536383287,
      "map_2,none": 0.5,
      "map_2_stderr,none": 0.06799297093618066,
      "map_3,none": 0.5350877192982455,
      "map_3_stderr,none": 0.06290913023321766,
      "map_4,none": 0.5942982456140351,
      "map_4_stderr,none": 0.05050040536383287,
      "map_norm,none": 0.5657894736842105,
      "map_norm_stderr,none": 0.048094508832514156,
      "map_2_norm,none": 0.4605263157894737,
      "map_2_norm_stderr,none": 0.06635602428207724,
      "map_3_norm,none": 0.5131578947368421,
      "map_3_norm_stderr,none": 0.05909516711349833,
      "map_4_norm,none": 0.5657894736842105,
      "map_4_norm_stderr,none": 0.048094508832514156,
      "alias": "cma_basics-1.0-0.3"
    },
    "chabsa-1.0-0.3": {
      "acc,none": 0.5611808882558591,
      "acc_stderr,none": 0.005647149750045236,
      "f1,none": 0.3594592352989964,
      "f1_stderr,none": "N/A",
      "acc_norm,none": 0.5611808882558591,
      "acc_norm_stderr,none": 0.005647149750045236,
      "f1_norm,none": 0.3594592352989964,
      "f1_norm_stderr,none": "N/A",
      "alias": "chabsa-1.0-0.3"
    }
  },
  "group_subtasks": {
    "chabsa-1.0-0.3": [],
    "cma_basics-1.0-0.3": [],
    "cpa_audit-1.0-0.3": [],
    "fp2-1.0-0.3": [],
    "security_sales_1-1.0-0.3": []
  },
  "configs": {
    "chabsa-1.0-0.3": {
      "task": "chabsa-1.0-0.3",
      "dataset_path": "jlm_fin_eval/datasets/chabsa/chabsa.py",
      "dataset_name": "chABSA",
      "test_split": "test",
      "doc_to_text": "### 入力:\nセンテンス:{{sentence}}\nターゲット:{{target}}\n\n### 応答:\n\n",
      "doc_to_target": "{{polarity}}",
      "doc_to_choice": [
        "positive",
        "negative"
      ],
      "description": "以下は、タスクを説明する指示と、文脈のある入力の組み合わせです。要求を適切に満たす応答を書きなさい。\n\n### 指示:\n以下のセンテンスにおける、ターゲットのセンチメントをpositiveかnegativeで答えてください。\n\n\n",
      "target_delimiter": "",
      "fewshot_delimiter": "\n\n",
      "num_fewshot": 0,
      "metric_list": [
        {
          "metric": "acc",
          "aggregation": "mean",
          "higher_is_better": true
        },
        {
          "metric": "acc_norm",
          "aggregation": "mean",
          "higher_is_better": true
        },
        {
          "metric": "f1",
          "aggregation": "2class_adjusted_macro_f1_score_for_chabsa",
          "higher_is_better": true
        },
        {
          "metric": "f1_norm",
          "aggregation": "2class_adjusted_macro_f1_score_for_chabsa",
          "higher_is_better": true
        }
      ],
      "output_type": "multiple_choice",
      "repeats": 1,
      "should_decontaminate": false,
      "doc_to_decontamination_query": "sentence",
      "metadata": {
        "version": 1.0
      }
    },
    "cma_basics-1.0-0.3": {
      "task": "cma_basics-1.0-0.3",
      "dataset_path": "jlm_fin_eval/datasets/cma_basics/cma_basics.py",
      "dataset_name": "cma_basics",
      "test_split": "test",
      "doc_to_text": "def doc_to_text_03(doc):\n    q_doc_text = doc[\"question\"] + \"\\n\"\n    if doc[\"context\"] and doc[\"context\"] != \"\":\n        q_doc_text += doc[\"context\"] + \"\\n\"\n    choices = \"\\n\".join([f\"- {choice}\" for choice in doc[\"choices\"][\"text\"]])\n    input_text = f\"{q_doc_text}\" + f\"出力は以下から選択してください：\\n{choices}\"\n    return f\"### 入力:\\n{input_text}\\n\\n### 応答:\\n\"\n",
      "doc_to_target": "def doc_to_target_01(doc):\n    return [\n        choice_text\n        for choice_id, choice_text in zip(doc[\"choices\"][\"id\"], doc[\"choices\"][\"text\"])\n        if choice_id == doc[\"answer\"]\n    ][0]\n",
      "doc_to_choice": "def doc_to_choices_01(doc):\n    choices = doc[\"choices\"][\"text\"]\n    return choices\n",
      "description": "以下は、タスクを説明する指示と、文脈のある入力の組み合わせです。要求を適切に満たす応答を書きなさい。\n\n### 指示:\n与えられた選択肢の中から、最適な答えを選んでください。\n\n\n",
      "target_delimiter": "",
      "fewshot_delimiter": "\n\n",
      "num_fewshot": 0,
      "metric_list": [
        {
          "metric": "acc",
          "aggregation": "mean",
          "higher_is_better": true
        },
        {
          "metric": "acc_norm",
          "aggregation": "mean",
          "higher_is_better": true
        },
        {
          "metric": "map",
          "aggregation": "mean",
          "higher_is_better": true
        },
        {
          "metric": "map_2",
          "aggregation": "mean",
          "higher_is_better": true
        },
        {
          "metric": "map_3",
          "aggregation": "mean",
          "higher_is_better": true
        },
        {
          "metric": "map_4",
          "aggregation": "mean",
          "higher_is_better": true
        },
        {
          "metric": "map_norm",
          "aggregation": "mean",