{
  "results": {
    "chabsa": {
      "alias": "chabsa",
      "acc,none": 0.916094781820536,
      "acc_stderr,none": 0.0031550031090631864,
      "f1,none": 0.9290721785535063,
      "f1_stderr,none": "N/A",
      "acc_norm,none": 0.916094781820536,
      "acc_norm_stderr,none": 0.0031550031090631864,
      "f1_norm,none": 0.9290721785535063,
      "f1_norm_stderr,none": "N/A"
    },
    "cma_basics": {
      "alias": "cma_basics",
      "acc,none": 0.8157894736842105,
      "acc_stderr,none": 0.06373021861834362,
      "acc_norm,none": 0.8157894736842105,
      "acc_norm_stderr,none": 0.06373021861834362,
      "map,none": 0.8530701754385966,
      "map_stderr,none": 0.044274061630411476,
      "map_2,none": 0.8157894736842105,
      "map_2_stderr,none": 0.05788180380567848,
      "map_3,none": 0.8333333333333334,
      "map_3_stderr,none": 0.052215042096578484,
      "map_4,none": 0.8530701754385966,
      "map_4_stderr,none": 0.044274061630411476,
      "map_norm,none": 0.8530701754385966,
      "map_norm_stderr,none": 0.044274061630411476,
      "map_2_norm,none": 0.8157894736842105,
      "map_2_norm_stderr,none": 0.05788180380567848,
      "map_3_norm,none": 0.8333333333333334,
      "map_3_norm_stderr,none": 0.052215042096578484,
      "map_4_norm,none": 0.8530701754385966,
      "map_4_norm_stderr,none": 0.044274061630411476
    },
    "cpa_audit": {
      "alias": "cpa_audit",
      "acc,none": 0.49748743718592964,
      "acc_stderr,none": 0.02509396382044758,
      "acc_norm,none": 0.49748743718592964,
      "acc_norm_stderr,none": 0.02509396382044758,
      "map,none": 0.6500837520938018,
      "map_stderr,none": 0.018073870435757082,
      "map_2,none": 0.5540201005025126,
      "map_2_stderr,none": 0.023544361820350135,
      "map_3,none": 0.5958961474036856,
      "map_3_stderr,none": 0.02163799450501883,
      "map_4,none": 0.6159966499162484,
      "map_4_stderr,none": 0.020481729000520154,
      "map_norm,none": 0.6500837520938018,
      "map_norm_stderr,none": 0.018073870435757082,
      "map_2_norm,none": 0.5540201005025126,
      "map_2_norm_stderr,none": 0.023544361820350135,
      "map_3_norm,none": 0.5958961474036856,
      "map_3_norm_stderr,none": 0.02163799450501883,
      "map_4_norm,none": 0.6159966499162484,
      "map_4_norm_stderr,none": 0.020481729000520154
    },
    "fp2": {
      "alias": "fp2",
      "acc,none": 0.49473684210526314,
      "acc_stderr,none": 0.02296448823217649,
      "acc_norm,none": 0.49473684210526314,
      "acc_norm_stderr,none": 0.02296448823217649,
      "map,none": 0.6705263157894735,
      "map_stderr,none": 0.01506577997815158,
      "map_2,none": 0.5715789473684211,
      "map_2_stderr,none": 0.020602335073470698,
      "map_3,none": 0.6263157894736842,
      "map_3_stderr,none": 0.018017155604076164,
      "map_4,none": 0.6705263157894735,
      "map_4_stderr,none": 0.01506577997815158,
      "map_norm,none": 0.6705263157894735,
      "map_norm_stderr,none": 0.01506577997815158,
      "map_2_norm,none": 0.5715789473684211,
      "map_2_norm_stderr,none": 0.020602335073470698,
      "map_3_norm,none": 0.6263157894736842,
      "map_3_norm_stderr,none": 0.018017155604076164,
      "map_4_norm,none": 0.6705263157894735,
      "map_4_norm_stderr,none": 0.01506577997815158
    },
    "security_sales_1": {
      "alias": "security_sales_1",
      "acc,none": 0.6140350877192983,
      "acc_stderr,none": 0.06505437269382161,
      "acc_norm,none": 0.6140350877192983,
      "acc_norm_stderr,none": 0.06505437269382161,
      "map,none": 0.7573099415204679,
      "map_stderr,none": 0.04067751873539572,
      "map_2,none": 0.7105263157894737,
      "map_2_stderr,none": 0.05152342159855582,
      "map_3,none": 0.7222222222222223,
      "map_3_stderr,none": 0.049244736690439925,
      "map_4,none": 0.7573099415204679,
      "map_4_stderr,none": 0.04067751873539572,
      "map_norm,none": 0.7573099415204679,
      "map_norm_stderr,none": 0.04067751873539572,
      "map_2_norm,none": 0.7105263157894737,
      "map_2_norm_stderr,none": 0.05152342159855582,
      "map_3_norm,none": 0.7222222222222223,
      "map_3_norm_stderr,none": 0.049244736690439925,
      "map_4_norm,none": 0.7573099415204679,
      "map_4_norm_stderr,none": 0.04067751873539572
    }
  },
  "group_subtasks": {
    "chabsa": [],
    "cma_basics": [],
    "cpa_audit": [],
    "fp2": [],
    "security_sales_1": []
  },
  "configs": {
    "chabsa": {
      "task": "chabsa",
      "dataset_path": "jlm_fin_eval/datasets/chabsa/chabsa.py",
      "dataset_name": "chABSA",
      "test_split": "test",
      "doc_to_text": "センテンス: {{sentence}}\nターゲット: {{target}}\n回答:",
      "doc_to_target": "{{polarity}}",
      "unsafe_code": false,
      "doc_to_choice": [
        "positive",
        "negative"
      ],
      "description": "以下のセンテンスにおける、ターゲットのセンチメントをpositiveかnegativeで答えてください。\n\n\n",
      "target_delimiter": " ",
      "fewshot_delimiter": "\n\n",
      "num_fewshot": 0,
      "metric_list": [
        {
          "metric": "acc",
          "aggregation": "mean",
          "higher_is_better": true
        },
        {
          "metric": "acc_norm",
          "aggregation": "mean",
          "higher_is_better": true
        },
        {
          "metric": "f1",
          "aggregation": "2class_adjusted_macro_f1_score_for_chabsa",
          "higher_is_better": true
        },
        {
          "metric": "f1_norm",
          "aggregation": "2class_adjusted_macro_f1_score_for_chabsa",
          "higher_is_better": true
        }
      ],
      "output_type": "multiple_choice",
      "repeats": 1,
      "should_decontaminate": false,
      "doc_to_decontamination_query": "sentence",
      "metadata": {
        "version": 1.0,
        "model": "gpt-4o-2024-08-06"
      }
    },
    "cma_basics": {
      "task": "cma_basics",
      "dataset_path": "jlm_fin_eval/datasets/cma_basics/cma_basics.py",
      "dataset_name": "cma_basics",
      "test_split": "test",
      "doc_to_text": "def doc_to_text_00(doc):\n    doc_text = \"【問題】\\n\" + doc[\"question\"] + \"\\n\"\n    if doc[\"context\"] and doc[\"context\"] != \"\":\n        doc_text += doc[\"context\"] + \"\\n\"\n    doc_text += \"\\n【選択肢】\\n\"\n    for choice_id, choice_text in zip(doc[\"choices\"][\"id\"], doc[\"choices\"][\"text\"]):\n        doc_text += chr(choice_id + 65) + \": \" + choice_text + \"\\n\"\n    doc_text += \"\\n【答え】\\n\"\n    # doc_text += chr(int(doc[\"answer\"]) + 65)\n    return doc_text\n",
      "doc_to_target": "def doc_to_target_alphabet(doc):\n    answer = chr(int(doc[\"answer\"]) + 65)\n    return answer\n",
      "unsafe_code": false,
      "doc_to_choice": "def doc_to_choices_alphabet(doc):\n    choices = [chr(choice_id + 65) for choice_id in doc[\"choices\"][\"id\"]]\n    return choices\n",
      "description": "以下の問題の適切な答えを選択肢から選んでアルファベットで答えなさい。\n\n\n",
      "target_delimiter": "",
      "fewshot_delimiter": "\n\n",
      "num_fewshot": 0,
      "metric_list": [
        {
          "metric": "acc",
          "aggregation": "mean",
          "higher_is_better": true
        },
        {
          "metric": "acc_norm",
          "aggregation": "mean",
          "higher_is_better": true
        },
        {
          "metric": "map",
          "aggregation": "mean",
          "higher_is_better": true
        },
        {
          "metric": "map_2",
          "aggregation": "mean",
          "higher_is_better": true
        },
        {
          "metric": "map_3",
          "aggregation": "mean",
          "higher_is_better": true
        },
        {
          "metric": "map_4",
          "aggregation": "mean",
          "higher_is_better": true
        },
        {
          "metric": "map_norm",
          "aggregation": "mean",
          "higher_is_better": true
        },
        {
          "metric": "map_2_norm",
          "aggregation": "mean",
          "higher_is_better": true
        },
        {
          "metric": "map_3_norm",