{
  "results": {
    "security_sales_1-1.0-0.2": {
      "acc,none": 0.42105263157894735,
      "acc_stderr,none": 0.06597717584505354,
      "acc_norm,none": 0.42105263157894735,
      "acc_norm_stderr,none": 0.06597717584505354,
      "map,none": 0.6842105263157895,
      "map_stderr,none": 0.03712372968138604,
      "map_2,none": 0.6491228070175439,
      "map_2_stderr,none": 0.0450648938254424,
      "map_3,none": 0.6666666666666666,
      "map_3_stderr,none": 0.04150972951140821,
      "map_4,none": 0.6842105263157895,
      "map_4_stderr,none": 0.03712372968138604,
      "map_norm,none": 0.6842105263157895,
      "map_norm_stderr,none": 0.03712372968138604,
      "map_2_norm,none": 0.6491228070175439,
      "map_2_norm_stderr,none": 0.0450648938254424,
      "map_3_norm,none": 0.6666666666666666,
      "map_3_norm_stderr,none": 0.04150972951140821,
      "map_4_norm,none": 0.6842105263157895,
      "map_4_norm_stderr,none": 0.03712372968138604,
      "alias": "security_sales_1-1.0-0.2"
    },
    "fp2-1.0-0.2": {
      "acc,none": 0.27157894736842103,
      "acc_stderr,none": 0.02042914185546727,
      "acc_norm,none": 0.27157894736842103,
      "acc_norm_stderr,none": 0.02042914185546727,
      "map,none": 0.540701754385966,
      "map_stderr,none": 0.013643007832299587,
      "map_2,none": 0.4031578947368421,
      "map_2_stderr,none": 0.019320601590705203,
      "map_3,none": 0.48385964912280793,
      "map_3_stderr,none": 0.016703805180358713,
      "map_4,none": 0.540701754385966,
      "map_4_stderr,none": 0.013643007832299587,
      "map_norm,none": 0.540701754385966,
      "map_norm_stderr,none": 0.013643007832299587,
      "map_2_norm,none": 0.4031578947368421,
      "map_2_norm_stderr,none": 0.019320601590705203,
      "map_3_norm,none": 0.48385964912280793,
      "map_3_norm_stderr,none": 0.016703805180358713,
      "map_4_norm,none": 0.540701754385966,
      "map_4_norm_stderr,none": 0.013643007832299587,
      "alias": "fp2-1.0-0.2"
    },
    "cpa_audit-1.0-0.2": {
      "acc,none": 0.13316582914572864,
      "acc_stderr,none": 0.017051757858934893,
      "acc_norm,none": 0.13316582914572864,
      "acc_norm_stderr,none": 0.017051757858934893,
      "map,none": 0.3850921273031827,
      "map_stderr,none": 0.01328113184804838,
      "map_2,none": 0.21733668341708542,
      "map_2_stderr,none": 0.017957129350637785,
      "map_3,none": 0.27931323283082055,
      "map_3_stderr,none": 0.0172326080726729,
      "map_4,none": 0.3220268006700165,
      "map_4_stderr,none": 0.01609850327820981,
      "map_norm,none": 0.3850921273031827,
      "map_norm_stderr,none": 0.01328113184804838,
      "map_2_norm,none": 0.21733668341708542,
      "map_2_norm_stderr,none": 0.017957129350637785,
      "map_3_norm,none": 0.27931323283082055,
      "map_3_norm_stderr,none": 0.0172326080726729,
      "map_4_norm,none": 0.3220268006700165,
      "map_4_norm_stderr,none": 0.01609850327820981,
      "alias": "cpa_audit-1.0-0.2"
    },
    "cma_basics-1.0-0.2": {
      "acc,none": 0.34210526315789475,
      "acc_stderr,none": 0.07799328662681834,
      "acc_norm,none": 0.34210526315789475,
      "acc_norm_stderr,none": 0.07799328662681834,
      "map,none": 0.5899122807017543,
      "map_stderr,none": 0.05061866141288472,
      "map_2,none": 0.47368421052631576,
      "map_2_stderr,none": 0.07042688475064171,
      "map_3,none": 0.543859649122807,
      "map_3_stderr,none": 0.060516522596104724,
      "map_4,none": 0.5899122807017543,
      "map_4_stderr,none": 0.05061866141288472,
      "map_norm,none": 0.5899122807017543,
      "map_norm_stderr,none": 0.05061866141288472,
      "map_2_norm,none": 0.47368421052631576,
      "map_2_norm_stderr,none": 0.07042688475064171,
      "map_3_norm,none": 0.543859649122807,
      "map_3_norm_stderr,none": 0.060516522596104724,
      "map_4_norm,none": 0.5899122807017543,
      "map_4_norm_stderr,none": 0.05061866141288472,
      "alias": "cma_basics-1.0-0.2"
    },
    "chabsa-1.0-0.2": {
      "acc,none": 0.825585912210281,
      "acc_stderr,none": 0.004318242412192669,
      "f1,none": 0.8361985642823015,
      "f1_stderr,none": "N/A",
      "acc_norm,none": 0.825585912210281,
      "acc_norm_stderr,none": 0.004318242412192669,
      "f1_norm,none": 0.8361985642823015,
      "f1_norm_stderr,none": "N/A",
      "alias": "chabsa-1.0-0.2"
    }
  },
  "group_subtasks": {
    "chabsa-1.0-0.2": [],
    "cma_basics-1.0-0.2": [],
    "cpa_audit-1.0-0.2": [],
    "fp2-1.0-0.2": [],
    "security_sales_1-1.0-0.2": []
  },
  "configs": {
    "chabsa-1.0-0.2": {
      "task": "chabsa-1.0-0.2",
      "dataset_path": "jlm_fin_eval/datasets/chabsa/chabsa.py",
      "dataset_name": "chABSA",
      "test_split": "test",
      "doc_to_text": "センテンス: {{sentence}}\nターゲット: {{target}}\n回答:",
      "doc_to_target": "{{polarity}}",
      "doc_to_choice": [
        "positive",
        "negative"
      ],
      "description": "センテンスとターゲットを入力として受け取り、ターゲットに関するセンチメントをpositiveかnegativeから選択してください。\n\n\n",
      "target_delimiter": " ",
      "fewshot_delimiter": "\n\n",
      "num_fewshot": 0,
      "metric_list": [
        {
          "metric": "acc",
          "aggregation": "mean",
          "higher_is_better": true
        },
        {
          "metric": "acc_norm",
          "aggregation": "mean",
          "higher_is_better": true
        },
        {
          "metric": "f1",
          "aggregation": "2class_adjusted_macro_f1_score_for_chabsa",
          "higher_is_better": true
        },
        {
          "metric": "f1_norm",
          "aggregation": "2class_adjusted_macro_f1_score_for_chabsa",
          "higher_is_better": true
        }
      ],
      "output_type": "multiple_choice",
      "repeats": 1,
      "should_decontaminate": false,
      "doc_to_decontamination_query": "sentence",
      "metadata": {
        "version": 1.0
      }
    },
    "cma_basics-1.0-0.2": {
      "task": "cma_basics-1.0-0.2",
      "dataset_path": "jlm_fin_eval/datasets/cma_basics/cma_basics.py",
      "dataset_name": "cma_basics",
      "test_split": "test",
      "doc_to_text": "def doc_to_text_02(doc):\n    q_doc_text = doc[\"question\"] + \"\\n\"\n    if doc[\"context\"] and doc[\"context\"] != \"\":\n        q_doc_text += doc[\"context\"] + \"\\n\"\n    choices = \",\".join(\n        [\n            f\"{idx}.{choice}\"\n            for idx, choice in zip(doc[\"choices\"][\"id\"], doc[\"choices\"][\"text\"])\n        ]\n    )\n    return f\"質問:{q_doc_text}\" f\"選択肢:{choices}\\n\" \"回答:\"\n",
      "doc_to_target": "def doc_to_target_02(doc):\n    return [\n        str(choice_id)\n        for choice_id in doc[\"choices\"][\"id\"]\n        if choice_id == doc[\"answer\"]\n    ][0]\n",
      "doc_to_choice": "def doc_to_choices_02(doc):\n    return [str(choice) for choice in doc[\"choices\"][\"id\"]]\n",
      "description": "質問と回答の選択肢を入力として受け取り、選択肢から回答を選択してください。なお、回答は選択肢の番号(例:0)でするものとします。\n\n\n",
      "target_delimiter": "",
      "fewshot_delimiter": "\n\n",
      "num_fewshot": 0,
      "metric_list": [
        {
          "metric": "acc",
          "aggregation": "mean",
          "higher_is_better": true
        },
        {
          "metric": "acc_norm",
          "aggregation": "mean",
          "higher_is_better": true
        },
        {
          "metric": "map",
          "aggregation": "mean",
          "higher_is_better": true
        },
        {
          "metric": "map_2",
          "aggregation": "mean",
          "higher_is_better": true
        },
        {
          "metric": "map_3",
          "aggregation": "mean",
          "higher_is_better": true
        },
        {
          "metric": "map_4",
          "aggregation": "mean",
          "higher_is_better": true
        },
        {
          "metric": "map_norm",
          "aggregation": "mean",
          "higher_is_better": true
        },
        {
          "metric": "map_2_norm",
          "aggregation": "mean",