{
  "results": {
    "security_sales_1-1.0-0.1": {
      "acc,none": 0.45614035087719296,
      "acc_stderr,none": 0.06655775300696491,
      "acc_norm,none": 0.45614035087719296,
      "acc_norm_stderr,none": 0.06655775300696491,
      "map,none": 0.7149122807017544,
      "map_stderr,none": 0.03862922967869261,
      "map_2,none": 0.6754385964912281,
      "map_2_stderr,none": 0.04764377408421146,
      "map_3,none": 0.6929824561403509,
      "map_3_stderr,none": 0.04410956367618559,
      "map_4,none": 0.7149122807017544,
      "map_4_stderr,none": 0.03862922967869261,
      "map_norm,none": 0.7090643274853801,
      "map_norm_stderr,none": 0.039584724232342175,
      "map_2_norm,none": 0.6666666666666666,
      "map_2_norm_stderr,none": 0.04900854954141895,
      "map_3_norm,none": 0.6783625730994152,
      "map_3_norm_stderr,none": 0.04680320183579019,
      "map_4_norm,none": 0.7090643274853801,
      "map_4_norm_stderr,none": 0.039584724232342175,
      "alias": "security_sales_1-1.0-0.1"
    },
    "fp2-1.0-0.1": {
      "acc,none": 0.29473684210526313,
      "acc_stderr,none": 0.02094130011857642,
      "acc_norm,none": 0.29473684210526313,
      "acc_norm_stderr,none": 0.02094130011857642,
      "map,none": 0.544736842105264,
      "map_stderr,none": 0.013844334410009883,
      "map_2,none": 0.4063157894736842,
      "map_2_stderr,none": 0.019553198487535384,
      "map_3,none": 0.4863157894736849,
      "map_3_stderr,none": 0.01696853684674315,
      "map_4,none": 0.544736842105264,
      "map_4_stderr,none": 0.013844334410009883,
      "map_norm,none": 0.544736842105264,
      "map_norm_stderr,none": 0.013844334410009883,
      "map_2_norm,none": 0.4063157894736842,
      "map_2_norm_stderr,none": 0.019553198487535384,
      "map_3_norm,none": 0.4863157894736849,
      "map_3_norm_stderr,none": 0.01696853684674315,
      "map_4_norm,none": 0.544736842105264,
      "map_4_norm_stderr,none": 0.013844334410009883,
      "alias": "fp2-1.0-0.1"
    },
    "cpa_audit-1.0-0.1": {
      "acc,none": 0.14824120603015076,
      "acc_stderr,none": 0.01783394937441966,
      "acc_norm,none": 0.14824120603015076,
      "acc_norm_stderr,none": 0.01783394937441966,
      "map,none": 0.4011306532663316,
      "map_stderr,none": 0.013679134388238057,
      "map_2,none": 0.23618090452261306,
      "map_2_stderr,none": 0.018537839008401526,
      "map_3,none": 0.299832495812395,
      "map_3_stderr,none": 0.017639599859227757,
      "map_4,none": 0.34694304857621416,
      "map_4_stderr,none": 0.016250278944211008,
      "map_norm,none": 0.40050251256281394,
      "map_norm_stderr,none": 0.013701380174587942,
      "map_2_norm,none": 0.23618090452261306,
      "map_2_norm_stderr,none": 0.018537839008401526,
      "map_3_norm,none": 0.299832495812395,
      "map_3_norm_stderr,none": 0.017639599859227757,
      "map_4_norm,none": 0.3450586264656614,
      "map_4_norm_stderr,none": 0.01631470487963641,
      "alias": "cpa_audit-1.0-0.1"
    },
    "cma_basics-1.0-0.1": {
      "acc,none": 0.34210526315789475,
      "acc_stderr,none": 0.07799328662681834,
      "acc_norm,none": 0.5,
      "acc_norm_stderr,none": 0.08219949365267865,
      "map,none": 0.6271929824561402,
      "map_stderr,none": 0.045841882700336935,
      "map_2,none": 0.5526315789473685,
      "map_2_stderr,none": 0.06194303376899859,
      "map_3,none": 0.6140350877192982,
      "map_3_stderr,none": 0.049537637440935776,
      "map_4,none": 0.6271929824561402,
      "map_4_stderr,none": 0.045841882700336935,
      "map_norm,none": 0.7105263157894735,
      "map_norm_stderr,none": 0.048866643947778676,
      "map_2_norm,none": 0.6447368421052632,
      "map_2_norm_stderr,none": 0.0650743494707991,
      "map_3_norm,none": 0.6973684210526314,
      "map_3_norm_stderr,none": 0.05291236150984971,
      "map_4_norm,none": 0.7105263157894735,
      "map_4_norm_stderr,none": 0.048866643947778676,
      "alias": "cma_basics-1.0-0.1"
    },
    "chabsa-1.0-0.1": {
      "acc,none": 0.8185938106953257,
      "acc_stderr,none": 0.004385260326466065,
      "f1,none": 0.8230111509659086,
      "f1_stderr,none": "N/A",
      "acc_norm,none": 0.8185938106953257,
      "acc_norm_stderr,none": 0.004385260326466065,
      "f1_norm,none": 0.8230111509659086,
      "f1_norm_stderr,none": "N/A",
      "alias": "chabsa-1.0-0.1"
    }
  },
  "group_subtasks": {
    "chabsa-1.0-0.1": [],
    "cma_basics-1.0-0.1": [],
    "cpa_audit-1.0-0.1": [],
    "fp2-1.0-0.1": [],
    "security_sales_1-1.0-0.1": []
  },
  "configs": {
    "chabsa-1.0-0.1": {
      "task": "chabsa-1.0-0.1",
      "dataset_path": "jlm_fin_eval/datasets/chabsa/chabsa.py",
      "dataset_name": "chABSA",
      "test_split": "test",
      "doc_to_text": "[センテンス]: {{sentence}}\nターゲット]: {{target}}\n[答え]:",
      "doc_to_target": "{{polarity}}",
      "doc_to_choice": [
        "positive",
        "negative"
      ],
      "description": "[センテンス]における、[ターゲット]のセンチメントをpositiveかnegativeで選んでください。\n\n\n",
      "target_delimiter": " ",
      "fewshot_delimiter": "\n\n",
      "num_fewshot": 0,
      "metric_list": [
        {
          "metric": "acc",
          "aggregation": "mean",
          "higher_is_better": true
        },
        {
          "metric": "acc_norm",
          "aggregation": "mean",
          "higher_is_better": true
        },
        {
          "metric": "f1",
          "aggregation": "2class_adjusted_macro_f1_score_for_chabsa",
          "higher_is_better": true
        },
        {
          "metric": "f1_norm",
          "aggregation": "2class_adjusted_macro_f1_score_for_chabsa",
          "higher_is_better": true
        }
      ],
      "output_type": "multiple_choice",
      "repeats": 1,
      "should_decontaminate": false,
      "doc_to_decontamination_query": "sentence",
      "metadata": {
        "version": 1.0
      }
    },
    "cma_basics-1.0-0.1": {
      "task": "cma_basics-1.0-0.1",
      "dataset_path": "jlm_fin_eval/datasets/cma_basics/cma_basics.py",
      "dataset_name": "cma_basics",
      "test_split": "test",
      "doc_to_text": "def doc_to_text_01(doc):\n    q_doc_text = doc[\"question\"] + \"\\n\"\n    if doc[\"context\"] and doc[\"context\"] != \"\":\n        q_doc_text += doc[\"context\"] + \"\\n\"\n    return f\"[問題]:{q_doc_text}[選択肢]:[{', '.join(doc['choices']['text'])}]\\n[答え]:\"\n",
      "doc_to_target": "def doc_to_target_01(doc):\n    return [\n        choice_text\n        for choice_id, choice_text in zip(doc[\"choices\"][\"id\"], doc[\"choices\"][\"text\"])\n        if choice_id == doc[\"answer\"]\n    ][0]\n",
      "doc_to_choice": "def doc_to_choices_01(doc):\n    choices = doc[\"choices\"][\"text\"]\n    return choices\n",
      "description": "[問題]に対する[答え]を[選択肢]の中から選んでください。\n\n\n",
      "target_delimiter": "",
      "fewshot_delimiter": "\n\n",
      "num_fewshot": 0,
      "metric_list": [
        {
          "metric": "acc",
          "aggregation": "mean",
          "higher_is_better": true
        },
        {
          "metric": "acc_norm",
          "aggregation": "mean",
          "higher_is_better": true
        },
        {
          "metric": "map",
          "aggregation": "mean",
          "higher_is_better": true
        },
        {
          "metric": "map_2",
          "aggregation": "mean",
          "higher_is_better": true
        },
        {
          "metric": "map_3",
          "aggregation": "mean",
          "higher_is_better": true
        },
        {
          "metric": "map_4",
          "aggregation": "mean",
          "higher_is_better": true
        },
        {
          "metric": "map_norm",
          "aggregation": "mean",
          "higher_is_better": true
        },
        {
          "metric": "map_2_norm",
          "aggregation": "mean",
          "higher_is_better": true
        },
        {
          "metric": "map_3_norm",
          "aggregation": "mean",
          "higher_is_better": true
        },
        {
          "metric": "map_4_norm",