{
  "results": {
    "security_sales_1-1.0-0.5": {
      "acc,none": 0.42105263157894735,
      "acc_stderr,none": 0.06597717584505354,
      "acc_norm,none": 0.42105263157894735,
      "acc_norm_stderr,none": 0.06597717584505354,
      "map,none": 0.6739766081871345,
      "map_stderr,none": 0.03847875132837168,
      "map_2,none": 0.6228070175438597,
      "map_2_stderr,none": 0.04892436645686708,
      "map_3,none": 0.652046783625731,
      "map_3_stderr,none": 0.04361180320630362,
      "map_4,none": 0.6739766081871345,
      "map_4_stderr,none": 0.03847875132837168,
      "map_norm,none": 0.6725146198830408,
      "map_norm_stderr,none": 0.03873677860356246,
      "map_2_norm,none": 0.6228070175438597,
      "map_2_norm_stderr,none": 0.04892436645686708,
      "map_3_norm,none": 0.6461988304093567,
      "map_3_norm_stderr,none": 0.044752128260274755,
      "map_4_norm,none": 0.6725146198830408,
      "map_4_norm_stderr,none": 0.03873677860356246,
      "alias": "security_sales_1-1.0-0.5"
    },
    "fp2-1.0-0.5": {
      "acc,none": 0.24210526315789474,
      "acc_stderr,none": 0.01967512001202636,
      "acc_norm,none": 0.24210526315789474,
      "acc_norm_stderr,none": 0.01967512001202636,
      "map,none": 0.5196491228070184,
      "map_stderr,none": 0.013268114862461053,
      "map_2,none": 0.3726315789473684,
      "map_2_stderr,none": 0.018972520133461318,
      "map_3,none": 0.4596491228070182,
      "map_3_stderr,none": 0.01638166980577647,
      "map_4,none": 0.5196491228070184,
      "map_4_stderr,none": 0.013268114862461053,
      "map_norm,none": 0.5196491228070184,
      "map_norm_stderr,none": 0.013268114862461053,
      "map_2_norm,none": 0.3726315789473684,
      "map_2_norm_stderr,none": 0.018972520133461318,
      "map_3_norm,none": 0.4596491228070182,
      "map_3_norm_stderr,none": 0.01638166980577647,
      "map_4_norm,none": 0.5196491228070184,
      "map_4_norm_stderr,none": 0.013268114862461053,
      "alias": "fp2-1.0-0.5"
    },
    "cpa_audit-1.0-0.5": {
      "acc,none": 0.1407035175879397,
      "acc_stderr,none": 0.017451338441977035,
      "acc_norm,none": 0.1306532663316583,
      "acc_norm_stderr,none": 0.016914586905916507,
      "map,none": 0.38773031825795584,
      "map_stderr,none": 0.013628670488237628,
      "map_2,none": 0.22613065326633167,
      "map_2_stderr,none": 0.018253878031120076,
      "map_3,none": 0.28056951423785575,
      "map_3_stderr,none": 0.017590651863770866,
      "map_4,none": 0.32391122278056933,
      "map_4_stderr,none": 0.016453913908156433,
      "map_norm,none": 0.379020100502512,
      "map_norm_stderr,none": 0.013293223378125722,
      "map_2_norm,none": 0.2135678391959799,
      "map_2_norm_stderr,none": 0.017850437331036712,
      "map_3_norm,none": 0.2696817420435509,
      "map_3_norm_stderr,none": 0.01724668734334629,
      "map_4_norm,none": 0.3142797319932996,
      "map_4_norm_stderr,none": 0.016122401346225217,
      "alias": "cpa_audit-1.0-0.5"
    },
    "cma_basics-1.0-0.5": {
      "acc,none": 0.2631578947368421,
      "acc_stderr,none": 0.0723926637268818,
      "acc_norm,none": 0.23684210526315788,
      "acc_norm_stderr,none": 0.06989334006042333,
      "map,none": 0.5372807017543859,
      "map_stderr,none": 0.04732213506985989,
      "map_2,none": 0.3815789473684211,
      "map_2_stderr,none": 0.06911915445746265,
      "map_3,none": 0.5043859649122806,
      "map_3_stderr,none": 0.0542513898107587,
      "map_4,none": 0.5372807017543859,
      "map_4_stderr,none": 0.04732213506985989,
      "map_norm,none": 0.5350877192982457,
      "map_norm_stderr,none": 0.04506983795248377,
      "map_2_norm,none": 0.40789473684210525,
      "map_2_norm_stderr,none": 0.06493037949471836,
      "map_3_norm,none": 0.49561403508771934,
      "map_3_norm_stderr,none": 0.05351809882257613,
      "map_4_norm,none": 0.5350877192982457,
      "map_4_norm_stderr,none": 0.04506983795248377,
      "alias": "cma_basics-1.0-0.5"
    },
    "chabsa-1.0-0.5": {
      "acc,none": 0.7446588113427425,
      "acc_stderr,none": 0.004962199328383377,
      "f1,none": 0.7283017619876998,
      "f1_stderr,none": "N/A",
      "acc_norm,none": 0.7446588113427425,
      "acc_norm_stderr,none": 0.004962199328383377,
      "f1_norm,none": 0.7283017619876998,
      "f1_norm_stderr,none": "N/A",
      "alias": "chabsa-1.0-0.5"
    }
  },
  "group_subtasks": {
    "chabsa-1.0-0.5": [],
    "cma_basics-1.0-0.5": [],
    "cpa_audit-1.0-0.5": [],
    "fp2-1.0-0.5": [],
    "security_sales_1-1.0-0.5": []
  },
  "configs": {
    "chabsa-1.0-0.5": {
      "task": "chabsa-1.0-0.5",
      "dataset_path": "jlm_fin_eval/datasets/chabsa/chabsa.py",
      "dataset_name": "chABSA",
      "test_split": "test",
      "doc_to_text": "センテンス: {{sentence}}\nターゲット: {{target}}\nシステム:",
      "doc_to_target": "{{polarity}}",
      "doc_to_choice": [
        "positive",
        "negative"
      ],
      "description": "ユーザー: センテンスにおける、ターゲットのセンチメントをpositiveかnegativeで答えてください。\nシステム: 分かりました。\n\n",
      "target_delimiter": " ",
      "fewshot_delimiter": "\n",
      "num_fewshot": 0,
      "metric_list": [
        {
          "metric": "acc",
          "aggregation": "mean",
          "higher_is_better": true
        },
        {
          "metric": "acc_norm",
          "aggregation": "mean",
          "higher_is_better": true
        },
        {
          "metric": "f1",
          "aggregation": "2class_adjusted_macro_f1_score_for_chabsa",
          "higher_is_better": true
        },
        {
          "metric": "f1_norm",
          "aggregation": "2class_adjusted_macro_f1_score_for_chabsa",
          "higher_is_better": true
        }
      ],
      "output_type": "multiple_choice",
      "repeats": 1,
      "should_decontaminate": false,
      "doc_to_decontamination_query": "sentence",
      "metadata": {
        "version": 1.0
      }
    },
    "cma_basics-1.0-0.5": {
      "task": "cma_basics-1.0-0.5",
      "dataset_path": "jlm_fin_eval/datasets/cma_basics/cma_basics.py",
      "dataset_name": "cma_basics",
      "test_split": "test",
      "doc_to_text": "def doc_to_text_05(doc):\n    return doc_to_text_04(doc, SEP=\"\\n\")\n",
      "doc_to_target": "def doc_to_target_01(doc):\n    return [\n        choice_text\n        for choice_id, choice_text in zip(doc[\"choices\"][\"id\"], doc[\"choices\"][\"text\"])\n        if choice_id == doc[\"answer\"]\n    ][0]\n",
      "doc_to_choice": "def doc_to_choices_01(doc):\n    choices = doc[\"choices\"][\"text\"]\n    return choices\n",
      "description": "ユーザー: 与えられた選択肢の中から、最適な答えを選んでください。\nシステム: 分かりました。\n\n",
      "target_delimiter": "",
      "fewshot_delimiter": "\n",
      "num_fewshot": 0,
      "metric_list": [
        {
          "metric": "acc",
          "aggregation": "mean",
          "higher_is_better": true
        },
        {
          "metric": "acc_norm",
          "aggregation": "mean",
          "higher_is_better": true
        },
        {
          "metric": "map",
          "aggregation": "mean",
          "higher_is_better": true
        },
        {
          "metric": "map_2",
          "aggregation": "mean",
          "higher_is_better": true
        },
        {
          "metric": "map_3",
          "aggregation": "mean",
          "higher_is_better": true
        },
        {
          "metric": "map_4",
          "aggregation": "mean",
          "higher_is_better": true
        },
        {
          "metric": "map_norm",
          "aggregation": "mean",
          "higher_is_better": true
        },
        {
          "metric": "map_2_norm",
          "aggregation": "mean",
          "higher_is_better": true
        },
        {
          "metric": "map_3_norm",
          "aggregation": "mean",
          "higher_is_better": true
        },
        {
          "metric": "map_4_norm",
          "aggregation": "mean",
          "higher_is_better": true
        }
      ],
      "output_type": "multiple_choice",
      "repeats": 1,