{
  "results": {
    "security_sales_1-1.0-0.5": {
      "acc,none": 0.43859649122807015,
      "acc_stderr,none": 0.0663095566682855,
      "acc_norm,none": 0.43859649122807015,
      "acc_norm_stderr,none": 0.0663095566682855,
      "map,none": 0.6769005847953216,
      "map_stderr,none": 0.03963675743580101,
      "map_2,none": 0.6228070175438597,
      "map_2_stderr,none": 0.05049985383360871,
      "map_3,none": 0.6461988304093567,
      "map_3_stderr,none": 0.04646928650016167,
      "map_4,none": 0.6769005847953216,
      "map_4_stderr,none": 0.03963675743580101,
      "map_norm,none": 0.6725146198830408,
      "map_norm_stderr,none": 0.04038654090894353,
      "map_2_norm,none": 0.6228070175438597,
      "map_2_norm_stderr,none": 0.050499853833608714,
      "map_3_norm,none": 0.6286549707602338,
      "map_3_norm_stderr,none": 0.04954146889641433,
      "map_4_norm,none": 0.6725146198830408,
      "map_4_norm_stderr,none": 0.04038654090894353,
      "alias": "security_sales_1-1.0-0.5"
    },
    "fp2-1.0-0.5": {
      "acc,none": 0.24210526315789474,
      "acc_stderr,none": 0.019675120012026353,
      "acc_norm,none": 0.24210526315789474,
      "acc_norm_stderr,none": 0.019675120012026353,
      "map,none": 0.5184210526315799,
      "map_stderr,none": 0.013179713939549118,
      "map_2,none": 0.3736842105263158,
      "map_2_stderr,none": 0.018840595346411786,
      "map_3,none": 0.45789473684210596,
      "map_3_stderr,none": 0.016323297673793105,
      "map_4,none": 0.5184210526315799,
      "map_4_stderr,none": 0.013179713939549118,
      "map_norm,none": 0.5184210526315799,
      "map_norm_stderr,none": 0.013179713939549118,
      "map_2_norm,none": 0.3736842105263158,
      "map_2_norm_stderr,none": 0.018840595346411786,
      "map_3_norm,none": 0.45789473684210596,
      "map_3_norm_stderr,none": 0.016323297673793105,
      "map_4_norm,none": 0.5184210526315799,
      "map_4_norm_stderr,none": 0.013179713939549118,
      "alias": "fp2-1.0-0.5"
    },
    "cpa_audit-1.0-0.5": {
      "acc,none": 0.12060301507537688,
      "acc_stderr,none": 0.01634467597786587,
      "acc_norm,none": 0.12060301507537688,
      "acc_norm_stderr,none": 0.01634467597786587,
      "map,none": 0.37537688442211065,
      "map_stderr,none": 0.012870508819068819,
      "map_2,none": 0.20728643216080403,
      "map_2_stderr,none": 0.017456463200094686,
      "map_3,none": 0.26507537688442184,
      "map_3_stderr,none": 0.016866847765875128,
      "map_4,none": 0.3115577889447233,
      "map_4_stderr,none": 0.015692258704961066,
      "map_norm,none": 0.37537688442211065,
      "map_norm_stderr,none": 0.012870508819068819,
      "map_2_norm,none": 0.20728643216080403,
      "map_2_norm_stderr,none": 0.017456463200094686,
      "map_3_norm,none": 0.26507537688442184,
      "map_3_norm_stderr,none": 0.016866847765875128,
      "map_4_norm,none": 0.3115577889447233,
      "map_4_norm_stderr,none": 0.015692258704961066,
      "alias": "cpa_audit-1.0-0.5"
    },
    "cma_basics-1.0-0.5": {
      "acc,none": 0.3157894736842105,
      "acc_stderr,none": 0.07641750223933595,
      "acc_norm,none": 0.18421052631578946,
      "acc_norm_stderr,none": 0.06373021861834362,
      "map,none": 0.5745614035087719,
      "map_stderr,none": 0.049474625792653396,
      "map_2,none": 0.4473684210526316,
      "map_2_stderr,none": 0.07002710734081143,
      "map_3,none": 0.5350877192982456,
      "map_3_stderr,none": 0.058007419401150125,
      "map_4,none": 0.5745614035087719,
      "map_4_stderr,none": 0.049474625792653396,
      "map_norm,none": 0.5219298245614035,
      "map_norm_stderr,none": 0.04008794496379259,
      "map_2_norm,none": 0.40789473684210525,
      "map_2_norm_stderr,none": 0.05920064719228436,
      "map_3_norm,none": 0.4956140350877193,
      "map_3_norm_stderr,none": 0.0463998852179637,
      "map_4_norm,none": 0.5219298245614035,
      "map_4_norm_stderr,none": 0.04008794496379259,
      "alias": "cma_basics-1.0-0.5"
    },
    "chabsa-1.0-0.5": {
      "acc,none": 0.6074064482713971,
      "acc_stderr,none": 0.005557076577367968,
      "f1,none": 0.4869272418931644,
      "f1_stderr,none": "N/A",
      "acc_norm,none": 0.6074064482713971,
      "acc_norm_stderr,none": 0.005557076577367968,
      "f1_norm,none": 0.4869272418931644,
      "f1_norm_stderr,none": "N/A",
      "alias": "chabsa-1.0-0.5"
    }
  },
  "group_subtasks": {
    "chabsa-1.0-0.5": [],
    "cma_basics-1.0-0.5": [],
    "cpa_audit-1.0-0.5": [],
    "fp2-1.0-0.5": [],
    "security_sales_1-1.0-0.5": []
  },
  "configs": {
    "chabsa-1.0-0.5": {
      "task": "chabsa-1.0-0.5",
      "dataset_path": "jlm_fin_eval/datasets/chabsa/chabsa.py",
      "dataset_name": "chABSA",
      "test_split": "test",
      "doc_to_text": "センテンス: {{sentence}}\nターゲット: {{target}}\nシステム:",
      "doc_to_target": "{{polarity}}",
      "doc_to_choice": [
        "positive",
        "negative"
      ],
      "description": "ユーザー: センテンスにおける、ターゲットのセンチメントをpositiveかnegativeで答えてください。\nシステム: 分かりました。\n\n",
      "target_delimiter": " ",
      "fewshot_delimiter": "\n",
      "num_fewshot": 0,
      "metric_list": [
        {
          "metric": "acc",
          "aggregation": "mean",
          "higher_is_better": true
        },
        {
          "metric": "acc_norm",
          "aggregation": "mean",
          "higher_is_better": true
        },
        {
          "metric": "f1",
          "aggregation": "2class_adjusted_macro_f1_score_for_chabsa",
          "higher_is_better": true
        },
        {
          "metric": "f1_norm",
          "aggregation": "2class_adjusted_macro_f1_score_for_chabsa",
          "higher_is_better": true
        }
      ],
      "output_type": "multiple_choice",
      "repeats": 1,
      "should_decontaminate": false,
      "doc_to_decontamination_query": "sentence",
      "metadata": {
        "version": 1.0
      }
    },
    "cma_basics-1.0-0.5": {
      "task": "cma_basics-1.0-0.5",
      "dataset_path": "jlm_fin_eval/datasets/cma_basics/cma_basics.py",
      "dataset_name": "cma_basics",
      "test_split": "test",
      "doc_to_text": "def doc_to_text_05(doc):\n    return doc_to_text_04(doc, SEP=\"\\n\")\n",
      "doc_to_target": "def doc_to_target_01(doc):\n    return [\n        choice_text\n        for choice_id, choice_text in zip(doc[\"choices\"][\"id\"], doc[\"choices\"][\"text\"])\n        if choice_id == doc[\"answer\"]\n    ][0]\n",
      "doc_to_choice": "def doc_to_choices_01(doc):\n    choices = doc[\"choices\"][\"text\"]\n    return choices\n",
      "description": "ユーザー: 与えられた選択肢の中から、最適な答えを選んでください。\nシステム: 分かりました。\n\n",
      "target_delimiter": "",
      "fewshot_delimiter": "\n",
      "num_fewshot": 0,
      "metric_list": [
        {
          "metric": "acc",
          "aggregation": "mean",
          "higher_is_better": true
        },
        {
          "metric": "acc_norm",
          "aggregation": "mean",
          "higher_is_better": true
        },
        {
          "metric": "map",
          "aggregation": "mean",
          "higher_is_better": true
        },
        {
          "metric": "map_2",
          "aggregation": "mean",
          "higher_is_better": true
        },
        {
          "metric": "map_3",
          "aggregation": "mean",
          "higher_is_better": true
        },
        {
          "metric": "map_4",
          "aggregation": "mean",
          "higher_is_better": true
        },
        {
          "metric": "map_norm",
          "aggregation": "mean",
          "higher_is_better": true
        },
        {
          "metric": "map_2_norm",
          "aggregation": "mean",
          "higher_is_better": true
        },
        {
          "metric": "map_3_norm",
          "aggregation": "mean",
          "higher_is_better": true
        },
        {
          "metric": "map_4_norm",
          "aggregation": "mean",
          "higher_is_better": true
        }
      ],
      "output_type": "multiple_choice",
      "repeats": 1,