{
  "results": {
    "security_sales_1-1.0-0.1.2": {
      "acc,none": 0.40350877192982454,
      "acc_stderr,none": 0.06555933012294897,
      "acc_norm,none": 0.40350877192982454,
      "acc_norm_stderr,none": 0.06555933012294897,
      "map,none": 0.6681286549707601,
      "map_stderr,none": 0.0378063019688426,
      "map_2,none": 0.6228070175438597,
      "map_2_stderr,none": 0.04729642723500154,
      "map_3,none": 0.6461988304093567,
      "map_3_stderr,none": 0.04296639826438862,
      "map_4,none": 0.6681286549707601,
      "map_4_stderr,none": 0.0378063019688426,
      "map_norm,none": 0.6681286549707601,
      "map_norm_stderr,none": 0.0378063019688426,
      "map_2_norm,none": 0.6228070175438597,
      "map_2_norm_stderr,none": 0.04729642723500154,
      "map_3_norm,none": 0.6461988304093567,
      "map_3_norm_stderr,none": 0.04296639826438862,
      "map_4_norm,none": 0.6681286549707601,
      "map_4_norm_stderr,none": 0.0378063019688426,
      "alias": "security_sales_1-1.0-0.1.2"
    },
    "fp2-1.0-0.1.2": {
      "acc,none": 0.2294736842105263,
      "acc_stderr,none": 0.01931394592803121,
      "acc_norm,none": 0.2294736842105263,
      "acc_norm_stderr,none": 0.01931394592803121,
      "map,none": 0.5121052631578957,
      "map_stderr,none": 0.013047042112464135,
      "map_2,none": 0.36210526315789476,
      "map_2_stderr,none": 0.018757530990276293,
      "map_3,none": 0.4526315789473692,
      "map_3_stderr,none": 0.016121560188381664,
      "map_4,none": 0.5121052631578957,
      "map_4_stderr,none": 0.013047042112464135,
      "map_norm,none": 0.5121052631578957,
      "map_norm_stderr,none": 0.013047042112464135,
      "map_2_norm,none": 0.36210526315789476,
      "map_2_norm_stderr,none": 0.018757530990276293,
      "map_3_norm,none": 0.4526315789473692,
      "map_3_norm_stderr,none": 0.016121560188381664,
      "map_4_norm,none": 0.5121052631578957,
      "map_4_norm_stderr,none": 0.013047042112464135,
      "alias": "fp2-1.0-0.1.2"
    },
    "cpa_audit-1.0-0.1.2": {
      "acc,none": 0.1507537688442211,
      "acc_stderr,none": 0.01795790417830787,
      "acc_norm,none": 0.1507537688442211,
      "acc_norm_stderr,none": 0.01795790417830787,
      "map,none": 0.39945561139028485,
      "map_stderr,none": 0.0137688931953616,
      "map_2,none": 0.23115577889447236,
      "map_2_stderr,none": 0.018611890497522873,
      "map_3,none": 0.2973199329983246,
      "map_3_stderr,none": 0.01771665806983122,
      "map_4,none": 0.3394053601340031,
      "map_4_stderr,none": 0.016519193492809357,
      "map_norm,none": 0.39945561139028485,
      "map_norm_stderr,none": 0.0137688931953616,
      "map_2_norm,none": 0.23115577889447236,
      "map_2_norm_stderr,none": 0.018611890497522873,
      "map_3_norm,none": 0.2973199329983246,
      "map_3_norm_stderr,none": 0.01771665806983122,
      "map_4_norm,none": 0.3394053601340031,
      "map_4_norm_stderr,none": 0.016519193492809357,
      "alias": "cpa_audit-1.0-0.1.2"
    },
    "cma_basics-1.0-0.1.2": {
      "acc,none": 0.3157894736842105,
      "acc_stderr,none": 0.07641750223933595,
      "acc_norm,none": 0.3157894736842105,
      "acc_norm_stderr,none": 0.07641750223933595,
      "map,none": 0.5679824561403509,
      "map_stderr,none": 0.050175059351257684,
      "map_2,none": 0.4342105263157895,
      "map_2_stderr,none": 0.07098938231164041,
      "map_3,none": 0.5219298245614036,
      "map_3_stderr,none": 0.05969042304350679,
      "map_4,none": 0.5679824561403509,
      "map_4_stderr,none": 0.050175059351257684,
      "map_norm,none": 0.5679824561403509,
      "map_norm_stderr,none": 0.050175059351257684,
      "map_2_norm,none": 0.4342105263157895,
      "map_2_norm_stderr,none": 0.07098938231164041,
      "map_3_norm,none": 0.5219298245614036,
      "map_3_norm_stderr,none": 0.05969042304350679,
      "map_4_norm,none": 0.5679824561403509,
      "map_4_norm_stderr,none": 0.050175059351257684,
      "alias": "cma_basics-1.0-0.1.2"
    },
    "chabsa-1.0-0.1": {
      "acc,none": 0.5886313608701282,
      "acc_stderr,none": 0.005599798367793731,
      "f1,none": 0.43167845079427347,
      "f1_stderr,none": "N/A",
      "acc_norm,none": 0.5886313608701282,
      "acc_norm_stderr,none": 0.005599798367793731,
      "f1_norm,none": 0.43167845079427347,
      "f1_norm_stderr,none": "N/A",
      "alias": "chabsa-1.0-0.1"
    }
  },
  "group_subtasks": {
    "chabsa-1.0-0.1": [],
    "cma_basics-1.0-0.1.2": [],
    "cpa_audit-1.0-0.1.2": [],
    "fp2-1.0-0.1.2": [],
    "security_sales_1-1.0-0.1.2": []
  },
  "configs": {
    "chabsa-1.0-0.1": {
      "task": "chabsa-1.0-0.1",
      "dataset_path": "jlm_fin_eval/datasets/chabsa/chabsa.py",
      "dataset_name": "chABSA",
      "test_split": "test",
      "doc_to_text": "[センテンス]: {{sentence}}\nターゲット]: {{target}}\n[答え]:",
      "doc_to_target": "{{polarity}}",
      "doc_to_choice": [
        "positive",
        "negative"
      ],
      "description": "[センテンス]における、[ターゲット]のセンチメントをpositiveかnegativeで選んでください。\n\n\n",
      "target_delimiter": " ",
      "fewshot_delimiter": "\n\n",
      "num_fewshot": 0,
      "metric_list": [
        {
          "metric": "acc",
          "aggregation": "mean",
          "higher_is_better": true
        },
        {
          "metric": "acc_norm",
          "aggregation": "mean",
          "higher_is_better": true
        },
        {
          "metric": "f1",
          "aggregation": "2class_adjusted_macro_f1_score_for_chabsa",
          "higher_is_better": true
        },
        {
          "metric": "f1_norm",
          "aggregation": "2class_adjusted_macro_f1_score_for_chabsa",
          "higher_is_better": true
        }
      ],
      "output_type": "multiple_choice",
      "repeats": 1,
      "should_decontaminate": false,
      "doc_to_decontamination_query": "sentence",
      "metadata": {
        "version": 1.0
      }
    },
    "cma_basics-1.0-0.1.2": {
      "task": "cma_basics-1.0-0.1.2",
      "dataset_path": "jlm_fin_eval/datasets/cma_basics/cma_basics.py",
      "dataset_name": "cma_basics",
      "test_split": "test",
      "doc_to_text": "def doc_to_text_01_2(doc):\n    q_doc_text = doc[\"question\"] + \"\\n\"\n    if doc[\"context\"] and doc[\"context\"] != \"\":\n        q_doc_text += doc[\"context\"] + \"\\n\"\n    choice_doc_text = []\n    for choice_id, choice_text in zip(doc[\"choices\"][\"id\"], doc[\"choices\"][\"text\"]):\n        choice_doc_text.append(chr(choice_id + 65) + \":\" + choice_text)\n    return f\"[問題]:{q_doc_text}[選択肢]:[{', '.join(choice_doc_text)}]\\n[答え]:\"\n",
      "doc_to_target": "def doc_to_target_alphabet(doc):\n    answer = chr(int(doc[\"answer\"]) + 65)\n    return answer\n",
      "doc_to_choice": "def doc_to_choices_alphabet(doc):\n    choices = [chr(choice_id + 65) for choice_id in doc[\"choices\"][\"id\"]]\n    return choices\n",
      "description": "[問題]に対する[答え]を[選択肢]の中からアルファベットで選んでください。\n\n\n",
      "target_delimiter": "",
      "fewshot_delimiter": "\n\n",
      "num_fewshot": 0,
      "metric_list": [
        {
          "metric": "acc",
          "aggregation": "mean",
          "higher_is_better": true
        },
        {
          "metric": "acc_norm",
          "aggregation": "mean",
          "higher_is_better": true
        },
        {
          "metric": "map",
          "aggregation": "mean",
          "higher_is_better": true
        },
        {
          "metric": "map_2",
          "aggregation": "mean",
          "higher_is_better": true
        },
        {
          "metric": "map_3",
          "aggregation": "mean",
          "higher_is_better": true
        },
        {
          "metric": "map_4",
          "aggregation": "mean",
          "higher_is_better": true
        },
        {
          "metric": "map_norm",
          "aggregation": "mean",
          "higher_is_better": true
        },
        {
          "metric": "map_2_norm",
          "aggregation": "mean",