{
  "results": {
    "security_sales_1-1.0-0.4": {
      "acc,none": 0.40350877192982454,
      "acc_stderr,none": 0.06555933012294897,
      "acc_norm,none": 0.40350877192982454,
      "acc_norm_stderr,none": 0.06555933012294897,
      "map,none": 0.6608187134502923,
      "map_stderr,none": 0.03873677860356246,
      "map_2,none": 0.6052631578947368,
      "map_2_stderr,none": 0.04964921136756273,
      "map_3,none": 0.6345029239766081,
      "map_3_stderr,none": 0.04462914507987153,
      "map_4,none": 0.6608187134502923,
      "map_4_stderr,none": 0.03873677860356246,
      "map_norm,none": 0.6578947368421053,
      "map_norm_stderr,none": 0.03922926276315422,
      "map_2_norm,none": 0.6052631578947368,
      "map_2_norm_stderr,none": 0.04964921136756273,
      "map_3_norm,none": 0.6228070175438597,
      "map_3_norm_stderr,none": 0.04674118271067233,
      "map_4_norm,none": 0.6578947368421053,
      "map_4_norm_stderr,none": 0.03922926276315422,
      "alias": "security_sales_1-1.0-0.4"
    },
    "fp2-1.0-0.4": {
      "acc,none": 0.23789473684210527,
      "acc_stderr,none": 0.019557382357921746,
      "acc_norm,none": 0.23789473684210527,
      "acc_norm_stderr,none": 0.019557382357921746,
      "map,none": 0.5131578947368431,
      "map_stderr,none": 0.013150860507783243,
      "map_2,none": 0.36210526315789476,
      "map_2_stderr,none": 0.018875551708669336,
      "map_3,none": 0.45263157894736933,
      "map_3_stderr,none": 0.016258726468056678,
      "map_4,none": 0.5131578947368431,
      "map_4_stderr,none": 0.013150860507783243,
      "map_norm,none": 0.5131578947368431,
      "map_norm_stderr,none": 0.013150860507783243,
      "map_2_norm,none": 0.36210526315789476,
      "map_2_norm_stderr,none": 0.018875551708669336,
      "map_3_norm,none": 0.45263157894736933,
      "map_3_norm_stderr,none": 0.016258726468056678,
      "map_4_norm,none": 0.5131578947368431,
      "map_4_norm_stderr,none": 0.013150860507783243,
      "alias": "fp2-1.0-0.4"
    },
    "cpa_audit-1.0-0.4": {
      "acc,none": 0.12060301507537688,
      "acc_stderr,none": 0.01634467597786587,
      "acc_norm,none": 0.12060301507537688,
      "acc_norm_stderr,none": 0.01634467597786587,
      "map,none": 0.37319932998324995,
      "map_stderr,none": 0.012873346756153587,
      "map_2,none": 0.2022613065326633,
      "map_2_stderr,none": 0.017423638701525808,
      "map_3,none": 0.2634003350083749,
      "map_3_stderr,none": 0.01682867443755166,
      "map_4,none": 0.30862646566164115,
      "map_4_stderr,none": 0.01570092605197058,
      "map_norm,none": 0.37319932998324995,
      "map_norm_stderr,none": 0.012873346756153587,
      "map_2_norm,none": 0.2022613065326633,
      "map_2_norm_stderr,none": 0.017423638701525808,
      "map_3_norm,none": 0.2634003350083749,
      "map_3_norm_stderr,none": 0.01682867443755166,
      "map_4_norm,none": 0.30862646566164115,
      "map_4_norm_stderr,none": 0.01570092605197058,
      "alias": "cpa_audit-1.0-0.4"
    },
    "cma_basics-1.0-0.4": {
      "acc,none": 0.2894736842105263,
      "acc_stderr,none": 0.07455791696866065,
      "acc_norm,none": 0.15789473684210525,
      "acc_norm_stderr,none": 0.05994682078436836,
      "map,none": 0.5394736842105263,
      "map_stderr,none": 0.05006484278356196,
      "map_2,none": 0.3815789473684211,
      "map_2_stderr,none": 0.07164549036461391,
      "map_3,none": 0.4868421052631579,
      "map_3_stderr,none": 0.06008975260721329,
      "map_4,none": 0.5394736842105263,
      "map_4_stderr,none": 0.05006484278356196,
      "map_norm,none": 0.5000000000000001,
      "map_norm_stderr,none": 0.03849343973714917,
      "map_2_norm,none": 0.3684210526315789,
      "map_2_norm_stderr,none": 0.058684641094555526,
      "map_3_norm,none": 0.4736842105263159,
      "map_3_norm_stderr,none": 0.0446817221029483,
      "map_4_norm,none": 0.5000000000000001,
      "map_4_norm_stderr,none": 0.03849343973714917,
      "alias": "cma_basics-1.0-0.4"
    },
    "chabsa-1.0-0.4": {
      "acc,none": 0.5838404764987699,
      "acc_stderr,none": 0.00560934459295873,
      "f1,none": 0.42087938414232084,
      "f1_stderr,none": "N/A",
      "acc_norm,none": 0.5838404764987699,
      "acc_norm_stderr,none": 0.00560934459295873,
      "f1_norm,none": 0.42087938414232084,
      "f1_norm_stderr,none": "N/A",
      "alias": "chabsa-1.0-0.4"
    }
  },
  "group_subtasks": {
    "chabsa-1.0-0.4": [],
    "cma_basics-1.0-0.4": [],
    "cpa_audit-1.0-0.4": [],
    "fp2-1.0-0.4": [],
    "security_sales_1-1.0-0.4": []
  },
  "configs": {
    "chabsa-1.0-0.4": {
      "task": "chabsa-1.0-0.4",
      "dataset_path": "jlm_fin_eval/datasets/chabsa/chabsa.py",
      "dataset_name": "chABSA",
      "test_split": "test",
      "doc_to_text": "センテンス: {{sentence}}<NL>ターゲット: {{target}}<NL>システム:",
      "doc_to_target": "{{polarity}}",
      "doc_to_choice": [
        "positive",
        "negative"
      ],
      "description": "ユーザー: センテンスにおける、ターゲットのセンチメントをpositiveかnegativeで答えてください。<NL>システム: 分かりました。<NL>",
      "target_delimiter": " ",
      "fewshot_delimiter": "<NL>",
      "num_fewshot": 0,
      "metric_list": [
        {
          "metric": "acc",
          "aggregation": "mean",
          "higher_is_better": true
        },
        {
          "metric": "acc_norm",
          "aggregation": "mean",
          "higher_is_better": true
        },
        {
          "metric": "f1",
          "aggregation": "2class_adjusted_macro_f1_score_for_chabsa",
          "higher_is_better": true
        },
        {
          "metric": "f1_norm",
          "aggregation": "2class_adjusted_macro_f1_score_for_chabsa",
          "higher_is_better": true
        }
      ],
      "output_type": "multiple_choice",
      "repeats": 1,
      "should_decontaminate": false,
      "doc_to_decontamination_query": "sentence",
      "metadata": {
        "version": 1.0
      }
    },
    "cma_basics-1.0-0.4": {
      "task": "cma_basics-1.0-0.4",
      "dataset_path": "jlm_fin_eval/datasets/cma_basics/cma_basics.py",
      "dataset_name": "cma_basics",
      "test_split": "test",
      "doc_to_text": "def doc_to_text_04(doc, SEP=\"<NL>\"):\n    q_doc_text = doc[\"question\"]\n    if doc[\"context\"] and doc[\"context\"] != \"\":\n        q_doc_text += \"\\n\" + doc[\"context\"]\n    choices = SEP.join([f\"- {choice}\" for choice in doc[\"choices\"][\"text\"]])\n    input_text = f\"質問：{q_doc_text}{SEP}\" + f\"選択肢：{SEP}{choices}\"\n    return f\"ユーザー: {input_text}{SEP}システム: \"\n",
      "doc_to_target": "def doc_to_target_01(doc):\n    return [\n        choice_text\n        for choice_id, choice_text in zip(doc[\"choices\"][\"id\"], doc[\"choices\"][\"text\"])\n        if choice_id == doc[\"answer\"]\n    ][0]\n",
      "doc_to_choice": "def doc_to_choices_01(doc):\n    choices = doc[\"choices\"][\"text\"]\n    return choices\n",
      "description": "ユーザー: 与えられた選択肢の中から、最適な答えを選んでください。<NL>システム: 分かりました。<NL>",
      "target_delimiter": "",
      "fewshot_delimiter": "<NL>",
      "num_fewshot": 0,
      "metric_list": [
        {
          "metric": "acc",
          "aggregation": "mean",
          "higher_is_better": true
        },
        {
          "metric": "acc_norm",
          "aggregation": "mean",
          "higher_is_better": true
        },
        {
          "metric": "map",
          "aggregation": "mean",
          "higher_is_better": true
        },
        {
          "metric": "map_2",
          "aggregation": "mean",
          "higher_is_better": true
        },
        {
          "metric": "map_3",
          "aggregation": "mean",
          "higher_is_better": true
        },
        {
          "metric": "map_4",
          "aggregation": "mean",
          "higher_is_better": true
        },
        {
          "metric": "map_norm",
          "aggregation": "mean",
          "higher_is_better": true
        },
        {
          "metric": "map_2_norm",
          "aggregation": "mean",