{
  "results": {
    "security_sales_1-1.0-0.2.1": {
      "acc,none": 0.40350877192982454,
      "acc_stderr,none": 0.06555933012294897,
      "acc_norm,none": 0.38596491228070173,
      "acc_norm_stderr,none": 0.06505437269382161,
      "map,none": 0.6739766081871345,
      "map_stderr,none": 0.03709698866193835,
      "map_2,none": 0.6403508771929824,
      "map_2_stderr,none": 0.04469751084464112,
      "map_3,none": 0.652046783625731,
      "map_3_stderr,none": 0.04239766081871347,
      "map_4,none": 0.6739766081871345,
      "map_4_stderr,none": 0.03709698866193835,
      "map_norm,none": 0.6578947368421053,
      "map_norm_stderr,none": 0.03770217306645704,
      "map_2_norm,none": 0.6140350877192983,
      "map_2_norm_stderr,none": 0.04685862305335399,
      "map_3_norm,none": 0.631578947368421,
      "map_3_norm_stderr,none": 0.04370272679817495,
      "map_4_norm,none": 0.6578947368421053,
      "map_4_norm_stderr,none": 0.03770217306645704,
      "alias": "security_sales_1-1.0-0.2.1"
    },
    "fp2-1.0-0.2.1": {
      "acc,none": 0.2694736842105263,
      "acc_stderr,none": 0.020379191097956488,
      "acc_norm,none": 0.2694736842105263,
      "acc_norm_stderr,none": 0.020379191097956488,
      "map,none": 0.5338596491228079,
      "map_stderr,none": 0.013543048996599687,
      "map_2,none": 0.3894736842105263,
      "map_2_stderr,none": 0.019309346130117866,
      "map_3,none": 0.4785964912280709,
      "map_3_stderr,none": 0.016501761416974313,
      "map_4,none": 0.5338596491228079,
      "map_4_stderr,none": 0.013543048996599687,
      "map_norm,none": 0.5338596491228079,
      "map_norm_stderr,none": 0.013543048996599687,
      "map_2_norm,none": 0.3894736842105263,
      "map_2_norm_stderr,none": 0.019309346130117866,
      "map_3_norm,none": 0.4785964912280709,
      "map_3_norm_stderr,none": 0.016501761416974313,
      "map_4_norm,none": 0.5338596491228079,
      "map_4_norm_stderr,none": 0.013543048996599687,
      "alias": "fp2-1.0-0.2.1"
    },
    "cpa_audit-1.0-0.2.1": {
      "acc,none": 0.13316582914572864,
      "acc_stderr,none": 0.017051757858934893,
      "acc_norm,none": 0.11809045226130653,
      "acc_norm_stderr,none": 0.01619661137445666,
      "map,none": 0.38195142378559427,
      "map_stderr,none": 0.013261705346693665,
      "map_2,none": 0.20854271356783918,
      "map_2_stderr,none": 0.017911355190832312,
      "map_3,none": 0.27386934673366803,
      "map_3_stderr,none": 0.017212949599561614,
      "map_4,none": 0.32097989949748706,
      "map_4_stderr,none": 0.015980100822729913,
      "map_norm,none": 0.3731574539363481,
      "map_norm_stderr,none": 0.012707569677555453,
      "map_2_norm,none": 0.1972361809045226,
      "map_2_norm_stderr,none": 0.01729585538252973,
      "map_3_norm,none": 0.26507537688442173,
      "map_3_norm_stderr,none": 0.01664652719655407,
      "map_4_norm,none": 0.3121859296482408,
      "map_4_norm_stderr,none": 0.015436060158751626,
      "alias": "cpa_audit-1.0-0.2.1"
    },
    "cma_basics-1.0-0.2.1": {
      "acc,none": 0.3684210526315789,
      "acc_stderr,none": 0.07930218984219833,
      "acc_norm,none": 0.2631578947368421,
      "acc_norm_stderr,none": 0.0723926637268818,
      "map,none": 0.5855263157894737,
      "map_stderr,none": 0.05356786335227656,
      "map_2,none": 0.4473684210526316,
      "map_2_stderr,none": 0.07493352598046045,
      "map_3,none": 0.5263157894736843,
      "map_3_stderr,none": 0.06518211827132771,
      "map_4,none": 0.5855263157894737,
      "map_4_stderr,none": 0.05356786335227656,
      "map_norm,none": 0.5416666666666667,
      "map_norm_stderr,none": 0.04701350316671076,
      "map_2_norm,none": 0.39473684210526316,
      "map_2_norm_stderr,none": 0.06840463748816268,
      "map_3_norm,none": 0.5087719298245614,
      "map_3_norm_stderr,none": 0.05405457396204596,
      "map_4_norm,none": 0.5416666666666667,
      "map_4_norm_stderr,none": 0.04701350316671076,
      "alias": "cma_basics-1.0-0.2.1"
    },
    "chabsa-1.0-0.2": {
      "acc,none": 0.6481937071086366,
      "acc_stderr,none": 0.0054342461750443724,
      "f1,none": 0.5630472802872728,
      "f1_stderr,none": "N/A",
      "acc_norm,none": 0.6481937071086366,
      "acc_norm_stderr,none": 0.0054342461750443724,
      "f1_norm,none": 0.5630472802872728,
      "f1_norm_stderr,none": "N/A",
      "alias": "chabsa-1.0-0.2"
    }
  },
  "group_subtasks": {
    "chabsa-1.0-0.2": [],
    "cma_basics-1.0-0.2.1": [],
    "cpa_audit-1.0-0.2.1": [],
    "fp2-1.0-0.2.1": [],
    "security_sales_1-1.0-0.2.1": []
  },
  "configs": {
    "chabsa-1.0-0.2": {
      "task": "chabsa-1.0-0.2",
      "dataset_path": "jlm_fin_eval/datasets/chabsa/chabsa.py",
      "dataset_name": "chABSA",
      "test_split": "test",
      "doc_to_text": "センテンス: {{sentence}}\nターゲット: {{target}}\n回答:",
      "doc_to_target": "{{polarity}}",
      "doc_to_choice": [
        "positive",
        "negative"
      ],
      "description": "センテンスとターゲットを入力として受け取り、ターゲットに関するセンチメントをpositiveかnegativeから選択してください。\n\n\n",
      "target_delimiter": " ",
      "fewshot_delimiter": "\n\n",
      "num_fewshot": 0,
      "metric_list": [
        {
          "metric": "acc",
          "aggregation": "mean",
          "higher_is_better": true
        },
        {
          "metric": "acc_norm",
          "aggregation": "mean",
          "higher_is_better": true
        },
        {
          "metric": "f1",
          "aggregation": "2class_adjusted_macro_f1_score_for_chabsa",
          "higher_is_better": true
        },
        {
          "metric": "f1_norm",
          "aggregation": "2class_adjusted_macro_f1_score_for_chabsa",
          "higher_is_better": true
        }
      ],
      "output_type": "multiple_choice",
      "repeats": 1,
      "should_decontaminate": false,
      "doc_to_decontamination_query": "sentence",
      "metadata": {
        "version": 1.0
      }
    },
    "cma_basics-1.0-0.2.1": {
      "task": "cma_basics-1.0-0.2.1",
      "dataset_path": "jlm_fin_eval/datasets/cma_basics/cma_basics.py",
      "dataset_name": "cma_basics",
      "test_split": "test",
      "doc_to_text": "def doc_to_text_02_1(doc):\n    q_doc_text = doc[\"question\"] + \"\\n\"\n    if doc[\"context\"] and doc[\"context\"] != \"\":\n        q_doc_text += doc[\"context\"] + \"\\n\"\n    choices = \"\\n\".join([f\"- {choice}\" for choice in doc[\"choices\"][\"text\"]])\n    return f\"質問:{q_doc_text}選択肢:\\n{choices}\\n回答:\"\n",
      "doc_to_target": "def doc_to_target_01(doc):\n    return [\n        choice_text\n        for choice_id, choice_text in zip(doc[\"choices\"][\"id\"], doc[\"choices\"][\"text\"])\n        if choice_id == doc[\"answer\"]\n    ][0]\n",
      "doc_to_choice": "def doc_to_choices_01(doc):\n    choices = doc[\"choices\"][\"text\"]\n    return choices\n",
      "description": "与えられた選択肢の中から、最適な答えを選んでください。\n\n\n",
      "target_delimiter": "",
      "fewshot_delimiter": "\n\n",
      "num_fewshot": 0,
      "metric_list": [
        {
          "metric": "acc",
          "aggregation": "mean",
          "higher_is_better": true
        },
        {
          "metric": "acc_norm",
          "aggregation": "mean",
          "higher_is_better": true
        },
        {
          "metric": "map",
          "aggregation": "mean",
          "higher_is_better": true
        },
        {
          "metric": "map_2",
          "aggregation": "mean",
          "higher_is_better": true
        },
        {
          "metric": "map_3",
          "aggregation": "mean",
          "higher_is_better": true
        },
        {
          "metric": "map_4",
          "aggregation": "mean",
          "higher_is_better": true
        },
        {
          "metric": "map_norm",
          "aggregation": "mean",
          "higher_is_better": true
        },
        {
          "metric": "map_2_norm",
          "aggregation": "mean",
          "higher_is_better": true
        },
        {
          "metric": "map_3_norm",