{
  "results": {
    "security_sales_1-1.0-0.1": {
      "acc,none": 0.42105263157894735,
      "acc_stderr,none": 0.06597717584505354,
      "acc_norm,none": 0.42105263157894735,
      "acc_norm_stderr,none": 0.06597717584505354,
      "map,none": 0.6725146198830408,
      "map_stderr,none": 0.03718947181090229,
      "map_2,none": 0.631578947368421,
      "map_2_stderr,none": 0.04603024876762329,
      "map_3,none": 0.6549707602339181,
      "map_3_stderr,none": 0.041480295202079236,
      "map_4,none": 0.6725146198830408,
      "map_4_stderr,none": 0.03718947181090229,
      "map_norm,none": 0.6578947368421053,
      "map_norm_stderr,none": 0.039062534351213866,
      "map_2_norm,none": 0.5964912280701754,
      "map_2_norm_stderr,none": 0.05074414372180829,
      "map_3_norm,none": 0.631578947368421,
      "map_3_norm_stderr,none": 0.0448815782432236,
      "map_4_norm,none": 0.6578947368421053,
      "map_4_norm_stderr,none": 0.039062534351213866,
      "alias": "security_sales_1-1.0-0.1"
    },
    "fp2-1.0-0.1": {
      "acc,none": 0.24842105263157896,
      "acc_stderr,none": 0.01984688399487186,
      "acc_norm,none": 0.24842105263157896,
      "acc_norm_stderr,none": 0.01984688399487186,
      "map,none": 0.5319298245614043,
      "map_stderr,none": 0.013319938844384947,
      "map_2,none": 0.3968421052631579,
      "map_2_stderr,none": 0.018902283073402852,
      "map_3,none": 0.47403508771929875,
      "map_3_stderr,none": 0.016424217674383505,
      "map_4,none": 0.5319298245614043,
      "map_4_stderr,none": 0.013319938844384947,
      "map_norm,none": 0.5319298245614043,
      "map_norm_stderr,none": 0.013319938844384947,
      "map_2_norm,none": 0.3968421052631579,
      "map_2_norm_stderr,none": 0.018902283073402852,
      "map_3_norm,none": 0.47403508771929875,
      "map_3_norm_stderr,none": 0.016424217674383505,
      "map_4_norm,none": 0.5319298245614043,
      "map_4_norm_stderr,none": 0.013319938844384947,
      "alias": "fp2-1.0-0.1"
    },
    "cpa_audit-1.0-0.1": {
      "acc,none": 0.15829145728643215,
      "acc_stderr,none": 0.01831953107292637,
      "acc_norm,none": 0.14824120603015076,
      "acc_norm_stderr,none": 0.017833949374419667,
      "map,none": 0.3932579564489106,
      "map_stderr,none": 0.014104017287626907,
      "map_2,none": 0.22738693467336685,
      "map_2_stderr,none": 0.018770662603947164,
      "map_3,none": 0.28601340033500805,
      "map_3_stderr,none": 0.018048451765707966,
      "map_4,none": 0.32684254606365126,
      "map_4_stderr,none": 0.016983197082530918,
      "map_norm,none": 0.38551088777219383,
      "map_norm_stderr,none": 0.013767784286466444,
      "map_2_norm,none": 0.21482412060301506,
      "map_2_norm_stderr,none": 0.018380732651002468,
      "map_3_norm,none": 0.2776381909547735,
      "map_3_norm_stderr,none": 0.01768258049909685,
      "map_4_norm,none": 0.3190954773869342,
      "map_4_norm_stderr,none": 0.01662725171049857,
      "alias": "cpa_audit-1.0-0.1"
    },
    "cma_basics-1.0-0.1": {
      "acc,none": 0.2894736842105263,
      "acc_stderr,none": 0.07455791696866065,
      "acc_norm,none": 0.2894736842105263,
      "acc_norm_stderr,none": 0.07455791696866065,
      "map,none": 0.5482456140350876,
      "map_stderr,none": 0.0494588603371171,
      "map_2,none": 0.40789473684210525,
      "map_2_stderr,none": 0.07019395796413648,
      "map_3,none": 0.49561403508771934,
      "map_3_stderr,none": 0.05979485308056072,
      "map_4,none": 0.5482456140350876,
      "map_4_stderr,none": 0.0494588603371171,
      "map_norm,none": 0.5548245614035088,
      "map_norm_stderr,none": 0.04882007449719981,
      "map_2_norm,none": 0.42105263157894735,
      "map_2_norm_stderr,none": 0.0693556909988199,
      "map_3_norm,none": 0.5087719298245614,
      "map_3_norm_stderr,none": 0.05827568390944467,
      "map_4_norm,none": 0.5548245614035088,
      "map_4_norm_stderr,none": 0.04882007449719981,
      "alias": "cma_basics-1.0-0.1"
    },
    "chabsa-1.0-0.1": {
      "acc,none": 0.5886313608701282,
      "acc_stderr,none": 0.005599798367793731,
      "f1,none": 0.43167845079427347,
      "f1_stderr,none": "N/A",
      "acc_norm,none": 0.5886313608701282,
      "acc_norm_stderr,none": 0.005599798367793731,
      "f1_norm,none": 0.43167845079427347,
      "f1_norm_stderr,none": "N/A",
      "alias": "chabsa-1.0-0.1"
    }
  },
  "group_subtasks": {
    "chabsa-1.0-0.1": [],
    "cma_basics-1.0-0.1": [],
    "cpa_audit-1.0-0.1": [],
    "fp2-1.0-0.1": [],
    "security_sales_1-1.0-0.1": []
  },
  "configs": {
    "chabsa-1.0-0.1": {
      "task": "chabsa-1.0-0.1",
      "dataset_path": "jlm_fin_eval/datasets/chabsa/chabsa.py",
      "dataset_name": "chABSA",
      "test_split": "test",
      "doc_to_text": "[センテンス]: {{sentence}}\nターゲット]: {{target}}\n[答え]:",
      "doc_to_target": "{{polarity}}",
      "doc_to_choice": [
        "positive",
        "negative"
      ],
      "description": "[センテンス]における、[ターゲット]のセンチメントをpositiveかnegativeで選んでください。\n\n\n",
      "target_delimiter": " ",
      "fewshot_delimiter": "\n\n",
      "num_fewshot": 0,
      "metric_list": [
        {
          "metric": "acc",
          "aggregation": "mean",
          "higher_is_better": true
        },
        {
          "metric": "acc_norm",
          "aggregation": "mean",
          "higher_is_better": true
        },
        {
          "metric": "f1",
          "aggregation": "2class_adjusted_macro_f1_score_for_chabsa",
          "higher_is_better": true
        },
        {
          "metric": "f1_norm",
          "aggregation": "2class_adjusted_macro_f1_score_for_chabsa",
          "higher_is_better": true
        }
      ],
      "output_type": "multiple_choice",
      "repeats": 1,
      "should_decontaminate": false,
      "doc_to_decontamination_query": "sentence",
      "metadata": {
        "version": 1.0
      }
    },
    "cma_basics-1.0-0.1": {
      "task": "cma_basics-1.0-0.1",
      "dataset_path": "jlm_fin_eval/datasets/cma_basics/cma_basics.py",
      "dataset_name": "cma_basics",
      "test_split": "test",
      "doc_to_text": "def doc_to_text_01(doc):\n    q_doc_text = doc[\"question\"] + \"\\n\"\n    if doc[\"context\"] and doc[\"context\"] != \"\":\n        q_doc_text += doc[\"context\"] + \"\\n\"\n    return f\"[問題]:{q_doc_text}[選択肢]:[{', '.join(doc['choices']['text'])}]\\n[答え]:\"\n",
      "doc_to_target": "def doc_to_target_01(doc):\n    return [\n        choice_text\n        for choice_id, choice_text in zip(doc[\"choices\"][\"id\"], doc[\"choices\"][\"text\"])\n        if choice_id == doc[\"answer\"]\n    ][0]\n",
      "doc_to_choice": "def doc_to_choices_01(doc):\n    choices = doc[\"choices\"][\"text\"]\n    return choices\n",
      "description": "[問題]に対する[答え]を[選択肢]の中から選んでください。\n\n\n",
      "target_delimiter": "",
      "fewshot_delimiter": "\n\n",
      "num_fewshot": 0,
      "metric_list": [
        {
          "metric": "acc",
          "aggregation": "mean",
          "higher_is_better": true
        },
        {
          "metric": "acc_norm",
          "aggregation": "mean",
          "higher_is_better": true
        },
        {
          "metric": "map",
          "aggregation": "mean",
          "higher_is_better": true
        },
        {
          "metric": "map_2",
          "aggregation": "mean",
          "higher_is_better": true
        },
        {
          "metric": "map_3",
          "aggregation": "mean",
          "higher_is_better": true
        },
        {
          "metric": "map_4",
          "aggregation": "mean",
          "higher_is_better": true
        },
        {
          "metric": "map_norm",
          "aggregation": "mean",
          "higher_is_better": true
        },
        {
          "metric": "map_2_norm",
          "aggregation": "mean",
          "higher_is_better": true
        },
        {
          "metric": "map_3_norm",
          "aggregation": "mean",