{
  "results": {
    "security_sales_1-1.0-0.5": {
      "acc,none": 0.40350877192982454,
      "acc_stderr,none": 0.06555933012294897,
      "acc_norm,none": 0.40350877192982454,
      "acc_norm_stderr,none": 0.06555933012294897,
      "map,none": 0.6637426900584794,
      "map_stderr,none": 0.038404284903715336,
      "map_2,none": 0.6140350877192983,
      "map_2_stderr,none": 0.04850125934928229,
      "map_3,none": 0.6374269005847952,
      "map_3_stderr,none": 0.04437183533797662,
      "map_4,none": 0.6637426900584794,
      "map_4_stderr,none": 0.038404284903715336,
      "map_norm,none": 0.6622807017543859,
      "map_norm_stderr,none": 0.03865589811796073,
      "map_2_norm,none": 0.6140350877192983,
      "map_2_norm_stderr,none": 0.04850125934928229,
      "map_3_norm,none": 0.631578947368421,
      "map_3_norm_stderr,none": 0.0454595417223485,
      "map_4_norm,none": 0.6622807017543859,
      "map_4_norm_stderr,none": 0.03865589811796073,
      "alias": "security_sales_1-1.0-0.5"
    },
    "fp2-1.0-0.5": {
      "acc,none": 0.24421052631578946,
      "acc_stderr,none": 0.019733014655901625,
      "acc_norm,none": 0.24421052631578946,
      "acc_norm_stderr,none": 0.019733014655901625,
      "map,none": 0.516315789473685,
      "map_stderr,none": 0.013283448648106351,
      "map_2,none": 0.36736842105263157,
      "map_2_stderr,none": 0.018984221568453592,
      "map_3,none": 0.45368421052631647,
      "map_3_stderr,none": 0.016479884210853363,
      "map_4,none": 0.516315789473685,
      "map_4_stderr,none": 0.013283448648106351,
      "map_norm,none": 0.516315789473685,
      "map_norm_stderr,none": 0.013283448648106351,
      "map_2_norm,none": 0.36736842105263157,
      "map_2_norm_stderr,none": 0.018984221568453592,
      "map_3_norm,none": 0.45368421052631647,
      "map_3_norm_stderr,none": 0.016479884210853363,
      "map_4_norm,none": 0.516315789473685,
      "map_4_norm_stderr,none": 0.013283448648106351,
      "alias": "fp2-1.0-0.5"
    },
    "cpa_audit-1.0-0.5": {
      "acc,none": 0.1407035175879397,
      "acc_stderr,none": 0.01745133844197704,
      "acc_norm,none": 0.1407035175879397,
      "acc_norm_stderr,none": 0.01745133844197704,
      "map,none": 0.39279731993299816,
      "map_stderr,none": 0.013488009647068432,
      "map_2,none": 0.23618090452261306,
      "map_2_stderr,none": 0.01819323302569545,
      "map_3,none": 0.28726968174204337,
      "map_3_stderr,none": 0.01750794364557363,
      "map_4,none": 0.32872696817420416,
      "map_4_stderr,none": 0.01638012127370993,
      "map_norm,none": 0.39175041876046884,
      "map_norm_stderr,none": 0.013509617071148344,
      "map_2_norm,none": 0.23492462311557788,
      "map_2_norm_stderr,none": 0.018190719974640567,
      "map_3_norm,none": 0.28685092127303163,
      "map_3_norm_stderr,none": 0.017500133426049218,
      "map_4_norm,none": 0.3276800670016748,
      "map_4_norm_stderr,none": 0.016394046895134396,
      "alias": "cpa_audit-1.0-0.5"
    },
    "cma_basics-1.0-0.5": {
      "acc,none": 0.23684210526315788,
      "acc_stderr,none": 0.06989334006042332,
      "acc_norm,none": 0.21052631578947367,
      "acc_norm_stderr,none": 0.06702258315442243,
      "map,none": 0.5219298245614035,
      "map_stderr,none": 0.046265229886245846,
      "map_2,none": 0.3815789473684211,
      "map_2_stderr,none": 0.0664969077194058,
      "map_3,none": 0.46929824561403505,
      "map_3_stderr,none": 0.056523003942009035,
      "map_4,none": 0.5219298245614035,
      "map_4_stderr,none": 0.046265229886245846,
      "map_norm,none": 0.5328947368421053,
      "map_norm_stderr,none": 0.04199602799311173,
      "map_2_norm,none": 0.40789473684210525,
      "map_2_norm_stderr,none": 0.06213159747388389,
      "map_3_norm,none": 0.5131578947368421,
      "map_3_norm_stderr,none": 0.04677930377539263,
      "map_4_norm,none": 0.5328947368421053,
      "map_4_norm_stderr,none": 0.04199602799311173,
      "alias": "cma_basics-1.0-0.5"
    },
    "chabsa-1.0-0.5": {
      "acc,none": 0.5639000388450084,
      "acc_stderr,none": 0.00564324866618249,
      "f1,none": 0.366748843992557,
      "f1_stderr,none": "N/A",
      "acc_norm,none": 0.5639000388450084,
      "acc_norm_stderr,none": 0.00564324866618249,
      "f1_norm,none": 0.366748843992557,
      "f1_norm_stderr,none": "N/A",
      "alias": "chabsa-1.0-0.5"
    }
  },
  "group_subtasks": {
    "chabsa-1.0-0.5": [],
    "cma_basics-1.0-0.5": [],
    "cpa_audit-1.0-0.5": [],
    "fp2-1.0-0.5": [],
    "security_sales_1-1.0-0.5": []
  },
  "configs": {
    "chabsa-1.0-0.5": {
      "task": "chabsa-1.0-0.5",
      "dataset_path": "jlm_fin_eval/datasets/chabsa/chabsa.py",
      "dataset_name": "chABSA",
      "test_split": "test",
      "doc_to_text": "センテンス: {{sentence}}\nターゲット: {{target}}\nシステム:",
      "doc_to_target": "{{polarity}}",
      "doc_to_choice": [
        "positive",
        "negative"
      ],
      "description": "ユーザー: センテンスにおける、ターゲットのセンチメントをpositiveかnegativeで答えてください。\nシステム: 分かりました。\n\n",
      "target_delimiter": " ",
      "fewshot_delimiter": "\n",
      "num_fewshot": 0,
      "metric_list": [
        {
          "metric": "acc",
          "aggregation": "mean",
          "higher_is_better": true
        },
        {
          "metric": "acc_norm",
          "aggregation": "mean",
          "higher_is_better": true
        },
        {
          "metric": "f1",
          "aggregation": "2class_adjusted_macro_f1_score_for_chabsa",
          "higher_is_better": true
        },
        {
          "metric": "f1_norm",
          "aggregation": "2class_adjusted_macro_f1_score_for_chabsa",
          "higher_is_better": true
        }
      ],
      "output_type": "multiple_choice",
      "repeats": 1,
      "should_decontaminate": false,
      "doc_to_decontamination_query": "sentence",
      "metadata": {
        "version": 1.0
      }
    },
    "cma_basics-1.0-0.5": {
      "task": "cma_basics-1.0-0.5",
      "dataset_path": "jlm_fin_eval/datasets/cma_basics/cma_basics.py",
      "dataset_name": "cma_basics",
      "test_split": "test",
      "doc_to_text": "def doc_to_text_05(doc):\n    return doc_to_text_04(doc, SEP=\"\\n\")\n",
      "doc_to_target": "def doc_to_target_01(doc):\n    return [\n        choice_text\n        for choice_id, choice_text in zip(doc[\"choices\"][\"id\"], doc[\"choices\"][\"text\"])\n        if choice_id == doc[\"answer\"]\n    ][0]\n",
      "doc_to_choice": "def doc_to_choices_01(doc):\n    choices = doc[\"choices\"][\"text\"]\n    return choices\n",
      "description": "ユーザー: 与えられた選択肢の中から、最適な答えを選んでください。\nシステム: 分かりました。\n\n",
      "target_delimiter": "",
      "fewshot_delimiter": "\n",
      "num_fewshot": 0,
      "metric_list": [
        {
          "metric": "acc",
          "aggregation": "mean",
          "higher_is_better": true
        },
        {
          "metric": "acc_norm",
          "aggregation": "mean",
          "higher_is_better": true
        },
        {
          "metric": "map",
          "aggregation": "mean",
          "higher_is_better": true
        },
        {
          "metric": "map_2",
          "aggregation": "mean",
          "higher_is_better": true
        },
        {
          "metric": "map_3",
          "aggregation": "mean",
          "higher_is_better": true
        },
        {
          "metric": "map_4",
          "aggregation": "mean",
          "higher_is_better": true
        },
        {
          "metric": "map_norm",
          "aggregation": "mean",
          "higher_is_better": true
        },
        {
          "metric": "map_2_norm",
          "aggregation": "mean",
          "higher_is_better": true
        },
        {
          "metric": "map_3_norm",
          "aggregation": "mean",
          "higher_is_better": true
        },
        {
          "metric": "map_4_norm",
          "aggregation": "mean",
          "higher_is_better": true
        }
      ],
      "output_type": "multiple_choice",
      "repeats": 1,