{
  "results": {
    "security_sales_1-1.0-0.3": {
      "acc,none": 0.42105263157894735,
      "acc_stderr,none": 0.06597717584505354,
      "acc_norm,none": 0.42105263157894735,
      "acc_norm_stderr,none": 0.06597717584505354,
      "map,none": 0.6725146198830408,
      "map_stderr,none": 0.03873677860356246,
      "map_2,none": 0.6228070175438597,
      "map_2_stderr,none": 0.04892436645686707,
      "map_3,none": 0.6461988304093567,
      "map_3_stderr,none": 0.044752128260274755,
      "map_4,none": 0.6725146198830408,
      "map_4_stderr,none": 0.03873677860356246,
      "map_norm,none": 0.6725146198830408,
      "map_norm_stderr,none": 0.03873677860356246,
      "map_2_norm,none": 0.6228070175438597,
      "map_2_norm_stderr,none": 0.04892436645686707,
      "map_3_norm,none": 0.6461988304093567,
      "map_3_norm_stderr,none": 0.044752128260274755,
      "map_4_norm,none": 0.6725146198830408,
      "map_4_norm_stderr,none": 0.03873677860356246,
      "alias": "security_sales_1-1.0-0.3"
    },
    "fp2-1.0-0.3": {
      "acc,none": 0.2505263157894737,
      "acc_stderr,none": 0.019902869674481148,
      "acc_norm,none": 0.2505263157894737,
      "acc_norm_stderr,none": 0.019902869674481148,
      "map,none": 0.5205263157894745,
      "map_stderr,none": 0.013333727801357652,
      "map_2,none": 0.37684210526315787,
      "map_2_stderr,none": 0.018972643344045026,
      "map_3,none": 0.4568421052631585,
      "map_3_stderr,none": 0.016598608074983947,
      "map_4,none": 0.5205263157894745,
      "map_4_stderr,none": 0.013333727801357652,
      "map_norm,none": 0.5205263157894745,
      "map_norm_stderr,none": 0.013333727801357652,
      "map_2_norm,none": 0.37684210526315787,
      "map_2_norm_stderr,none": 0.018972643344045026,
      "map_3_norm,none": 0.4568421052631585,
      "map_3_norm_stderr,none": 0.016598608074983947,
      "map_4_norm,none": 0.5205263157894745,
      "map_4_norm_stderr,none": 0.013333727801357652,
      "alias": "fp2-1.0-0.3"
    },
    "cpa_audit-1.0-0.3": {
      "acc,none": 0.17336683417085427,
      "acc_stderr,none": 0.018999587359991455,
      "acc_norm,none": 0.1658291457286432,
      "acc_norm_stderr,none": 0.018666490953652817,
      "map,none": 0.41126465661641487,
      "map_stderr,none": 0.014580430483894577,
      "map_2,none": 0.2550251256281407,
      "map_2_stderr,none": 0.019383324339831233,
      "map_3,none": 0.3069514237855944,
      "map_3_stderr,none": 0.018595899536368112,
      "map_4,none": 0.3490368509212728,
      "map_4_stderr,none": 0.017400264874997094,
      "map_norm,none": 0.4029313232830816,
      "map_norm_stderr,none": 0.014383682763348542,
      "map_2_norm,none": 0.24120603015075376,
      "map_2_norm_stderr,none": 0.019133446190373854,
      "map_3_norm,none": 0.29731993299832465,
      "map_3_norm_stderr,none": 0.018359897684426377,
      "map_4_norm,none": 0.3400335008375208,
      "map_4_norm_stderr,none": 0.01718750003363042,
      "alias": "cpa_audit-1.0-0.3"
    },
    "cma_basics-1.0-0.3": {
      "acc,none": 0.23684210526315788,
      "acc_stderr,none": 0.06989334006042333,
      "acc_norm,none": 0.18421052631578946,
      "acc_norm_stderr,none": 0.06373021861834362,
      "map,none": 0.5219298245614035,
      "map_stderr,none": 0.04562018961288165,
      "map_2,none": 0.35526315789473684,
      "map_2_stderr,none": 0.06775167699562201,
      "map_3,none": 0.4956140350877193,
      "map_3_stderr,none": 0.05125531891555663,
      "map_4,none": 0.5219298245614035,
      "map_4_stderr,none": 0.04562018961288165,
      "map_norm,none": 0.506578947368421,
      "map_norm_stderr,none": 0.04126544364973789,
      "map_2_norm,none": 0.3684210526315789,
      "map_2_norm_stderr,none": 0.061640132033182755,
      "map_3_norm,none": 0.47368421052631576,
      "map_3_norm_stderr,none": 0.04849819653096914,
      "map_4_norm,none": 0.506578947368421,
      "map_4_norm_stderr,none": 0.04126544364973789,
      "alias": "cma_basics-1.0-0.3"
    },
    "chabsa-1.0-0.3": {
      "acc,none": 0.5611808882558591,
      "acc_stderr,none": 0.005647149750045237,
      "f1,none": 0.3594592352989964,
      "f1_stderr,none": "N/A",
      "acc_norm,none": 0.5611808882558591,
      "acc_norm_stderr,none": 0.005647149750045237,
      "f1_norm,none": 0.3594592352989964,
      "f1_norm_stderr,none": "N/A",
      "alias": "chabsa-1.0-0.3"
    }
  },
  "group_subtasks": {
    "chabsa-1.0-0.3": [],
    "cma_basics-1.0-0.3": [],
    "cpa_audit-1.0-0.3": [],
    "fp2-1.0-0.3": [],
    "security_sales_1-1.0-0.3": []
  },
  "configs": {
    "chabsa-1.0-0.3": {
      "task": "chabsa-1.0-0.3",
      "dataset_path": "jlm_fin_eval/datasets/chabsa/chabsa.py",
      "dataset_name": "chABSA",
      "test_split": "test",
      "doc_to_text": "### 入力:\nセンテンス:{{sentence}}\nターゲット:{{target}}\n\n### 応答:\n\n",
      "doc_to_target": "{{polarity}}",
      "doc_to_choice": [
        "positive",
        "negative"
      ],
      "description": "以下は、タスクを説明する指示と、文脈のある入力の組み合わせです。要求を適切に満たす応答を書きなさい。\n\n### 指示:\n以下のセンテンスにおける、ターゲットのセンチメントをpositiveかnegativeで答えてください。\n\n\n",
      "target_delimiter": "",
      "fewshot_delimiter": "\n\n",
      "num_fewshot": 0,
      "metric_list": [
        {
          "metric": "acc",
          "aggregation": "mean",
          "higher_is_better": true
        },
        {
          "metric": "acc_norm",
          "aggregation": "mean",
          "higher_is_better": true
        },
        {
          "metric": "f1",
          "aggregation": "2class_adjusted_macro_f1_score_for_chabsa",
          "higher_is_better": true
        },
        {
          "metric": "f1_norm",
          "aggregation": "2class_adjusted_macro_f1_score_for_chabsa",
          "higher_is_better": true
        }
      ],
      "output_type": "multiple_choice",
      "repeats": 1,
      "should_decontaminate": false,
      "doc_to_decontamination_query": "sentence",
      "metadata": {
        "version": 1.0
      }
    },
    "cma_basics-1.0-0.3": {
      "task": "cma_basics-1.0-0.3",
      "dataset_path": "jlm_fin_eval/datasets/cma_basics/cma_basics.py",
      "dataset_name": "cma_basics",
      "test_split": "test",
      "doc_to_text": "def doc_to_text_03(doc):\n    q_doc_text = doc[\"question\"] + \"\\n\"\n    if doc[\"context\"] and doc[\"context\"] != \"\":\n        q_doc_text += doc[\"context\"] + \"\\n\"\n    choices = \"\\n\".join([f\"- {choice}\" for choice in doc[\"choices\"][\"text\"]])\n    input_text = f\"{q_doc_text}\" + f\"出力は以下から選択してください：\\n{choices}\"\n    return f\"### 入力:\\n{input_text}\\n\\n### 応答:\\n\"\n",
      "doc_to_target": "def doc_to_target_01(doc):\n    return [\n        choice_text\n        for choice_id, choice_text in zip(doc[\"choices\"][\"id\"], doc[\"choices\"][\"text\"])\n        if choice_id == doc[\"answer\"]\n    ][0]\n",
      "doc_to_choice": "def doc_to_choices_01(doc):\n    choices = doc[\"choices\"][\"text\"]\n    return choices\n",
      "description": "以下は、タスクを説明する指示と、文脈のある入力の組み合わせです。要求を適切に満たす応答を書きなさい。\n\n### 指示:\n与えられた選択肢の中から、最適な答えを選んでください。\n\n\n",
      "target_delimiter": "",
      "fewshot_delimiter": "\n\n",
      "num_fewshot": 0,
      "metric_list": [
        {
          "metric": "acc",
          "aggregation": "mean",
          "higher_is_better": true
        },
        {
          "metric": "acc_norm",
          "aggregation": "mean",
          "higher_is_better": true
        },
        {
          "metric": "map",
          "aggregation": "mean",
          "higher_is_better": true
        },
        {
          "metric": "map_2",
          "aggregation": "mean",
          "higher_is_better": true
        },
        {
          "metric": "map_3",
          "aggregation": "mean",
          "higher_is_better": true
        },
        {
          "metric": "map_4",
          "aggregation": "mean",
          "higher_is_better": true
        },
        {
          "metric": "map_norm",
          "aggregation": "mean",