{
  "results": {
    "security_sales_1-1.0-0.2": {
      "acc,none": 0.43859649122807015,
      "acc_stderr,none": 0.0663095566682855,
      "acc_norm,none": 0.43859649122807015,
      "acc_norm_stderr,none": 0.0663095566682855,
      "map,none": 0.6798245614035088,
      "map_stderr,none": 0.03776589765894646,
      "map_2,none": 0.6403508771929824,
      "map_2_stderr,none": 0.046416689667799826,
      "map_3,none": 0.6578947368421053,
      "map_3_stderr,none": 0.04303740541622658,
      "map_4,none": 0.6798245614035088,
      "map_4_stderr,none": 0.03776589765894646,
      "map_norm,none": 0.6798245614035088,
      "map_norm_stderr,none": 0.03776589765894646,
      "map_2_norm,none": 0.6403508771929824,
      "map_2_norm_stderr,none": 0.046416689667799826,
      "map_3_norm,none": 0.6578947368421053,
      "map_3_norm_stderr,none": 0.04303740541622658,
      "map_4_norm,none": 0.6798245614035088,
      "map_4_norm_stderr,none": 0.03776589765894646,
      "alias": "security_sales_1-1.0-0.2"
    },
    "fp2-1.0-0.2": {
      "acc,none": 0.24,
      "acc_stderr,none": 0.019616577850947302,
      "acc_norm,none": 0.24,
      "acc_norm_stderr,none": 0.019616577850947302,
      "map,none": 0.5217543859649132,
      "map_stderr,none": 0.013163134643967764,
      "map_2,none": 0.37894736842105264,
      "map_2_stderr,none": 0.01882507974191361,
      "map_3,none": 0.46385964912280764,
      "map_3_stderr,none": 0.0162208691731603,
      "map_4,none": 0.5217543859649132,
      "map_4_stderr,none": 0.013163134643967764,
      "map_norm,none": 0.5217543859649132,
      "map_norm_stderr,none": 0.013163134643967764,
      "map_2_norm,none": 0.37894736842105264,
      "map_2_norm_stderr,none": 0.01882507974191361,
      "map_3_norm,none": 0.46385964912280764,
      "map_3_norm_stderr,none": 0.0162208691731603,
      "map_4_norm,none": 0.5217543859649132,
      "map_4_norm_stderr,none": 0.013163134643967764,
      "alias": "fp2-1.0-0.2"
    },
    "cpa_audit-1.0-0.2": {
      "acc,none": 0.17839195979899497,
      "acc_stderr,none": 0.019214306990983258,
      "acc_norm,none": 0.17839195979899497,
      "acc_norm_stderr,none": 0.019214306990983258,
      "map,none": 0.41009212730318245,
      "map_stderr,none": 0.014760414441249443,
      "map_2,none": 0.25125628140703515,
      "map_2_stderr,none": 0.019547423548815487,
      "map_3,none": 0.3015075376884419,
      "map_3_stderr,none": 0.01882357063062126,
      "map_4,none": 0.34861809045226116,
      "map_4_stderr,none": 0.01751700178530111,
      "map_norm,none": 0.41009212730318245,
      "map_norm_stderr,none": 0.014760414441249443,
      "map_2_norm,none": 0.25125628140703515,
      "map_2_norm_stderr,none": 0.019547423548815487,
      "map_3_norm,none": 0.3015075376884419,
      "map_3_norm_stderr,none": 0.01882357063062126,
      "map_4_norm,none": 0.34861809045226116,
      "map_4_norm_stderr,none": 0.01751700178530111,
      "alias": "cpa_audit-1.0-0.2"
    },
    "cma_basics-1.0-0.2": {
      "acc,none": 0.23684210526315788,
      "acc_stderr,none": 0.06989334006042333,
      "acc_norm,none": 0.23684210526315788,
      "acc_norm_stderr,none": 0.06989334006042333,
      "map,none": 0.5328947368421053,
      "map_stderr,none": 0.045387391947078554,
      "map_2,none": 0.40789473684210525,
      "map_2_stderr,none": 0.06493037949471836,
      "map_3,none": 0.4868421052631579,
      "map_3_stderr,none": 0.05493705859688051,
      "map_4,none": 0.5328947368421053,
      "map_4_stderr,none": 0.045387391947078554,
      "map_norm,none": 0.5328947368421053,
      "map_norm_stderr,none": 0.045387391947078554,
      "map_2_norm,none": 0.40789473684210525,
      "map_2_norm_stderr,none": 0.06493037949471836,
      "map_3_norm,none": 0.4868421052631579,
      "map_3_norm_stderr,none": 0.05493705859688051,
      "map_4_norm,none": 0.5328947368421053,
      "map_4_norm_stderr,none": 0.045387391947078554,
      "alias": "cma_basics-1.0-0.2"
    },
    "chabsa-1.0-0.2": {
      "acc,none": 0.7797488022789072,
      "acc_stderr,none": 0.004715976137309637,
      "f1,none": 0.7929664632234659,
      "f1_stderr,none": "N/A",
      "acc_norm,none": 0.7797488022789072,
      "acc_norm_stderr,none": 0.004715976137309637,
      "f1_norm,none": 0.7929664632234659,
      "f1_norm_stderr,none": "N/A",
      "alias": "chabsa-1.0-0.2"
    }
  },
  "group_subtasks": {
    "chabsa-1.0-0.2": [],
    "cma_basics-1.0-0.2": [],
    "cpa_audit-1.0-0.2": [],
    "fp2-1.0-0.2": [],
    "security_sales_1-1.0-0.2": []
  },
  "configs": {
    "chabsa-1.0-0.2": {
      "task": "chabsa-1.0-0.2",
      "dataset_path": "jlm_fin_eval/datasets/chabsa/chabsa.py",
      "dataset_name": "chABSA",
      "test_split": "test",
      "doc_to_text": "センテンス: {{sentence}}\nターゲット: {{target}}\n回答:",
      "doc_to_target": "{{polarity}}",
      "doc_to_choice": [
        "positive",
        "negative"
      ],
      "description": "センテンスとターゲットを入力として受け取り、ターゲットに関するセンチメントをpositiveかnegativeから選択してください。\n\n\n",
      "target_delimiter": " ",
      "fewshot_delimiter": "\n\n",
      "num_fewshot": 0,
      "metric_list": [
        {
          "metric": "acc",
          "aggregation": "mean",
          "higher_is_better": true
        },
        {
          "metric": "acc_norm",
          "aggregation": "mean",
          "higher_is_better": true
        },
        {
          "metric": "f1",
          "aggregation": "2class_adjusted_macro_f1_score_for_chabsa",
          "higher_is_better": true
        },
        {
          "metric": "f1_norm",
          "aggregation": "2class_adjusted_macro_f1_score_for_chabsa",
          "higher_is_better": true
        }
      ],
      "output_type": "multiple_choice",
      "repeats": 1,
      "should_decontaminate": false,
      "doc_to_decontamination_query": "sentence",
      "metadata": {
        "version": 1.0
      }
    },
    "cma_basics-1.0-0.2": {
      "task": "cma_basics-1.0-0.2",
      "dataset_path": "jlm_fin_eval/datasets/cma_basics/cma_basics.py",
      "dataset_name": "cma_basics",
      "test_split": "test",
      "doc_to_text": "def doc_to_text_02(doc):\n    q_doc_text = doc[\"question\"] + \"\\n\"\n    if doc[\"context\"] and doc[\"context\"] != \"\":\n        q_doc_text += doc[\"context\"] + \"\\n\"\n    choices = \",\".join(\n        [\n            f\"{idx}.{choice}\"\n            for idx, choice in zip(doc[\"choices\"][\"id\"], doc[\"choices\"][\"text\"])\n        ]\n    )\n    return f\"質問:{q_doc_text}\" f\"選択肢:{choices}\\n\" \"回答:\"\n",
      "doc_to_target": "def doc_to_target_02(doc):\n    return [\n        str(choice_id)\n        for choice_id in doc[\"choices\"][\"id\"]\n        if choice_id == doc[\"answer\"]\n    ][0]\n",
      "doc_to_choice": "def doc_to_choices_02(doc):\n    return [str(choice) for choice in doc[\"choices\"][\"id\"]]\n",
      "description": "質問と回答の選択肢を入力として受け取り、選択肢から回答を選択してください。なお、回答は選択肢の番号(例:0)でするものとします。\n\n\n",
      "target_delimiter": "",
      "fewshot_delimiter": "\n\n",
      "num_fewshot": 0,
      "metric_list": [
        {
          "metric": "acc",
          "aggregation": "mean",
          "higher_is_better": true
        },
        {
          "metric": "acc_norm",
          "aggregation": "mean",
          "higher_is_better": true
        },
        {
          "metric": "map",
          "aggregation": "mean",
          "higher_is_better": true
        },
        {
          "metric": "map_2",
          "aggregation": "mean",
          "higher_is_better": true
        },
        {
          "metric": "map_3",
          "aggregation": "mean",
          "higher_is_better": true
        },
        {
          "metric": "map_4",
          "aggregation": "mean",
          "higher_is_better": true
        },
        {
          "metric": "map_norm",
          "aggregation": "mean",
          "higher_is_better": true
        },
        {
          "metric": "map_2_norm",
          "aggregation": "mean",