{
  "results": {
    "security_sales_1-1.0-0.3": {
      "acc,none": 0.40350877192982454,
      "acc_stderr,none": 0.06555933012294897,
      "acc_norm,none": 0.40350877192982454,
      "acc_norm_stderr,none": 0.06555933012294897,
      "map,none": 0.6681286549707601,
      "map_stderr,none": 0.0378063019688426,
      "map_2,none": 0.6228070175438597,
      "map_2_stderr,none": 0.047296427235001534,
      "map_3,none": 0.6461988304093567,
      "map_3_stderr,none": 0.04296639826438862,
      "map_4,none": 0.6681286549707601,
      "map_4_stderr,none": 0.0378063019688426,
      "map_norm,none": 0.665204678362573,
      "map_norm_stderr,none": 0.03815001182910673,
      "map_2_norm,none": 0.6140350877192983,
      "map_2_norm_stderr,none": 0.04850125934928228,
      "map_3_norm,none": 0.6432748538011696,
      "map_3_norm_stderr,none": 0.04324266679895861,
      "map_4_norm,none": 0.665204678362573,
      "map_4_norm_stderr,none": 0.03815001182910673,
      "alias": "security_sales_1-1.0-0.3"
    },
    "fp2-1.0-0.3": {
      "acc,none": 0.24210526315789474,
      "acc_stderr,none": 0.01967512001202636,
      "acc_norm,none": 0.24210526315789474,
      "acc_norm_stderr,none": 0.01967512001202636,
      "map,none": 0.5164912280701762,
      "map_stderr,none": 0.013235304163310185,
      "map_2,none": 0.37157894736842106,
      "map_2_stderr,none": 0.018869482379367582,
      "map_3,none": 0.45228070175438656,
      "map_3_stderr,none": 0.01650884284708876,
      "map_4,none": 0.5164912280701762,
      "map_4_stderr,none": 0.013235304163310185,
      "map_norm,none": 0.5164912280701762,
      "map_norm_stderr,none": 0.013235304163310185,
      "map_2_norm,none": 0.37157894736842106,
      "map_2_norm_stderr,none": 0.018869482379367582,
      "map_3_norm,none": 0.45228070175438656,
      "map_3_norm_stderr,none": 0.01650884284708876,
      "map_4_norm,none": 0.5164912280701762,
      "map_4_norm_stderr,none": 0.013235304163310185,
      "alias": "fp2-1.0-0.3"
    },
    "cpa_audit-1.0-0.3": {
      "acc,none": 0.135678391959799,
      "acc_stderr,none": 0.017186908930253566,
      "acc_norm,none": 0.12814070351758794,
      "acc_norm_stderr,none": 0.01677534652193495,
      "map,none": 0.37776381909547724,
      "map_stderr,none": 0.013457664209039346,
      "map_2,none": 0.20728643216080403,
      "map_2_stderr,none": 0.017992074038795446,
      "map_3,none": 0.26591289782244526,
      "map_3_stderr,none": 0.017408624201982123,
      "map_4,none": 0.310510887772194,
      "map_4_stderr,none": 0.016321475502458493,
      "map_norm,none": 0.3739949748743717,
      "map_norm_stderr,none": 0.013191112157617518,
      "map_2_norm,none": 0.20351758793969849,
      "map_2_norm_stderr,none": 0.0177023911581173,
      "map_3_norm,none": 0.26214405360133974,
      "map_3_norm_stderr,none": 0.0171415646769313,
      "map_4_norm,none": 0.3067420435510885,
      "map_4_norm_stderr,none": 0.01606270122572244,
      "alias": "cpa_audit-1.0-0.3"
    },
    "cma_basics-1.0-0.3": {
      "acc,none": 0.21052631578947367,
      "acc_stderr,none": 0.06702258315442243,
      "acc_norm,none": 0.2631578947368421,
      "acc_norm_stderr,none": 0.0723926637268818,
      "map,none": 0.5087719298245614,
      "map_stderr,none": 0.04475729132201619,
      "map_2,none": 0.3815789473684211,
      "map_2_stderr,none": 0.06376691900642341,
      "map_3,none": 0.4429824561403509,
      "map_3_stderr,none": 0.05701754385964912,
      "map_4,none": 0.5087719298245614,
      "map_4_stderr,none": 0.04475729132201619,
      "map_norm,none": 0.5416666666666667,
      "map_norm_stderr,none": 0.04763968173821299,
      "map_2_norm,none": 0.42105263157894735,
      "map_2_norm_stderr,none": 0.06674273816118409,
      "map_3_norm,none": 0.48245614035087725,
      "map_3_norm_stderr,none": 0.05923137683213851,
      "map_4_norm,none": 0.5416666666666667,
      "map_4_norm_stderr,none": 0.04763968173821299,
      "alias": "cma_basics-1.0-0.3"
    },
    "chabsa-1.0-0.3": {
      "acc,none": 0.5907030946523372,
      "acc_stderr,none": 0.005595500706458597,
      "f1,none": 0.43524356543086473,
      "f1_stderr,none": "N/A",
      "acc_norm,none": 0.5907030946523372,
      "acc_norm_stderr,none": 0.005595500706458597,
      "f1_norm,none": 0.43524356543086473,
      "f1_norm_stderr,none": "N/A",
      "alias": "chabsa-1.0-0.3"
    }
  },
  "group_subtasks": {
    "chabsa-1.0-0.3": [],
    "cma_basics-1.0-0.3": [],
    "cpa_audit-1.0-0.3": [],
    "fp2-1.0-0.3": [],
    "security_sales_1-1.0-0.3": []
  },
  "configs": {
    "chabsa-1.0-0.3": {
      "task": "chabsa-1.0-0.3",
      "dataset_path": "jlm_fin_eval/datasets/chabsa/chabsa.py",
      "dataset_name": "chABSA",
      "test_split": "test",
      "doc_to_text": "### 入力:\nセンテンス:{{sentence}}\nターゲット:{{target}}\n\n### 応答:\n\n",
      "doc_to_target": "{{polarity}}",
      "doc_to_choice": [
        "positive",
        "negative"
      ],
      "description": "以下は、タスクを説明する指示と、文脈のある入力の組み合わせです。要求を適切に満たす応答を書きなさい。\n\n### 指示:\n以下のセンテンスにおける、ターゲットのセンチメントをpositiveかnegativeで答えてください。\n\n\n",
      "target_delimiter": "",
      "fewshot_delimiter": "\n\n",
      "num_fewshot": 0,
      "metric_list": [
        {
          "metric": "acc",
          "aggregation": "mean",
          "higher_is_better": true
        },
        {
          "metric": "acc_norm",
          "aggregation": "mean",
          "higher_is_better": true
        },
        {
          "metric": "f1",
          "aggregation": "2class_adjusted_macro_f1_score_for_chabsa",
          "higher_is_better": true
        },
        {
          "metric": "f1_norm",
          "aggregation": "2class_adjusted_macro_f1_score_for_chabsa",
          "higher_is_better": true
        }
      ],
      "output_type": "multiple_choice",
      "repeats": 1,
      "should_decontaminate": false,
      "doc_to_decontamination_query": "sentence",
      "metadata": {
        "version": 1.0
      }
    },
    "cma_basics-1.0-0.3": {
      "task": "cma_basics-1.0-0.3",
      "dataset_path": "jlm_fin_eval/datasets/cma_basics/cma_basics.py",
      "dataset_name": "cma_basics",
      "test_split": "test",
      "doc_to_text": "def doc_to_text_03(doc):\n    q_doc_text = doc[\"question\"] + \"\\n\"\n    if doc[\"context\"] and doc[\"context\"] != \"\":\n        q_doc_text += doc[\"context\"] + \"\\n\"\n    choices = \"\\n\".join([f\"- {choice}\" for choice in doc[\"choices\"][\"text\"]])\n    input_text = f\"{q_doc_text}\" + f\"出力は以下から選択してください：\\n{choices}\"\n    return f\"### 入力:\\n{input_text}\\n\\n### 応答:\\n\"\n",
      "doc_to_target": "def doc_to_target_01(doc):\n    return [\n        choice_text\n        for choice_id, choice_text in zip(doc[\"choices\"][\"id\"], doc[\"choices\"][\"text\"])\n        if choice_id == doc[\"answer\"]\n    ][0]\n",
      "doc_to_choice": "def doc_to_choices_01(doc):\n    choices = doc[\"choices\"][\"text\"]\n    return choices\n",
      "description": "以下は、タスクを説明する指示と、文脈のある入力の組み合わせです。要求を適切に満たす応答を書きなさい。\n\n### 指示:\n与えられた選択肢の中から、最適な答えを選んでください。\n\n\n",
      "target_delimiter": "",
      "fewshot_delimiter": "\n\n",
      "num_fewshot": 0,
      "metric_list": [
        {
          "metric": "acc",
          "aggregation": "mean",
          "higher_is_better": true
        },
        {
          "metric": "acc_norm",
          "aggregation": "mean",
          "higher_is_better": true
        },
        {
          "metric": "map",
          "aggregation": "mean",
          "higher_is_better": true
        },
        {
          "metric": "map_2",
          "aggregation": "mean",
          "higher_is_better": true
        },
        {
          "metric": "map_3",
          "aggregation": "mean",
          "higher_is_better": true
        },
        {
          "metric": "map_4",
          "aggregation": "mean",
          "higher_is_better": true
        },
        {
          "metric": "map_norm",
          "aggregation": "mean",