{
  "results": {
    "chabsa-1.0-0.6": {
      "acc": 0.8290819629677586,
      "f1": 0.5576084597674228
    },
    "cma_basics-1.0-0.1": {
      "acc": 0.3157894736842105,
      "acc_stderr": 0.07641750223933595,
      "map": 0.5438596491228069,
      "map_stderr": 0.05266120550696056,
      "map_2": 0.39473684210526316,
      "map_2_stderr": 0.07341956131188584,
      "map_3": 0.46491228070175444,
      "map_3_stderr": 0.06627370397214283,
      "map_4": 0.5438596491228069,
      "map_4_stderr": 0.05266120550696056
    },
    "cpa_audit-1.0-0.2.1": {
      "acc": 0.19095477386934673,
      "acc_stderr": 0.019726789326781242,
      "map": 0.42211055276381865,
      "map_stderr": 0.015001328869131353,
      "map_2": 0.271356783919598,
      "map_2_stderr": 0.019839722596750056,
      "map_3": 0.31993299832495786,
      "map_3_stderr": 0.01902765093482286,
      "map_4": 0.35762144053601336,
      "map_4_stderr": 0.01792937339034131
    },
    "fp2-1.0-0.3": {
      "acc": 0.2463157894736842,
      "acc_stderr": 0.01979026746533386,
      "map": 0.518596491228071,
      "map_stderr": 0.013229415511298371,
      "map_2": 0.37157894736842106,
      "map_2_stderr": 0.018928235707350024,
      "map_3": 0.4585964912280708,
      "map_3_stderr": 0.016342190164885553,
      "map_4": 0.518596491228071,
      "map_4_stderr": 0.013229415511298371
    },
    "security_sales_1-1.0-0.1.2": {
      "acc": 0.49122807017543857,
      "acc_stderr": 0.06680502724442024,
      "map": 0.7090643274853802,
      "map_stderr": 0.0379000754952048,
      "map_2": 0.6666666666666666,
      "map_2_stderr": 0.04738350265803164,
      "map_3": 0.6959064327485381,
      "map_3_stderr": 0.0413254211260309,
      "map_4": 0.7090643274853802,
      "map_4_stderr": 0.0379000754952048
    }
  },
  "versions": {
    "chabsa-1.0-0.6": 1.0,
    "cma_basics-1.0-0.1": 1.0,
    "cpa_audit-1.0-0.2.1": 1.0,
    "fp2-1.0-0.3": 1.0,
    "security_sales_1-1.0-0.1.2": 1.0
  },
  "config": {
    "model": "hf-causal-experimental",
    "model_args": "pretrained=tokyotech-llm/Swallow-7b-instruct-hf",
    "num_fewshot": [
      1,
      3,
      3,
      4,
      0
    ],
    "batch_size": null,
    "device": null,
    "no_cache": true,
    "limit": null,
    "bootstrap_iters": 100000,
    "description_dict": {}
  }
}