{
  "results": {
    "security_sales_1-1.0-0.1": {
      "acc,none": 0.43859649122807015,
      "acc_stderr,none": 0.0663095566682855,
      "acc_norm,none": 0.3684210526315789,
      "acc_norm_stderr,none": 0.06446025638903098,
      "map,none": 0.6973684210526315,
      "map_stderr,none": 0.036526726275443545,
      "map_2,none": 0.6578947368421053,
      "map_2_stderr,none": 0.045399049956733876,
      "map_3,none": 0.6929824561403509,
      "map_3_stderr,none": 0.037729496785274694,
      "map_4,none": 0.6973684210526315,
      "map_4_stderr,none": 0.036526726275443545,
      "map_norm,none": 0.6578947368421053,
      "map_norm_stderr,none": 0.03592936381185623,
      "map_2_norm,none": 0.6140350877192983,
      "map_2_norm_stderr,none": 0.04515627254818861,
      "map_3_norm,none": 0.6491228070175439,
      "map_3_norm_stderr,none": 0.038164015871782114,
      "map_4_norm,none": 0.6578947368421053,
      "map_4_norm_stderr,none": 0.03592936381185623,
      "alias": "security_sales_1-1.0-0.1"
    },
    "fp2-1.0-0.1": {
      "acc,none": 0.28,
      "acc_stderr,none": 0.020623201877889966,
      "acc_norm,none": 0.28,
      "acc_norm_stderr,none": 0.020623201877889966,
      "map,none": 0.5536842105263166,
      "map_stderr,none": 0.014046450541340648,
      "map_2,none": 0.42,
      "map_2_stderr,none": 0.019709189303869574,
      "map_3,none": 0.49368421052631667,
      "map_3_stderr,none": 0.01726949577538319,
      "map_4,none": 0.5536842105263166,
      "map_4_stderr,none": 0.014046450541340648,
      "map_norm,none": 0.5536842105263166,
      "map_norm_stderr,none": 0.014046450541340648,
      "map_2_norm,none": 0.42,
      "map_2_norm_stderr,none": 0.019709189303869574,
      "map_3_norm,none": 0.49368421052631667,
      "map_3_norm_stderr,none": 0.01726949577538319,
      "map_4_norm,none": 0.5536842105263166,
      "map_4_norm_stderr,none": 0.014046450541340648,
      "alias": "fp2-1.0-0.1"
    },
    "cpa_audit-1.0-0.1": {
      "acc,none": 0.16834170854271358,
      "acc_stderr,none": 0.01877902641290842,
      "acc_norm,none": 0.15829145728643215,
      "acc_norm_stderr,none": 0.01831953107292637,
      "map,none": 0.4043551088777215,
      "map_stderr,none": 0.01443499440778541,
      "map_2,none": 0.2399497487437186,
      "map_2_stderr,none": 0.019214410440262262,
      "map_3,none": 0.30108877721943017,
      "map_3_stderr,none": 0.018363181391492678,
      "map_4,none": 0.34128978224455586,
      "map_4_stderr,none": 0.01724741725589143,
      "map_norm,none": 0.3963149078726963,
      "map_norm_stderr,none": 0.014152090828055838,
      "map_2_norm,none": 0.22989949748743718,
      "map_2_norm_stderr,none": 0.01886193362717802,
      "map_3_norm,none": 0.2910385259631488,
      "map_3_norm_stderr,none": 0.018079848778840755,
      "map_4_norm,none": 0.33123953098827436,
      "map_4_norm_stderr,none": 0.017005390900497578,
      "alias": "cpa_audit-1.0-0.1"
    },
    "cma_basics-1.0-0.1": {
      "acc,none": 0.21052631578947367,
      "acc_stderr,none": 0.06702258315442242,
      "acc_norm,none": 0.21052631578947367,
      "acc_norm_stderr,none": 0.06702258315442242,
      "map,none": 0.4912280701754385,
      "map_stderr,none": 0.04563158468977046,
      "map_2,none": 0.32894736842105265,
      "map_2_stderr,none": 0.0660733562268826,
      "map_3,none": 0.4254385964912281,
      "map_3_stderr,none": 0.05716325256261859,
      "map_4,none": 0.4912280701754385,
      "map_4_stderr,none": 0.04563158468977046,
      "map_norm,none": 0.5175438596491229,
      "map_norm_stderr,none": 0.043907039357185366,
      "map_2_norm,none": 0.39473684210526316,
      "map_2_norm_stderr,none": 0.06299172069839126,
      "map_3_norm,none": 0.46491228070175444,
      "map_3_norm_stderr,none": 0.05449521751036125,
      "map_4_norm,none": 0.5175438596491229,
      "map_4_norm_stderr,none": 0.043907039357185366,
      "alias": "cma_basics-1.0-0.1"
    },
    "chabsa-1.0-0.1": {
      "acc,none": 0.6471578402175321,
      "acc_stderr,none": 0.005437890344034767,
      "f1,none": 0.5610570306262526,
      "f1_stderr,none": "N/A",
      "acc_norm,none": 0.6471578402175321,
      "acc_norm_stderr,none": 0.005437890344034767,
      "f1_norm,none": 0.5610570306262526,
      "f1_norm_stderr,none": "N/A",
      "alias": "chabsa-1.0-0.1"
    }
  },
  "group_subtasks": {
    "chabsa-1.0-0.1": [],
    "cma_basics-1.0-0.1": [],
    "cpa_audit-1.0-0.1": [],
    "fp2-1.0-0.1": [],
    "security_sales_1-1.0-0.1": []
  },
  "configs": {
    "chabsa-1.0-0.1": {
      "task": "chabsa-1.0-0.1",
      "dataset_path": "jlm_fin_eval/datasets/chabsa/chabsa.py",
      "dataset_name": "chABSA",
      "test_split": "test",
      "doc_to_text": "[センテンス]: {{sentence}}\nターゲット]: {{target}}\n[答え]:",
      "doc_to_target": "{{polarity}}",
      "doc_to_choice": [
        "positive",
        "negative"
      ],
      "description": "[センテンス]における、[ターゲット]のセンチメントをpositiveかnegativeで選んでください。\n\n\n",
      "target_delimiter": " ",
      "fewshot_delimiter": "\n\n",
      "num_fewshot": 0,
      "metric_list": [
        {
          "metric": "acc",
          "aggregation": "mean",
          "higher_is_better": true
        },
        {
          "metric": "acc_norm",
          "aggregation": "mean",
          "higher_is_better": true
        },
        {
          "metric": "f1",
          "aggregation": "2class_adjusted_macro_f1_score_for_chabsa",
          "higher_is_better": true
        },
        {
          "metric": "f1_norm",
          "aggregation": "2class_adjusted_macro_f1_score_for_chabsa",
          "higher_is_better": true
        }
      ],
      "output_type": "multiple_choice",
      "repeats": 1,
      "should_decontaminate": false,
      "doc_to_decontamination_query": "sentence",
      "metadata": {
        "version": 1.0
      }
    },
    "cma_basics-1.0-0.1": {
      "task": "cma_basics-1.0-0.1",
      "dataset_path": "jlm_fin_eval/datasets/cma_basics/cma_basics.py",
      "dataset_name": "cma_basics",
      "test_split": "test",
      "doc_to_text": "def doc_to_text_01(doc):\n    q_doc_text = doc[\"question\"] + \"\\n\"\n    if doc[\"context\"] and doc[\"context\"] != \"\":\n        q_doc_text += doc[\"context\"] + \"\\n\"\n    return f\"[問題]:{q_doc_text}[選択肢]:[{', '.join(doc['choices']['text'])}]\\n[答え]:\"\n",
      "doc_to_target": "def doc_to_target_01(doc):\n    return [\n        choice_text\n        for choice_id, choice_text in zip(doc[\"choices\"][\"id\"], doc[\"choices\"][\"text\"])\n        if choice_id == doc[\"answer\"]\n    ][0]\n",
      "doc_to_choice": "def doc_to_choices_01(doc):\n    choices = doc[\"choices\"][\"text\"]\n    return choices\n",
      "description": "[問題]に対する[答え]を[選択肢]の中から選んでください。\n\n\n",
      "target_delimiter": "",
      "fewshot_delimiter": "\n\n",
      "num_fewshot": 0,
      "metric_list": [
        {
          "metric": "acc",
          "aggregation": "mean",
          "higher_is_better": true
        },
        {
          "metric": "acc_norm",
          "aggregation": "mean",
          "higher_is_better": true
        },
        {
          "metric": "map",
          "aggregation": "mean",
          "higher_is_better": true
        },
        {
          "metric": "map_2",
          "aggregation": "mean",
          "higher_is_better": true
        },
        {
          "metric": "map_3",
          "aggregation": "mean",
          "higher_is_better": true
        },
        {
          "metric": "map_4",
          "aggregation": "mean",
          "higher_is_better": true
        },
        {
          "metric": "map_norm",
          "aggregation": "mean",
          "higher_is_better": true
        },
        {
          "metric": "map_2_norm",
          "aggregation": "mean",
          "higher_is_better": true
        },
        {
          "metric": "map_3_norm",
          "aggregation": "mean",
          "higher_is_better": true
        },
        {
          "metric": "map_4_norm",
          "aggregation": "mean",