{
  "results": {
    "chabsa-1.0-0.6": {
      "acc": 0.8288229962449826,
      "f1": 0.83608541097334
    },
    "cma_basics-1.0-0.1": {
      "acc": 0.3157894736842105,
      "acc_stderr": 0.07641750223933595,
      "map": 0.5416666666666666,
      "map_stderr": 0.05294305847913716,
      "map_2": 0.39473684210526316,
      "map_2_stderr": 0.07341956131188584,
      "map_3": 0.45614035087719307,
      "map_3_stderr": 0.06731671300724217,
      "map_4": 0.5416666666666666,
      "map_4_stderr": 0.05294305847913716
    },
    "cpa_audit-1.0-0.2.1": {
      "acc": 0.18090452261306533,
      "acc_stderr": 0.01931953738352341,
      "map": 0.4136515912897818,
      "map_stderr": 0.014732631588346526,
      "map_2": 0.25753768844221103,
      "map_2_stderr": 0.019543864192836116,
      "map_3": 0.3111390284757116,
      "map_3_stderr": 0.018713297742615004,
      "map_4": 0.34757118927973185,
      "map_4_stderr": 0.017682780339242355
    },
    "fp2-1.0-0.3": {
      "acc": 0.24421052631578946,
      "acc_stderr": 0.019733014655901642,
      "map": 0.5182456140350886,
      "map_stderr": 0.01329092081320933,
      "map_2": 0.3684210526315789,
      "map_2_stderr": 0.019028867090941266,
      "map_3": 0.45824561403508834,
      "map_3_stderr": 0.016389310266408167,
      "map_4": 0.5182456140350886,
      "map_4_stderr": 0.01329092081320933
    },
    "security_sales_1-1.0-0.1.2": {
      "acc": 0.49122807017543857,
      "acc_stderr": 0.06680502724442024,
      "map": 0.7002923976608187,
      "map_stderr": 0.03771229527059315,
      "map_2": 0.6578947368421053,
      "map_2_stderr": 0.04709262512309164,
      "map_3": 0.6871345029239766,
      "map_3_stderr": 0.04110316016809452,
      "map_4": 0.7002923976608187,
      "map_4_stderr": 0.03771229527059315
    }
  },
  "versions": {
    "chabsa-1.0-0.6": 1.0,
    "cma_basics-1.0-0.1": 1.0,
    "cpa_audit-1.0-0.2.1": 1.0,
    "fp2-1.0-0.3": 1.0,
    "security_sales_1-1.0-0.1.2": 1.0
  },
  "config": {
    "model": "hf-causal-experimental",
    "model_args": "pretrained=tokyotech-llm/Swallow-7b-instruct-hf",
    "num_fewshot": [
      1,
      3,
      3,
      4,
      0
    ],
    "batch_size": null,
    "device": null,
    "no_cache": true,
    "limit": null,
    "bootstrap_iters": 100000,
    "description_dict": {}
  }
}