{
  "results": {
    "security_sales_1-1.0-0.5": {
      "acc,none": 0.40350877192982454,
      "acc_stderr,none": 0.06555933012294897,
      "acc_norm,none": 0.3684210526315789,
      "acc_norm_stderr,none": 0.06446025638903097,
      "map,none": 0.6754385964912281,
      "map_stderr,none": 0.03664877967856592,
      "map_2,none": 0.631578947368421,
      "map_2_stderr,none": 0.04603024876762329,
      "map_3,none": 0.6666666666666666,
      "map_3_stderr,none": 0.03891275076497301,
      "map_4,none": 0.6754385964912281,
      "map_4_stderr,none": 0.03664877967856592,
      "map_norm,none": 0.6520467836257311,
      "map_norm_stderr,none": 0.03697022087939294,
      "map_2_norm,none": 0.6140350877192983,
      "map_2_norm_stderr,none": 0.0451562725481886,
      "map_3_norm,none": 0.6257309941520469,
      "map_3_norm_stderr,none": 0.043009016623285067,
      "map_4_norm,none": 0.6520467836257311,
      "map_4_norm_stderr,none": 0.03697022087939294,
      "alias": "security_sales_1-1.0-0.5"
    },
    "fp2-1.0-0.5": {
      "acc,none": 0.24421052631578946,
      "acc_stderr,none": 0.019733014655901618,
      "acc_norm,none": 0.24421052631578946,
      "acc_norm_stderr,none": 0.019733014655901618,
      "map,none": 0.5200000000000009,
      "map_stderr,none": 0.01315025316634188,
      "map_2,none": 0.3778947368421053,
      "map_2_stderr,none": 0.018781194465269466,
      "map_3,none": 0.46000000000000085,
      "map_3_stderr,none": 0.016289082897143942,
      "map_4,none": 0.5200000000000009,
      "map_4_stderr,none": 0.01315025316634188,
      "map_norm,none": 0.5200000000000009,
      "map_norm_stderr,none": 0.01315025316634188,
      "map_2_norm,none": 0.3778947368421053,
      "map_2_norm_stderr,none": 0.018781194465269466,
      "map_3_norm,none": 0.46000000000000085,
      "map_3_norm_stderr,none": 0.016289082897143942,
      "map_4_norm,none": 0.5200000000000009,
      "map_4_norm_stderr,none": 0.01315025316634188,
      "alias": "fp2-1.0-0.5"
    },
    "cpa_audit-1.0-0.5": {
      "acc,none": 0.12060301507537688,
      "acc_stderr,none": 0.01634467597786587,
      "acc_norm,none": 0.12060301507537688,
      "acc_norm_stderr,none": 0.01634467597786587,
      "map,none": 0.3733249581239528,
      "map_stderr,none": 0.012939180975513706,
      "map_2,none": 0.20728643216080403,
      "map_2_stderr,none": 0.017456463200094686,
      "map_3,none": 0.26591289782244537,
      "map_3_stderr,none": 0.016854482366557594,
      "map_4,none": 0.30422948073701817,
      "map_4_stderr,none": 0.015911471680115436,
      "map_norm,none": 0.3733249581239528,
      "map_norm_stderr,none": 0.012939180975513706,
      "map_2_norm,none": 0.20728643216080403,
      "map_2_norm_stderr,none": 0.017456463200094686,
      "map_3_norm,none": 0.26591289782244537,
      "map_3_norm_stderr,none": 0.016854482366557594,
      "map_4_norm,none": 0.30422948073701817,
      "map_4_norm_stderr,none": 0.015911471680115436,
      "alias": "cpa_audit-1.0-0.5"
    },
    "cma_basics-1.0-0.5": {
      "acc,none": 0.21052631578947367,
      "acc_stderr,none": 0.06702258315442244,
      "acc_norm,none": 0.15789473684210525,
      "acc_norm_stderr,none": 0.05994682078436839,
      "map,none": 0.49561403508771934,
      "map_stderr,none": 0.04543175821022509,
      "map_2,none": 0.34210526315789475,
      "map_2_stderr,none": 0.06561142336130195,
      "map_3,none": 0.42982456140350883,
      "map_3_stderr,none": 0.05714051007014789,
      "map_4,none": 0.49561403508771934,
      "map_4_stderr,none": 0.04543175821022509,
      "map_norm,none": 0.48026315789473695,
      "map_norm_stderr,none": 0.04005713115766115,
      "map_2_norm,none": 0.32894736842105265,
      "map_2_norm_stderr,none": 0.06045205413996871,
      "map_3_norm,none": 0.43421052631578955,
      "map_3_norm_stderr,none": 0.04931147302671647,
      "map_4_norm,none": 0.48026315789473695,
      "map_4_norm_stderr,none": 0.04005713115766115,
      "alias": "cma_basics-1.0-0.5"
    },
    "chabsa-1.0-0.5": {
      "acc,none": 0.6792697138417714,
      "acc_stderr,none": 0.005311610404504217,
      "f1,none": 0.6712747967891568,
      "f1_stderr,none": "N/A",
      "acc_norm,none": 0.6792697138417714,
      "acc_norm_stderr,none": 0.005311610404504217,
      "f1_norm,none": 0.6712747967891568,
      "f1_norm_stderr,none": "N/A",
      "alias": "chabsa-1.0-0.5"
    }
  },
  "group_subtasks": {
    "chabsa-1.0-0.5": [],
    "cma_basics-1.0-0.5": [],
    "cpa_audit-1.0-0.5": [],
    "fp2-1.0-0.5": [],
    "security_sales_1-1.0-0.5": []
  },
  "configs": {
    "chabsa-1.0-0.5": {
      "task": "chabsa-1.0-0.5",
      "dataset_path": "jlm_fin_eval/datasets/chabsa/chabsa.py",
      "dataset_name": "chABSA",
      "test_split": "test",
      "doc_to_text": "センテンス: {{sentence}}\nターゲット: {{target}}\nシステム:",
      "doc_to_target": "{{polarity}}",
      "doc_to_choice": [
        "positive",
        "negative"
      ],
      "description": "ユーザー: センテンスにおける、ターゲットのセンチメントをpositiveかnegativeで答えてください。\nシステム: 分かりました。\n\n",
      "target_delimiter": " ",
      "fewshot_delimiter": "\n",
      "num_fewshot": 0,
      "metric_list": [
        {
          "metric": "acc",
          "aggregation": "mean",
          "higher_is_better": true
        },
        {
          "metric": "acc_norm",
          "aggregation": "mean",
          "higher_is_better": true
        },
        {
          "metric": "f1",
          "aggregation": "2class_adjusted_macro_f1_score_for_chabsa",
          "higher_is_better": true
        },
        {
          "metric": "f1_norm",
          "aggregation": "2class_adjusted_macro_f1_score_for_chabsa",
          "higher_is_better": true
        }
      ],
      "output_type": "multiple_choice",
      "repeats": 1,
      "should_decontaminate": false,
      "doc_to_decontamination_query": "sentence",
      "metadata": {
        "version": 1.0
      }
    },
    "cma_basics-1.0-0.5": {
      "task": "cma_basics-1.0-0.5",
      "dataset_path": "jlm_fin_eval/datasets/cma_basics/cma_basics.py",
      "dataset_name": "cma_basics",
      "test_split": "test",
      "doc_to_text": "def doc_to_text_05(doc):\n    return doc_to_text_04(doc, SEP=\"\\n\")\n",
      "doc_to_target": "def doc_to_target_01(doc):\n    return [\n        choice_text\n        for choice_id, choice_text in zip(doc[\"choices\"][\"id\"], doc[\"choices\"][\"text\"])\n        if choice_id == doc[\"answer\"]\n    ][0]\n",
      "doc_to_choice": "def doc_to_choices_01(doc):\n    choices = doc[\"choices\"][\"text\"]\n    return choices\n",
      "description": "ユーザー: 与えられた選択肢の中から、最適な答えを選んでください。\nシステム: 分かりました。\n\n",
      "target_delimiter": "",
      "fewshot_delimiter": "\n",
      "num_fewshot": 0,
      "metric_list": [
        {
          "metric": "acc",
          "aggregation": "mean",
          "higher_is_better": true
        },
        {
          "metric": "acc_norm",
          "aggregation": "mean",
          "higher_is_better": true
        },
        {
          "metric": "map",
          "aggregation": "mean",
          "higher_is_better": true
        },
        {
          "metric": "map_2",
          "aggregation": "mean",
          "higher_is_better": true
        },
        {
          "metric": "map_3",
          "aggregation": "mean",
          "higher_is_better": true
        },
        {
          "metric": "map_4",
          "aggregation": "mean",
          "higher_is_better": true
        },
        {
          "metric": "map_norm",
          "aggregation": "mean",
          "higher_is_better": true
        },
        {
          "metric": "map_2_norm",
          "aggregation": "mean",
          "higher_is_better": true
        },
        {
          "metric": "map_3_norm",
          "aggregation": "mean",
          "higher_is_better": true
        },
        {
          "metric": "map_4_norm",
          "aggregation": "mean",
          "higher_is_better": true
        }
      ],
      "output_type": "multiple_choice",