{
  "results": {
    "security_sales_1-1.0-0.1.2": {
      "acc,none": 0.47368421052631576,
      "acc_stderr,none": 0.06672270432067237,
      "acc_norm,none": 0.47368421052631576,
      "acc_norm_stderr,none": 0.06672270432067237,
      "map,none": 0.6929824561403509,
      "map_stderr,none": 0.04024073722836828,
      "map_2,none": 0.631578947368421,
      "map_2_stderr,none": 0.05239608971716672,
      "map_3,none": 0.6666666666666666,
      "map_3_stderr,none": 0.04626844051982957,
      "map_4,none": 0.6929824561403509,
      "map_4_stderr,none": 0.04024073722836828,
      "map_norm,none": 0.6929824561403509,
      "map_norm_stderr,none": 0.04024073722836828,
      "map_2_norm,none": 0.631578947368421,
      "map_2_norm_stderr,none": 0.05239608971716672,
      "map_3_norm,none": 0.6666666666666666,
      "map_3_norm_stderr,none": 0.04626844051982957,
      "map_4_norm,none": 0.6929824561403509,
      "map_4_norm_stderr,none": 0.04024073722836828,
      "alias": "security_sales_1-1.0-0.1.2"
    },
    "fp2-1.0-0.1.2": {
      "acc,none": 0.27789473684210525,
      "acc_stderr,none": 0.020575540150487046,
      "acc_norm,none": 0.27789473684210525,
      "acc_norm_stderr,none": 0.020575540150487046,
      "map,none": 0.5392982456140359,
      "map_stderr,none": 0.013717050436083018,
      "map_2,none": 0.3957894736842105,
      "map_2_stderr,none": 0.01949752758230252,
      "map_3,none": 0.48350877192982533,
      "map_3_stderr,none": 0.01670677487151463,
      "map_4,none": 0.5392982456140359,
      "map_4_stderr,none": 0.013717050436083018,
      "map_norm,none": 0.5392982456140359,
      "map_norm_stderr,none": 0.013717050436083018,
      "map_2_norm,none": 0.3957894736842105,
      "map_2_norm_stderr,none": 0.01949752758230252,
      "map_3_norm,none": 0.48350877192982533,
      "map_3_norm_stderr,none": 0.01670677487151463,
      "map_4_norm,none": 0.5392982456140359,
      "map_4_norm_stderr,none": 0.013717050436083018,
      "alias": "fp2-1.0-0.1.2"
    },
    "cpa_audit-1.0-0.1.2": {
      "acc,none": 0.19095477386934673,
      "acc_stderr,none": 0.01972678932678124,
      "acc_norm,none": 0.19095477386934673,
      "acc_norm_stderr,none": 0.01972678932678124,
      "map,none": 0.4315745393634838,
      "map_stderr,none": 0.014846779960943357,
      "map_2,none": 0.27261306532663315,
      "map_2_stderr,none": 0.019915820086071578,
      "map_3,none": 0.3421273031825793,
      "map_3_stderr,none": 0.018637753228992547,
      "map_4,none": 0.3773031825795644,
      "map_4_stderr,none": 0.017486346633659246,
      "map_norm,none": 0.4315745393634838,
      "map_norm_stderr,none": 0.014846779960943357,
      "map_2_norm,none": 0.27261306532663315,
      "map_2_norm_stderr,none": 0.019915820086071578,
      "map_3_norm,none": 0.3421273031825793,
      "map_3_norm_stderr,none": 0.018637753228992547,
      "map_4_norm,none": 0.3773031825795644,
      "map_4_norm_stderr,none": 0.017486346633659246,
      "alias": "cpa_audit-1.0-0.1.2"
    },
    "cma_basics-1.0-0.1.2": {
      "acc,none": 0.2631578947368421,
      "acc_stderr,none": 0.0723926637268818,
      "acc_norm,none": 0.2631578947368421,
      "acc_norm_stderr,none": 0.0723926637268818,
      "map,none": 0.537280701754386,
      "map_stderr,none": 0.04763422472997765,
      "map_2,none": 0.39473684210526316,
      "map_2_stderr,none": 0.06840463748816268,
      "map_3,none": 0.4912280701754386,
      "map_3_stderr,none": 0.0569034493285053,
      "map_4,none": 0.537280701754386,
      "map_4_stderr,none": 0.04763422472997765,
      "map_norm,none": 0.537280701754386,
      "map_norm_stderr,none": 0.04763422472997765,
      "map_2_norm,none": 0.39473684210526316,
      "map_2_norm_stderr,none": 0.06840463748816268,
      "map_3_norm,none": 0.4912280701754386,
      "map_3_norm_stderr,none": 0.0569034493285053,
      "map_4_norm,none": 0.537280701754386,
      "map_4_norm_stderr,none": 0.04763422472997765,
      "alias": "cma_basics-1.0-0.1.2"
    },
    "chabsa-1.0-0.1": {
      "acc,none": 0.6476757736630843,
      "acc_stderr,none": 0.00543607176014329,
      "f1,none": 0.6053404157352054,
      "f1_stderr,none": "N/A",
      "acc_norm,none": 0.6476757736630843,
      "acc_norm_stderr,none": 0.00543607176014329,
      "f1_norm,none": 0.6053404157352054,
      "f1_norm_stderr,none": "N/A",
      "alias": "chabsa-1.0-0.1"
    }
  },
  "group_subtasks": {
    "chabsa-1.0-0.1": [],
    "cma_basics-1.0-0.1.2": [],
    "cpa_audit-1.0-0.1.2": [],
    "fp2-1.0-0.1.2": [],
    "security_sales_1-1.0-0.1.2": []
  },
  "configs": {
    "chabsa-1.0-0.1": {
      "task": "chabsa-1.0-0.1",
      "dataset_path": "jlm_fin_eval/datasets/chabsa/chabsa.py",
      "dataset_name": "chABSA",
      "test_split": "test",
      "doc_to_text": "[センテンス]: {{sentence}}\nターゲット]: {{target}}\n[答え]:",
      "doc_to_target": "{{polarity}}",
      "doc_to_choice": [
        "positive",
        "negative"
      ],
      "description": "[センテンス]における、[ターゲット]のセンチメントをpositiveかnegativeで選んでください。\n\n\n",
      "target_delimiter": " ",
      "fewshot_delimiter": "\n\n",
      "num_fewshot": 0,
      "metric_list": [
        {
          "metric": "acc",
          "aggregation": "mean",
          "higher_is_better": true
        },
        {
          "metric": "acc_norm",
          "aggregation": "mean",
          "higher_is_better": true
        },
        {
          "metric": "f1",
          "aggregation": "2class_adjusted_macro_f1_score_for_chabsa",
          "higher_is_better": true
        },
        {
          "metric": "f1_norm",
          "aggregation": "2class_adjusted_macro_f1_score_for_chabsa",
          "higher_is_better": true
        }
      ],
      "output_type": "multiple_choice",
      "repeats": 1,
      "should_decontaminate": false,
      "doc_to_decontamination_query": "sentence",
      "metadata": {
        "version": 1.0
      }
    },
    "cma_basics-1.0-0.1.2": {
      "task": "cma_basics-1.0-0.1.2",
      "dataset_path": "jlm_fin_eval/datasets/cma_basics/cma_basics.py",
      "dataset_name": "cma_basics",
      "test_split": "test",
      "doc_to_text": "def doc_to_text_01_2(doc):\n    q_doc_text = doc[\"question\"] + \"\\n\"\n    if doc[\"context\"] and doc[\"context\"] != \"\":\n        q_doc_text += doc[\"context\"] + \"\\n\"\n    choice_doc_text = []\n    for choice_id, choice_text in zip(doc[\"choices\"][\"id\"], doc[\"choices\"][\"text\"]):\n        choice_doc_text.append(chr(choice_id + 65) + \":\" + choice_text)\n    return f\"[問題]:{q_doc_text}[選択肢]:[{', '.join(choice_doc_text)}]\\n[答え]:\"\n",
      "doc_to_target": "def doc_to_target_alphabet(doc):\n    answer = chr(int(doc[\"answer\"]) + 65)\n    return answer\n",
      "doc_to_choice": "def doc_to_choices_alphabet(doc):\n    choices = [chr(choice_id + 65) for choice_id in doc[\"choices\"][\"id\"]]\n    return choices\n",
      "description": "[問題]に対する[答え]を[選択肢]の中からアルファベットで選んでください。\n\n\n",
      "target_delimiter": "",
      "fewshot_delimiter": "\n\n",
      "num_fewshot": 0,
      "metric_list": [
        {
          "metric": "acc",
          "aggregation": "mean",
          "higher_is_better": true
        },
        {
          "metric": "acc_norm",
          "aggregation": "mean",
          "higher_is_better": true
        },
        {
          "metric": "map",
          "aggregation": "mean",
          "higher_is_better": true
        },
        {
          "metric": "map_2",
          "aggregation": "mean",
          "higher_is_better": true
        },
        {
          "metric": "map_3",
          "aggregation": "mean",
          "higher_is_better": true
        },
        {
          "metric": "map_4",
          "aggregation": "mean",
          "higher_is_better": true
        },
        {
          "metric": "map_norm",
          "aggregation": "mean",
          "higher_is_better": true
        },
        {
          "metric": "map_2_norm",
          "aggregation": "mean",