{
  "results": {
    "security_sales_1-1.0-0.1": {
      "acc,none": 0.45614035087719296,
      "acc_stderr,none": 0.0665577530069649,
      "acc_norm,none": 0.40350877192982454,
      "acc_norm_stderr,none": 0.06555933012294897,
      "map,none": 0.6973684210526315,
      "map_stderr,none": 0.03827187482224423,
      "map_2,none": 0.6578947368421053,
      "map_2_stderr,none": 0.04709262512309165,
      "map_3,none": 0.6754385964912281,
      "map_3_stderr,none": 0.043639799873097365,
      "map_4,none": 0.6973684210526315,
      "map_4_stderr,none": 0.03827187482224423,
      "map_norm,none": 0.6666666666666666,
      "map_norm_stderr,none": 0.03806487668563674,
      "map_2_norm,none": 0.6228070175438597,
      "map_2_norm_stderr,none": 0.04729642723500152,
      "map_3_norm,none": 0.6403508771929824,
      "map_3_norm_stderr,none": 0.04410956367618556,
      "map_4_norm,none": 0.6666666666666666,
      "map_4_norm_stderr,none": 0.03806487668563674,
      "alias": "security_sales_1-1.0-0.1"
    },
    "fp2-1.0-0.1": {
      "acc,none": 0.25894736842105265,
      "acc_stderr,none": 0.020120608324392136,
      "acc_norm,none": 0.25894736842105265,
      "acc_norm_stderr,none": 0.020120608324392136,
      "map,none": 0.5243859649122816,
      "map_stderr,none": 0.01354503382979678,
      "map_2,none": 0.3778947368421053,
      "map_2_stderr,none": 0.019248355757419004,
      "map_3,none": 0.46070175438596567,
      "map_3_stderr,none": 0.016799719037644496,
      "map_4,none": 0.5243859649122816,
      "map_4_stderr,none": 0.01354503382979678,
      "map_norm,none": 0.5243859649122816,
      "map_norm_stderr,none": 0.01354503382979678,
      "map_2_norm,none": 0.3778947368421053,
      "map_2_norm_stderr,none": 0.019248355757419004,
      "map_3_norm,none": 0.46070175438596567,
      "map_3_norm_stderr,none": 0.016799719037644496,
      "map_4_norm,none": 0.5243859649122816,
      "map_4_norm_stderr,none": 0.01354503382979678,
      "alias": "fp2-1.0-0.1"
    },
    "cpa_audit-1.0-0.1": {
      "acc,none": 0.16080402010050251,
      "acc_stderr,none": 0.018436772423078947,
      "acc_norm,none": 0.16080402010050251,
      "acc_norm_stderr,none": 0.018436772423078947,
      "map,none": 0.4010050251256279,
      "map_stderr,none": 0.01424285611948606,
      "map_2,none": 0.24246231155778894,
      "map_2_stderr,none": 0.018968699745455606,
      "map_3,none": 0.2927135678391957,
      "map_3_stderr,none": 0.018282856747856072,
      "map_4,none": 0.337939698492462,
      "map_4_stderr,none": 0.017055759602153074,
      "map_norm,none": 0.4003768844221103,
      "map_norm_stderr,none": 0.014264208845049434,
      "map_2_norm,none": 0.24246231155778894,
      "map_2_norm_stderr,none": 0.018968699745455606,
      "map_3_norm,none": 0.2927135678391957,
      "map_3_norm_stderr,none": 0.018282856747856072,
      "map_4_norm,none": 0.33605527638190924,
      "map_4_norm_stderr,none": 0.01711465727248397,
      "alias": "cpa_audit-1.0-0.1"
    },
    "cma_basics-1.0-0.1": {
      "acc,none": 0.34210526315789475,
      "acc_stderr,none": 0.07799328662681834,
      "acc_norm,none": 0.39473684210526316,
      "acc_norm_stderr,none": 0.0803572542664568,
      "map,none": 0.587719298245614,
      "map_stderr,none": 0.05096540806350389,
      "map_2,none": 0.47368421052631576,
      "map_2_stderr,none": 0.07042688475064171,
      "map_3,none": 0.5350877192982456,
      "map_3_stderr,none": 0.061959818225008845,
      "map_4,none": 0.587719298245614,
      "map_4_stderr,none": 0.05096540806350389,
      "map_norm,none": 0.6271929824561403,
      "map_norm_stderr,none": 0.05133133910700717,
      "map_2_norm,none": 0.5263157894736842,
      "map_2_norm_stderr,none": 0.07042688475064171,
      "map_3_norm,none": 0.587719298245614,
      "map_3_norm_stderr,none": 0.06053370258867114,
      "map_4_norm,none": 0.6271929824561403,
      "map_4_norm_stderr,none": 0.05133133910700717,
      "alias": "cma_basics-1.0-0.1"
    },
    "chabsa-1.0-0.1": {
      "acc,none": 0.6476757736630843,
      "acc_stderr,none": 0.00543607176014329,
      "f1,none": 0.6053404157352054,
      "f1_stderr,none": "N/A",
      "acc_norm,none": 0.6476757736630843,
      "acc_norm_stderr,none": 0.00543607176014329,
      "f1_norm,none": 0.6053404157352054,
      "f1_norm_stderr,none": "N/A",
      "alias": "chabsa-1.0-0.1"
    }
  },
  "group_subtasks": {
    "chabsa-1.0-0.1": [],
    "cma_basics-1.0-0.1": [],
    "cpa_audit-1.0-0.1": [],
    "fp2-1.0-0.1": [],
    "security_sales_1-1.0-0.1": []
  },
  "configs": {
    "chabsa-1.0-0.1": {
      "task": "chabsa-1.0-0.1",
      "dataset_path": "jlm_fin_eval/datasets/chabsa/chabsa.py",
      "dataset_name": "chABSA",
      "test_split": "test",
      "doc_to_text": "[センテンス]: {{sentence}}\nターゲット]: {{target}}\n[答え]:",
      "doc_to_target": "{{polarity}}",
      "doc_to_choice": [
        "positive",
        "negative"
      ],
      "description": "[センテンス]における、[ターゲット]のセンチメントをpositiveかnegativeで選んでください。\n\n\n",
      "target_delimiter": " ",
      "fewshot_delimiter": "\n\n",
      "num_fewshot": 0,
      "metric_list": [
        {
          "metric": "acc",
          "aggregation": "mean",
          "higher_is_better": true
        },
        {
          "metric": "acc_norm",
          "aggregation": "mean",
          "higher_is_better": true
        },
        {
          "metric": "f1",
          "aggregation": "2class_adjusted_macro_f1_score_for_chabsa",
          "higher_is_better": true
        },
        {
          "metric": "f1_norm",
          "aggregation": "2class_adjusted_macro_f1_score_for_chabsa",
          "higher_is_better": true
        }
      ],
      "output_type": "multiple_choice",
      "repeats": 1,
      "should_decontaminate": false,
      "doc_to_decontamination_query": "sentence",
      "metadata": {
        "version": 1.0
      }
    },
    "cma_basics-1.0-0.1": {
      "task": "cma_basics-1.0-0.1",
      "dataset_path": "jlm_fin_eval/datasets/cma_basics/cma_basics.py",
      "dataset_name": "cma_basics",
      "test_split": "test",
      "doc_to_text": "def doc_to_text_01(doc):\n    q_doc_text = doc[\"question\"] + \"\\n\"\n    if doc[\"context\"] and doc[\"context\"] != \"\":\n        q_doc_text += doc[\"context\"] + \"\\n\"\n    return f\"[問題]:{q_doc_text}[選択肢]:[{', '.join(doc['choices']['text'])}]\\n[答え]:\"\n",
      "doc_to_target": "def doc_to_target_01(doc):\n    return [\n        choice_text\n        for choice_id, choice_text in zip(doc[\"choices\"][\"id\"], doc[\"choices\"][\"text\"])\n        if choice_id == doc[\"answer\"]\n    ][0]\n",
      "doc_to_choice": "def doc_to_choices_01(doc):\n    choices = doc[\"choices\"][\"text\"]\n    return choices\n",
      "description": "[問題]に対する[答え]を[選択肢]の中から選んでください。\n\n\n",
      "target_delimiter": "",
      "fewshot_delimiter": "\n\n",
      "num_fewshot": 0,
      "metric_list": [
        {
          "metric": "acc",
          "aggregation": "mean",
          "higher_is_better": true
        },
        {
          "metric": "acc_norm",
          "aggregation": "mean",
          "higher_is_better": true
        },
        {
          "metric": "map",
          "aggregation": "mean",
          "higher_is_better": true
        },
        {
          "metric": "map_2",
          "aggregation": "mean",
          "higher_is_better": true
        },
        {
          "metric": "map_3",
          "aggregation": "mean",
          "higher_is_better": true
        },
        {
          "metric": "map_4",
          "aggregation": "mean",
          "higher_is_better": true
        },
        {
          "metric": "map_norm",
          "aggregation": "mean",
          "higher_is_better": true
        },
        {
          "metric": "map_2_norm",
          "aggregation": "mean",
          "higher_is_better": true
        },
        {
          "metric": "map_3_norm",
          "aggregation": "mean",