{
  "results": {
    "chabsa-1.0-0.1": {
      "acc": 0.7460831283180112,
      "f1": 0.7357526870417581
    },
    "cma_basics": {
      "acc": 0.39473684210526316,
      "acc_stderr": 0.08035725426645682,
      "map": 0.6162280701754386,
      "map_stderr": 0.052642690861130444,
      "map_2": 0.5,
      "map_2_stderr": 0.07303616672629475,
      "map_3": 0.5701754385964911,
      "map_3_stderr": 0.06274362315814695,
      "map_4": 0.6162280701754386,
      "map_4_stderr": 0.052642690861130444
    },
    "cpa_audit-1.0-0.2.1": {
      "acc": 0.20603015075376885,
      "acc_stderr": 0.02029888307868658,
      "map": 0.43362646566164137,
      "map_stderr": 0.015446798757493316,
      "map_2": 0.2864321608040201,
      "map_2_stderr": 0.020336450445332218,
      "map_3": 0.3308207705192627,
      "map_3_stderr": 0.019540372004169564,
      "map_4": 0.3729061976549414,
      "map_4_stderr": 0.018268200858291866
    },
    "fp2-1.0-0.5": {
      "acc": 0.2463157894736842,
      "acc_stderr": 0.019790267465333886,
      "map": 0.5156140350877202,
      "map_stderr": 0.01336393082529839,
      "map_2": 0.36526315789473685,
      "map_2_stderr": 0.0190697309786214,
      "map_3": 0.4508771929824569,
      "map_3_stderr": 0.016626781953190534,
      "map_4": 0.5156140350877202,
      "map_4_stderr": 0.01336393082529839
    },
    "security_sales_1-1.0-0.1": {
      "acc": 0.3684210526315789,
      "acc_stderr": 0.06446025638903097,
      "map": 0.6535087719298246,
      "map_stderr": 0.03671433267786581,
      "map_2": 0.6140350877192983,
      "map_2_stderr": 0.0451562725481886,
      "map_3": 0.631578947368421,
      "map_3_stderr": 0.041872266783467706,
      "map_4": 0.6535087719298246,
      "map_4_stderr": 0.03671433267786581
    }
  },
  "versions": {
    "chabsa-1.0-0.1": 1.0,
    "cma_basics": 1.0,
    "cpa_audit-1.0-0.2.1": 1.0,
    "fp2-1.0-0.5": 1.0,
    "security_sales_1-1.0-0.1": 1.0
  },
  "config": {
    "model": "hf-causal",
    "model_args": "pretrained=pfnet/plamo-13b-instruct-nc,trust_remote_code=True",
    "num_fewshot": [
      1,
      3,
      3,
      0,
      4
    ],
    "batch_size": null,
    "device": null,
    "no_cache": true,
    "limit": null,
    "bootstrap_iters": 100000,
    "description_dict": {}
  }
}