{
  "results": {
    "security_sales_1-1.0-0.2": {
      "acc,none": 0.42105263157894735,
      "acc_stderr,none": 0.06597717584505354,
      "acc_norm,none": 0.42105263157894735,
      "acc_norm_stderr,none": 0.06597717584505354,
      "map,none": 0.6915204678362571,
      "map_stderr,none": 0.037486939169457625,
      "map_2,none": 0.6491228070175439,
      "map_2_stderr,none": 0.046770570442409835,
      "map_3,none": 0.6783625730994152,
      "map_3_stderr,none": 0.04084606495182,
      "map_4,none": 0.6915204678362571,
      "map_4_stderr,none": 0.037486939169457625,
      "map_norm,none": 0.6915204678362571,
      "map_norm_stderr,none": 0.037486939169457625,
      "map_2_norm,none": 0.6491228070175439,
      "map_2_norm_stderr,none": 0.046770570442409835,
      "map_3_norm,none": 0.6783625730994152,
      "map_3_norm_stderr,none": 0.04084606495182,
      "map_4_norm,none": 0.6915204678362571,
      "map_4_norm_stderr,none": 0.037486939169457625,
      "alias": "security_sales_1-1.0-0.2"
    },
    "fp2-1.0-0.2": {
      "acc,none": 0.24,
      "acc_stderr,none": 0.019616577850947295,
      "acc_norm,none": 0.24,
      "acc_norm_stderr,none": 0.019616577850947295,
      "map,none": 0.516315789473685,
      "map_stderr,none": 0.013037363407311767,
      "map_2,none": 0.3726315789473684,
      "map_2_stderr,none": 0.018677601868974242,
      "map_3,none": 0.4568421052631586,
      "map_3_stderr,none": 0.016146480891368924,
      "map_4,none": 0.516315789473685,
      "map_4_stderr,none": 0.013037363407311767,
      "map_norm,none": 0.516315789473685,
      "map_norm_stderr,none": 0.013037363407311767,
      "map_2_norm,none": 0.3726315789473684,
      "map_2_norm_stderr,none": 0.018677601868974242,
      "map_3_norm,none": 0.4568421052631586,
      "map_3_norm_stderr,none": 0.016146480891368924,
      "map_4_norm,none": 0.516315789473685,
      "map_4_norm_stderr,none": 0.013037363407311767,
      "alias": "fp2-1.0-0.2"
    },
    "cpa_audit-1.0-0.2": {
      "acc,none": 0.1708542713567839,
      "acc_stderr,none": 0.018890049712103917,
      "acc_norm,none": 0.1708542713567839,
      "acc_norm_stderr,none": 0.018890049712103917,
      "map,none": 0.4168760469011723,
      "map_stderr,none": 0.014420379239747667,
      "map_2,none": 0.2638190954773869,
      "map_2_stderr,none": 0.019290707769370974,
      "map_3,none": 0.31909547738693445,
      "map_3_stderr,none": 0.01836793150357201,
      "map_4,none": 0.35741206030150724,
      "map_4_stderr,none": 0.017210938245718194,
      "map_norm,none": 0.4168760469011723,
      "map_norm_stderr,none": 0.014420379239747667,
      "map_2_norm,none": 0.2638190954773869,
      "map_2_norm_stderr,none": 0.019290707769370974,
      "map_3_norm,none": 0.31909547738693445,
      "map_3_norm_stderr,none": 0.01836793150357201,
      "map_4_norm,none": 0.35741206030150724,
      "map_4_norm_stderr,none": 0.017210938245718194,
      "alias": "cpa_audit-1.0-0.2"
    },
    "cma_basics-1.0-0.2": {
      "acc,none": 0.23684210526315788,
      "acc_stderr,none": 0.06989334006042333,
      "acc_norm,none": 0.23684210526315788,
      "acc_norm_stderr,none": 0.06989334006042333,
      "map,none": 0.5175438596491228,
      "map_stderr,none": 0.046528564232748794,
      "map_2,none": 0.3684210526315789,
      "map_2_stderr,none": 0.06716206838991054,
      "map_3,none": 0.46491228070175433,
      "map_3_stderr,none": 0.0566286845684163,
      "map_4,none": 0.5175438596491228,
      "map_4_stderr,none": 0.046528564232748794,
      "map_norm,none": 0.5175438596491228,
      "map_norm_stderr,none": 0.046528564232748794,
      "map_2_norm,none": 0.3684210526315789,
      "map_2_norm_stderr,none": 0.06716206838991054,
      "map_3_norm,none": 0.46491228070175433,
      "map_3_norm_stderr,none": 0.0566286845684163,
      "map_4_norm,none": 0.5175438596491228,
      "map_4_norm_stderr,none": 0.046528564232748794,
      "alias": "cma_basics-1.0-0.2"
    },
    "chabsa-1.0-0.2": {
      "acc,none": 0.5926453450731581,
      "acc_stderr,none": 0.0055913783674700675,
      "f1,none": 0.4414256302424226,
      "f1_stderr,none": "N/A",
      "acc_norm,none": 0.5926453450731581,
      "acc_norm_stderr,none": 0.0055913783674700675,
      "f1_norm,none": 0.4414256302424226,
      "f1_norm_stderr,none": "N/A",
      "alias": "chabsa-1.0-0.2"
    }
  },
  "group_subtasks": {
    "chabsa-1.0-0.2": [],
    "cma_basics-1.0-0.2": [],
    "cpa_audit-1.0-0.2": [],
    "fp2-1.0-0.2": [],
    "security_sales_1-1.0-0.2": []
  },
  "configs": {
    "chabsa-1.0-0.2": {
      "task": "chabsa-1.0-0.2",
      "dataset_path": "jlm_fin_eval/datasets/chabsa/chabsa.py",
      "dataset_name": "chABSA",
      "test_split": "test",
      "doc_to_text": "センテンス: {{sentence}}\nターゲット: {{target}}\n回答:",
      "doc_to_target": "{{polarity}}",
      "doc_to_choice": [
        "positive",
        "negative"
      ],
      "description": "センテンスとターゲットを入力として受け取り、ターゲットに関するセンチメントをpositiveかnegativeから選択してください。\n\n\n",
      "target_delimiter": " ",
      "fewshot_delimiter": "\n\n",
      "num_fewshot": 0,
      "metric_list": [
        {
          "metric": "acc",
          "aggregation": "mean",
          "higher_is_better": true
        },
        {
          "metric": "acc_norm",
          "aggregation": "mean",
          "higher_is_better": true
        },
        {
          "metric": "f1",
          "aggregation": "2class_adjusted_macro_f1_score_for_chabsa",
          "higher_is_better": true
        },
        {
          "metric": "f1_norm",
          "aggregation": "2class_adjusted_macro_f1_score_for_chabsa",
          "higher_is_better": true
        }
      ],
      "output_type": "multiple_choice",
      "repeats": 1,
      "should_decontaminate": false,
      "doc_to_decontamination_query": "sentence",
      "metadata": {
        "version": 1.0
      }
    },
    "cma_basics-1.0-0.2": {
      "task": "cma_basics-1.0-0.2",
      "dataset_path": "jlm_fin_eval/datasets/cma_basics/cma_basics.py",
      "dataset_name": "cma_basics",
      "test_split": "test",
      "doc_to_text": "def doc_to_text_02(doc):\n    q_doc_text = doc[\"question\"] + \"\\n\"\n    if doc[\"context\"] and doc[\"context\"] != \"\":\n        q_doc_text += doc[\"context\"] + \"\\n\"\n    choices = \",\".join(\n        [\n            f\"{idx}.{choice}\"\n            for idx, choice in zip(doc[\"choices\"][\"id\"], doc[\"choices\"][\"text\"])\n        ]\n    )\n    return f\"質問:{q_doc_text}\" f\"選択肢:{choices}\\n\" \"回答:\"\n",
      "doc_to_target": "def doc_to_target_02(doc):\n    return [\n        str(choice_id)\n        for choice_id in doc[\"choices\"][\"id\"]\n        if choice_id == doc[\"answer\"]\n    ][0]\n",
      "doc_to_choice": "def doc_to_choices_02(doc):\n    return [str(choice) for choice in doc[\"choices\"][\"id\"]]\n",
      "description": "質問と回答の選択肢を入力として受け取り、選択肢から回答を選択してください。なお、回答は選択肢の番号(例:0)でするものとします。\n\n\n",
      "target_delimiter": "",
      "fewshot_delimiter": "\n\n",
      "num_fewshot": 0,
      "metric_list": [
        {
          "metric": "acc",
          "aggregation": "mean",
          "higher_is_better": true
        },
        {
          "metric": "acc_norm",
          "aggregation": "mean",
          "higher_is_better": true
        },
        {
          "metric": "map",
          "aggregation": "mean",
          "higher_is_better": true
        },
        {
          "metric": "map_2",
          "aggregation": "mean",
          "higher_is_better": true
        },
        {
          "metric": "map_3",
          "aggregation": "mean",
          "higher_is_better": true
        },
        {
          "metric": "map_4",
          "aggregation": "mean",
          "higher_is_better": true
        },
        {
          "metric": "map_norm",
          "aggregation": "mean",
          "higher_is_better": true
        },
        {
          "metric": "map_2_norm",
          "aggregation": "mean",