{
  "results": {
    "security_sales_1-1.0-0.3": {
      "acc,none": 0.42105263157894735,
      "acc_stderr,none": 0.06597717584505354,
      "acc_norm,none": 0.38596491228070173,
      "acc_norm_stderr,none": 0.0650543726938216,
      "map,none": 0.6915204678362574,
      "map_stderr,none": 0.03606719939623719,
      "map_2,none": 0.6666666666666666,
      "map_2_stderr,none": 0.04213397099863264,
      "map_3,none": 0.6783625730994153,
      "map_3_stderr,none": 0.03954710211939193,
      "map_4,none": 0.6915204678362574,
      "map_4_stderr,none": 0.03606719939623719,
      "map_norm,none": 0.6666666666666666,
      "map_norm_stderr,none": 0.03648908924713266,
      "map_2_norm,none": 0.631578947368421,
      "map_2_norm_stderr,none": 0.044296074291061735,
      "map_3_norm,none": 0.6491228070175439,
      "map_3_norm_stderr,none": 0.04080867039582401,
      "map_4_norm,none": 0.6666666666666666,
      "map_4_norm_stderr,none": 0.03648908924713266,
      "alias": "security_sales_1-1.0-0.3"
    },
    "fp2-1.0-0.3": {
      "acc,none": 0.25263157894736843,
      "acc_stderr,none": 0.019958229813034266,
      "acc_norm,none": 0.25263157894736843,
      "acc_norm_stderr,none": 0.019958229813034266,
      "map,none": 0.5180701754385975,
      "map_stderr,none": 0.013456324060265451,
      "map_2,none": 0.37157894736842106,
      "map_2_stderr,none": 0.019103411532399434,
      "map_3,none": 0.45017543859649206,
      "map_3_stderr,none": 0.016850893406354536,
      "map_4,none": 0.5180701754385975,
      "map_4_stderr,none": 0.013456324060265451,
      "map_norm,none": 0.5180701754385975,
      "map_norm_stderr,none": 0.013456324060265451,
      "map_2_norm,none": 0.37157894736842106,
      "map_2_norm_stderr,none": 0.019103411532399434,
      "map_3_norm,none": 0.45017543859649206,
      "map_3_norm_stderr,none": 0.016850893406354536,
      "map_4_norm,none": 0.5180701754385975,
      "map_4_norm_stderr,none": 0.013456324060265451,
      "alias": "fp2-1.0-0.3"
    },
    "cpa_audit-1.0-0.3": {
      "acc,none": 0.13819095477386933,
      "acc_stderr,none": 0.01732008740419801,
      "acc_norm,none": 0.13819095477386933,
      "acc_norm_stderr,none": 0.01732008740419801,
      "map,none": 0.39061976549413724,
      "map_stderr,none": 0.013405005694208065,
      "map_2,none": 0.22236180904522612,
      "map_2_stderr,none": 0.018153529941563745,
      "map_3,none": 0.28768844221105494,
      "map_3_stderr,none": 0.01733412110403073,
      "map_4,none": 0.3304020100502508,
      "map_4_stderr,none": 0.01615142685500789,
      "map_norm,none": 0.3903685092127302,
      "map_norm_stderr,none": 0.013414782762680828,
      "map_2_norm,none": 0.22236180904522612,
      "map_2_norm_stderr,none": 0.018153529941563745,
      "map_3_norm,none": 0.28768844221105494,
      "map_3_norm_stderr,none": 0.01733412110403073,
      "map_4_norm,none": 0.3304020100502508,
      "map_4_norm_stderr,none": 0.01615142685500789,
      "alias": "cpa_audit-1.0-0.3"
    },
    "cma_basics-1.0-0.3": {
      "acc,none": 0.2631578947368421,
      "acc_stderr,none": 0.0723926637268818,
      "acc_norm,none": 0.2894736842105263,
      "acc_norm_stderr,none": 0.07455791696866065,
      "map,none": 0.5197368421052632,
      "map_stderr,none": 0.049339141684353265,
      "map_2,none": 0.3684210526315789,
      "map_2_stderr,none": 0.06975931627447642,
      "map_3,none": 0.4473684210526316,
      "map_3_stderr,none": 0.06194303376899859,
      "map_4,none": 0.5197368421052632,
      "map_4_stderr,none": 0.049339141684353265,
      "map_norm,none": 0.5526315789473685,
      "map_norm_stderr,none": 0.04913719900260563,
      "map_2_norm,none": 0.42105263157894735,
      "map_2_norm_stderr,none": 0.0693556909988199,
      "map_3_norm,none": 0.4999999999999999,
      "map_3_norm_stderr,none": 0.05963378041608701,
      "map_4_norm,none": 0.5526315789473685,
      "map_4_norm_stderr,none": 0.04913719900260563,
      "alias": "cma_basics-1.0-0.3"
    },
    "chabsa-1.0-0.3": {
      "acc,none": 0.5613103716172472,
      "acc_stderr,none": 0.005646967890138898,
      "f1,none": 0.3598083358969339,
      "f1_stderr,none": "N/A",
      "acc_norm,none": 0.5613103716172472,
      "acc_norm_stderr,none": 0.005646967890138898,
      "f1_norm,none": 0.3598083358969339,
      "f1_norm_stderr,none": "N/A",
      "alias": "chabsa-1.0-0.3"
    }
  },
  "group_subtasks": {
    "chabsa-1.0-0.3": [],
    "cma_basics-1.0-0.3": [],
    "cpa_audit-1.0-0.3": [],
    "fp2-1.0-0.3": [],
    "security_sales_1-1.0-0.3": []
  },
  "configs": {
    "chabsa-1.0-0.3": {
      "task": "chabsa-1.0-0.3",
      "dataset_path": "jlm_fin_eval/datasets/chabsa/chabsa.py",
      "dataset_name": "chABSA",
      "test_split": "test",
      "doc_to_text": "### 入力:\nセンテンス:{{sentence}}\nターゲット:{{target}}\n\n### 応答:\n\n",
      "doc_to_target": "{{polarity}}",
      "doc_to_choice": [
        "positive",
        "negative"
      ],
      "description": "以下は、タスクを説明する指示と、文脈のある入力の組み合わせです。要求を適切に満たす応答を書きなさい。\n\n### 指示:\n以下のセンテンスにおける、ターゲットのセンチメントをpositiveかnegativeで答えてください。\n\n\n",
      "target_delimiter": "",
      "fewshot_delimiter": "\n\n",
      "num_fewshot": 0,
      "metric_list": [
        {
          "metric": "acc",
          "aggregation": "mean",
          "higher_is_better": true
        },
        {
          "metric": "acc_norm",
          "aggregation": "mean",
          "higher_is_better": true
        },
        {
          "metric": "f1",
          "aggregation": "2class_adjusted_macro_f1_score_for_chabsa",
          "higher_is_better": true
        },
        {
          "metric": "f1_norm",
          "aggregation": "2class_adjusted_macro_f1_score_for_chabsa",
          "higher_is_better": true
        }
      ],
      "output_type": "multiple_choice",
      "repeats": 1,
      "should_decontaminate": false,
      "doc_to_decontamination_query": "sentence",
      "metadata": {
        "version": 1.0
      }
    },
    "cma_basics-1.0-0.3": {
      "task": "cma_basics-1.0-0.3",
      "dataset_path": "jlm_fin_eval/datasets/cma_basics/cma_basics.py",
      "dataset_name": "cma_basics",
      "test_split": "test",
      "doc_to_text": "def doc_to_text_03(doc):\n    q_doc_text = doc[\"question\"] + \"\\n\"\n    if doc[\"context\"] and doc[\"context\"] != \"\":\n        q_doc_text += doc[\"context\"] + \"\\n\"\n    choices = \"\\n\".join([f\"- {choice}\" for choice in doc[\"choices\"][\"text\"]])\n    input_text = f\"{q_doc_text}\" + f\"出力は以下から選択してください：\\n{choices}\"\n    return f\"### 入力:\\n{input_text}\\n\\n### 応答:\\n\"\n",
      "doc_to_target": "def doc_to_target_01(doc):\n    return [\n        choice_text\n        for choice_id, choice_text in zip(doc[\"choices\"][\"id\"], doc[\"choices\"][\"text\"])\n        if choice_id == doc[\"answer\"]\n    ][0]\n",
      "doc_to_choice": "def doc_to_choices_01(doc):\n    choices = doc[\"choices\"][\"text\"]\n    return choices\n",
      "description": "以下は、タスクを説明する指示と、文脈のある入力の組み合わせです。要求を適切に満たす応答を書きなさい。\n\n### 指示:\n与えられた選択肢の中から、最適な答えを選んでください。\n\n\n",
      "target_delimiter": "",
      "fewshot_delimiter": "\n\n",
      "num_fewshot": 0,
      "metric_list": [
        {
          "metric": "acc",
          "aggregation": "mean",
          "higher_is_better": true
        },
        {
          "metric": "acc_norm",
          "aggregation": "mean",
          "higher_is_better": true
        },
        {
          "metric": "map",
          "aggregation": "mean",
          "higher_is_better": true
        },
        {
          "metric": "map_2",
          "aggregation": "mean",
          "higher_is_better": true
        },
        {
          "metric": "map_3",
          "aggregation": "mean",
          "higher_is_better": true
        },
        {
          "metric": "map_4",
          "aggregation": "mean",
          "higher_is_better": true
        },
        {
          "metric": "map_norm",
          "aggregation": "mean",