{
  "results": {
    "security_sales_1-1.0-0.4": {
      "acc,none": 0.43859649122807015,
      "acc_stderr,none": 0.0663095566682855,
      "acc_norm,none": 0.42105263157894735,
      "acc_norm_stderr,none": 0.06597717584505354,
      "map,none": 0.6944444444444443,
      "map_stderr,none": 0.03710007514786161,
      "map_2,none": 0.6578947368421053,
      "map_2_stderr,none": 0.045399049956733876,
      "map_3,none": 0.6812865497076023,
      "map_3_stderr,none": 0.04050827124043488,
      "map_4,none": 0.6944444444444443,
      "map_4_stderr,none": 0.03710007514786161,
      "map_norm,none": 0.6739766081871346,
      "map_norm_stderr,none": 0.0386479982766443,
      "map_2_norm,none": 0.631578947368421,
      "map_2_norm_stderr,none": 0.0477014193249982,
      "map_3_norm,none": 0.6432748538011697,
      "map_3_norm_stderr,none": 0.045593680525914164,
      "map_4_norm,none": 0.6739766081871346,
      "map_4_norm_stderr,none": 0.0386479982766443,
      "alias": "security_sales_1-1.0-0.4"
    },
    "fp2-1.0-0.4": {
      "acc,none": 0.24842105263157896,
      "acc_stderr,none": 0.019846883994871865,
      "acc_norm,none": 0.24842105263157896,
      "acc_norm_stderr,none": 0.019846883994871865,
      "map,none": 0.5198245614035097,
      "map_stderr,none": 0.013338280383995128,
      "map_2,none": 0.3736842105263158,
      "map_2_stderr,none": 0.019016578509039025,
      "map_3,none": 0.45719298245614104,
      "map_3_stderr,none": 0.016552146576520183,
      "map_4,none": 0.5198245614035097,
      "map_4_stderr,none": 0.013338280383995128,
      "map_norm,none": 0.5198245614035097,
      "map_norm_stderr,none": 0.013338280383995128,
      "map_2_norm,none": 0.3736842105263158,
      "map_2_norm_stderr,none": 0.019016578509039025,
      "map_3_norm,none": 0.45719298245614104,
      "map_3_norm_stderr,none": 0.016552146576520183,
      "map_4_norm,none": 0.5198245614035097,
      "map_4_norm_stderr,none": 0.013338280383995128,
      "alias": "fp2-1.0-0.4"
    },
    "cpa_audit-1.0-0.4": {
      "acc,none": 0.14824120603015076,
      "acc_stderr,none": 0.017833949374419667,
      "acc_norm,none": 0.1457286432160804,
      "acc_norm_stderr,none": 0.017708229011298,
      "map,none": 0.396231155778894,
      "map_stderr,none": 0.013830493616951932,
      "map_2,none": 0.23743718592964824,
      "map_2_stderr,none": 0.018540090587337344,
      "map_3,none": 0.29187604690117214,
      "map_3_stderr,none": 0.017800592652499878,
      "map_4,none": 0.33333333333333304,
      "map_4_stderr,none": 0.016663712930589353,
      "map_norm,none": 0.39413735343383544,
      "map_norm_stderr,none": 0.013745774988788215,
      "map_2_norm,none": 0.23366834170854273,
      "map_2_norm_stderr,none": 0.01844711950410465,
      "map_3_norm,none": 0.2897822445561135,
      "map_3_norm_stderr,none": 0.017703788426407345,
      "map_4_norm,none": 0.33123953098827436,
      "map_4_norm_stderr,none": 0.01657346225269994,
      "alias": "cpa_audit-1.0-0.4"
    },
    "cma_basics-1.0-0.4": {
      "acc,none": 0.2894736842105263,
      "acc_stderr,none": 0.07455791696866065,
      "acc_norm,none": 0.2894736842105263,
      "acc_norm_stderr,none": 0.07455791696866065,
      "map,none": 0.5350877192982457,
      "map_stderr,none": 0.050349613305509196,
      "map_2,none": 0.3684210526315789,
      "map_2_stderr,none": 0.07226327548453529,
      "map_3,none": 0.48245614035087725,
      "map_3_stderr,none": 0.060223712884997366,
      "map_4,none": 0.5350877192982457,
      "map_4_stderr,none": 0.050349613305509196,
      "map_norm,none": 0.5482456140350879,
      "map_norm_stderr,none": 0.04945886033711712,
      "map_2_norm,none": 0.40789473684210525,
      "map_2_norm_stderr,none": 0.07019395796413648,
      "map_3_norm,none": 0.49561403508771934,
      "map_3_norm_stderr,none": 0.05979485308056072,
      "map_4_norm,none": 0.5482456140350879,
      "map_4_norm_stderr,none": 0.04945886033711712,
      "alias": "cma_basics-1.0-0.4"
    },
    "chabsa-1.0-0.4": {
      "acc,none": 0.5613103716172472,
      "acc_stderr,none": 0.005646967890138898,
      "f1,none": 0.3598083358969339,
      "f1_stderr,none": "N/A",
      "acc_norm,none": 0.5613103716172472,
      "acc_norm_stderr,none": 0.005646967890138898,
      "f1_norm,none": 0.3598083358969339,
      "f1_norm_stderr,none": "N/A",
      "alias": "chabsa-1.0-0.4"
    }
  },
  "group_subtasks": {
    "chabsa-1.0-0.4": [],
    "cma_basics-1.0-0.4": [],
    "cpa_audit-1.0-0.4": [],
    "fp2-1.0-0.4": [],
    "security_sales_1-1.0-0.4": []
  },
  "configs": {
    "chabsa-1.0-0.4": {
      "task": "chabsa-1.0-0.4",
      "dataset_path": "jlm_fin_eval/datasets/chabsa/chabsa.py",
      "dataset_name": "chABSA",
      "test_split": "test",
      "doc_to_text": "センテンス: {{sentence}}<NL>ターゲット: {{target}}<NL>システム:",
      "doc_to_target": "{{polarity}}",
      "doc_to_choice": [
        "positive",
        "negative"
      ],
      "description": "ユーザー: センテンスにおける、ターゲットのセンチメントをpositiveかnegativeで答えてください。<NL>システム: 分かりました。<NL>",
      "target_delimiter": " ",
      "fewshot_delimiter": "<NL>",
      "num_fewshot": 0,
      "metric_list": [
        {
          "metric": "acc",
          "aggregation": "mean",
          "higher_is_better": true
        },
        {
          "metric": "acc_norm",
          "aggregation": "mean",
          "higher_is_better": true
        },
        {
          "metric": "f1",
          "aggregation": "2class_adjusted_macro_f1_score_for_chabsa",
          "higher_is_better": true
        },
        {
          "metric": "f1_norm",
          "aggregation": "2class_adjusted_macro_f1_score_for_chabsa",
          "higher_is_better": true
        }
      ],
      "output_type": "multiple_choice",
      "repeats": 1,
      "should_decontaminate": false,
      "doc_to_decontamination_query": "sentence",
      "metadata": {
        "version": 1.0
      }
    },
    "cma_basics-1.0-0.4": {
      "task": "cma_basics-1.0-0.4",
      "dataset_path": "jlm_fin_eval/datasets/cma_basics/cma_basics.py",
      "dataset_name": "cma_basics",
      "test_split": "test",
      "doc_to_text": "def doc_to_text_04(doc, SEP=\"<NL>\"):\n    q_doc_text = doc[\"question\"]\n    if doc[\"context\"] and doc[\"context\"] != \"\":\n        q_doc_text += \"\\n\" + doc[\"context\"]\n    choices = SEP.join([f\"- {choice}\" for choice in doc[\"choices\"][\"text\"]])\n    input_text = f\"質問：{q_doc_text}{SEP}\" + f\"選択肢：{SEP}{choices}\"\n    return f\"ユーザー: {input_text}{SEP}システム: \"\n",
      "doc_to_target": "def doc_to_target_01(doc):\n    return [\n        choice_text\n        for choice_id, choice_text in zip(doc[\"choices\"][\"id\"], doc[\"choices\"][\"text\"])\n        if choice_id == doc[\"answer\"]\n    ][0]\n",
      "doc_to_choice": "def doc_to_choices_01(doc):\n    choices = doc[\"choices\"][\"text\"]\n    return choices\n",
      "description": "ユーザー: 与えられた選択肢の中から、最適な答えを選んでください。<NL>システム: 分かりました。<NL>",
      "target_delimiter": "",
      "fewshot_delimiter": "<NL>",
      "num_fewshot": 0,
      "metric_list": [
        {
          "metric": "acc",
          "aggregation": "mean",
          "higher_is_better": true
        },
        {
          "metric": "acc_norm",
          "aggregation": "mean",
          "higher_is_better": true
        },
        {
          "metric": "map",
          "aggregation": "mean",
          "higher_is_better": true
        },
        {
          "metric": "map_2",
          "aggregation": "mean",
          "higher_is_better": true
        },
        {
          "metric": "map_3",
          "aggregation": "mean",
          "higher_is_better": true
        },
        {
          "metric": "map_4",
          "aggregation": "mean",
          "higher_is_better": true
        },
        {
          "metric": "map_norm",
          "aggregation": "mean",
          "higher_is_better": true
        },
        {
          "metric": "map_2_norm",
          "aggregation": "mean",