{
  "results": {
    "security_sales_1-1.0-0.1": {
      "acc,none": 0.5263157894736842,
      "acc_stderr,none": 0.06672270432067237,
      "acc_norm,none": 0.49122807017543857,
      "acc_norm_stderr,none": 0.06680502724442025,
      "map,none": 0.7441520467836258,
      "map_stderr,none": 0.03689581324810676,
      "map_2,none": 0.7192982456140351,
      "map_2_stderr,none": 0.04338717951695256,
      "map_3,none": 0.7309941520467838,
      "map_3_stderr,none": 0.04060990438103172,
      "map_4,none": 0.7441520467836258,
      "map_4_stderr,none": 0.03689581324810676,
      "map_norm,none": 0.7280701754385965,
      "map_norm_stderr,none": 0.03646083597983237,
      "map_2_norm,none": 0.7017543859649122,
      "map_2_norm_stderr,none": 0.04310121183438554,
      "map_3_norm,none": 0.7192982456140351,
      "map_3_norm_stderr,none": 0.0389480457842608,
      "map_4_norm,none": 0.7280701754385965,
      "map_4_norm_stderr,none": 0.03646083597983237,
      "alias": "security_sales_1-1.0-0.1"
    },
    "fp2-1.0-0.1": {
      "acc,none": 0.2505263157894737,
      "acc_stderr,none": 0.019902869674481148,
      "acc_norm,none": 0.2505263157894737,
      "acc_norm_stderr,none": 0.019902869674481148,
      "map,none": 0.5149122807017554,
      "map_stderr,none": 0.01352619495869343,
      "map_2,none": 0.36526315789473685,
      "map_2_stderr,none": 0.019185831309913748,
      "map_3,none": 0.44385964912280795,
      "map_3_stderr,none": 0.017005966881105807,
      "map_4,none": 0.5149122807017554,
      "map_4_stderr,none": 0.01352619495869343,
      "map_norm,none": 0.5149122807017554,
      "map_norm_stderr,none": 0.01352619495869343,
      "map_2_norm,none": 0.36526315789473685,
      "map_2_norm_stderr,none": 0.019185831309913748,
      "map_3_norm,none": 0.44385964912280795,
      "map_3_norm_stderr,none": 0.017005966881105807,
      "map_4_norm,none": 0.5149122807017554,
      "map_4_norm_stderr,none": 0.01352619495869343,
      "alias": "fp2-1.0-0.1"
    },
    "cpa_audit-1.0-0.1": {
      "acc,none": 0.1658291457286432,
      "acc_stderr,none": 0.01866649095365283,
      "acc_norm,none": 0.1658291457286432,
      "acc_norm_stderr,none": 0.01866649095365283,
      "map,none": 0.40108877721943037,
      "map_stderr,none": 0.014333766530060688,
      "map_2,none": 0.23366834170854273,
      "map_2_stderr,none": 0.019120975716396742,
      "map_3,none": 0.2889447236180902,
      "map_3_stderr,none": 0.01841893882466183,
      "map_4,none": 0.3429648241206029,
      "map_4_stderr,none": 0.016949648272630784,
      "map_norm,none": 0.3988274706867668,
      "map_norm_stderr,none": 0.014395188029690087,
      "map_2_norm,none": 0.23366834170854273,
      "map_2_norm_stderr,none": 0.019120975716396742,
      "map_3_norm,none": 0.284757118927973,
      "map_3_norm_stderr,none": 0.018487637597644515,
      "map_4_norm,none": 0.3387772194304857,
      "map_4_norm_stderr,none": 0.017057714805093493,
      "alias": "cpa_audit-1.0-0.1"
    },
    "cma_basics-1.0-0.1": {
      "acc,none": 0.3684210526315789,
      "acc_stderr,none": 0.07930218984219832,
      "acc_norm,none": 0.3157894736842105,
      "acc_norm_stderr,none": 0.07641750223933595,
      "map,none": 0.5833333333333334,
      "map_stderr,none": 0.053615157478340184,
      "map_2,none": 0.4342105263157895,
      "map_2_stderr,none": 0.07583356746409245,
      "map_3,none": 0.5307017543859649,
      "map_3_stderr,none": 0.06405976518073457,
      "map_4,none": 0.5833333333333334,
      "map_4_stderr,none": 0.053615157478340184,
      "map_norm,none": 0.5855263157894737,
      "map_norm_stderr,none": 0.048333092381111525,
      "map_2_norm,none": 0.47368421052631576,
      "map_2_norm_stderr,none": 0.06785519375116958,
      "map_3_norm,none": 0.5526315789473685,
      "map_3_norm_stderr,none": 0.05590797688312898,
      "map_4_norm,none": 0.5855263157894737,
      "map_4_norm_stderr,none": 0.048333092381111525,
      "alias": "cma_basics-1.0-0.1"
    },
    "chabsa-1.0-0.1": {
      "acc,none": 0.6373171047520394,
      "acc_stderr,none": 0.005471122333062904,
      "f1,none": 0.5419862813554712,
      "f1_stderr,none": "N/A",
      "acc_norm,none": 0.6373171047520394,
      "acc_norm_stderr,none": 0.005471122333062904,
      "f1_norm,none": 0.5419862813554712,
      "f1_norm_stderr,none": "N/A",
      "alias": "chabsa-1.0-0.1"
    }
  },
  "group_subtasks": {
    "chabsa-1.0-0.1": [],
    "cma_basics-1.0-0.1": [],
    "cpa_audit-1.0-0.1": [],
    "fp2-1.0-0.1": [],
    "security_sales_1-1.0-0.1": []
  },
  "configs": {
    "chabsa-1.0-0.1": {
      "task": "chabsa-1.0-0.1",
      "dataset_path": "jlm_fin_eval/datasets/chabsa/chabsa.py",
      "dataset_name": "chABSA",
      "test_split": "test",
      "doc_to_text": "[センテンス]: {{sentence}}\nターゲット]: {{target}}\n[答え]:",
      "doc_to_target": "{{polarity}}",
      "doc_to_choice": [
        "positive",
        "negative"
      ],
      "description": "[センテンス]における、[ターゲット]のセンチメントをpositiveかnegativeで選んでください。\n\n\n",
      "target_delimiter": " ",
      "fewshot_delimiter": "\n\n",
      "num_fewshot": 0,
      "metric_list": [
        {
          "metric": "acc",
          "aggregation": "mean",
          "higher_is_better": true
        },
        {
          "metric": "acc_norm",
          "aggregation": "mean",
          "higher_is_better": true
        },
        {
          "metric": "f1",
          "aggregation": "2class_adjusted_macro_f1_score_for_chabsa",
          "higher_is_better": true
        },
        {
          "metric": "f1_norm",
          "aggregation": "2class_adjusted_macro_f1_score_for_chabsa",
          "higher_is_better": true
        }
      ],
      "output_type": "multiple_choice",
      "repeats": 1,
      "should_decontaminate": false,
      "doc_to_decontamination_query": "sentence",
      "metadata": {
        "version": 1.0
      }
    },
    "cma_basics-1.0-0.1": {
      "task": "cma_basics-1.0-0.1",
      "dataset_path": "jlm_fin_eval/datasets/cma_basics/cma_basics.py",
      "dataset_name": "cma_basics",
      "test_split": "test",
      "doc_to_text": "def doc_to_text_01(doc):\n    q_doc_text = doc[\"question\"] + \"\\n\"\n    if doc[\"context\"] and doc[\"context\"] != \"\":\n        q_doc_text += doc[\"context\"] + \"\\n\"\n    return f\"[問題]:{q_doc_text}[選択肢]:[{', '.join(doc['choices']['text'])}]\\n[答え]:\"\n",
      "doc_to_target": "def doc_to_target_01(doc):\n    return [\n        choice_text\n        for choice_id, choice_text in zip(doc[\"choices\"][\"id\"], doc[\"choices\"][\"text\"])\n        if choice_id == doc[\"answer\"]\n    ][0]\n",
      "doc_to_choice": "def doc_to_choices_01(doc):\n    choices = doc[\"choices\"][\"text\"]\n    return choices\n",
      "description": "[問題]に対する[答え]を[選択肢]の中から選んでください。\n\n\n",
      "target_delimiter": "",
      "fewshot_delimiter": "\n\n",
      "num_fewshot": 0,
      "metric_list": [
        {
          "metric": "acc",
          "aggregation": "mean",
          "higher_is_better": true
        },
        {
          "metric": "acc_norm",
          "aggregation": "mean",
          "higher_is_better": true
        },
        {
          "metric": "map",
          "aggregation": "mean",
          "higher_is_better": true
        },
        {
          "metric": "map_2",
          "aggregation": "mean",
          "higher_is_better": true
        },
        {
          "metric": "map_3",
          "aggregation": "mean",
          "higher_is_better": true
        },
        {
          "metric": "map_4",
          "aggregation": "mean",
          "higher_is_better": true
        },
        {
          "metric": "map_norm",
          "aggregation": "mean",
          "higher_is_better": true
        },
        {
          "metric": "map_2_norm",
          "aggregation": "mean",
          "higher_is_better": true
        },
        {
          "metric": "map_3_norm",
          "aggregation": "mean",