{
  "results": {
    "security_sales_1-1.0-0.5": {
      "acc,none": 0.42105263157894735,
      "acc_stderr,none": 0.06597717584505354,
      "acc_norm,none": 0.42105263157894735,
      "acc_norm_stderr,none": 0.06597717584505354,
      "map,none": 0.6783625730994153,
      "map_stderr,none": 0.03803277643078527,
      "map_2,none": 0.6403508771929824,
      "map_2_stderr,none": 0.046416689667799826,
      "map_3,none": 0.6520467836257311,
      "map_3_stderr,none": 0.04420637111219033,
      "map_4,none": 0.6783625730994153,
      "map_4_stderr,none": 0.03803277643078527,
      "map_norm,none": 0.6783625730994153,
      "map_norm_stderr,none": 0.03803277643078527,
      "map_2_norm,none": 0.6403508771929824,
      "map_2_norm_stderr,none": 0.046416689667799826,
      "map_3_norm,none": 0.6520467836257311,
      "map_3_norm_stderr,none": 0.04420637111219033,
      "map_4_norm,none": 0.6783625730994153,
      "map_4_norm_stderr,none": 0.03803277643078527,
      "alias": "security_sales_1-1.0-0.5"
    },
    "fp2-1.0-0.5": {
      "acc,none": 0.27157894736842103,
      "acc_stderr,none": 0.02042914185546728,
      "acc_norm,none": 0.27157894736842103,
      "acc_norm_stderr,none": 0.02042914185546728,
      "map,none": 0.5338596491228079,
      "map_stderr,none": 0.013719540196415605,
      "map_2,none": 0.3957894736842105,
      "map_2_stderr,none": 0.019325924470499117,
      "map_3,none": 0.4680701754385972,
      "map_3_stderr,none": 0.017105288781818512,
      "map_4,none": 0.5338596491228079,
      "map_4_stderr,none": 0.013719540196415605,
      "map_norm,none": 0.5338596491228079,
      "map_norm_stderr,none": 0.013719540196415605,
      "map_2_norm,none": 0.3957894736842105,
      "map_2_norm_stderr,none": 0.019325924470499117,
      "map_3_norm,none": 0.4680701754385972,
      "map_3_norm_stderr,none": 0.017105288781818512,
      "map_4_norm,none": 0.5338596491228079,
      "map_4_norm_stderr,none": 0.013719540196415605,
      "alias": "fp2-1.0-0.5"
    },
    "cpa_audit-1.0-0.5": {
      "acc,none": 0.14321608040201006,
      "acc_stderr,none": 0.017580705212218502,
      "acc_norm,none": 0.14321608040201006,
      "acc_norm_stderr,none": 0.017580705212218502,
      "map,none": 0.3940117252931321,
      "map_stderr,none": 0.013639264643769007,
      "map_2,none": 0.23366834170854273,
      "map_2_stderr,none": 0.018361148689697456,
      "map_3,none": 0.28810720268006657,
      "map_3_stderr,none": 0.017643455755794513,
      "map_4,none": 0.33396147403685056,
      "map_4_stderr,none": 0.016380380823709788,
      "map_norm,none": 0.3940117252931321,
      "map_norm_stderr,none": 0.013639264643769007,
      "map_2_norm,none": 0.23366834170854273,
      "map_2_norm_stderr,none": 0.018361148689697456,
      "map_3_norm,none": 0.28810720268006657,
      "map_3_norm_stderr,none": 0.017643455755794513,
      "map_4_norm,none": 0.33396147403685056,
      "map_4_norm_stderr,none": 0.016380380823709788,
      "alias": "cpa_audit-1.0-0.5"
    },
    "cma_basics-1.0-0.5": {
      "acc,none": 0.21052631578947367,
      "acc_stderr,none": 0.06702258315442244,
      "acc_norm,none": 0.2631578947368421,
      "acc_norm_stderr,none": 0.0723926637268818,
      "map,none": 0.4978070175438597,
      "map_stderr,none": 0.04516346796429116,
      "map_2,none": 0.34210526315789475,
      "map_2_stderr,none": 0.06561142336130195,
      "map_3,none": 0.4385964912280703,
      "map_3_stderr,none": 0.05601945850307297,
      "map_4,none": 0.4978070175438597,
      "map_4_stderr,none": 0.04516346796429116,
      "map_norm,none": 0.5438596491228072,
      "map_norm_stderr,none": 0.04763831754475772,
      "map_2_norm,none": 0.4342105263157895,
      "map_2_norm_stderr,none": 0.06578947368421051,
      "map_3_norm,none": 0.4780701754385966,
      "map_3_norm_stderr,none": 0.06034876136200873,
      "map_4_norm,none": 0.5438596491228072,
      "map_4_norm_stderr,none": 0.04763831754475772,
      "alias": "cma_basics-1.0-0.5"
    },
    "chabsa-1.0-0.5": {
      "acc,none": 0.5667486727955457,
      "acc_stderr,none": 0.005638976804272558,
      "f1,none": 0.3757051669543988,
      "f1_stderr,none": "N/A",
      "acc_norm,none": 0.5667486727955457,
      "acc_norm_stderr,none": 0.005638976804272558,
      "f1_norm,none": 0.3757051669543988,
      "f1_norm_stderr,none": "N/A",
      "alias": "chabsa-1.0-0.5"
    }
  },
  "group_subtasks": {
    "chabsa-1.0-0.5": [],
    "cma_basics-1.0-0.5": [],
    "cpa_audit-1.0-0.5": [],
    "fp2-1.0-0.5": [],
    "security_sales_1-1.0-0.5": []
  },
  "configs": {
    "chabsa-1.0-0.5": {
      "task": "chabsa-1.0-0.5",
      "dataset_path": "jlm_fin_eval/datasets/chabsa/chabsa.py",
      "dataset_name": "chABSA",
      "test_split": "test",
      "doc_to_text": "センテンス: {{sentence}}\nターゲット: {{target}}\nシステム:",
      "doc_to_target": "{{polarity}}",
      "doc_to_choice": [
        "positive",
        "negative"
      ],
      "description": "ユーザー: センテンスにおける、ターゲットのセンチメントをpositiveかnegativeで答えてください。\nシステム: 分かりました。\n\n",
      "target_delimiter": " ",
      "fewshot_delimiter": "\n",
      "num_fewshot": 0,
      "metric_list": [
        {
          "metric": "acc",
          "aggregation": "mean",
          "higher_is_better": true
        },
        {
          "metric": "acc_norm",
          "aggregation": "mean",
          "higher_is_better": true
        },
        {
          "metric": "f1",
          "aggregation": "2class_adjusted_macro_f1_score_for_chabsa",
          "higher_is_better": true
        },
        {
          "metric": "f1_norm",
          "aggregation": "2class_adjusted_macro_f1_score_for_chabsa",
          "higher_is_better": true
        }
      ],
      "output_type": "multiple_choice",
      "repeats": 1,
      "should_decontaminate": false,
      "doc_to_decontamination_query": "sentence",
      "metadata": {
        "version": 1.0
      }
    },
    "cma_basics-1.0-0.5": {
      "task": "cma_basics-1.0-0.5",
      "dataset_path": "jlm_fin_eval/datasets/cma_basics/cma_basics.py",
      "dataset_name": "cma_basics",
      "test_split": "test",
      "doc_to_text": "def doc_to_text_05(doc):\n    return doc_to_text_04(doc, SEP=\"\\n\")\n",
      "doc_to_target": "def doc_to_target_01(doc):\n    return [\n        choice_text\n        for choice_id, choice_text in zip(doc[\"choices\"][\"id\"], doc[\"choices\"][\"text\"])\n        if choice_id == doc[\"answer\"]\n    ][0]\n",
      "doc_to_choice": "def doc_to_choices_01(doc):\n    choices = doc[\"choices\"][\"text\"]\n    return choices\n",
      "description": "ユーザー: 与えられた選択肢の中から、最適な答えを選んでください。\nシステム: 分かりました。\n\n",
      "target_delimiter": "",
      "fewshot_delimiter": "\n",
      "num_fewshot": 0,
      "metric_list": [
        {
          "metric": "acc",
          "aggregation": "mean",
          "higher_is_better": true
        },
        {
          "metric": "acc_norm",
          "aggregation": "mean",
          "higher_is_better": true
        },
        {
          "metric": "map",
          "aggregation": "mean",
          "higher_is_better": true
        },
        {
          "metric": "map_2",
          "aggregation": "mean",
          "higher_is_better": true
        },
        {
          "metric": "map_3",
          "aggregation": "mean",
          "higher_is_better": true
        },
        {
          "metric": "map_4",
          "aggregation": "mean",
          "higher_is_better": true
        },
        {
          "metric": "map_norm",
          "aggregation": "mean",
          "higher_is_better": true
        },
        {
          "metric": "map_2_norm",
          "aggregation": "mean",
          "higher_is_better": true
        },
        {
          "metric": "map_3_norm",
          "aggregation": "mean",
          "higher_is_better": true
        },
        {
          "metric": "map_4_norm",
          "aggregation": "mean",
          "higher_is_better": true
        }
      ],
      "output_type": "multiple_choice",
      "repeats": 1,