{
  "results": {
    "security_sales_1-1.0-0.2.1": {
      "acc,none": 0.42105263157894735,
      "acc_stderr,none": 0.06597717584505354,
      "acc_norm,none": 0.38596491228070173,
      "acc_norm_stderr,none": 0.06505437269382161,
      "map,none": 0.6812865497076023,
      "map_stderr,none": 0.03749610156901124,
      "map_2,none": 0.6403508771929824,
      "map_2_stderr,none": 0.046416689667799826,
      "map_3,none": 0.6637426900584794,
      "map_3_stderr,none": 0.041821189676804774,
      "map_4,none": 0.6812865497076023,
      "map_4_stderr,none": 0.03749610156901124,
      "map_norm,none": 0.652046783625731,
      "map_norm_stderr,none": 0.03852633430367624,
      "map_2_norm,none": 0.6052631578947368,
      "map_2_norm_stderr,none": 0.04804583837764614,
      "map_3_norm,none": 0.6169590643274854,
      "map_3_norm_stderr,none": 0.046073346708857266,
      "map_4_norm,none": 0.652046783625731,
      "map_4_norm_stderr,none": 0.03852633430367624,
      "alias": "security_sales_1-1.0-0.2.1"
    },
    "fp2-1.0-0.2.1": {
      "acc,none": 0.3031578947368421,
      "acc_stderr,none": 0.021111177753763265,
      "acc_norm,none": 0.3031578947368421,
      "acc_norm_stderr,none": 0.021111177753763265,
      "map,none": 0.5519298245614043,
      "map_stderr,none": 0.01413474592940721,
      "map_2,none": 0.4126315789473684,
      "map_2_stderr,none": 0.0198958213335068,
      "map_3,none": 0.4919298245614043,
      "map_3_stderr,none": 0.017328577716275384,
      "map_4,none": 0.5519298245614043,
      "map_4_stderr,none": 0.01413474592940721,
      "map_norm,none": 0.5519298245614043,
      "map_norm_stderr,none": 0.01413474592940721,
      "map_2_norm,none": 0.4126315789473684,
      "map_2_norm_stderr,none": 0.0198958213335068,
      "map_3_norm,none": 0.4919298245614043,
      "map_3_norm_stderr,none": 0.017328577716275384,
      "map_4_norm,none": 0.5519298245614043,
      "map_4_norm_stderr,none": 0.01413474592940721,
      "alias": "fp2-1.0-0.2.1"
    },
    "cpa_audit-1.0-0.2.1": {
      "acc,none": 0.17336683417085427,
      "acc_stderr,none": 0.018999587359991438,
      "acc_norm,none": 0.17336683417085427,
      "acc_norm_stderr,none": 0.018999587359991438,
      "map,none": 0.4065326633165828,
      "map_stderr,none": 0.014569192627407026,
      "map_2,none": 0.24246231155778894,
      "map_2_stderr,none": 0.01938127328121001,
      "map_3,none": 0.29606365159128956,
      "map_3_stderr,none": 0.018652867663679087,
      "map_4,none": 0.34631490787269664,
      "map_4_stderr,none": 0.017270297798711216,
      "map_norm,none": 0.4059463986599664,
      "map_norm_stderr,none": 0.014574891966192889,
      "map_2_norm,none": 0.24120603015075376,
      "map_2_norm_stderr,none": 0.01937993997670143,
      "map_3_norm,none": 0.2956448911222778,
      "map_3_norm_stderr,none": 0.018646034519065127,
      "map_4_norm,none": 0.3458961474036849,
      "map_4_norm_stderr,none": 0.01726598762151991,
      "alias": "cpa_audit-1.0-0.2.1"
    },
    "cma_basics-1.0-0.2.1": {
      "acc,none": 0.2631578947368421,
      "acc_stderr,none": 0.0723926637268818,
      "acc_norm,none": 0.3157894736842105,
      "acc_norm_stderr,none": 0.07641750223933595,
      "map,none": 0.5460526315789473,
      "map_stderr,none": 0.04732213506985989,
      "map_2,none": 0.4342105263157895,
      "map_2_stderr,none": 0.06578947368421051,
      "map_3,none": 0.4868421052631579,
      "map_3_stderr,none": 0.05909516711349831,
      "map_4,none": 0.5460526315789473,
      "map_4_stderr,none": 0.04732213506985989,
      "map_norm,none": 0.5811403508771931,
      "map_norm_stderr,none": 0.04934441014584018,
      "map_2_norm,none": 0.4868421052631579,
      "map_2_norm_stderr,none": 0.06663749330491593,
      "map_3_norm,none": 0.5219298245614036,
      "map_3_norm_stderr,none": 0.0616443491940698,
      "map_4_norm,none": 0.5811403508771931,
      "map_4_norm_stderr,none": 0.04934441014584018,
      "alias": "cma_basics-1.0-0.2.1"
    },
    "chabsa-1.0-0.2": {
      "acc,none": 0.5926453450731581,
      "acc_stderr,none": 0.0055913783674700675,
      "f1,none": 0.4414256302424226,
      "f1_stderr,none": "N/A",
      "acc_norm,none": 0.5926453450731581,
      "acc_norm_stderr,none": 0.0055913783674700675,
      "f1_norm,none": 0.4414256302424226,
      "f1_norm_stderr,none": "N/A",
      "alias": "chabsa-1.0-0.2"
    }
  },
  "group_subtasks": {
    "chabsa-1.0-0.2": [],
    "cma_basics-1.0-0.2.1": [],
    "cpa_audit-1.0-0.2.1": [],
    "fp2-1.0-0.2.1": [],
    "security_sales_1-1.0-0.2.1": []
  },
  "configs": {
    "chabsa-1.0-0.2": {
      "task": "chabsa-1.0-0.2",
      "dataset_path": "jlm_fin_eval/datasets/chabsa/chabsa.py",
      "dataset_name": "chABSA",
      "test_split": "test",
      "doc_to_text": "センテンス: {{sentence}}\nターゲット: {{target}}\n回答:",
      "doc_to_target": "{{polarity}}",
      "doc_to_choice": [
        "positive",
        "negative"
      ],
      "description": "センテンスとターゲットを入力として受け取り、ターゲットに関するセンチメントをpositiveかnegativeから選択してください。\n\n\n",
      "target_delimiter": " ",
      "fewshot_delimiter": "\n\n",
      "num_fewshot": 0,
      "metric_list": [
        {
          "metric": "acc",
          "aggregation": "mean",
          "higher_is_better": true
        },
        {
          "metric": "acc_norm",
          "aggregation": "mean",
          "higher_is_better": true
        },
        {
          "metric": "f1",
          "aggregation": "2class_adjusted_macro_f1_score_for_chabsa",
          "higher_is_better": true
        },
        {
          "metric": "f1_norm",
          "aggregation": "2class_adjusted_macro_f1_score_for_chabsa",
          "higher_is_better": true
        }
      ],
      "output_type": "multiple_choice",
      "repeats": 1,
      "should_decontaminate": false,
      "doc_to_decontamination_query": "sentence",
      "metadata": {
        "version": 1.0
      }
    },
    "cma_basics-1.0-0.2.1": {
      "task": "cma_basics-1.0-0.2.1",
      "dataset_path": "jlm_fin_eval/datasets/cma_basics/cma_basics.py",
      "dataset_name": "cma_basics",
      "test_split": "test",
      "doc_to_text": "def doc_to_text_02_1(doc):\n    q_doc_text = doc[\"question\"] + \"\\n\"\n    if doc[\"context\"] and doc[\"context\"] != \"\":\n        q_doc_text += doc[\"context\"] + \"\\n\"\n    choices = \"\\n\".join([f\"- {choice}\" for choice in doc[\"choices\"][\"text\"]])\n    return f\"質問:{q_doc_text}選択肢:\\n{choices}\\n回答:\"\n",
      "doc_to_target": "def doc_to_target_01(doc):\n    return [\n        choice_text\n        for choice_id, choice_text in zip(doc[\"choices\"][\"id\"], doc[\"choices\"][\"text\"])\n        if choice_id == doc[\"answer\"]\n    ][0]\n",
      "doc_to_choice": "def doc_to_choices_01(doc):\n    choices = doc[\"choices\"][\"text\"]\n    return choices\n",
      "description": "与えられた選択肢の中から、最適な答えを選んでください。\n\n\n",
      "target_delimiter": "",
      "fewshot_delimiter": "\n\n",
      "num_fewshot": 0,
      "metric_list": [
        {
          "metric": "acc",
          "aggregation": "mean",
          "higher_is_better": true
        },
        {
          "metric": "acc_norm",
          "aggregation": "mean",
          "higher_is_better": true
        },
        {
          "metric": "map",
          "aggregation": "mean",
          "higher_is_better": true
        },
        {
          "metric": "map_2",
          "aggregation": "mean",
          "higher_is_better": true
        },
        {
          "metric": "map_3",
          "aggregation": "mean",
          "higher_is_better": true
        },
        {
          "metric": "map_4",
          "aggregation": "mean",
          "higher_is_better": true
        },
        {
          "metric": "map_norm",
          "aggregation": "mean",
          "higher_is_better": true
        },
        {
          "metric": "map_2_norm",
          "aggregation": "mean",
          "higher_is_better": true
        },
        {
          "metric": "map_3_norm",