{
  "results": {
    "security_sales_1-1.0-0.2": {
      "acc,none": 0.5087719298245614,
      "acc_stderr,none": 0.06680502724442024,
      "acc_norm,none": 0.5087719298245614,
      "acc_norm_stderr,none": 0.06680502724442024,
      "map,none": 0.6915204678362574,
      "map_stderr,none": 0.037660643585783964,
      "map_2,none": 0.6578947368421053,
      "map_2_stderr,none": 0.045399049956733856,
      "map_3,none": 0.6695906432748538,
      "map_3_stderr,none": 0.043051592792717495,
      "map_4,none": 0.6915204678362574,
      "map_4_stderr,none": 0.037660643585783964,
      "map_norm,none": 0.6915204678362574,
      "map_norm_stderr,none": 0.037660643585783964,
      "map_2_norm,none": 0.6578947368421053,
      "map_2_norm_stderr,none": 0.045399049956733856,
      "map_3_norm,none": 0.6695906432748538,
      "map_3_norm_stderr,none": 0.043051592792717495,
      "map_4_norm,none": 0.6915204678362574,
      "map_4_norm_stderr,none": 0.037660643585783964,
      "alias": "security_sales_1-1.0-0.2"
    },
    "fp2-1.0-0.2": {
      "acc,none": 0.27157894736842103,
      "acc_stderr,none": 0.020429141855467268,
      "acc_norm,none": 0.27157894736842103,
      "acc_norm_stderr,none": 0.020429141855467268,
      "map,none": 0.5301754385964921,
      "map_stderr,none": 0.01353751006118643,
      "map_2,none": 0.38842105263157894,
      "map_2_stderr,none": 0.01921006238811436,
      "map_3,none": 0.4691228070175445,
      "map_3_stderr,none": 0.01672650757716413,
      "map_4,none": 0.5301754385964921,
      "map_4_stderr,none": 0.01353751006118643,
      "map_norm,none": 0.5301754385964921,
      "map_norm_stderr,none": 0.01353751006118643,
      "map_2_norm,none": 0.38842105263157894,
      "map_2_norm_stderr,none": 0.01921006238811436,
      "map_3_norm,none": 0.4691228070175445,
      "map_3_norm_stderr,none": 0.01672650757716413,
      "map_4_norm,none": 0.5301754385964921,
      "map_4_norm_stderr,none": 0.01353751006118643,
      "alias": "fp2-1.0-0.2"
    },
    "cpa_audit-1.0-0.2": {
      "acc,none": 0.13316582914572864,
      "acc_stderr,none": 0.017051757858934896,
      "acc_norm,none": 0.13316582914572864,
      "acc_norm_stderr,none": 0.017051757858934896,
      "map,none": 0.3900335008375209,
      "map_stderr,none": 0.013290269536021547,
      "map_2,none": 0.22989949748743718,
      "map_2_stderr,none": 0.0180035599874212,
      "map_3,none": 0.28685092127303147,
      "map_3_stderr,none": 0.017257351239788218,
      "map_4,none": 0.32579564489112184,
      "map_4_stderr,none": 0.0161938703084155,
      "map_norm,none": 0.3900335008375209,
      "map_norm_stderr,none": 0.013290269536021547,
      "map_2_norm,none": 0.22989949748743718,
      "map_2_norm_stderr,none": 0.0180035599874212,
      "map_3_norm,none": 0.28685092127303147,
      "map_3_norm_stderr,none": 0.017257351239788218,
      "map_4_norm,none": 0.32579564489112184,
      "map_4_norm_stderr,none": 0.0161938703084155,
      "alias": "cpa_audit-1.0-0.2"
    },
    "cma_basics-1.0-0.2": {
      "acc,none": 0.23684210526315788,
      "acc_stderr,none": 0.06989334006042332,
      "acc_norm,none": 0.23684210526315788,
      "acc_norm_stderr,none": 0.06989334006042332,
      "map,none": 0.5,
      "map_stderr,none": 0.04807829082199318,
      "map_2,none": 0.34210526315789475,
      "map_2_stderr,none": 0.0682676911296069,
      "map_3,none": 0.42105263157894746,
      "map_3_stderr,none": 0.06118296775990488,
      "map_4,none": 0.5,
      "map_4_stderr,none": 0.04807829082199318,
      "map_norm,none": 0.5,
      "map_norm_stderr,none": 0.04807829082199318,
      "map_2_norm,none": 0.34210526315789475,
      "map_2_norm_stderr,none": 0.0682676911296069,
      "map_3_norm,none": 0.42105263157894746,
      "map_3_norm_stderr,none": 0.06118296775990488,
      "map_4_norm,none": 0.5,
      "map_4_norm_stderr,none": 0.04807829082199318,
      "alias": "cma_basics-1.0-0.2"
    },
    "chabsa-1.0-0.2": {
      "acc,none": 0.7696491000906384,
      "acc_stderr,none": 0.004791554595767963,
      "f1,none": 0.7739807063207114,
      "f1_stderr,none": "N/A",
      "acc_norm,none": 0.7696491000906384,
      "acc_norm_stderr,none": 0.004791554595767963,
      "f1_norm,none": 0.7739807063207114,
      "f1_norm_stderr,none": "N/A",
      "alias": "chabsa-1.0-0.2"
    }
  },
  "group_subtasks": {
    "chabsa-1.0-0.2": [],
    "cma_basics-1.0-0.2": [],
    "cpa_audit-1.0-0.2": [],
    "fp2-1.0-0.2": [],
    "security_sales_1-1.0-0.2": []
  },
  "configs": {
    "chabsa-1.0-0.2": {
      "task": "chabsa-1.0-0.2",
      "dataset_path": "jlm_fin_eval/datasets/chabsa/chabsa.py",
      "dataset_name": "chABSA",
      "test_split": "test",
      "doc_to_text": "センテンス: {{sentence}}\nターゲット: {{target}}\n回答:",
      "doc_to_target": "{{polarity}}",
      "doc_to_choice": [
        "positive",
        "negative"
      ],
      "description": "センテンスとターゲットを入力として受け取り、ターゲットに関するセンチメントをpositiveかnegativeから選択してください。\n\n\n",
      "target_delimiter": " ",
      "fewshot_delimiter": "\n\n",
      "num_fewshot": 0,
      "metric_list": [
        {
          "metric": "acc",
          "aggregation": "mean",
          "higher_is_better": true
        },
        {
          "metric": "acc_norm",
          "aggregation": "mean",
          "higher_is_better": true
        },
        {
          "metric": "f1",
          "aggregation": "2class_adjusted_macro_f1_score_for_chabsa",
          "higher_is_better": true
        },
        {
          "metric": "f1_norm",
          "aggregation": "2class_adjusted_macro_f1_score_for_chabsa",
          "higher_is_better": true
        }
      ],
      "output_type": "multiple_choice",
      "repeats": 1,
      "should_decontaminate": false,
      "doc_to_decontamination_query": "sentence",
      "metadata": {
        "version": 1.0
      }
    },
    "cma_basics-1.0-0.2": {
      "task": "cma_basics-1.0-0.2",
      "dataset_path": "jlm_fin_eval/datasets/cma_basics/cma_basics.py",
      "dataset_name": "cma_basics",
      "test_split": "test",
      "doc_to_text": "def doc_to_text_02(doc):\n    q_doc_text = doc[\"question\"] + \"\\n\"\n    if doc[\"context\"] and doc[\"context\"] != \"\":\n        q_doc_text += doc[\"context\"] + \"\\n\"\n    choices = \",\".join(\n        [\n            f\"{idx}.{choice}\"\n            for idx, choice in zip(doc[\"choices\"][\"id\"], doc[\"choices\"][\"text\"])\n        ]\n    )\n    return f\"質問:{q_doc_text}\" f\"選択肢:{choices}\\n\" \"回答:\"\n",
      "doc_to_target": "def doc_to_target_02(doc):\n    return [\n        str(choice_id)\n        for choice_id in doc[\"choices\"][\"id\"]\n        if choice_id == doc[\"answer\"]\n    ][0]\n",
      "doc_to_choice": "def doc_to_choices_02(doc):\n    return [str(choice) for choice in doc[\"choices\"][\"id\"]]\n",
      "description": "質問と回答の選択肢を入力として受け取り、選択肢から回答を選択してください。なお、回答は選択肢の番号(例:0)でするものとします。\n\n\n",
      "target_delimiter": "",
      "fewshot_delimiter": "\n\n",
      "num_fewshot": 0,
      "metric_list": [
        {
          "metric": "acc",
          "aggregation": "mean",
          "higher_is_better": true
        },
        {
          "metric": "acc_norm",
          "aggregation": "mean",
          "higher_is_better": true
        },
        {
          "metric": "map",
          "aggregation": "mean",
          "higher_is_better": true
        },
        {
          "metric": "map_2",
          "aggregation": "mean",
          "higher_is_better": true
        },
        {
          "metric": "map_3",
          "aggregation": "mean",
          "higher_is_better": true
        },
        {
          "metric": "map_4",
          "aggregation": "mean",
          "higher_is_better": true
        },
        {
          "metric": "map_norm",
          "aggregation": "mean",
          "higher_is_better": true
        },
        {
          "metric": "map_2_norm",
          "aggregation": "mean",
          "higher_is_better": true
        },
        {
          "metric": "map_3_norm",