{
  "results": {
    "security_sales_1-1.0-0.2.1": {
      "acc,none": 0.42105263157894735,
      "acc_stderr,none": 0.06597717584505354,
      "acc_norm,none": 0.40350877192982454,
      "acc_norm_stderr,none": 0.06555933012294897,
      "map,none": 0.6798245614035088,
      "map_stderr,none": 0.03776589765894646,
      "map_2,none": 0.6403508771929824,
      "map_2_stderr,none": 0.046416689667799826,
      "map_3,none": 0.6578947368421053,
      "map_3_stderr,none": 0.043037405416226596,
      "map_4,none": 0.6798245614035088,
      "map_4_stderr,none": 0.03776589765894646,
      "map_norm,none": 0.6622807017543859,
      "map_norm_stderr,none": 0.03865589811796073,
      "map_2_norm,none": 0.6140350877192983,
      "map_2_norm_stderr,none": 0.04850125934928229,
      "map_3_norm,none": 0.631578947368421,
      "map_3_norm_stderr,none": 0.04545954172234849,
      "map_4_norm,none": 0.6622807017543859,
      "map_4_norm_stderr,none": 0.03865589811796073,
      "alias": "security_sales_1-1.0-0.2.1"
    },
    "fp2-1.0-0.2.1": {
      "acc,none": 0.24421052631578946,
      "acc_stderr,none": 0.019733014655901628,
      "acc_norm,none": 0.24421052631578946,
      "acc_norm_stderr,none": 0.019733014655901628,
      "map,none": 0.5152631578947376,
      "map_stderr,none": 0.013327809555095178,
      "map_2,none": 0.3684210526315789,
      "map_2_stderr,none": 0.01897042543110118,
      "map_3,none": 0.44842105263157955,
      "map_3_stderr,none": 0.01668149228981204,
      "map_4,none": 0.5152631578947376,
      "map_4_stderr,none": 0.013327809555095178,
      "map_norm,none": 0.5152631578947376,
      "map_norm_stderr,none": 0.013327809555095178,
      "map_2_norm,none": 0.3684210526315789,
      "map_2_norm_stderr,none": 0.01897042543110118,
      "map_3_norm,none": 0.44842105263157955,
      "map_3_norm_stderr,none": 0.01668149228981204,
      "map_4_norm,none": 0.5152631578947376,
      "map_4_norm_stderr,none": 0.013327809555095178,
      "alias": "fp2-1.0-0.2.1"
    },
    "cpa_audit-1.0-0.2.1": {
      "acc,none": 0.1708542713567839,
      "acc_stderr,none": 0.018890049712103927,
      "acc_norm,none": 0.1708542713567839,
      "acc_norm_stderr,none": 0.018890049712103927,
      "map,none": 0.4144472361809045,
      "map_stderr,none": 0.014194722159068796,
      "map_2,none": 0.2537688442211055,
      "map_2_stderr,none": 0.019137601209248522,
      "map_3,none": 0.3174204355108875,
      "map_3_stderr,none": 0.018113861760762833,
      "map_4,none": 0.3620184254606364,
      "map_4_stderr,none": 0.016729312514079008,
      "map_norm,none": 0.4121440536013398,
      "map_norm_stderr,none": 0.014239408297234616,
      "map_2_norm,none": 0.25125628140703515,
      "map_2_norm_stderr,none": 0.019138432104775165,
      "map_3_norm,none": 0.31490787269681714,
      "map_3_norm_stderr,none": 0.018136964382791994,
      "map_4_norm,none": 0.3563651591289781,
      "map_4_norm_stderr,none": 0.01688068259625466,
      "alias": "cpa_audit-1.0-0.2.1"
    },
    "cma_basics-1.0-0.2.1": {
      "acc,none": 0.07894736842105263,
      "acc_stderr,none": 0.044331271812937216,
      "acc_norm,none": 0.15789473684210525,
      "acc_norm_stderr,none": 0.05994682078436837,
      "map,none": 0.4188596491228071,
      "map_stderr,none": 0.032585076380379725,
      "map_2,none": 0.25,
      "map_2_stderr,none": 0.052498052527721585,
      "map_3,none": 0.34649122807017546,
      "map_3_stderr,none": 0.045494655394745676,
      "map_4,none": 0.4188596491228071,
      "map_4_stderr,none": 0.032585076380379725,
      "map_norm,none": 0.46491228070175433,
      "map_norm_stderr,none": 0.04117557668200538,
      "map_2_norm,none": 0.3026315789473684,
      "map_2_norm_stderr,none": 0.06122119517241923,
      "map_3_norm,none": 0.39912280701754393,
      "map_3_norm_stderr,none": 0.052794319284710865,
      "map_4_norm,none": 0.46491228070175433,
      "map_4_norm_stderr,none": 0.04117557668200538,
      "alias": "cma_basics-1.0-0.2.1"
    },
    "chabsa-1.0-0.2": {
      "acc,none": 0.6882040657775476,
      "acc_stderr,none": 0.005271436049545838,
      "f1,none": 0.6553891977597022,
      "f1_stderr,none": "N/A",
      "acc_norm,none": 0.6882040657775476,
      "acc_norm_stderr,none": 0.005271436049545838,
      "f1_norm,none": 0.6553891977597022,
      "f1_norm_stderr,none": "N/A",
      "alias": "chabsa-1.0-0.2"
    }
  },
  "group_subtasks": {
    "chabsa-1.0-0.2": [],
    "cma_basics-1.0-0.2.1": [],
    "cpa_audit-1.0-0.2.1": [],
    "fp2-1.0-0.2.1": [],
    "security_sales_1-1.0-0.2.1": []
  },
  "configs": {
    "chabsa-1.0-0.2": {
      "task": "chabsa-1.0-0.2",
      "dataset_path": "jlm_fin_eval/datasets/chabsa/chabsa.py",
      "dataset_name": "chABSA",
      "test_split": "test",
      "doc_to_text": "センテンス: {{sentence}}\nターゲット: {{target}}\n回答:",
      "doc_to_target": "{{polarity}}",
      "doc_to_choice": [
        "positive",
        "negative"
      ],
      "description": "センテンスとターゲットを入力として受け取り、ターゲットに関するセンチメントをpositiveかnegativeから選択してください。\n\n\n",
      "target_delimiter": " ",
      "fewshot_delimiter": "\n\n",
      "num_fewshot": 0,
      "metric_list": [
        {
          "metric": "acc",
          "aggregation": "mean",
          "higher_is_better": true
        },
        {
          "metric": "acc_norm",
          "aggregation": "mean",
          "higher_is_better": true
        },
        {
          "metric": "f1",
          "aggregation": "2class_adjusted_macro_f1_score_for_chabsa",
          "higher_is_better": true
        },
        {
          "metric": "f1_norm",
          "aggregation": "2class_adjusted_macro_f1_score_for_chabsa",
          "higher_is_better": true
        }
      ],
      "output_type": "multiple_choice",
      "repeats": 1,
      "should_decontaminate": false,
      "doc_to_decontamination_query": "sentence",
      "metadata": {
        "version": 1.0
      }
    },
    "cma_basics-1.0-0.2.1": {
      "task": "cma_basics-1.0-0.2.1",
      "dataset_path": "jlm_fin_eval/datasets/cma_basics/cma_basics.py",
      "dataset_name": "cma_basics",
      "test_split": "test",
      "doc_to_text": "def doc_to_text_02_1(doc):\n    q_doc_text = doc[\"question\"] + \"\\n\"\n    if doc[\"context\"] and doc[\"context\"] != \"\":\n        q_doc_text += doc[\"context\"] + \"\\n\"\n    choices = \"\\n\".join([f\"- {choice}\" for choice in doc[\"choices\"][\"text\"]])\n    return f\"質問:{q_doc_text}選択肢:\\n{choices}\\n回答:\"\n",
      "doc_to_target": "def doc_to_target_01(doc):\n    return [\n        choice_text\n        for choice_id, choice_text in zip(doc[\"choices\"][\"id\"], doc[\"choices\"][\"text\"])\n        if choice_id == doc[\"answer\"]\n    ][0]\n",
      "doc_to_choice": "def doc_to_choices_01(doc):\n    choices = doc[\"choices\"][\"text\"]\n    return choices\n",
      "description": "与えられた選択肢の中から、最適な答えを選んでください。\n\n\n",
      "target_delimiter": "",
      "fewshot_delimiter": "\n\n",
      "num_fewshot": 0,
      "metric_list": [
        {
          "metric": "acc",
          "aggregation": "mean",
          "higher_is_better": true
        },
        {
          "metric": "acc_norm",
          "aggregation": "mean",
          "higher_is_better": true
        },
        {
          "metric": "map",
          "aggregation": "mean",
          "higher_is_better": true
        },
        {
          "metric": "map_2",
          "aggregation": "mean",
          "higher_is_better": true
        },
        {
          "metric": "map_3",
          "aggregation": "mean",
          "higher_is_better": true
        },
        {
          "metric": "map_4",
          "aggregation": "mean",
          "higher_is_better": true
        },
        {
          "metric": "map_norm",
          "aggregation": "mean",
          "higher_is_better": true
        },
        {
          "metric": "map_2_norm",
          "aggregation": "mean",
          "higher_is_better": true
        },
        {
          "metric": "map_3_norm",