{
  "results": {
    "security_sales_1-1.0-0.3": {
      "acc,none": 0.40350877192982454,
      "acc_stderr,none": 0.06555933012294897,
      "acc_norm,none": 0.40350877192982454,
      "acc_norm_stderr,none": 0.06555933012294897,
      "map,none": 0.6754385964912281,
      "map_stderr,none": 0.03682643777137427,
      "map_2,none": 0.6403508771929824,
      "map_2_stderr,none": 0.04469751084464112,
      "map_3,none": 0.6578947368421053,
      "map_3_stderr,none": 0.041177380452751294,
      "map_4,none": 0.6754385964912281,
      "map_4_stderr,none": 0.03682643777137427,
      "map_norm,none": 0.6681286549707601,
      "map_norm_stderr,none": 0.0378063019688426,
      "map_2_norm,none": 0.6228070175438597,
      "map_2_norm_stderr,none": 0.047296427235001534,
      "map_3_norm,none": 0.6461988304093567,
      "map_3_norm_stderr,none": 0.04296639826438862,
      "map_4_norm,none": 0.6681286549707601,
      "map_4_norm_stderr,none": 0.0378063019688426,
      "alias": "security_sales_1-1.0-0.3"
    },
    "fp2-1.0-0.3": {
      "acc,none": 0.24842105263157896,
      "acc_stderr,none": 0.01984688399487186,
      "acc_norm,none": 0.24842105263157896,
      "acc_norm_stderr,none": 0.01984688399487186,
      "map,none": 0.5171929824561412,
      "map_stderr,none": 0.013397880548529834,
      "map_2,none": 0.3684210526315789,
      "map_2_stderr,none": 0.019087129812846264,
      "map_3,none": 0.4519298245614043,
      "map_3_stderr,none": 0.01668880872732304,
      "map_4,none": 0.5171929824561412,
      "map_4_stderr,none": 0.013397880548529834,
      "map_norm,none": 0.5171929824561412,
      "map_norm_stderr,none": 0.013397880548529834,
      "map_2_norm,none": 0.3684210526315789,
      "map_2_norm_stderr,none": 0.019087129812846264,
      "map_3_norm,none": 0.4519298245614043,
      "map_3_norm_stderr,none": 0.01668880872732304,
      "map_4_norm,none": 0.5171929824561412,
      "map_4_norm_stderr,none": 0.013397880548529834,
      "alias": "fp2-1.0-0.3"
    },
    "cpa_audit-1.0-0.3": {
      "acc,none": 0.16834170854271358,
      "acc_stderr,none": 0.01877902641290843,
      "acc_norm,none": 0.1658291457286432,
      "acc_norm_stderr,none": 0.01866649095365283,
      "map,none": 0.4196398659966497,
      "map_stderr,none": 0.01433536287969471,
      "map_2,none": 0.26256281407035176,
      "map_2_stderr,none": 0.01929287148478757,
      "map_3,none": 0.32621440536013374,
      "map_3_stderr,none": 0.01820052740576775,
      "map_4,none": 0.36578726968174186,
      "map_4_stderr,none": 0.01694699316704532,
      "map_norm,none": 0.41394472361809026,
      "map_norm_stderr,none": 0.01429791330111993,
      "map_2_norm,none": 0.25251256281407036,
      "map_2_norm_stderr,none": 0.019220616378079678,
      "map_3_norm,none": 0.31700167504187565,
      "map_3_norm_stderr,none": 0.018195235933733588,
      "map_4_norm,none": 0.3590871021775543,
      "map_4_norm_stderr,none": 0.016908504429783013,
      "alias": "cpa_audit-1.0-0.3"
    },
    "cma_basics-1.0-0.3": {
      "acc,none": 0.18421052631578946,
      "acc_stderr,none": 0.06373021861834362,
      "acc_norm,none": 0.23684210526315788,
      "acc_norm_stderr,none": 0.06989334006042333,
      "map,none": 0.46710526315789486,
      "map_stderr,none": 0.0440621805580923,
      "map_2,none": 0.2894736842105263,
      "map_2_stderr,none": 0.06431491177028904,
      "map_3,none": 0.3947368421052632,
      "map_3_stderr,none": 0.05601945850307297,
      "map_4,none": 0.46710526315789486,
      "map_4_stderr,none": 0.0440621805580923,
      "map_norm,none": 0.5241228070175439,
      "map_norm_stderr,none": 0.04596788246116103,
      "map_2_norm,none": 0.3815789473684211,
      "map_2_norm_stderr,none": 0.06649690771940579,
      "map_3_norm,none": 0.47807017543859653,
      "map_3_norm_stderr,none": 0.05522024118753615,
      "map_4_norm,none": 0.5241228070175439,
      "map_4_norm_stderr,none": 0.04596788246116103,
      "alias": "cma_basics-1.0-0.3"
    },
    "chabsa-1.0-0.3": {
      "acc,none": 0.5611808882558591,
      "acc_stderr,none": 0.005647149750045243,
      "f1,none": 0.3594592352989964,
      "f1_stderr,none": "N/A",
      "acc_norm,none": 0.5611808882558591,
      "acc_norm_stderr,none": 0.005647149750045243,
      "f1_norm,none": 0.3594592352989964,
      "f1_norm_stderr,none": "N/A",
      "alias": "chabsa-1.0-0.3"
    }
  },
  "group_subtasks": {
    "chabsa-1.0-0.3": [],
    "cma_basics-1.0-0.3": [],
    "cpa_audit-1.0-0.3": [],
    "fp2-1.0-0.3": [],
    "security_sales_1-1.0-0.3": []
  },
  "configs": {
    "chabsa-1.0-0.3": {
      "task": "chabsa-1.0-0.3",
      "dataset_path": "jlm_fin_eval/datasets/chabsa/chabsa.py",
      "dataset_name": "chABSA",
      "test_split": "test",
      "doc_to_text": "### 入力:\nセンテンス:{{sentence}}\nターゲット:{{target}}\n\n### 応答:\n\n",
      "doc_to_target": "{{polarity}}",
      "doc_to_choice": [
        "positive",
        "negative"
      ],
      "description": "以下は、タスクを説明する指示と、文脈のある入力の組み合わせです。要求を適切に満たす応答を書きなさい。\n\n### 指示:\n以下のセンテンスにおける、ターゲットのセンチメントをpositiveかnegativeで答えてください。\n\n\n",
      "target_delimiter": "",
      "fewshot_delimiter": "\n\n",
      "num_fewshot": 0,
      "metric_list": [
        {
          "metric": "acc",
          "aggregation": "mean",
          "higher_is_better": true
        },
        {
          "metric": "acc_norm",
          "aggregation": "mean",
          "higher_is_better": true
        },
        {
          "metric": "f1",
          "aggregation": "2class_adjusted_macro_f1_score_for_chabsa",
          "higher_is_better": true
        },
        {
          "metric": "f1_norm",
          "aggregation": "2class_adjusted_macro_f1_score_for_chabsa",
          "higher_is_better": true
        }
      ],
      "output_type": "multiple_choice",
      "repeats": 1,
      "should_decontaminate": false,
      "doc_to_decontamination_query": "sentence",
      "metadata": {
        "version": 1.0
      }
    },
    "cma_basics-1.0-0.3": {
      "task": "cma_basics-1.0-0.3",
      "dataset_path": "jlm_fin_eval/datasets/cma_basics/cma_basics.py",
      "dataset_name": "cma_basics",
      "test_split": "test",
      "doc_to_text": "def doc_to_text_03(doc):\n    q_doc_text = doc[\"question\"] + \"\\n\"\n    if doc[\"context\"] and doc[\"context\"] != \"\":\n        q_doc_text += doc[\"context\"] + \"\\n\"\n    choices = \"\\n\".join([f\"- {choice}\" for choice in doc[\"choices\"][\"text\"]])\n    input_text = f\"{q_doc_text}\" + f\"出力は以下から選択してください：\\n{choices}\"\n    return f\"### 入力:\\n{input_text}\\n\\n### 応答:\\n\"\n",
      "doc_to_target": "def doc_to_target_01(doc):\n    return [\n        choice_text\n        for choice_id, choice_text in zip(doc[\"choices\"][\"id\"], doc[\"choices\"][\"text\"])\n        if choice_id == doc[\"answer\"]\n    ][0]\n",
      "doc_to_choice": "def doc_to_choices_01(doc):\n    choices = doc[\"choices\"][\"text\"]\n    return choices\n",
      "description": "以下は、タスクを説明する指示と、文脈のある入力の組み合わせです。要求を適切に満たす応答を書きなさい。\n\n### 指示:\n与えられた選択肢の中から、最適な答えを選んでください。\n\n\n",
      "target_delimiter": "",
      "fewshot_delimiter": "\n\n",
      "num_fewshot": 0,
      "metric_list": [
        {
          "metric": "acc",
          "aggregation": "mean",
          "higher_is_better": true
        },
        {
          "metric": "acc_norm",
          "aggregation": "mean",
          "higher_is_better": true
        },
        {
          "metric": "map",
          "aggregation": "mean",
          "higher_is_better": true
        },
        {
          "metric": "map_2",
          "aggregation": "mean",
          "higher_is_better": true
        },
        {
          "metric": "map_3",
          "aggregation": "mean",
          "higher_is_better": true
        },
        {
          "metric": "map_4",
          "aggregation": "mean",
          "higher_is_better": true
        },
        {
          "metric": "map_norm",
          "aggregation": "mean",