{
  "results": {
    "security_sales_1": {
      "acc,none": 0.40350877192982454,
      "acc_stderr,none": 0.06555933012294897,
      "acc_norm,none": 0.40350877192982454,
      "acc_norm_stderr,none": 0.06555933012294897,
      "map,none": 0.6637426900584795,
      "map_stderr,none": 0.03823395914582876,
      "map_2,none": 0.6052631578947368,
      "map_2_stderr,none": 0.04964921136756273,
      "map_3,none": 0.6461988304093568,
      "map_3_stderr,none": 0.04235442729881629,
      "map_4,none": 0.6637426900584795,
      "map_4_stderr,none": 0.03823395914582876,
      "map_norm,none": 0.6637426900584795,
      "map_norm_stderr,none": 0.03823395914582876,
      "map_2_norm,none": 0.6052631578947368,
      "map_2_norm_stderr,none": 0.04964921136756273,
      "map_3_norm,none": 0.6461988304093568,
      "map_3_norm_stderr,none": 0.04235442729881629,
      "map_4_norm,none": 0.6637426900584795,
      "map_4_norm_stderr,none": 0.03823395914582876,
      "alias": "security_sales_1"
    },
    "fp2": {
      "acc,none": 0.24421052631578946,
      "acc_stderr,none": 0.019733014655901625,
      "acc_norm,none": 0.24421052631578946,
      "acc_norm_stderr,none": 0.019733014655901625,
      "map,none": 0.5166666666666675,
      "map_stderr,none": 0.01327788455569019,
      "map_2,none": 0.3684210526315789,
      "map_2_stderr,none": 0.01897042543110118,
      "map_3,none": 0.45403508771929896,
      "map_3_stderr,none": 0.016478213483194185,
      "map_4,none": 0.5166666666666675,
      "map_4_stderr,none": 0.01327788455569019,
      "map_norm,none": 0.5166666666666675,
      "map_norm_stderr,none": 0.01327788455569019,
      "map_2_norm,none": 0.3684210526315789,
      "map_2_norm_stderr,none": 0.01897042543110118,
      "map_3_norm,none": 0.45403508771929896,
      "map_3_norm_stderr,none": 0.016478213483194185,
      "map_4_norm,none": 0.5166666666666675,
      "map_4_norm_stderr,none": 0.01327788455569019,
      "alias": "fp2"
    },
    "cpa_audit": {
      "acc,none": 0.14321608040201006,
      "acc_stderr,none": 0.017580705212218505,
      "acc_norm,none": 0.14321608040201006,
      "acc_norm_stderr,none": 0.017580705212218505,
      "map,none": 0.40695142378559485,
      "map_stderr,none": 0.013509309559513703,
      "map_2,none": 0.2537688442211055,
      "map_2_stderr,none": 0.018378461548845027,
      "map_3,none": 0.3132328308207702,
      "map_3_stderr,none": 0.017400236316334392,
      "map_4,none": 0.35092127303182563,
      "map_4_stderr,none": 0.016231182622701415,
      "map_norm,none": 0.40695142378559485,
      "map_norm_stderr,none": 0.013509309559513703,
      "map_2_norm,none": 0.2537688442211055,
      "map_2_norm_stderr,none": 0.018378461548845027,
      "map_3_norm,none": 0.3132328308207702,
      "map_3_norm_stderr,none": 0.017400236316334392,
      "map_4_norm,none": 0.35092127303182563,
      "map_4_norm_stderr,none": 0.016231182622701415,
      "alias": "cpa_audit"
    },
    "cma_basics": {
      "acc,none": 0.3684210526315789,
      "acc_stderr,none": 0.07930218984219832,
      "acc_norm,none": 0.3684210526315789,
      "acc_norm_stderr,none": 0.07930218984219832,
      "map,none": 0.5877192982456139,
      "map_stderr,none": 0.05324051092473733,
      "map_2,none": 0.4473684210526316,
      "map_2_stderr,none": 0.07493352598046045,
      "map_3,none": 0.5350877192982456,
      "map_3_stderr,none": 0.06384432832228518,
      "map_4,none": 0.5877192982456139,
      "map_4_stderr,none": 0.05324051092473733,
      "map_norm,none": 0.5877192982456139,
      "map_norm_stderr,none": 0.05324051092473733,
      "map_2_norm,none": 0.4473684210526316,
      "map_2_norm_stderr,none": 0.07493352598046045,
      "map_3_norm,none": 0.5350877192982456,
      "map_3_norm_stderr,none": 0.06384432832228518,
      "map_4_norm,none": 0.5877192982456139,
      "map_4_norm_stderr,none": 0.05324051092473733,
      "alias": "cma_basics"
    },
    "chabsa": {
      "acc,none": 0.6269584358409944,
      "acc_stderr,none": 0.0055034254545556745,
      "f1,none": 0.525473390335478,
      "f1_stderr,none": "N/A",
      "acc_norm,none": 0.6269584358409944,
      "acc_norm_stderr,none": 0.0055034254545556745,
      "f1_norm,none": 0.525473390335478,
      "f1_norm_stderr,none": "N/A",
      "alias": "chabsa"
    }
  },
  "group_subtasks": {
    "chabsa": [],
    "cma_basics": [],
    "cpa_audit": [],
    "fp2": [],
    "security_sales_1": []
  },
  "configs": {
    "chabsa": {
      "task": "chabsa",
      "dataset_path": "jlm_fin_eval/datasets/chabsa/chabsa.py",
      "dataset_name": "chABSA",
      "test_split": "test",
      "doc_to_text": "センテンス: {{sentence}}\nターゲット: {{target}}\n回答:",
      "doc_to_target": "{{polarity}}",
      "doc_to_choice": [
        "positive",
        "negative"
      ],
      "description": "以下のセンテンスにおける、ターゲットのセンチメントをpositiveかnegativeで答えてください。\n\n\n",
      "target_delimiter": " ",
      "fewshot_delimiter": "\n\n",
      "num_fewshot": 0,
      "metric_list": [
        {
          "metric": "acc",
          "aggregation": "mean",
          "higher_is_better": true
        },
        {
          "metric": "acc_norm",
          "aggregation": "mean",
          "higher_is_better": true
        },
        {
          "metric": "f1",
          "aggregation": "2class_adjusted_macro_f1_score_for_chabsa",
          "higher_is_better": true
        },
        {
          "metric": "f1_norm",
          "aggregation": "2class_adjusted_macro_f1_score_for_chabsa",
          "higher_is_better": true
        }
      ],
      "output_type": "multiple_choice",
      "repeats": 1,
      "should_decontaminate": false,
      "doc_to_decontamination_query": "sentence",
      "metadata": {
        "version": 1.0
      }
    },
    "cma_basics": {
      "task": "cma_basics",
      "dataset_path": "jlm_fin_eval/datasets/cma_basics/cma_basics.py",
      "dataset_name": "cma_basics",
      "test_split": "test",
      "doc_to_text": "def doc_to_text_00(doc):\n    doc_text = \"【問題】\\n\" + doc[\"question\"] + \"\\n\"\n    if doc[\"context\"] and doc[\"context\"] != \"\":\n        doc_text += doc[\"context\"] + \"\\n\"\n    doc_text += \"\\n【選択肢】\\n\"\n    for choice_id, choice_text in zip(doc[\"choices\"][\"id\"], doc[\"choices\"][\"text\"]):\n        doc_text += chr(choice_id + 65) + \": \" + choice_text + \"\\n\"\n    doc_text += \"\\n【答え】\\n\"\n    # doc_text += chr(int(doc[\"answer\"]) + 65)\n    return doc_text\n",
      "doc_to_target": "def doc_to_target_alphabet(doc):\n    answer = chr(int(doc[\"answer\"]) + 65)\n    return answer\n",
      "doc_to_choice": "def doc_to_choices_alphabet(doc):\n    choices = [chr(choice_id + 65) for choice_id in doc[\"choices\"][\"id\"]]\n    return choices\n",
      "description": "以下の問題の適切な答えを選択肢から選んでアルファベットで答えなさい。\n\n\n",
      "target_delimiter": "",
      "fewshot_delimiter": "\n\n",
      "num_fewshot": 0,
      "metric_list": [
        {
          "metric": "acc",
          "aggregation": "mean",
          "higher_is_better": true
        },
        {
          "metric": "acc_norm",
          "aggregation": "mean",
          "higher_is_better": true
        },
        {
          "metric": "map",
          "aggregation": "mean",
          "higher_is_better": true
        },
        {
          "metric": "map_2",
          "aggregation": "mean",
          "higher_is_better": true
        },
        {
          "metric": "map_3",
          "aggregation": "mean",
          "higher_is_better": true
        },
        {
          "metric": "map_4",
          "aggregation": "mean",
          "higher_is_better": true
        },
        {
          "metric": "map_norm",
          "aggregation": "mean",
          "higher_is_better": true
        },
        {
          "metric": "map_2_norm",
          "aggregation": "mean",
          "higher_is_better": true
        },
        {
          "metric": "map_3_norm",
          "aggregation": "mean",