{
  "results": {
    "security_sales_1-1.0-0.1.2": {
      "acc,none": 0.43859649122807015,
      "acc_stderr,none": 0.0663095566682855,
      "acc_norm,none": 0.43859649122807015,
      "acc_norm_stderr,none": 0.0663095566682855,
      "map,none": 0.6944444444444443,
      "map_stderr,none": 0.03710007514786161,
      "map_2,none": 0.6578947368421053,
      "map_2_stderr,none": 0.045399049956733876,
      "map_3,none": 0.6812865497076024,
      "map_3_stderr,none": 0.04050827124043491,
      "map_4,none": 0.6944444444444443,
      "map_4_stderr,none": 0.03710007514786161,
      "map_norm,none": 0.6944444444444443,
      "map_norm_stderr,none": 0.03710007514786161,
      "map_2_norm,none": 0.6578947368421053,
      "map_2_norm_stderr,none": 0.045399049956733876,
      "map_3_norm,none": 0.6812865497076024,
      "map_3_norm_stderr,none": 0.04050827124043491,
      "map_4_norm,none": 0.6944444444444443,
      "map_4_norm_stderr,none": 0.03710007514786161,
      "alias": "security_sales_1-1.0-0.1.2"
    },
    "fp2-1.0-0.1.2": {
      "acc,none": 0.2336842105263158,
      "acc_stderr,none": 0.019437007433459805,
      "acc_norm,none": 0.2336842105263158,
      "acc_norm_stderr,none": 0.019437007433459805,
      "map,none": 0.5050877192982465,
      "map_stderr,none": 0.01335343148253677,
      "map_2,none": 0.3505263157894737,
      "map_2_stderr,none": 0.019012644485359807,
      "map_3,none": 0.43192982456140416,
      "map_3_stderr,none": 0.016862665418275198,
      "map_4,none": 0.5050877192982465,
      "map_4_stderr,none": 0.01335343148253677,
      "map_norm,none": 0.5050877192982465,
      "map_norm_stderr,none": 0.01335343148253677,
      "map_2_norm,none": 0.3505263157894737,
      "map_2_norm_stderr,none": 0.019012644485359807,
      "map_3_norm,none": 0.43192982456140416,
      "map_3_norm_stderr,none": 0.016862665418275198,
      "map_4_norm,none": 0.5050877192982465,
      "map_4_norm_stderr,none": 0.01335343148253677,
      "alias": "fp2-1.0-0.1.2"
    },
    "cpa_audit-1.0-0.1.2": {
      "acc,none": 0.18090452261306533,
      "acc_stderr,none": 0.01931953738352343,
      "acc_norm,none": 0.18090452261306533,
      "acc_norm_stderr,none": 0.01931953738352343,
      "map,none": 0.4214405360134004,
      "map_stderr,none": 0.014867592599200882,
      "map_2,none": 0.2650753768844221,
      "map_2_stderr,none": 0.01977439233637878,
      "map_3,none": 0.3211892797319931,
      "map_3_stderr,none": 0.018848767969851823,
      "map_4,none": 0.3601340033500837,
      "map_4_stderr,none": 0.017690797062528383,
      "map_norm,none": 0.4214405360134004,
      "map_norm_stderr,none": 0.014867592599200882,
      "map_2_norm,none": 0.2650753768844221,
      "map_2_norm_stderr,none": 0.01977439233637878,
      "map_3_norm,none": 0.3211892797319931,
      "map_3_norm_stderr,none": 0.018848767969851823,
      "map_4_norm,none": 0.3601340033500837,
      "map_4_norm_stderr,none": 0.017690797062528383,
      "alias": "cpa_audit-1.0-0.1.2"
    },
    "cma_basics-1.0-0.1.2": {
      "acc,none": 0.34210526315789475,
      "acc_stderr,none": 0.07799328662681833,
      "acc_norm,none": 0.34210526315789475,
      "acc_norm_stderr,none": 0.07799328662681833,
      "map,none": 0.5614035087719297,
      "map_stderr,none": 0.050550569425185356,
      "map_2,none": 0.40789473684210525,
      "map_2_stderr,none": 0.07268294512017498,
      "map_3,none": 0.5219298245614034,
      "map_3_stderr,none": 0.05868907062553475,
      "map_4,none": 0.5614035087719297,
      "map_4_stderr,none": 0.050550569425185356,
      "map_norm,none": 0.5614035087719297,
      "map_norm_stderr,none": 0.050550569425185356,
      "map_2_norm,none": 0.40789473684210525,
      "map_2_norm_stderr,none": 0.07268294512017498,
      "map_3_norm,none": 0.5219298245614034,
      "map_3_norm_stderr,none": 0.05868907062553475,
      "map_4_norm,none": 0.5614035087719297,
      "map_4_norm_stderr,none": 0.050550569425185356,
      "alias": "cma_basics-1.0-0.1.2"
    },
    "chabsa-1.0-0.1": {
      "acc,none": 0.586171177003755,
      "acc_stderr,none": 0.005604768757255058,
      "f1,none": 0.4293955158371472,
      "f1_stderr,none": "N/A",
      "acc_norm,none": 0.586171177003755,
      "acc_norm_stderr,none": 0.005604768757255058,
      "f1_norm,none": 0.4293955158371472,
      "f1_norm_stderr,none": "N/A",
      "alias": "chabsa-1.0-0.1"
    }
  },
  "group_subtasks": {
    "chabsa-1.0-0.1": [],
    "cma_basics-1.0-0.1.2": [],
    "cpa_audit-1.0-0.1.2": [],
    "fp2-1.0-0.1.2": [],
    "security_sales_1-1.0-0.1.2": []
  },
  "configs": {
    "chabsa-1.0-0.1": {
      "task": "chabsa-1.0-0.1",
      "dataset_path": "jlm_fin_eval/datasets/chabsa/chabsa.py",
      "dataset_name": "chABSA",
      "test_split": "test",
      "doc_to_text": "[センテンス]: {{sentence}}\nターゲット]: {{target}}\n[答え]:",
      "doc_to_target": "{{polarity}}",
      "doc_to_choice": [
        "positive",
        "negative"
      ],
      "description": "[センテンス]における、[ターゲット]のセンチメントをpositiveかnegativeで選んでください。\n\n\n",
      "target_delimiter": " ",
      "fewshot_delimiter": "\n\n",
      "num_fewshot": 0,
      "metric_list": [
        {
          "metric": "acc",
          "aggregation": "mean",
          "higher_is_better": true
        },
        {
          "metric": "acc_norm",
          "aggregation": "mean",
          "higher_is_better": true
        },
        {
          "metric": "f1",
          "aggregation": "2class_adjusted_macro_f1_score_for_chabsa",
          "higher_is_better": true
        },
        {
          "metric": "f1_norm",
          "aggregation": "2class_adjusted_macro_f1_score_for_chabsa",
          "higher_is_better": true
        }
      ],
      "output_type": "multiple_choice",
      "repeats": 1,
      "should_decontaminate": false,
      "doc_to_decontamination_query": "sentence",
      "metadata": {
        "version": 1.0
      }
    },
    "cma_basics-1.0-0.1.2": {
      "task": "cma_basics-1.0-0.1.2",
      "dataset_path": "jlm_fin_eval/datasets/cma_basics/cma_basics.py",
      "dataset_name": "cma_basics",
      "test_split": "test",
      "doc_to_text": "def doc_to_text_01_2(doc):\n    q_doc_text = doc[\"question\"] + \"\\n\"\n    if doc[\"context\"] and doc[\"context\"] != \"\":\n        q_doc_text += doc[\"context\"] + \"\\n\"\n    choice_doc_text = []\n    for choice_id, choice_text in zip(doc[\"choices\"][\"id\"], doc[\"choices\"][\"text\"]):\n        choice_doc_text.append(chr(choice_id + 65) + \":\" + choice_text)\n    return f\"[問題]:{q_doc_text}[選択肢]:[{', '.join(choice_doc_text)}]\\n[答え]:\"\n",
      "doc_to_target": "def doc_to_target_alphabet(doc):\n    answer = chr(int(doc[\"answer\"]) + 65)\n    return answer\n",
      "doc_to_choice": "def doc_to_choices_alphabet(doc):\n    choices = [chr(choice_id + 65) for choice_id in doc[\"choices\"][\"id\"]]\n    return choices\n",
      "description": "[問題]に対する[答え]を[選択肢]の中からアルファベットで選んでください。\n\n\n",
      "target_delimiter": "",
      "fewshot_delimiter": "\n\n",
      "num_fewshot": 0,
      "metric_list": [
        {
          "metric": "acc",
          "aggregation": "mean",
          "higher_is_better": true
        },
        {
          "metric": "acc_norm",
          "aggregation": "mean",
          "higher_is_better": true
        },
        {
          "metric": "map",
          "aggregation": "mean",
          "higher_is_better": true
        },
        {
          "metric": "map_2",
          "aggregation": "mean",
          "higher_is_better": true
        },
        {
          "metric": "map_3",
          "aggregation": "mean",
          "higher_is_better": true
        },
        {
          "metric": "map_4",
          "aggregation": "mean",
          "higher_is_better": true
        },
        {
          "metric": "map_norm",
          "aggregation": "mean",
          "higher_is_better": true
        },
        {
          "metric": "map_2_norm",
          "aggregation": "mean",