{
  "results": {
    "security_sales_1-1.0-0.1": {
      "acc,none": 0.38596491228070173,
      "acc_stderr,none": 0.06505437269382161,
      "acc_norm,none": 0.3508771929824561,
      "acc_norm_stderr,none": 0.06377448947368158,
      "map,none": 0.6652046783625731,
      "map_stderr,none": 0.03639902103838274,
      "map_2,none": 0.6140350877192983,
      "map_2_stderr,none": 0.04685862305335399,
      "map_3,none": 0.6608187134502925,
      "map_3_stderr,none": 0.037538829864229475,
      "map_4,none": 0.6652046783625731,
      "map_4_stderr,none": 0.03639902103838274,
      "map_norm,none": 0.641812865497076,
      "map_norm_stderr,none": 0.036606055145159216,
      "map_2_norm,none": 0.5964912280701754,
      "map_2_norm_stderr,none": 0.045880750974994514,
      "map_3_norm,none": 0.6198830409356725,
      "map_3_norm_stderr,none": 0.04166758268936947,
      "map_4_norm,none": 0.641812865497076,
      "map_4_norm_stderr,none": 0.036606055145159216,
      "alias": "security_sales_1-1.0-0.1"
    },
    "fp2-1.0-0.1": {
      "acc,none": 0.25263157894736843,
      "acc_stderr,none": 0.019958229813034266,
      "acc_norm,none": 0.25263157894736843,
      "acc_norm_stderr,none": 0.019958229813034266,
      "map,none": 0.5266666666666677,
      "map_stderr,none": 0.013295712711603213,
      "map_2,none": 0.38421052631578945,
      "map_2_stderr,none": 0.018982743890471398,
      "map_3,none": 0.4698245614035096,
      "map_3_stderr,none": 0.016318555216869,
      "map_4,none": 0.5266666666666677,
      "map_4_stderr,none": 0.013295712711603213,
      "map_norm,none": 0.5266666666666677,
      "map_norm_stderr,none": 0.013295712711603213,
      "map_2_norm,none": 0.38421052631578945,
      "map_2_norm_stderr,none": 0.018982743890471398,
      "map_3_norm,none": 0.4698245614035096,
      "map_3_norm_stderr,none": 0.016318555216869,
      "map_4_norm,none": 0.5266666666666677,
      "map_4_norm_stderr,none": 0.013295712711603213,
      "alias": "fp2-1.0-0.1"
    },
    "cpa_audit-1.0-0.1": {
      "acc,none": 0.20100502512562815,
      "acc_stderr,none": 0.02011315627680786,
      "acc_norm,none": 0.20100502512562815,
      "acc_norm_stderr,none": 0.02011315627680786,
      "map,none": 0.431113902847571,
      "map_stderr,none": 0.015151658513026882,
      "map_2,none": 0.2751256281407035,
      "map_2_stderr,none": 0.02014524926441026,
      "map_3,none": 0.33458961474036825,
      "map_3_stderr,none": 0.019090145676924263,
      "map_4,none": 0.3729061976549414,
      "map_4_stderr,none": 0.017896321024902108,
      "map_norm,none": 0.42684254606365113,
      "map_norm_stderr,none": 0.015228430973994265,
      "map_2_norm,none": 0.2701005025125628,
      "map_2_norm_stderr,none": 0.02015945259308151,
      "map_3_norm,none": 0.32705192629815716,
      "map_3_norm_stderr,none": 0.019197851464933906,
      "map_4_norm,none": 0.36536850921273023,
      "map_4_norm_stderr,none": 0.018051513786581933,
      "alias": "cpa_audit-1.0-0.1"
    },
    "cma_basics-1.0-0.1": {
      "acc,none": 0.4473684210526316,
      "acc_stderr,none": 0.08174282626554188,
      "acc_norm,none": 0.39473684210526316,
      "acc_norm_stderr,none": 0.0803572542664568,
      "map,none": 0.6513157894736842,
      "map_stderr,none": 0.05323196558615608,
      "map_2,none": 0.5526315789473685,
      "map_2_stderr,none": 0.07252182112435494,
      "map_3,none": 0.6052631578947368,
      "map_3_stderr,none": 0.06392571054566337,
      "map_4,none": 0.6513157894736842,
      "map_4_stderr,none": 0.05323196558615608,
      "map_norm,none": 0.6381578947368419,
      "map_norm_stderr,none": 0.04992054653931542,
      "map_2_norm,none": 0.5526315789473685,
      "map_2_norm_stderr,none": 0.06744017338241441,
      "map_3_norm,none": 0.6052631578947366,
      "map_3_norm_stderr,none": 0.058096978539551605,
      "map_4_norm,none": 0.6381578947368419,
      "map_4_norm_stderr,none": 0.04992054653931542,
      "alias": "cma_basics-1.0-0.1"
    },
    "chabsa-1.0-0.1": {
      "acc,none": 0.586171177003755,
      "acc_stderr,none": 0.005604768757255031,
      "f1,none": 0.4293955158371472,
      "f1_stderr,none": "N/A",
      "acc_norm,none": 0.586171177003755,
      "acc_norm_stderr,none": 0.005604768757255031,
      "f1_norm,none": 0.4293955158371472,
      "f1_norm_stderr,none": "N/A",
      "alias": "chabsa-1.0-0.1"
    }
  },
  "group_subtasks": {
    "chabsa-1.0-0.1": [],
    "cma_basics-1.0-0.1": [],
    "cpa_audit-1.0-0.1": [],
    "fp2-1.0-0.1": [],
    "security_sales_1-1.0-0.1": []
  },
  "configs": {
    "chabsa-1.0-0.1": {
      "task": "chabsa-1.0-0.1",
      "dataset_path": "jlm_fin_eval/datasets/chabsa/chabsa.py",
      "dataset_name": "chABSA",
      "test_split": "test",
      "doc_to_text": "[センテンス]: {{sentence}}\nターゲット]: {{target}}\n[答え]:",
      "doc_to_target": "{{polarity}}",
      "doc_to_choice": [
        "positive",
        "negative"
      ],
      "description": "[センテンス]における、[ターゲット]のセンチメントをpositiveかnegativeで選んでください。\n\n\n",
      "target_delimiter": " ",
      "fewshot_delimiter": "\n\n",
      "num_fewshot": 0,
      "metric_list": [
        {
          "metric": "acc",
          "aggregation": "mean",
          "higher_is_better": true
        },
        {
          "metric": "acc_norm",
          "aggregation": "mean",
          "higher_is_better": true
        },
        {
          "metric": "f1",
          "aggregation": "2class_adjusted_macro_f1_score_for_chabsa",
          "higher_is_better": true
        },
        {
          "metric": "f1_norm",
          "aggregation": "2class_adjusted_macro_f1_score_for_chabsa",
          "higher_is_better": true
        }
      ],
      "output_type": "multiple_choice",
      "repeats": 1,
      "should_decontaminate": false,
      "doc_to_decontamination_query": "sentence",
      "metadata": {
        "version": 1.0
      }
    },
    "cma_basics-1.0-0.1": {
      "task": "cma_basics-1.0-0.1",
      "dataset_path": "jlm_fin_eval/datasets/cma_basics/cma_basics.py",
      "dataset_name": "cma_basics",
      "test_split": "test",
      "doc_to_text": "def doc_to_text_01(doc):\n    q_doc_text = doc[\"question\"] + \"\\n\"\n    if doc[\"context\"] and doc[\"context\"] != \"\":\n        q_doc_text += doc[\"context\"] + \"\\n\"\n    return f\"[問題]:{q_doc_text}[選択肢]:[{', '.join(doc['choices']['text'])}]\\n[答え]:\"\n",
      "doc_to_target": "def doc_to_target_01(doc):\n    return [\n        choice_text\n        for choice_id, choice_text in zip(doc[\"choices\"][\"id\"], doc[\"choices\"][\"text\"])\n        if choice_id == doc[\"answer\"]\n    ][0]\n",
      "doc_to_choice": "def doc_to_choices_01(doc):\n    choices = doc[\"choices\"][\"text\"]\n    return choices\n",
      "description": "[問題]に対する[答え]を[選択肢]の中から選んでください。\n\n\n",
      "target_delimiter": "",
      "fewshot_delimiter": "\n\n",
      "num_fewshot": 0,
      "metric_list": [
        {
          "metric": "acc",
          "aggregation": "mean",
          "higher_is_better": true
        },
        {
          "metric": "acc_norm",
          "aggregation": "mean",
          "higher_is_better": true
        },
        {
          "metric": "map",
          "aggregation": "mean",
          "higher_is_better": true
        },
        {
          "metric": "map_2",
          "aggregation": "mean",
          "higher_is_better": true
        },
        {
          "metric": "map_3",
          "aggregation": "mean",
          "higher_is_better": true
        },
        {
          "metric": "map_4",
          "aggregation": "mean",
          "higher_is_better": true
        },
        {
          "metric": "map_norm",
          "aggregation": "mean",
          "higher_is_better": true
        },
        {
          "metric": "map_2_norm",
          "aggregation": "mean",
          "higher_is_better": true
        },
        {
          "metric": "map_3_norm",
          "aggregation": "mean",