{
  "results": {
    "chabsa-1.0-0.1": {
      "acc": 0.5307522983296646,
      "f1": 0.5028373177536112
    },
    "cma_basics-1.0-0.3": {
      "acc": 0.34210526315789475,
      "acc_stderr": 0.07799328662681833,
      "map": 0.5789473684210528,
      "map_stderr": 0.05173489358155998,
      "map_2": 0.4473684210526316,
      "map_2_stderr": 0.07252182112435494,
      "map_3": 0.5263157894736843,
      "map_3_stderr": 0.06239462930145466,
      "map_4": 0.5789473684210528,
      "map_4_stderr": 0.05173489358155998
    },
    "cpa_audit-1.0-0.1.2": {
      "acc": 0.19095477386934673,
      "acc_stderr": 0.01972678932678124,
      "map": 0.42265494137353415,
      "map_stderr": 0.015088504899528708,
      "map_2": 0.26256281407035176,
      "map_2_stderr": 0.0200173629949198,
      "map_3": 0.31951423785594607,
      "map_3_stderr": 0.01910527213775837,
      "map_4": 0.3666247906197655,
      "map_4_stderr": 0.01769905036654624
    },
    "fp2-1.0-0.2.1": {
      "acc": 0.27578947368421053,
      "acc_stderr": 0.020527312251959445,
      "map": 0.5359649122807026,
      "map_stderr": 0.013855938019527485,
      "map_2": 0.39789473684210525,
      "map_2_stderr": 0.019464048609178327,
      "map_3": 0.46807017543859725,
      "map_3_stderr": 0.01732031687744761,
      "map_4": 0.5359649122807026,
      "map_4_stderr": 0.013855938019527485
    },
    "security_sales_1-1.0-0.1.2": {
      "acc": 0.49122807017543857,
      "acc_stderr": 0.06680502724442024,
      "map": 0.7192982456140352,
      "map_stderr": 0.037756800730557497,
      "map_2": 0.6754385964912281,
      "map_2_stderr": 0.04764377408421146,
      "map_3": 0.7105263157894738,
      "map_3_stderr": 0.04012961017946344,
      "map_4": 0.7192982456140352,
      "map_4_stderr": 0.037756800730557497
    }
  },
  "versions": {
    "chabsa-1.0-0.1": 1.0,
    "cma_basics-1.0-0.3": 1.0,
    "cpa_audit-1.0-0.1.2": 1.0,
    "fp2-1.0-0.2.1": 1.0,
    "security_sales_1-1.0-0.1.2": 1.0
  },
  "config": {
    "model": "hf-causal-experimental",
    "model_args": "pretrained=cyberagent/open-calm-small,use_fast=True",
    "num_fewshot": [
      0,
      3,
      2,
      2,
      2
    ],
    "batch_size": null,
    "device": null,
    "no_cache": true,
    "limit": null,
    "bootstrap_iters": 100000,
    "description_dict": {}
  }
}