{
  "results": {
    "chabsa-1.0-0.1": {
      "acc": 0.8806163408002071,
      "f1": 0.8936983519122839
    },
    "cma_basics-1.0-0.1": {
      "acc": 0.5789473684210527,
      "acc_stderr": 0.08116837904800629,
      "map": 0.7412280701754386,
      "map_stderr": 0.05114361823636263,
      "map_2": 0.6710526315789473,
      "map_2_stderr": 0.06871176885916948,
      "map_3": 0.7149122807017543,
      "map_3_stderr": 0.058936593033978045,
      "map_4": 0.7412280701754386,
      "map_4_stderr": 0.05114361823636263
    },
    "cpa_audit": {
      "acc": 0.20854271356783918,
      "acc_stderr": 0.020389942338769368,
      "map": 0.4312814070351753,
      "map_stderr": 0.015548557474644255,
      "map_2": 0.27889447236180903,
      "map_2_stderr": 0.02044446099848363,
      "map_3": 0.3308207705192627,
      "map_3_stderr": 0.019540372004169564,
      "map_4": 0.3678810720268005,
      "map_4_stderr": 0.01843744623788299
    },
    "fp2-1.0-0.1": {
      "acc": 0.3031578947368421,
      "acc_stderr": 0.021111177753763265,
      "map": 0.5608771929824568,
      "map_stderr": 0.013890377485281009,
      "map_2": 0.4305263157894737,
      "map_2_stderr": 0.019567539461620306,
      "map_3": 0.5098245614035095,
      "map_3_stderr": 0.016773105506590273,
      "map_4": 0.5608771929824568,
      "map_4_stderr": 0.013890377485281009
    },
    "security_sales_1-1.0-0.1.2": {
      "acc": 0.5263157894736842,
      "acc_stderr": 0.06672270432067237,
      "map": 0.7383040935672515,
      "map_stderr": 0.03621610494460712,
      "map_2": 0.7105263157894737,
      "map_2_stderr": 0.04326031614739313,
      "map_3": 0.7339181286549707,
      "map_3_stderr": 0.037514419654735294,
      "map_4": 0.7383040935672515,
      "map_4_stderr": 0.03621610494460712
    }
  },
  "versions": {
    "chabsa-1.0-0.1": 1.0,
    "cma_basics-1.0-0.1": 1.0,
    "cpa_audit": 1.0,
    "fp2-1.0-0.1": 1.0,
    "security_sales_1-1.0-0.1.2": 1.0
  },
  "config": {
    "model": "hf-causal-experimental",
    "model_args": "pretrained=meta-llama/Llama-2-70b-hf,use_accelerate=True,device_map_option=auto",
    "num_fewshot": [
      4,
      1,
      0,
      3,
      1
    ],
    "batch_size": null,
    "device": null,
    "no_cache": true,
    "limit": null,
    "bootstrap_iters": 100000,
    "description_dict": {}
  }
}