{
  "results": {
    "security_sales_1-1.0-0.1.2": {
      "acc,none": 0.3508771929824561,
      "acc_stderr,none": 0.06377448947368158,
      "acc_norm,none": 0.3508771929824561,
      "acc_norm_stderr,none": 0.06377448947368158,
      "map,none": 0.6330409356725146,
      "map_stderr,none": 0.03753882986422946,
      "map_2,none": 0.5701754385964912,
      "map_2_stderr,none": 0.04917648338433229,
      "map_3,none": 0.6111111111111112,
      "map_3_stderr,none": 0.04240846231202751,
      "map_4,none": 0.6330409356725146,
      "map_4_stderr,none": 0.03753882986422946,
      "map_norm,none": 0.6330409356725146,
      "map_norm_stderr,none": 0.03753882986422946,
      "map_2_norm,none": 0.5701754385964912,
      "map_2_norm_stderr,none": 0.04917648338433229,
      "map_3_norm,none": 0.6111111111111112,
      "map_3_norm_stderr,none": 0.04240846231202751,
      "map_4_norm,none": 0.6330409356725146,
      "map_4_norm_stderr,none": 0.03753882986422946,
      "alias": "security_sales_1-1.0-0.1.2"
    },
    "fp2-1.0-0.1.2": {
      "acc,none": 0.2294736842105263,
      "acc_stderr,none": 0.019313945928031213,
      "acc_norm,none": 0.2294736842105263,
      "acc_norm_stderr,none": 0.019313945928031213,
      "map,none": 0.504736842105264,
      "map_stderr,none": 0.013134793548552279,
      "map_2,none": 0.3473684210526316,
      "map_2_stderr,none": 0.018871588286174707,
      "map_3,none": 0.44000000000000056,
      "map_3_stderr,none": 0.016352581261355883,
      "map_4,none": 0.504736842105264,
      "map_4_stderr,none": 0.013134793548552279,
      "map_norm,none": 0.504736842105264,
      "map_norm_stderr,none": 0.013134793548552279,
      "map_2_norm,none": 0.3473684210526316,
      "map_2_norm_stderr,none": 0.018871588286174707,
      "map_3_norm,none": 0.44000000000000056,
      "map_3_norm_stderr,none": 0.016352581261355883,
      "map_4_norm,none": 0.504736842105264,
      "map_4_norm_stderr,none": 0.013134793548552279,
      "alias": "fp2-1.0-0.1.2"
    },
    "cpa_audit-1.0-0.1.2": {
      "acc,none": 0.17587939698492464,
      "acc_stderr,none": 0.019107664906766537,
      "acc_norm,none": 0.17587939698492464,
      "acc_norm_stderr,none": 0.019107664906766537,
      "map,none": 0.41164154103852546,
      "map_stderr,none": 0.014692652721021267,
      "map_2,none": 0.25753768844221103,
      "map_2_stderr,none": 0.019462738522481426,
      "map_3,none": 0.3069514237855944,
      "map_3_stderr,none": 0.018709001272776384,
      "map_4,none": 0.34715242881071995,
      "map_4_stderr,none": 0.017581421257640433,
      "map_norm,none": 0.41164154103852546,
      "map_norm_stderr,none": 0.014692652721021267,
      "map_2_norm,none": 0.25753768844221103,
      "map_2_norm_stderr,none": 0.019462738522481426,
      "map_3_norm,none": 0.3069514237855944,
      "map_3_norm_stderr,none": 0.018709001272776384,
      "map_4_norm,none": 0.34715242881071995,
      "map_4_norm_stderr,none": 0.017581421257640433,
      "alias": "cpa_audit-1.0-0.1.2"
    },
    "cma_basics-1.0-0.1.2": {
      "acc,none": 0.2894736842105263,
      "acc_stderr,none": 0.07455791696866065,
      "acc_norm,none": 0.2894736842105263,
      "acc_norm_stderr,none": 0.07455791696866065,
      "map,none": 0.5570175438596491,
      "map_stderr,none": 0.04910544636665477,
      "map_2,none": 0.4473684210526316,
      "map_2_stderr,none": 0.0674401733824144,
      "map_3,none": 0.4912280701754386,
      "map_3_stderr,none": 0.06189265309065999,
      "map_4,none": 0.5570175438596491,
      "map_4_stderr,none": 0.04910544636665477,
      "map_norm,none": 0.5570175438596491,
      "map_norm_stderr,none": 0.04910544636665477,
      "map_2_norm,none": 0.4473684210526316,
      "map_2_norm_stderr,none": 0.0674401733824144,
      "map_3_norm,none": 0.4912280701754386,
      "map_3_norm_stderr,none": 0.06189265309065999,
      "map_4_norm,none": 0.5570175438596491,
      "map_4_norm_stderr,none": 0.04910544636665477,
      "alias": "cma_basics-1.0-0.1.2"
    },
    "chabsa-1.0-0.1": {
      "acc,none": 0.7427165609219215,
      "acc_stderr,none": 0.004974535922830557,
      "f1,none": 0.7414793642126014,
      "f1_stderr,none": "N/A",
      "acc_norm,none": 0.7427165609219215,
      "acc_norm_stderr,none": 0.004974535922830557,
      "f1_norm,none": 0.7414793642126014,
      "f1_norm_stderr,none": "N/A",
      "alias": "chabsa-1.0-0.1"
    }
  },
  "group_subtasks": {
    "chabsa-1.0-0.1": [],
    "cma_basics-1.0-0.1.2": [],
    "cpa_audit-1.0-0.1.2": [],
    "fp2-1.0-0.1.2": [],
    "security_sales_1-1.0-0.1.2": []
  },
  "configs": {
    "chabsa-1.0-0.1": {
      "task": "chabsa-1.0-0.1",
      "dataset_path": "jlm_fin_eval/datasets/chabsa/chabsa.py",
      "dataset_name": "chABSA",
      "test_split": "test",
      "doc_to_text": "[センテンス]: {{sentence}}\nターゲット]: {{target}}\n[答え]:",
      "doc_to_target": "{{polarity}}",
      "doc_to_choice": [
        "positive",
        "negative"
      ],
      "description": "[センテンス]における、[ターゲット]のセンチメントをpositiveかnegativeで選んでください。\n\n\n",
      "target_delimiter": " ",
      "fewshot_delimiter": "\n\n",
      "num_fewshot": 0,
      "metric_list": [
        {
          "metric": "acc",
          "aggregation": "mean",
          "higher_is_better": true
        },
        {
          "metric": "acc_norm",
          "aggregation": "mean",
          "higher_is_better": true
        },
        {
          "metric": "f1",
          "aggregation": "2class_adjusted_macro_f1_score_for_chabsa",
          "higher_is_better": true
        },
        {
          "metric": "f1_norm",
          "aggregation": "2class_adjusted_macro_f1_score_for_chabsa",
          "higher_is_better": true
        }
      ],
      "output_type": "multiple_choice",
      "repeats": 1,
      "should_decontaminate": false,
      "doc_to_decontamination_query": "sentence",
      "metadata": {
        "version": 1.0
      }
    },
    "cma_basics-1.0-0.1.2": {
      "task": "cma_basics-1.0-0.1.2",
      "dataset_path": "jlm_fin_eval/datasets/cma_basics/cma_basics.py",
      "dataset_name": "cma_basics",
      "test_split": "test",
      "doc_to_text": "def doc_to_text_01_2(doc):\n    q_doc_text = doc[\"question\"] + \"\\n\"\n    if doc[\"context\"] and doc[\"context\"] != \"\":\n        q_doc_text += doc[\"context\"] + \"\\n\"\n    choice_doc_text = []\n    for choice_id, choice_text in zip(doc[\"choices\"][\"id\"], doc[\"choices\"][\"text\"]):\n        choice_doc_text.append(chr(choice_id + 65) + \":\" + choice_text)\n    return f\"[問題]:{q_doc_text}[選択肢]:[{', '.join(choice_doc_text)}]\\n[答え]:\"\n",
      "doc_to_target": "def doc_to_target_alphabet(doc):\n    answer = chr(int(doc[\"answer\"]) + 65)\n    return answer\n",
      "doc_to_choice": "def doc_to_choices_alphabet(doc):\n    choices = [chr(choice_id + 65) for choice_id in doc[\"choices\"][\"id\"]]\n    return choices\n",
      "description": "[問題]に対する[答え]を[選択肢]の中からアルファベットで選んでください。\n\n\n",
      "target_delimiter": "",
      "fewshot_delimiter": "\n\n",
      "num_fewshot": 0,
      "metric_list": [
        {
          "metric": "acc",
          "aggregation": "mean",
          "higher_is_better": true
        },
        {
          "metric": "acc_norm",
          "aggregation": "mean",
          "higher_is_better": true
        },
        {
          "metric": "map",
          "aggregation": "mean",
          "higher_is_better": true
        },
        {
          "metric": "map_2",
          "aggregation": "mean",
          "higher_is_better": true
        },
        {
          "metric": "map_3",
          "aggregation": "mean",
          "higher_is_better": true
        },
        {
          "metric": "map_4",
          "aggregation": "mean",
          "higher_is_better": true
        },
        {
          "metric": "map_norm",
          "aggregation": "mean",
          "higher_is_better": true
        },
        {
          "metric": "map_2_norm",
          "aggregation": "mean",