{
  "results": {
    "security_sales_1-1.0-0.2.1": {
      "acc,none": 0.45614035087719296,
      "acc_stderr,none": 0.06655775300696491,
      "acc_norm,none": 0.45614035087719296,
      "acc_norm_stderr,none": 0.06655775300696491,
      "map,none": 0.6959064327485379,
      "map_stderr,none": 0.03854713338537121,
      "map_2,none": 0.6578947368421053,
      "map_2_stderr,none": 0.04709262512309164,
      "map_3,none": 0.6695906432748537,
      "map_3_stderr,none": 0.04483392962924385,
      "map_4,none": 0.6959064327485379,
      "map_4_stderr,none": 0.03854713338537121,
      "map_norm,none": 0.6871345029239767,
      "map_norm_stderr,none": 0.039812586449480374,
      "map_2_norm,none": 0.6403508771929824,
      "map_2_norm_stderr,none": 0.04967687880429775,
      "map_3_norm,none": 0.6520467836257311,
      "map_3_norm_stderr,none": 0.04761813157746476,
      "map_4_norm,none": 0.6871345029239767,
      "map_4_norm_stderr,none": 0.039812586449480374,
      "alias": "security_sales_1-1.0-0.2.1"
    },
    "fp2-1.0-0.2.1": {
      "acc,none": 0.26526315789473687,
      "acc_stderr,none": 0.020277537142625805,
      "acc_norm,none": 0.26526315789473687,
      "acc_norm_stderr,none": 0.020277537142625805,
      "map,none": 0.536140350877194,
      "map_stderr,none": 0.013421893245504427,
      "map_2,none": 0.39473684210526316,
      "map_2_stderr,none": 0.019169619593740042,
      "map_3,none": 0.4845614035087727,
      "map_3_stderr,none": 0.0162484511886015,
      "map_4,none": 0.536140350877194,
      "map_4_stderr,none": 0.013421893245504427,
      "map_norm,none": 0.536140350877194,
      "map_norm_stderr,none": 0.013421893245504427,
      "map_2_norm,none": 0.39473684210526316,
      "map_2_norm_stderr,none": 0.019169619593740042,
      "map_3_norm,none": 0.4845614035087727,
      "map_3_norm_stderr,none": 0.0162484511886015,
      "map_4_norm,none": 0.536140350877194,
      "map_4_norm_stderr,none": 0.013421893245504427,
      "alias": "fp2-1.0-0.2.1"
    },
    "cpa_audit-1.0-0.2.1": {
      "acc,none": 0.16080402010050251,
      "acc_stderr,none": 0.01843677242307894,
      "acc_norm,none": 0.16080402010050251,
      "acc_norm_stderr,none": 0.01843677242307894,
      "map,none": 0.40975711892797306,
      "map_stderr,none": 0.014159048903608964,
      "map_2,none": 0.2562814070351759,
      "map_2_stderr,none": 0.018969852389711127,
      "map_3,none": 0.31155778894472336,
      "map_3_stderr,none": 0.018088776204177297,
      "map_4,none": 0.3473618090452261,
      "map_4_stderr,none": 0.01703892068919471,
      "map_norm,none": 0.4095896147403684,
      "map_norm_stderr,none": 0.01416579199513461,
      "map_2_norm,none": 0.2562814070351759,
      "map_2_norm_stderr,none": 0.018969852389711127,
      "map_3_norm,none": 0.31155778894472336,
      "map_3_norm_stderr,none": 0.018088776204177297,
      "map_4_norm,none": 0.3473618090452261,
      "map_4_norm_stderr,none": 0.01703892068919471,
      "alias": "cpa_audit-1.0-0.2.1"
    },
    "cma_basics-1.0-0.2.1": {
      "acc,none": 0.15789473684210525,
      "acc_stderr,none": 0.05994682078436839,
      "acc_norm,none": 0.18421052631578946,
      "acc_norm_stderr,none": 0.06373021861834362,
      "map,none": 0.4780701754385964,
      "map_stderr,none": 0.040333607948261095,
      "map_2,none": 0.32894736842105265,
      "map_2_stderr,none": 0.06045205413996872,
      "map_3,none": 0.4254385964912281,
      "map_3_stderr,none": 0.050560853337289546,
      "map_4,none": 0.4780701754385964,
      "map_4_stderr,none": 0.040333607948261095,
      "map_norm,none": 0.49122807017543846,
      "map_norm_stderr,none": 0.04260900654551967,
      "map_2_norm,none": 0.34210526315789475,
      "map_2_norm_stderr,none": 0.06284297970994525,
      "map_3_norm,none": 0.4385964912280703,
      "map_3_norm_stderr,none": 0.05274998534887102,
      "map_4_norm,none": 0.49122807017543846,
      "map_4_norm_stderr,none": 0.04260900654551967,
      "alias": "cma_basics-1.0-0.2.1"
    },
    "chabsa-1.0-0.2": {
      "acc,none": 0.7696491000906384,
      "acc_stderr,none": 0.004791554595767931,
      "f1,none": 0.7681482075616091,
      "f1_stderr,none": "N/A",
      "acc_norm,none": 0.7696491000906384,
      "acc_norm_stderr,none": 0.004791554595767931,
      "f1_norm,none": 0.7681482075616091,
      "f1_norm_stderr,none": "N/A",
      "alias": "chabsa-1.0-0.2"
    }
  },
  "group_subtasks": {
    "chabsa-1.0-0.2": [],
    "cma_basics-1.0-0.2.1": [],
    "cpa_audit-1.0-0.2.1": [],
    "fp2-1.0-0.2.1": [],
    "security_sales_1-1.0-0.2.1": []
  },
  "configs": {
    "chabsa-1.0-0.2": {
      "task": "chabsa-1.0-0.2",
      "dataset_path": "jlm_fin_eval/datasets/chabsa/chabsa.py",
      "dataset_name": "chABSA",
      "test_split": "test",
      "doc_to_text": "センテンス: {{sentence}}\nターゲット: {{target}}\n回答:",
      "doc_to_target": "{{polarity}}",
      "doc_to_choice": [
        "positive",
        "negative"
      ],
      "description": "センテンスとターゲットを入力として受け取り、ターゲットに関するセンチメントをpositiveかnegativeから選択してください。\n\n\n",
      "target_delimiter": " ",
      "fewshot_delimiter": "\n\n",
      "num_fewshot": 0,
      "metric_list": [
        {
          "metric": "acc",
          "aggregation": "mean",
          "higher_is_better": true
        },
        {
          "metric": "acc_norm",
          "aggregation": "mean",
          "higher_is_better": true
        },
        {
          "metric": "f1",
          "aggregation": "2class_adjusted_macro_f1_score_for_chabsa",
          "higher_is_better": true
        },
        {
          "metric": "f1_norm",
          "aggregation": "2class_adjusted_macro_f1_score_for_chabsa",
          "higher_is_better": true
        }
      ],
      "output_type": "multiple_choice",
      "repeats": 1,
      "should_decontaminate": false,
      "doc_to_decontamination_query": "sentence",
      "metadata": {
        "version": 1.0
      }
    },
    "cma_basics-1.0-0.2.1": {
      "task": "cma_basics-1.0-0.2.1",
      "dataset_path": "jlm_fin_eval/datasets/cma_basics/cma_basics.py",
      "dataset_name": "cma_basics",
      "test_split": "test",
      "doc_to_text": "def doc_to_text_02_1(doc):\n    q_doc_text = doc[\"question\"] + \"\\n\"\n    if doc[\"context\"] and doc[\"context\"] != \"\":\n        q_doc_text += doc[\"context\"] + \"\\n\"\n    choices = \"\\n\".join([f\"- {choice}\" for choice in doc[\"choices\"][\"text\"]])\n    return f\"質問:{q_doc_text}選択肢:\\n{choices}\\n回答:\"\n",
      "doc_to_target": "def doc_to_target_01(doc):\n    return [\n        choice_text\n        for choice_id, choice_text in zip(doc[\"choices\"][\"id\"], doc[\"choices\"][\"text\"])\n        if choice_id == doc[\"answer\"]\n    ][0]\n",
      "doc_to_choice": "def doc_to_choices_01(doc):\n    choices = doc[\"choices\"][\"text\"]\n    return choices\n",
      "description": "与えられた選択肢の中から、最適な答えを選んでください。\n\n\n",
      "target_delimiter": "",
      "fewshot_delimiter": "\n\n",
      "num_fewshot": 0,
      "metric_list": [
        {
          "metric": "acc",
          "aggregation": "mean",
          "higher_is_better": true
        },
        {
          "metric": "acc_norm",
          "aggregation": "mean",
          "higher_is_better": true
        },
        {
          "metric": "map",
          "aggregation": "mean",
          "higher_is_better": true
        },
        {
          "metric": "map_2",
          "aggregation": "mean",
          "higher_is_better": true
        },
        {
          "metric": "map_3",
          "aggregation": "mean",
          "higher_is_better": true
        },
        {
          "metric": "map_4",
          "aggregation": "mean",
          "higher_is_better": true
        },
        {
          "metric": "map_norm",
          "aggregation": "mean",
          "higher_is_better": true
        },
        {
          "metric": "map_2_norm",
          "aggregation": "mean",
          "higher_is_better": true
        },
        {
          "metric": "map_3_norm",