{
  "results": {
    "security_sales_1-1.0-0.2": {
      "acc,none": 0.42105263157894735,
      "acc_stderr,none": 0.06597717584505354,
      "acc_norm,none": 0.42105263157894735,
      "acc_norm_stderr,none": 0.06597717584505354,
      "map,none": 0.6739766081871345,
      "map_stderr,none": 0.0386479982766443,
      "map_2,none": 0.631578947368421,
      "map_2_stderr,none": 0.04770141932499818,
      "map_3,none": 0.6432748538011696,
      "map_3_stderr,none": 0.04559368052591416,
      "map_4,none": 0.6739766081871345,
      "map_4_stderr,none": 0.0386479982766443,
      "map_norm,none": 0.6739766081871345,
      "map_norm_stderr,none": 0.0386479982766443,
      "map_2_norm,none": 0.631578947368421,
      "map_2_norm_stderr,none": 0.04770141932499818,
      "map_3_norm,none": 0.6432748538011696,
      "map_3_norm_stderr,none": 0.04559368052591416,
      "map_4_norm,none": 0.6739766081871345,
      "map_4_norm_stderr,none": 0.0386479982766443,
      "alias": "security_sales_1-1.0-0.2"
    },
    "fp2-1.0-0.2": {
      "acc,none": 0.24,
      "acc_stderr,none": 0.019616577850947305,
      "acc_norm,none": 0.24,
      "acc_norm_stderr,none": 0.019616577850947305,
      "map,none": 0.5194736842105273,
      "map_stderr,none": 0.013091980880571197,
      "map_2,none": 0.37684210526315787,
      "map_2_stderr,none": 0.018737081644412717,
      "map_3,none": 0.4610526315789483,
      "map_3_stderr,none": 0.016169050173439028,
      "map_4,none": 0.5194736842105273,
      "map_4_stderr,none": 0.013091980880571197,
      "map_norm,none": 0.5194736842105273,
      "map_norm_stderr,none": 0.013091980880571197,
      "map_2_norm,none": 0.37684210526315787,
      "map_2_norm_stderr,none": 0.018737081644412717,
      "map_3_norm,none": 0.4610526315789483,
      "map_3_norm_stderr,none": 0.016169050173439028,
      "map_4_norm,none": 0.5194736842105273,
      "map_4_norm_stderr,none": 0.013091980880571197,
      "alias": "fp2-1.0-0.2"
    },
    "cpa_audit-1.0-0.2": {
      "acc,none": 0.13819095477386933,
      "acc_stderr,none": 0.017320087404198006,
      "acc_norm,none": 0.13819095477386933,
      "acc_norm_stderr,none": 0.017320087404198006,
      "map,none": 0.3937604690117253,
      "map_stderr,none": 0.013428937526602505,
      "map_2,none": 0.23115577889447236,
      "map_2_stderr,none": 0.018181866898756133,
      "map_3,none": 0.29564489112227776,
      "map_3_stderr,none": 0.01729604692172644,
      "map_4,none": 0.330192629815745,
      "map_4_stderr,none": 0.016323207464472664,
      "map_norm,none": 0.3937604690117253,
      "map_norm_stderr,none": 0.013428937526602505,
      "map_2_norm,none": 0.23115577889447236,
      "map_2_norm_stderr,none": 0.018181866898756133,
      "map_3_norm,none": 0.29564489112227776,
      "map_3_norm_stderr,none": 0.01729604692172644,
      "map_4_norm,none": 0.330192629815745,
      "map_4_norm_stderr,none": 0.016323207464472664,
      "alias": "cpa_audit-1.0-0.2"
    },
    "cma_basics-1.0-0.2": {
      "acc,none": 0.2894736842105263,
      "acc_stderr,none": 0.07455791696866067,
      "acc_norm,none": 0.2894736842105263,
      "acc_norm_stderr,none": 0.07455791696866067,
      "map,none": 0.5570175438596492,
      "map_stderr,none": 0.05146284142287535,
      "map_2,none": 0.42105263157894735,
      "map_2_stderr,none": 0.07187371321001298,
      "map_3,none": 0.4912280701754386,
      "map_3_stderr,none": 0.06377914777612186,
      "map_4,none": 0.5570175438596492,
      "map_4_stderr,none": 0.05146284142287535,
      "map_norm,none": 0.5570175438596492,
      "map_norm_stderr,none": 0.05146284142287535,
      "map_2_norm,none": 0.42105263157894735,
      "map_2_norm_stderr,none": 0.07187371321001298,
      "map_3_norm,none": 0.4912280701754386,
      "map_3_norm_stderr,none": 0.06377914777612186,
      "map_4_norm,none": 0.5570175438596492,
      "map_4_norm_stderr,none": 0.05146284142287535,
      "alias": "cma_basics-1.0-0.2"
    },
    "chabsa-1.0-0.2": {
      "acc,none": 0.8275281626311018,
      "acc_stderr,none": 0.00429917959388265,
      "f1,none": 0.8328518502183213,
      "f1_stderr,none": "N/A",
      "acc_norm,none": 0.8275281626311018,
      "acc_norm_stderr,none": 0.00429917959388265,
      "f1_norm,none": 0.8328518502183213,
      "f1_norm_stderr,none": "N/A",
      "alias": "chabsa-1.0-0.2"
    }
  },
  "group_subtasks": {
    "chabsa-1.0-0.2": [],
    "cma_basics-1.0-0.2": [],
    "cpa_audit-1.0-0.2": [],
    "fp2-1.0-0.2": [],
    "security_sales_1-1.0-0.2": []
  },
  "configs": {
    "chabsa-1.0-0.2": {
      "task": "chabsa-1.0-0.2",
      "dataset_path": "jlm_fin_eval/datasets/chabsa/chabsa.py",
      "dataset_name": "chABSA",
      "test_split": "test",
      "doc_to_text": "センテンス: {{sentence}}\nターゲット: {{target}}\n回答:",
      "doc_to_target": "{{polarity}}",
      "doc_to_choice": [
        "positive",
        "negative"
      ],
      "description": "センテンスとターゲットを入力として受け取り、ターゲットに関するセンチメントをpositiveかnegativeから選択してください。\n\n\n",
      "target_delimiter": " ",
      "fewshot_delimiter": "\n\n",
      "num_fewshot": 0,
      "metric_list": [
        {
          "metric": "acc",
          "aggregation": "mean",
          "higher_is_better": true
        },
        {
          "metric": "acc_norm",
          "aggregation": "mean",
          "higher_is_better": true
        },
        {
          "metric": "f1",
          "aggregation": "2class_adjusted_macro_f1_score_for_chabsa",
          "higher_is_better": true
        },
        {
          "metric": "f1_norm",
          "aggregation": "2class_adjusted_macro_f1_score_for_chabsa",
          "higher_is_better": true
        }
      ],
      "output_type": "multiple_choice",
      "repeats": 1,
      "should_decontaminate": false,
      "doc_to_decontamination_query": "sentence",
      "metadata": {
        "version": 1.0
      }
    },
    "cma_basics-1.0-0.2": {
      "task": "cma_basics-1.0-0.2",
      "dataset_path": "jlm_fin_eval/datasets/cma_basics/cma_basics.py",
      "dataset_name": "cma_basics",
      "test_split": "test",
      "doc_to_text": "def doc_to_text_02(doc):\n    q_doc_text = doc[\"question\"] + \"\\n\"\n    if doc[\"context\"] and doc[\"context\"] != \"\":\n        q_doc_text += doc[\"context\"] + \"\\n\"\n    choices = \",\".join(\n        [\n            f\"{idx}.{choice}\"\n            for idx, choice in zip(doc[\"choices\"][\"id\"], doc[\"choices\"][\"text\"])\n        ]\n    )\n    return f\"質問:{q_doc_text}\" f\"選択肢:{choices}\\n\" \"回答:\"\n",
      "doc_to_target": "def doc_to_target_02(doc):\n    return [\n        str(choice_id)\n        for choice_id in doc[\"choices\"][\"id\"]\n        if choice_id == doc[\"answer\"]\n    ][0]\n",
      "doc_to_choice": "def doc_to_choices_02(doc):\n    return [str(choice) for choice in doc[\"choices\"][\"id\"]]\n",
      "description": "質問と回答の選択肢を入力として受け取り、選択肢から回答を選択してください。なお、回答は選択肢の番号(例:0)でするものとします。\n\n\n",
      "target_delimiter": "",
      "fewshot_delimiter": "\n\n",
      "num_fewshot": 0,
      "metric_list": [
        {
          "metric": "acc",
          "aggregation": "mean",
          "higher_is_better": true
        },
        {
          "metric": "acc_norm",
          "aggregation": "mean",
          "higher_is_better": true
        },
        {
          "metric": "map",
          "aggregation": "mean",
          "higher_is_better": true
        },
        {
          "metric": "map_2",
          "aggregation": "mean",
          "higher_is_better": true
        },
        {
          "metric": "map_3",
          "aggregation": "mean",
          "higher_is_better": true
        },
        {
          "metric": "map_4",
          "aggregation": "mean",
          "higher_is_better": true
        },
        {
          "metric": "map_norm",
          "aggregation": "mean",
          "higher_is_better": true
        },
        {
          "metric": "map_2_norm",
          "aggregation": "mean",