{
  "results": {
    "security_sales_1-1.0-0.4": {
      "acc,none": 0.43859649122807015,
      "acc_stderr,none": 0.0663095566682855,
      "acc_norm,none": 0.43859649122807015,
      "acc_norm_stderr,none": 0.0663095566682855,
      "map,none": 0.6915204678362573,
      "map_stderr,none": 0.03766064358578397,
      "map_2,none": 0.6578947368421053,
      "map_2_stderr,none": 0.045399049956733876,
      "map_3,none": 0.6695906432748537,
      "map_3_stderr,none": 0.04305159279271749,
      "map_4,none": 0.6915204678362573,
      "map_4_stderr,none": 0.03766064358578397,
      "map_norm,none": 0.6769005847953216,
      "map_norm_stderr,none": 0.039636757435801,
      "map_2_norm,none": 0.6228070175438597,
      "map_2_norm_stderr,none": 0.050499853833608714,
      "map_3_norm,none": 0.6461988304093567,
      "map_3_norm_stderr,none": 0.04646928650016167,
      "map_4_norm,none": 0.6769005847953216,
      "map_4_norm_stderr,none": 0.039636757435801,
      "alias": "security_sales_1-1.0-0.4"
    },
    "fp2-1.0-0.4": {
      "acc,none": 0.2505263157894737,
      "acc_stderr,none": 0.019902869674481148,
      "acc_norm,none": 0.2505263157894737,
      "acc_norm_stderr,none": 0.019902869674481148,
      "map,none": 0.5208771929824573,
      "map_stderr,none": 0.013383376561698674,
      "map_2,none": 0.3757894736842105,
      "map_2_stderr,none": 0.019045812313398126,
      "map_3,none": 0.4571929824561414,
      "map_3_stderr,none": 0.01664135046385734,
      "map_4,none": 0.5208771929824573,
      "map_4_stderr,none": 0.013383376561698674,
      "map_norm,none": 0.5208771929824573,
      "map_norm_stderr,none": 0.013383376561698674,
      "map_2_norm,none": 0.3757894736842105,
      "map_2_norm_stderr,none": 0.019045812313398126,
      "map_3_norm,none": 0.4571929824561414,
      "map_3_norm_stderr,none": 0.01664135046385734,
      "map_4_norm,none": 0.5208771929824573,
      "map_4_norm_stderr,none": 0.013383376561698674,
      "alias": "fp2-1.0-0.4"
    },
    "cpa_audit-1.0-0.4": {
      "acc,none": 0.20854271356783918,
      "acc_stderr,none": 0.02038994233876938,
      "acc_norm,none": 0.20603015075376885,
      "acc_norm_stderr,none": 0.02029888307868658,
      "map,none": 0.4328308207705188,
      "map_stderr,none": 0.015406614417700566,
      "map_2,none": 0.27889447236180903,
      "map_2_stderr,none": 0.020366922907621043,
      "map_3,none": 0.3333333333333331,
      "map_3_stderr,none": 0.019405359528522022,
      "map_4,none": 0.37227805695142363,
      "map_4_stderr,none": 0.01821739886962577,
      "map_norm,none": 0.4286850921273023,
      "map_norm_stderr,none": 0.015433657397509074,
      "map_2_norm,none": 0.2776381909547739,
      "map_2_norm_stderr,none": 0.02029349664230582,
      "map_3_norm,none": 0.3287269681742041,
      "map_3_norm_stderr,none": 0.01940851187289151,
      "map_4_norm,none": 0.36327470686767144,
      "map_4_norm_stderr,none": 0.018390934128781657,
      "alias": "cpa_audit-1.0-0.4"
    },
    "cma_basics-1.0-0.4": {
      "acc,none": 0.23684210526315788,
      "acc_stderr,none": 0.0698933400604233,
      "acc_norm,none": 0.23684210526315788,
      "acc_norm_stderr,none": 0.0698933400604233,
      "map,none": 0.5350877192982456,
      "map_stderr,none": 0.04539741392545502,
      "map_2,none": 0.42105263157894735,
      "map_2_stderr,none": 0.06402323266269026,
      "map_3,none": 0.48245614035087714,
      "map_3_stderr,none": 0.056149240642767266,
      "map_4,none": 0.5350877192982456,
      "map_4_stderr,none": 0.04539741392545502,
      "map_norm,none": 0.5175438596491228,
      "map_norm_stderr,none": 0.046528564232748794,
      "map_2_norm,none": 0.3684210526315789,
      "map_2_norm_stderr,none": 0.06716206838991055,
      "map_3_norm,none": 0.46491228070175444,
      "map_3_norm_stderr,none": 0.05662868456841629,
      "map_4_norm,none": 0.5175438596491228,
      "map_4_norm_stderr,none": 0.046528564232748794,
      "alias": "cma_basics-1.0-0.4"
    },
    "chabsa-1.0-0.4": {
      "acc,none": 0.747895895377444,
      "acc_stderr,none": 0.00494135020632676,
      "f1,none": 0.7296981704511001,
      "f1_stderr,none": "N/A",
      "acc_norm,none": 0.747895895377444,
      "acc_norm_stderr,none": 0.00494135020632676,
      "f1_norm,none": 0.7296981704511001,
      "f1_norm_stderr,none": "N/A",
      "alias": "chabsa-1.0-0.4"
    }
  },
  "group_subtasks": {
    "chabsa-1.0-0.4": [],
    "cma_basics-1.0-0.4": [],
    "cpa_audit-1.0-0.4": [],
    "fp2-1.0-0.4": [],
    "security_sales_1-1.0-0.4": []
  },
  "configs": {
    "chabsa-1.0-0.4": {
      "task": "chabsa-1.0-0.4",
      "dataset_path": "jlm_fin_eval/datasets/chabsa/chabsa.py",
      "dataset_name": "chABSA",
      "test_split": "test",
      "doc_to_text": "センテンス: {{sentence}}<NL>ターゲット: {{target}}<NL>システム:",
      "doc_to_target": "{{polarity}}",
      "doc_to_choice": [
        "positive",
        "negative"
      ],
      "description": "ユーザー: センテンスにおける、ターゲットのセンチメントをpositiveかnegativeで答えてください。<NL>システム: 分かりました。<NL>",
      "target_delimiter": " ",
      "fewshot_delimiter": "<NL>",
      "num_fewshot": 0,
      "metric_list": [
        {
          "metric": "acc",
          "aggregation": "mean",
          "higher_is_better": true
        },
        {
          "metric": "acc_norm",
          "aggregation": "mean",
          "higher_is_better": true
        },
        {
          "metric": "f1",
          "aggregation": "2class_adjusted_macro_f1_score_for_chabsa",
          "higher_is_better": true
        },
        {
          "metric": "f1_norm",
          "aggregation": "2class_adjusted_macro_f1_score_for_chabsa",
          "higher_is_better": true
        }
      ],
      "output_type": "multiple_choice",
      "repeats": 1,
      "should_decontaminate": false,
      "doc_to_decontamination_query": "sentence",
      "metadata": {
        "version": 1.0
      }
    },
    "cma_basics-1.0-0.4": {
      "task": "cma_basics-1.0-0.4",
      "dataset_path": "jlm_fin_eval/datasets/cma_basics/cma_basics.py",
      "dataset_name": "cma_basics",
      "test_split": "test",
      "doc_to_text": "def doc_to_text_04(doc, SEP=\"<NL>\"):\n    q_doc_text = doc[\"question\"]\n    if doc[\"context\"] and doc[\"context\"] != \"\":\n        q_doc_text += \"\\n\" + doc[\"context\"]\n    choices = SEP.join([f\"- {choice}\" for choice in doc[\"choices\"][\"text\"]])\n    input_text = f\"質問：{q_doc_text}{SEP}\" + f\"選択肢：{SEP}{choices}\"\n    return f\"ユーザー: {input_text}{SEP}システム: \"\n",
      "doc_to_target": "def doc_to_target_01(doc):\n    return [\n        choice_text\n        for choice_id, choice_text in zip(doc[\"choices\"][\"id\"], doc[\"choices\"][\"text\"])\n        if choice_id == doc[\"answer\"]\n    ][0]\n",
      "doc_to_choice": "def doc_to_choices_01(doc):\n    choices = doc[\"choices\"][\"text\"]\n    return choices\n",
      "description": "ユーザー: 与えられた選択肢の中から、最適な答えを選んでください。<NL>システム: 分かりました。<NL>",
      "target_delimiter": "",
      "fewshot_delimiter": "<NL>",
      "num_fewshot": 0,
      "metric_list": [
        {
          "metric": "acc",
          "aggregation": "mean",
          "higher_is_better": true
        },
        {
          "metric": "acc_norm",
          "aggregation": "mean",
          "higher_is_better": true
        },
        {
          "metric": "map",
          "aggregation": "mean",
          "higher_is_better": true
        },
        {
          "metric": "map_2",
          "aggregation": "mean",
          "higher_is_better": true
        },
        {
          "metric": "map_3",
          "aggregation": "mean",
          "higher_is_better": true
        },
        {
          "metric": "map_4",
          "aggregation": "mean",
          "higher_is_better": true
        },
        {
          "metric": "map_norm",
          "aggregation": "mean",
          "higher_is_better": true
        },
        {
          "metric": "map_2_norm",
          "aggregation": "mean",