{
  "results": {
    "security_sales_1-1.0-0.2.1": {
      "acc,none": 0.43859649122807015,
      "acc_stderr,none": 0.0663095566682855,
      "acc_norm,none": 0.43859649122807015,
      "acc_norm_stderr,none": 0.0663095566682855,
      "map,none": 0.6929824561403509,
      "map_stderr,none": 0.03738192067923185,
      "map_2,none": 0.6578947368421053,
      "map_2_stderr,none": 0.045399049956733876,
      "map_3,none": 0.6754385964912281,
      "map_3_stderr,none": 0.04180658475592048,
      "map_4,none": 0.6929824561403509,
      "map_4_stderr,none": 0.03738192067923185,
      "map_norm,none": 0.6798245614035088,
      "map_norm_stderr,none": 0.03929051067361604,
      "map_2_norm,none": 0.631578947368421,
      "map_2_norm_stderr,none": 0.049315991418903214,
      "map_3_norm,none": 0.6491228070175439,
      "map_3_norm_stderr,none": 0.046209007687950616,
      "map_4_norm,none": 0.6798245614035088,
      "map_4_norm_stderr,none": 0.03929051067361604,
      "alias": "security_sales_1-1.0-0.2.1"
    },
    "fp2-1.0-0.2.1": {
      "acc,none": 0.2631578947368421,
      "acc_stderr,none": 0.0202258251371329,
      "acc_norm,none": 0.2631578947368421,
      "acc_norm_stderr,none": 0.0202258251371329,
      "map,none": 0.5305263157894747,
      "map_stderr,none": 0.013517608745214526,
      "map_2,none": 0.3873684210526316,
      "map_2_stderr,none": 0.01922599683104951,
      "map_3,none": 0.471578947368422,
      "map_3_stderr,none": 0.016621032233746648,
      "map_4,none": 0.5305263157894747,
      "map_4_stderr,none": 0.013517608745214526,
      "map_norm,none": 0.5305263157894747,
      "map_norm_stderr,none": 0.013517608745214526,
      "map_2_norm,none": 0.3873684210526316,
      "map_2_norm_stderr,none": 0.01922599683104951,
      "map_3_norm,none": 0.471578947368422,
      "map_3_norm_stderr,none": 0.016621032233746648,
      "map_4_norm,none": 0.5305263157894747,
      "map_4_norm_stderr,none": 0.013517608745214526,
      "alias": "fp2-1.0-0.2.1"
    },
    "cpa_audit-1.0-0.2.1": {
      "acc,none": 0.20603015075376885,
      "acc_stderr,none": 0.02029888307868658,
      "acc_norm,none": 0.20351758793969849,
      "acc_norm_stderr,none": 0.020206626549752773,
      "map,none": 0.4483249581239527,
      "map_stderr,none": 0.015196844340069394,
      "map_2,none": 0.3065326633165829,
      "map_2_stderr,none": 0.020220393560863678,
      "map_3,none": 0.3609715242881072,
      "map_3_stderr,none": 0.019053633216201696,
      "map_4,none": 0.39363484087102196,
      "map_4_stderr,none": 0.01793109784941469,
      "map_norm,none": 0.444807370184254,
      "map_norm_stderr,none": 0.015195883382938619,
      "map_2_norm,none": 0.30402010050251255,
      "map_2_norm_stderr,none": 0.020159353993359764,
      "map_3_norm,none": 0.3559463986599664,
      "map_3_norm_stderr,none": 0.01907031741830048,
      "map_4_norm,none": 0.38735343383584603,
      "map_4_norm_stderr,none": 0.018018090990163788,
      "alias": "cpa_audit-1.0-0.2.1"
    },
    "cma_basics-1.0-0.2.1": {
      "acc,none": 0.42105263157894735,
      "acc_stderr,none": 0.08116837904800629,
      "acc_norm,none": 0.3157894736842105,
      "acc_norm_stderr,none": 0.07641750223933594,
      "map,none": 0.6403508771929823,
      "map_stderr,none": 0.05155872716299346,
      "map_2,none": 0.5131578947368421,
      "map_2_stderr,none": 0.07421193868898011,
      "map_3,none": 0.6271929824561402,
      "map_3_stderr,none": 0.054955982833954684,
      "map_4,none": 0.6403508771929823,
      "map_4_stderr,none": 0.05155872716299346,
      "map_norm,none": 0.5942982456140351,
      "map_norm_stderr,none": 0.04716255997394525,
      "map_2_norm,none": 0.4868421052631579,
      "map_2_norm_stderr,none": 0.06663749330491595,
      "map_3_norm,none": 0.5745614035087719,
      "map_3_norm_stderr,none": 0.05210040959365522,
      "map_4_norm,none": 0.5942982456140351,
      "map_4_norm_stderr,none": 0.04716255997394525,
      "alias": "cma_basics-1.0-0.2.1"
    },
    "chabsa-1.0-0.2": {
      "acc,none": 0.8275281626311018,
      "acc_stderr,none": 0.00429917959388265,
      "f1,none": 0.8328518502183213,
      "f1_stderr,none": "N/A",
      "acc_norm,none": 0.8275281626311018,
      "acc_norm_stderr,none": 0.00429917959388265,
      "f1_norm,none": 0.8328518502183213,
      "f1_norm_stderr,none": "N/A",
      "alias": "chabsa-1.0-0.2"
    }
  },
  "group_subtasks": {
    "chabsa-1.0-0.2": [],
    "cma_basics-1.0-0.2.1": [],
    "cpa_audit-1.0-0.2.1": [],
    "fp2-1.0-0.2.1": [],
    "security_sales_1-1.0-0.2.1": []
  },
  "configs": {
    "chabsa-1.0-0.2": {
      "task": "chabsa-1.0-0.2",
      "dataset_path": "jlm_fin_eval/datasets/chabsa/chabsa.py",
      "dataset_name": "chABSA",
      "test_split": "test",
      "doc_to_text": "センテンス: {{sentence}}\nターゲット: {{target}}\n回答:",
      "doc_to_target": "{{polarity}}",
      "doc_to_choice": [
        "positive",
        "negative"
      ],
      "description": "センテンスとターゲットを入力として受け取り、ターゲットに関するセンチメントをpositiveかnegativeから選択してください。\n\n\n",
      "target_delimiter": " ",
      "fewshot_delimiter": "\n\n",
      "num_fewshot": 0,
      "metric_list": [
        {
          "metric": "acc",
          "aggregation": "mean",
          "higher_is_better": true
        },
        {
          "metric": "acc_norm",
          "aggregation": "mean",
          "higher_is_better": true
        },
        {
          "metric": "f1",
          "aggregation": "2class_adjusted_macro_f1_score_for_chabsa",
          "higher_is_better": true
        },
        {
          "metric": "f1_norm",
          "aggregation": "2class_adjusted_macro_f1_score_for_chabsa",
          "higher_is_better": true
        }
      ],
      "output_type": "multiple_choice",
      "repeats": 1,
      "should_decontaminate": false,
      "doc_to_decontamination_query": "sentence",
      "metadata": {
        "version": 1.0
      }
    },
    "cma_basics-1.0-0.2.1": {
      "task": "cma_basics-1.0-0.2.1",
      "dataset_path": "jlm_fin_eval/datasets/cma_basics/cma_basics.py",
      "dataset_name": "cma_basics",
      "test_split": "test",
      "doc_to_text": "def doc_to_text_02_1(doc):\n    q_doc_text = doc[\"question\"] + \"\\n\"\n    if doc[\"context\"] and doc[\"context\"] != \"\":\n        q_doc_text += doc[\"context\"] + \"\\n\"\n    choices = \"\\n\".join([f\"- {choice}\" for choice in doc[\"choices\"][\"text\"]])\n    return f\"質問:{q_doc_text}選択肢:\\n{choices}\\n回答:\"\n",
      "doc_to_target": "def doc_to_target_01(doc):\n    return [\n        choice_text\n        for choice_id, choice_text in zip(doc[\"choices\"][\"id\"], doc[\"choices\"][\"text\"])\n        if choice_id == doc[\"answer\"]\n    ][0]\n",
      "doc_to_choice": "def doc_to_choices_01(doc):\n    choices = doc[\"choices\"][\"text\"]\n    return choices\n",
      "description": "与えられた選択肢の中から、最適な答えを選んでください。\n\n\n",
      "target_delimiter": "",
      "fewshot_delimiter": "\n\n",
      "num_fewshot": 0,
      "metric_list": [
        {
          "metric": "acc",
          "aggregation": "mean",
          "higher_is_better": true
        },
        {
          "metric": "acc_norm",
          "aggregation": "mean",
          "higher_is_better": true
        },
        {
          "metric": "map",
          "aggregation": "mean",
          "higher_is_better": true
        },
        {
          "metric": "map_2",
          "aggregation": "mean",
          "higher_is_better": true
        },
        {
          "metric": "map_3",
          "aggregation": "mean",
          "higher_is_better": true
        },
        {
          "metric": "map_4",
          "aggregation": "mean",
          "higher_is_better": true
        },
        {
          "metric": "map_norm",
          "aggregation": "mean",
          "higher_is_better": true
        },
        {
          "metric": "map_2_norm",
          "aggregation": "mean",
          "higher_is_better": true
        },
        {
          "metric": "map_3_norm",