{
  "results": {
    "security_sales_1-1.0-0.3": {
      "acc,none": 0.45614035087719296,
      "acc_stderr,none": 0.06655775300696491,
      "acc_norm,none": 0.45614035087719296,
      "acc_norm_stderr,none": 0.06655775300696491,
      "map,none": 0.6871345029239767,
      "map_stderr,none": 0.039812586449480374,
      "map_2,none": 0.6403508771929824,
      "map_2_stderr,none": 0.04967687880429775,
      "map_3,none": 0.6520467836257311,
      "map_3_stderr,none": 0.047618131577464765,
      "map_4,none": 0.6871345029239767,
      "map_4_stderr,none": 0.039812586449480374,
      "map_norm,none": 0.6871345029239766,
      "map_norm_stderr,none": 0.03981258644948038,
      "map_2_norm,none": 0.6403508771929824,
      "map_2_norm_stderr,none": 0.04967687880429775,
      "map_3_norm,none": 0.652046783625731,
      "map_3_norm_stderr,none": 0.047618131577464765,
      "map_4_norm,none": 0.6871345029239766,
      "map_4_norm_stderr,none": 0.03981258644948038,
      "alias": "security_sales_1-1.0-0.3"
    },
    "fp2-1.0-0.3": {
      "acc,none": 0.25263157894736843,
      "acc_stderr,none": 0.019958229813034266,
      "acc_norm,none": 0.25263157894736843,
      "acc_norm_stderr,none": 0.019958229813034266,
      "map,none": 0.5208771929824572,
      "map_stderr,none": 0.013445457392295287,
      "map_2,none": 0.37473684210526315,
      "map_2_stderr,none": 0.019118578991344868,
      "map_3,none": 0.4561403508771938,
      "map_3_stderr,none": 0.016735387463977618,
      "map_4,none": 0.5208771929824572,
      "map_4_stderr,none": 0.013445457392295287,
      "map_norm,none": 0.5208771929824572,
      "map_norm_stderr,none": 0.013445457392295287,
      "map_2_norm,none": 0.37473684210526315,
      "map_2_norm_stderr,none": 0.019118578991344868,
      "map_3_norm,none": 0.4561403508771938,
      "map_3_norm_stderr,none": 0.016735387463977618,
      "map_4_norm,none": 0.5208771929824572,
      "map_4_norm_stderr,none": 0.013445457392295287,
      "alias": "fp2-1.0-0.3"
    },
    "cpa_audit-1.0-0.3": {
      "acc,none": 0.15829145728643215,
      "acc_stderr,none": 0.01831953107292637,
      "acc_norm,none": 0.15829145728643215,
      "acc_norm_stderr,none": 0.01831953107292637,
      "map,none": 0.3999581239530985,
      "map_stderr,none": 0.014104336730549295,
      "map_2,none": 0.23492462311557788,
      "map_2_stderr,none": 0.018873732740083603,
      "map_3,none": 0.2969011725293129,
      "map_3_stderr,none": 0.018034153419622327,
      "map_4,none": 0.33521775544388593,
      "map_4_stderr,none": 0.01698088213578119,
      "map_norm,none": 0.3999581239530985,
      "map_norm_stderr,none": 0.014104336730549295,
      "map_2_norm,none": 0.23492462311557788,
      "map_2_norm_stderr,none": 0.018873732740083603,
      "map_3_norm,none": 0.2969011725293129,
      "map_3_norm_stderr,none": 0.018034153419622327,
      "map_4_norm,none": 0.33521775544388593,
      "map_4_norm_stderr,none": 0.01698088213578119,
      "alias": "cpa_audit-1.0-0.3"
    },
    "cma_basics-1.0-0.3": {
      "acc,none": 0.23684210526315788,
      "acc_stderr,none": 0.0698933400604233,
      "acc_norm,none": 0.2631578947368421,
      "acc_norm_stderr,none": 0.0723926637268818,
      "map,none": 0.5350877192982456,
      "map_stderr,none": 0.04506983795248378,
      "map_2,none": 0.40789473684210525,
      "map_2_stderr,none": 0.06493037949471836,
      "map_3,none": 0.49561403508771934,
      "map_3_stderr,none": 0.05351809882257613,
      "map_4,none": 0.5350877192982456,
      "map_4_stderr,none": 0.04506983795248378,
      "map_norm,none": 0.550438596491228,
      "map_norm_stderr,none": 0.046356445527300554,
      "map_2_norm,none": 0.42105263157894735,
      "map_2_norm_stderr,none": 0.06674273816118409,
      "map_3_norm,none": 0.5175438596491229,
      "map_3_norm_stderr,none": 0.053629701126370694,
      "map_4_norm,none": 0.550438596491228,
      "map_4_norm_stderr,none": 0.046356445527300554,
      "alias": "cma_basics-1.0-0.3"
    },
    "chabsa-1.0-0.3": {
      "acc,none": 0.5897967111226208,
      "acc_stderr,none": 0.00559739355796817,
      "f1,none": 0.4377144327592353,
      "f1_stderr,none": "N/A",
      "acc_norm,none": 0.5897967111226208,
      "acc_norm_stderr,none": 0.00559739355796817,
      "f1_norm,none": 0.4377144327592353,
      "f1_norm_stderr,none": "N/A",
      "alias": "chabsa-1.0-0.3"
    }
  },
  "group_subtasks": {
    "chabsa-1.0-0.3": [],
    "cma_basics-1.0-0.3": [],
    "cpa_audit-1.0-0.3": [],
    "fp2-1.0-0.3": [],
    "security_sales_1-1.0-0.3": []
  },
  "configs": {
    "chabsa-1.0-0.3": {
      "task": "chabsa-1.0-0.3",
      "dataset_path": "jlm_fin_eval/datasets/chabsa/chabsa.py",
      "dataset_name": "chABSA",
      "test_split": "test",
      "doc_to_text": "### 入力:\nセンテンス:{{sentence}}\nターゲット:{{target}}\n\n### 応答:\n\n",
      "doc_to_target": "{{polarity}}",
      "doc_to_choice": [
        "positive",
        "negative"
      ],
      "description": "以下は、タスクを説明する指示と、文脈のある入力の組み合わせです。要求を適切に満たす応答を書きなさい。\n\n### 指示:\n以下のセンテンスにおける、ターゲットのセンチメントをpositiveかnegativeで答えてください。\n\n\n",
      "target_delimiter": "",
      "fewshot_delimiter": "\n\n",
      "num_fewshot": 0,
      "metric_list": [
        {
          "metric": "acc",
          "aggregation": "mean",
          "higher_is_better": true
        },
        {
          "metric": "acc_norm",
          "aggregation": "mean",
          "higher_is_better": true
        },
        {
          "metric": "f1",
          "aggregation": "2class_adjusted_macro_f1_score_for_chabsa",
          "higher_is_better": true
        },
        {
          "metric": "f1_norm",
          "aggregation": "2class_adjusted_macro_f1_score_for_chabsa",
          "higher_is_better": true
        }
      ],
      "output_type": "multiple_choice",
      "repeats": 1,
      "should_decontaminate": false,
      "doc_to_decontamination_query": "sentence",
      "metadata": {
        "version": 1.0
      }
    },
    "cma_basics-1.0-0.3": {
      "task": "cma_basics-1.0-0.3",
      "dataset_path": "jlm_fin_eval/datasets/cma_basics/cma_basics.py",
      "dataset_name": "cma_basics",
      "test_split": "test",
      "doc_to_text": "def doc_to_text_03(doc):\n    q_doc_text = doc[\"question\"] + \"\\n\"\n    if doc[\"context\"] and doc[\"context\"] != \"\":\n        q_doc_text += doc[\"context\"] + \"\\n\"\n    choices = \"\\n\".join([f\"- {choice}\" for choice in doc[\"choices\"][\"text\"]])\n    input_text = f\"{q_doc_text}\" + f\"出力は以下から選択してください：\\n{choices}\"\n    return f\"### 入力:\\n{input_text}\\n\\n### 応答:\\n\"\n",
      "doc_to_target": "def doc_to_target_01(doc):\n    return [\n        choice_text\n        for choice_id, choice_text in zip(doc[\"choices\"][\"id\"], doc[\"choices\"][\"text\"])\n        if choice_id == doc[\"answer\"]\n    ][0]\n",
      "doc_to_choice": "def doc_to_choices_01(doc):\n    choices = doc[\"choices\"][\"text\"]\n    return choices\n",
      "description": "以下は、タスクを説明する指示と、文脈のある入力の組み合わせです。要求を適切に満たす応答を書きなさい。\n\n### 指示:\n与えられた選択肢の中から、最適な答えを選んでください。\n\n\n",
      "target_delimiter": "",
      "fewshot_delimiter": "\n\n",
      "num_fewshot": 0,
      "metric_list": [
        {
          "metric": "acc",
          "aggregation": "mean",
          "higher_is_better": true
        },
        {
          "metric": "acc_norm",
          "aggregation": "mean",
          "higher_is_better": true
        },
        {
          "metric": "map",
          "aggregation": "mean",
          "higher_is_better": true
        },
        {
          "metric": "map_2",
          "aggregation": "mean",
          "higher_is_better": true
        },
        {
          "metric": "map_3",
          "aggregation": "mean",
          "higher_is_better": true
        },
        {
          "metric": "map_4",
          "aggregation": "mean",
          "higher_is_better": true
        },
        {
          "metric": "map_norm",
          "aggregation": "mean",