{
  "results": {
    "cpa_audit-1.0-0.2.1": {
      "acc": 0.1457286432160804,
      "acc_stderr": 0.017708229011297996,
      "map": 0.3903685092127299,
      "map_stderr": 0.01377237269347035,
      "map_2": 0.22613065326633167,
      "map_2_stderr": 0.01842641953180506,
      "map_3": 0.2855946398659964,
      "map_3_stderr": 0.01768651443659263,
      "map_4": 0.32705192629815727,
      "map_4_stderr": 0.01658140260635754
    },
    "security_sales_1-1.0-0.2.1": {
      "acc": 0.49122807017543857,
      "acc_stderr": 0.06680502724442024,
      "map": 0.7178362573099415,
      "map_stderr": 0.038221977960237935,
      "map_2": 0.6842105263157895,
      "map_2_stderr": 0.046209007687950596,
      "map_3": 0.6959064327485379,
      "map_3_stderr": 0.04377951465305627,
      "map_4": 0.7178362573099415,
      "map_4_stderr": 0.038221977960237935
    },
    "fp2-1.0-0.4": {
      "acc": 0.2463157894736842,
      "acc_stderr": 0.01979026746533389,
      "map": 0.5175438596491239,
      "map_stderr": 0.013378489869165674,
      "map_2": 0.36736842105263157,
      "map_2_stderr": 0.019100841657257207,
      "map_3": 0.4543859649122816,
      "map_3_stderr": 0.0165884650384975,
      "map_4": 0.5175438596491239,
      "map_4_stderr": 0.013378489869165674
    },
    "chabsa-1.0-0.4": {
      "acc": 0.7590314644568174,
      "f1": 0.5140724098908097
    },
    "cma_basics-1.0-0.1": {
      "acc": 0.34210526315789475,
      "acc_stderr": 0.07799328662681834,
      "map": 0.5745614035087718,
      "map_stderr": 0.05210040959365522,
      "map_2": 0.4342105263157895,
      "map_2_stderr": 0.07345142052853472,
      "map_3": 0.5219298245614035,
      "map_3_stderr": 0.0625984455061323,
      "map_4": 0.5745614035087718,
      "map_4_stderr": 0.05210040959365522
    }
  },
  "versions": {
    "cpa_audit-1.0-0.2.1": 1.0,
    "security_sales_1-1.0-0.2.1": 1.0,
    "fp2-1.0-0.4": 1.0,
    "chabsa-1.0-0.4": 1.0,
    "cma_basics-1.0-0.1": 1.0
  },
  "config": {
    "model": "hf",
    "model_args": "pretrained=pfnet/plamo-13b,trust_remote_code=True,load_in_8bit=True",
    "num_fewshot": [
      0,
      0,
      0,
      0,
      0
    ],
    "batch_size": null,
    "device": "cuda",
    "no_cache": false,
    "limit": null,
    "bootstrap_iters": 100000,
    "description_dict": {}
  }
}