{
  "results": {
    "chabsa-1.0-0.4": {
      "acc": 0.752298329664638,
      "f1": 0.5096657750197352
    },
    "cpa-1.0-0.6": {
      "acc": 0.15829145728643215,
      "acc_stderr": 0.01831953107292637,
      "map": 0.41021775544388583,
      "map_stderr": 0.01394169933660433,
      "map_2": 0.24748743718592964,
      "map_2_stderr": 0.0188884712663346,
      "map_3": 0.31113902847571157,
      "map_3_stderr": 0.017906779972887133,
      "map_4": 0.35636515912897804,
      "map_4_stderr": 0.016525459356390736
    },
    "security_sales_1-1.0-0.5": {
      "acc": 0.47368421052631576,
      "acc_stderr": 0.06672270432067237,
      "map": 0.6959064327485381,
      "map_stderr": 0.0385471333853712,
      "map_2": 0.6578947368421053,
      "map_2_stderr": 0.047092625123091626,
      "map_3": 0.6695906432748537,
      "map_3_stderr": 0.04483392962924385,
      "map_4": 0.6959064327485381,
      "map_4_stderr": 0.0385471333853712
    },
    "cma_basics-1.0-0.4": {
      "acc": 0.2894736842105263,
      "acc_stderr": 0.07455791696866065,
      "map": 0.5263157894736841,
      "map_stderr": 0.05117410623801909,
      "map_2": 0.35526315789473684,
      "map_2_stderr": 0.07281158760157556,
      "map_3": 0.4605263157894737,
      "map_3_stderr": 0.06268144533774257,
      "map_4": 0.5263157894736841,
      "map_4_stderr": 0.05117410623801909
    }
  },
  "versions": {
    "chabsa-1.0-0.4": 1.0,
    "cpa-1.0-0.6": 1.0,
    "security_sales_1-1.0-0.5": 1.0,
    "cma_basics-1.0-0.4": 1.0
  },
  "config": {
    "model": "hf",
    "model_args": "pretrained=pfnet/plamo-13b,trust_remote_code=True,load_in_8bit=True",
    "num_fewshot": [
      0,
      3,
      2,
      1
    ],
    "batch_size": null,
    "device": "cuda",
    "no_cache": false,
    "limit": null,
    "bootstrap_iters": 100000,
    "description_dict": {}
  }
}