{
  "results": {
    "security_sales_1-1.0-0.1.2": {
      "acc,none": 0.40350877192982454,
      "acc_stderr,none": 0.06555933012294897,
      "acc_norm,none": 0.40350877192982454,
      "acc_norm_stderr,none": 0.06555933012294897,
      "map,none": 0.6695906432748538,
      "map_stderr,none": 0.03754492993683116,
      "map_2,none": 0.6228070175438597,
      "map_2_stderr,none": 0.04729642723500152,
      "map_3,none": 0.6520467836257311,
      "map_3_stderr,none": 0.04177735959697943,
      "map_4,none": 0.6695906432748538,
      "map_4_stderr,none": 0.03754492993683116,
      "map_norm,none": 0.6695906432748538,
      "map_norm_stderr,none": 0.03754492993683116,
      "map_2_norm,none": 0.6228070175438597,
      "map_2_norm_stderr,none": 0.04729642723500152,
      "map_3_norm,none": 0.6520467836257311,
      "map_3_norm_stderr,none": 0.04177735959697943,
      "map_4_norm,none": 0.6695906432748538,
      "map_4_norm_stderr,none": 0.03754492993683116,
      "alias": "security_sales_1-1.0-0.1.2"
    },
    "fp2-1.0-0.1.2": {
      "acc,none": 0.2694736842105263,
      "acc_stderr,none": 0.02037919109795649,
      "acc_norm,none": 0.2694736842105263,
      "acc_norm_stderr,none": 0.02037919109795649,
      "map,none": 0.5321052631578956,
      "map_stderr,none": 0.013622431252279299,
      "map_2,none": 0.391578947368421,
      "map_2_stderr,none": 0.019276995548046943,
      "map_3,none": 0.4694736842105271,
      "map_3_stderr,none": 0.01687838456916432,
      "map_4,none": 0.5321052631578956,
      "map_4_stderr,none": 0.013622431252279299,
      "map_norm,none": 0.5321052631578956,
      "map_norm_stderr,none": 0.013622431252279299,
      "map_2_norm,none": 0.391578947368421,
      "map_2_norm_stderr,none": 0.019276995548046943,
      "map_3_norm,none": 0.4694736842105271,
      "map_3_norm_stderr,none": 0.01687838456916432,
      "map_4_norm,none": 0.5321052631578956,
      "map_4_norm_stderr,none": 0.013622431252279299,
      "alias": "fp2-1.0-0.1.2"
    },
    "cpa_audit-1.0-0.1.2": {
      "acc,none": 0.17336683417085427,
      "acc_stderr,none": 0.01899958735999144,
      "acc_norm,none": 0.17336683417085427,
      "acc_norm_stderr,none": 0.01899958735999144,
      "map,none": 0.4086264656616415,
      "map_stderr,none": 0.014528986577367764,
      "map_2,none": 0.24371859296482412,
      "map_2_stderr,none": 0.01938240139031089,
      "map_3,none": 0.30067001675041843,
      "map_3_stderr,none": 0.01858495793023755,
      "map_4,none": 0.35092127303182546,
      "map_4_stderr,none": 0.017162990739804727,
      "map_norm,none": 0.4086264656616415,
      "map_norm_stderr,none": 0.014528986577367764,
      "map_2_norm,none": 0.24371859296482412,
      "map_2_norm_stderr,none": 0.01938240139031089,
      "map_3_norm,none": 0.30067001675041843,
      "map_3_norm_stderr,none": 0.01858495793023755,
      "map_4_norm,none": 0.35092127303182546,
      "map_4_norm_stderr,none": 0.017162990739804727,
      "alias": "cpa_audit-1.0-0.1.2"
    },
    "cma_basics-1.0-0.1.2": {
      "acc,none": 0.2631578947368421,
      "acc_stderr,none": 0.0723926637268818,
      "acc_norm,none": 0.2631578947368421,
      "acc_norm_stderr,none": 0.0723926637268818,
      "map,none": 0.5241228070175439,
      "map_stderr,none": 0.04878278692804124,
      "map_2,none": 0.3684210526315789,
      "map_2_stderr,none": 0.06975931627447642,
      "map_3,none": 0.46491228070175444,
      "map_3_stderr,none": 0.059686067826760024,
      "map_4,none": 0.5241228070175439,
      "map_4_stderr,none": 0.04878278692804124,
      "map_norm,none": 0.5241228070175439,
      "map_norm_stderr,none": 0.04878278692804124,
      "map_2_norm,none": 0.3684210526315789,
      "map_2_norm_stderr,none": 0.06975931627447642,
      "map_3_norm,none": 0.46491228070175444,
      "map_3_norm_stderr,none": 0.059686067826760024,
      "map_4_norm,none": 0.5241228070175439,
      "map_4_norm_stderr,none": 0.04878278692804124,
      "alias": "cma_basics-1.0-0.1.2"
    },
    "chabsa-1.0-0.1": {
      "acc,none": 0.6650265440890846,
      "acc_stderr,none": 0.005371057334954391,
      "f1,none": 0.6514418764873052,
      "f1_stderr,none": "N/A",
      "acc_norm,none": 0.6650265440890846,
      "acc_norm_stderr,none": 0.005371057334954391,
      "f1_norm,none": 0.6514418764873052,
      "f1_norm_stderr,none": "N/A",
      "alias": "chabsa-1.0-0.1"
    }
  },
  "group_subtasks": {
    "chabsa-1.0-0.1": [],
    "cma_basics-1.0-0.1.2": [],
    "cpa_audit-1.0-0.1.2": [],
    "fp2-1.0-0.1.2": [],
    "security_sales_1-1.0-0.1.2": []
  },
  "configs": {
    "chabsa-1.0-0.1": {
      "task": "chabsa-1.0-0.1",
      "dataset_path": "jlm_fin_eval/datasets/chabsa/chabsa.py",
      "dataset_name": "chABSA",
      "test_split": "test",
      "doc_to_text": "[センテンス]: {{sentence}}\nターゲット]: {{target}}\n[答え]:",
      "doc_to_target": "{{polarity}}",
      "doc_to_choice": [
        "positive",
        "negative"
      ],
      "description": "[センテンス]における、[ターゲット]のセンチメントをpositiveかnegativeで選んでください。\n\n\n",
      "target_delimiter": " ",
      "fewshot_delimiter": "\n\n",
      "num_fewshot": 0,
      "metric_list": [
        {
          "metric": "acc",
          "aggregation": "mean",
          "higher_is_better": true
        },
        {
          "metric": "acc_norm",
          "aggregation": "mean",
          "higher_is_better": true
        },
        {
          "metric": "f1",
          "aggregation": "2class_adjusted_macro_f1_score_for_chabsa",
          "higher_is_better": true
        },
        {
          "metric": "f1_norm",
          "aggregation": "2class_adjusted_macro_f1_score_for_chabsa",
          "higher_is_better": true
        }
      ],
      "output_type": "multiple_choice",
      "repeats": 1,
      "should_decontaminate": false,
      "doc_to_decontamination_query": "sentence",
      "metadata": {
        "version": 1.0
      }
    },
    "cma_basics-1.0-0.1.2": {
      "task": "cma_basics-1.0-0.1.2",
      "dataset_path": "jlm_fin_eval/datasets/cma_basics/cma_basics.py",
      "dataset_name": "cma_basics",
      "test_split": "test",
      "doc_to_text": "def doc_to_text_01_2(doc):\n    q_doc_text = doc[\"question\"] + \"\\n\"\n    if doc[\"context\"] and doc[\"context\"] != \"\":\n        q_doc_text += doc[\"context\"] + \"\\n\"\n    choice_doc_text = []\n    for choice_id, choice_text in zip(doc[\"choices\"][\"id\"], doc[\"choices\"][\"text\"]):\n        choice_doc_text.append(chr(choice_id + 65) + \":\" + choice_text)\n    return f\"[問題]:{q_doc_text}[選択肢]:[{', '.join(choice_doc_text)}]\\n[答え]:\"\n",
      "doc_to_target": "def doc_to_target_alphabet(doc):\n    answer = chr(int(doc[\"answer\"]) + 65)\n    return answer\n",
      "doc_to_choice": "def doc_to_choices_alphabet(doc):\n    choices = [chr(choice_id + 65) for choice_id in doc[\"choices\"][\"id\"]]\n    return choices\n",
      "description": "[問題]に対する[答え]を[選択肢]の中からアルファベットで選んでください。\n\n\n",
      "target_delimiter": "",
      "fewshot_delimiter": "\n\n",
      "num_fewshot": 0,
      "metric_list": [
        {
          "metric": "acc",
          "aggregation": "mean",
          "higher_is_better": true
        },
        {
          "metric": "acc_norm",
          "aggregation": "mean",
          "higher_is_better": true
        },
        {
          "metric": "map",
          "aggregation": "mean",
          "higher_is_better": true
        },
        {
          "metric": "map_2",
          "aggregation": "mean",
          "higher_is_better": true
        },
        {
          "metric": "map_3",
          "aggregation": "mean",
          "higher_is_better": true
        },
        {
          "metric": "map_4",
          "aggregation": "mean",
          "higher_is_better": true
        },
        {
          "metric": "map_norm",
          "aggregation": "mean",
          "higher_is_better": true
        },
        {
          "metric": "map_2_norm",
          "aggregation": "mean",