{
  "results": {
    "security_sales_1": {
      "acc,none": 0.47368421052631576,
      "acc_stderr,none": 0.06672270432067237,
      "acc_norm,none": 0.47368421052631576,
      "acc_norm_stderr,none": 0.06672270432067237,
      "map,none": 0.7222222222222222,
      "map_stderr,none": 0.035908111376652466,
      "map_2,none": 0.7017543859649122,
      "map_2_stderr,none": 0.04124406451336425,
      "map_3,none": 0.7134502923976608,
      "map_3_stderr,none": 0.038407266332801324,
      "map_4,none": 0.7222222222222222,
      "map_4_stderr,none": 0.035908111376652466,
      "map_norm,none": 0.7222222222222222,
      "map_norm_stderr,none": 0.035908111376652466,
      "map_2_norm,none": 0.7017543859649122,
      "map_2_norm_stderr,none": 0.04124406451336425,
      "map_3_norm,none": 0.7134502923976608,
      "map_3_norm_stderr,none": 0.038407266332801324,
      "map_4_norm,none": 0.7222222222222222,
      "map_4_norm_stderr,none": 0.035908111376652466,
      "alias": "security_sales_1"
    },
    "fp2": {
      "acc,none": 0.22526315789473683,
      "acc_stderr,none": 0.01918814615124607,
      "acc_norm,none": 0.22526315789473683,
      "acc_norm_stderr,none": 0.01918814615124607,
      "map,none": 0.5082456140350884,
      "map_stderr,none": 0.012862971575619962,
      "map_2,none": 0.36736842105263157,
      "map_2_stderr,none": 0.018390031301843093,
      "map_3,none": 0.4424561403508777,
      "map_3_stderr,none": 0.01620835862438499,
      "map_4,none": 0.5082456140350884,
      "map_4_stderr,none": 0.012862971575619962,
      "map_norm,none": 0.5082456140350884,
      "map_norm_stderr,none": 0.012862971575619962,
      "map_2_norm,none": 0.36736842105263157,
      "map_2_norm_stderr,none": 0.018390031301843093,
      "map_3_norm,none": 0.4424561403508777,
      "map_3_norm_stderr,none": 0.01620835862438499,
      "map_4_norm,none": 0.5082456140350884,
      "map_4_norm_stderr,none": 0.012862971575619962,
      "alias": "fp2"
    },
    "cpa_audit": {
      "acc,none": 0.13819095477386933,
      "acc_stderr,none": 0.01732008740419801,
      "acc_norm,none": 0.13819095477386933,
      "acc_norm_stderr,none": 0.01732008740419801,
      "map,none": 0.3881490787269682,
      "map_stderr,none": 0.013510416143615768,
      "map_2,none": 0.22613065326633167,
      "map_2_stderr,none": 0.018166992772098215,
      "map_3,none": 0.28224455611390264,
      "map_3_stderr,none": 0.017472789125246784,
      "map_4,none": 0.3230737018425458,
      "map_4_stderr,none": 0.016393777457507863,
      "map_norm,none": 0.3881490787269682,
      "map_norm_stderr,none": 0.013510416143615768,
      "map_2_norm,none": 0.22613065326633167,
      "map_2_norm_stderr,none": 0.018166992772098215,
      "map_3_norm,none": 0.28224455611390264,
      "map_3_norm_stderr,none": 0.017472789125246784,
      "map_4_norm,none": 0.3230737018425458,
      "map_4_norm_stderr,none": 0.016393777457507863,
      "alias": "cpa_audit"
    },
    "cma_basics": {
      "acc,none": 0.2631578947368421,
      "acc_stderr,none": 0.0723926637268818,
      "acc_norm,none": 0.2631578947368421,
      "acc_norm_stderr,none": 0.0723926637268818,
      "map,none": 0.5328947368421052,
      "map_stderr,none": 0.048236183827716786,
      "map_2,none": 0.39473684210526316,
      "map_2_stderr,none": 0.06840463748816267,
      "map_3,none": 0.47368421052631576,
      "map_3_stderr,none": 0.05947664238164875,
      "map_4,none": 0.5328947368421052,
      "map_4_stderr,none": 0.048236183827716786,
      "map_norm,none": 0.5328947368421052,
      "map_norm_stderr,none": 0.048236183827716786,
      "map_2_norm,none": 0.39473684210526316,
      "map_2_norm_stderr,none": 0.06840463748816267,
      "map_3_norm,none": 0.47368421052631576,
      "map_3_norm_stderr,none": 0.05947664238164875,
      "map_4_norm,none": 0.5328947368421052,
      "map_4_norm_stderr,none": 0.048236183827716786,
      "alias": "cma_basics"
    },
    "chabsa": {
      "acc,none": 0.7096983037679658,
      "acc_stderr,none": 0.005165314525889411,
      "f1,none": 0.6878982832260634,
      "f1_stderr,none": "N/A",
      "acc_norm,none": 0.7096983037679658,
      "acc_norm_stderr,none": 0.005165314525889411,
      "f1_norm,none": 0.6878982832260634,
      "f1_norm_stderr,none": "N/A",
      "alias": "chabsa"
    }
  },
  "group_subtasks": {
    "chabsa": [],
    "cma_basics": [],
    "cpa_audit": [],
    "fp2": [],
    "security_sales_1": []
  },
  "configs": {
    "chabsa": {
      "task": "chabsa",
      "dataset_path": "jlm_fin_eval/datasets/chabsa/chabsa.py",
      "dataset_name": "chABSA",
      "test_split": "test",
      "doc_to_text": "センテンス: {{sentence}}\nターゲット: {{target}}\n回答:",
      "doc_to_target": "{{polarity}}",
      "doc_to_choice": [
        "positive",
        "negative"
      ],
      "description": "以下のセンテンスにおける、ターゲットのセンチメントをpositiveかnegativeで答えてください。\n\n\n",
      "target_delimiter": " ",
      "fewshot_delimiter": "\n\n",
      "num_fewshot": 0,
      "metric_list": [
        {
          "metric": "acc",
          "aggregation": "mean",
          "higher_is_better": true
        },
        {
          "metric": "acc_norm",
          "aggregation": "mean",
          "higher_is_better": true
        },
        {
          "metric": "f1",
          "aggregation": "2class_adjusted_macro_f1_score_for_chabsa",
          "higher_is_better": true
        },
        {
          "metric": "f1_norm",
          "aggregation": "2class_adjusted_macro_f1_score_for_chabsa",
          "higher_is_better": true
        }
      ],
      "output_type": "multiple_choice",
      "repeats": 1,
      "should_decontaminate": false,
      "doc_to_decontamination_query": "sentence",
      "metadata": {
        "version": 1.0
      }
    },
    "cma_basics": {
      "task": "cma_basics",
      "dataset_path": "jlm_fin_eval/datasets/cma_basics/cma_basics.py",
      "dataset_name": "cma_basics",
      "test_split": "test",
      "doc_to_text": "def doc_to_text_00(doc):\n    doc_text = \"【問題】\\n\" + doc[\"question\"] + \"\\n\"\n    if doc[\"context\"] and doc[\"context\"] != \"\":\n        doc_text += doc[\"context\"] + \"\\n\"\n    doc_text += \"\\n【選択肢】\\n\"\n    for choice_id, choice_text in zip(doc[\"choices\"][\"id\"], doc[\"choices\"][\"text\"]):\n        doc_text += chr(choice_id + 65) + \": \" + choice_text + \"\\n\"\n    doc_text += \"\\n【答え】\\n\"\n    # doc_text += chr(int(doc[\"answer\"]) + 65)\n    return doc_text\n",
      "doc_to_target": "def doc_to_target_alphabet(doc):\n    answer = chr(int(doc[\"answer\"]) + 65)\n    return answer\n",
      "doc_to_choice": "def doc_to_choices_alphabet(doc):\n    choices = [chr(choice_id + 65) for choice_id in doc[\"choices\"][\"id\"]]\n    return choices\n",
      "description": "以下の問題の適切な答えを選択肢から選んでアルファベットで答えなさい。\n\n\n",
      "target_delimiter": "",
      "fewshot_delimiter": "\n\n",
      "num_fewshot": 0,
      "metric_list": [
        {
          "metric": "acc",
          "aggregation": "mean",
          "higher_is_better": true
        },
        {
          "metric": "acc_norm",
          "aggregation": "mean",
          "higher_is_better": true
        },
        {
          "metric": "map",
          "aggregation": "mean",
          "higher_is_better": true
        },
        {
          "metric": "map_2",
          "aggregation": "mean",
          "higher_is_better": true
        },
        {
          "metric": "map_3",
          "aggregation": "mean",
          "higher_is_better": true
        },
        {
          "metric": "map_4",
          "aggregation": "mean",
          "higher_is_better": true
        },
        {
          "metric": "map_norm",
          "aggregation": "mean",
          "higher_is_better": true
        },
        {
          "metric": "map_2_norm",
          "aggregation": "mean",
          "higher_is_better": true
        },
        {
          "metric": "map_3_norm",
          "aggregation": "mean",