{
  "results": {
    "fp2-1.0-0.2.1": {
      "acc": 0.25684210526315787,
      "acc_stderr": 0.02006709411703635,
      "map": 0.5221052631578956,
      "map_stderr": 0.013524812312732552,
      "map_2": 0.3726315789473684,
      "map_2_stderr": 0.019262923683939587,
      "map_3": 0.4589473684210535,
      "map_3_stderr": 0.01674303715404716,
      "map_4": 0.5221052631578956,
      "map_4_stderr": 0.013524812312732552
    },
    "cma_basics-1.0-0.3": {
      "acc": 0.34210526315789475,
      "acc_stderr": 0.07799328662681834,
      "map": 0.5789473684210525,
      "map_stderr": 0.05173489358155998,
      "map_2": 0.4473684210526316,
      "map_2_stderr": 0.07252182112435493,
      "map_3": 0.5263157894736842,
      "map_3_stderr": 0.06239462930145467,
      "map_4": 0.5789473684210525,
      "map_4_stderr": 0.05173489358155998
    },
    "security_sales_1-1.0-0.5": {
      "acc": 0.47368421052631576,
      "acc_stderr": 0.06672270432067237,
      "map": 0.7076023391812866,
      "map_stderr": 0.038186011848279584,
      "map_2": 0.6666666666666666,
      "map_2_stderr": 0.04738350265803164,
      "map_3": 0.6900584795321638,
      "map_3_stderr": 0.042634661531228524,
      "map_4": 0.7076023391812866,
      "map_4_stderr": 0.038186011848279584
    },
    "cpa_audit-1.0-0.2": {
      "acc": 0.18592964824120603,
      "acc_stderr": 0.01952585408370161,
      "map": 0.42081239530988274,
      "map_stderr": 0.014959717384809633,
      "map_2": 0.2638190954773869,
      "map_2_stderr": 0.01985654712678027,
      "map_3": 0.316582914572864,
      "map_3_stderr": 0.019011719252356354,
      "map_4": 0.36118090452261287,
      "map_4_stderr": 0.017702868362590145
    },
    "chabsa-1.0-0.2": {
      "acc": 0.7089214035996374,
      "f1": 0.48024785470396864
    }
  },
  "versions": {
    "fp2-1.0-0.2.1": 1.0,
    "cma_basics-1.0-0.3": 1.0,
    "security_sales_1-1.0-0.5": 1.0,
    "cpa_audit-1.0-0.2": 1.0,
    "chabsa-1.0-0.2": 1.0
  },
  "config": {
    "model": "hf",
    "model_args": "pretrained=rinna/japanese-gpt-neox-3.6b-instruction-sft,load_in_8bit=True",
    "num_fewshot": [
      0,
      0,
      0,
      0,
      0
    ],
    "batch_size": null,
    "device": "cuda",
    "no_cache": false,
    "limit": null,
    "bootstrap_iters": 100000,
    "description_dict": {}
  }
}