{
  "results": {
    "security_sales_1-1.0-0.1": {
      "acc,none": 0.45614035087719296,
      "acc_stderr,none": 0.06655775300696491,
      "acc_norm,none": 0.45614035087719296,
      "acc_norm_stderr,none": 0.06655775300696491,
      "map,none": 0.7017543859649122,
      "map_stderr,none": 0.03760181622693473,
      "map_2,none": 0.6666666666666666,
      "map_2_stderr,none": 0.04570070809225679,
      "map_3,none": 0.6842105263157895,
      "map_3_stderr,none": 0.042068697572918576,
      "map_4,none": 0.7017543859649122,
      "map_4_stderr,none": 0.03760181622693473,
      "map_norm,none": 0.6929824561403509,
      "map_norm_stderr,none": 0.03892157752039222,
      "map_2_norm,none": 0.6491228070175439,
      "map_2_norm_stderr,none": 0.048416194227948635,
      "map_3_norm,none": 0.6666666666666666,
      "map_3_norm_stderr,none": 0.04512583353391186,
      "map_4_norm,none": 0.6929824561403509,
      "map_4_norm_stderr,none": 0.03892157752039222,
      "alias": "security_sales_1-1.0-0.1"
    },
    "fp2-1.0-0.1": {
      "acc,none": 0.24,
      "acc_stderr,none": 0.019616577850947305,
      "acc_norm,none": 0.24,
      "acc_norm_stderr,none": 0.019616577850947305,
      "map,none": 0.5161403508771939,
      "map_stderr,none": 0.013177831763089797,
      "map_2,none": 0.37157894736842106,
      "map_2_stderr,none": 0.018810545540667516,
      "map_3,none": 0.4529824561403516,
      "map_3_stderr,none": 0.016415675784778865,
      "map_4,none": 0.5161403508771939,
      "map_4_stderr,none": 0.013177831763089797,
      "map_norm,none": 0.5161403508771939,
      "map_norm_stderr,none": 0.013177831763089797,
      "map_2_norm,none": 0.37157894736842106,
      "map_2_norm_stderr,none": 0.018810545540667516,
      "map_3_norm,none": 0.4529824561403516,
      "map_3_norm_stderr,none": 0.016415675784778865,
      "map_4_norm,none": 0.5161403508771939,
      "map_4_norm_stderr,none": 0.013177831763089797,
      "alias": "fp2-1.0-0.1"
    },
    "cpa_audit-1.0-0.1": {
      "acc,none": 0.17839195979899497,
      "acc_stderr,none": 0.019214306990983237,
      "acc_norm,none": 0.1658291457286432,
      "acc_norm_stderr,none": 0.01866649095365284,
      "map,none": 0.41695979899497454,
      "map_stderr,none": 0.014746699768885716,
      "map_2,none": 0.26884422110552764,
      "map_2_stderr,none": 0.019524632458018644,
      "map_3,none": 0.3132328308207702,
      "map_3_stderr,none": 0.01879891519638605,
      "map_4,none": 0.35280569514237825,
      "map_4_stderr,none": 0.017661500291867912,
      "map_norm,none": 0.40887772194304833,
      "map_norm_stderr,none": 0.014383523073794998,
      "map_2_norm,none": 0.25753768844221103,
      "map_2_norm_stderr,none": 0.019134796670472475,
      "map_3_norm,none": 0.30527638190954737,
      "map_3_norm_stderr,none": 0.01839961159074833,
      "map_4_norm,none": 0.34422110552763796,
      "map_4_norm_stderr,none": 0.01730190699596553,
      "alias": "cpa_audit-1.0-0.1"
    },
    "cma_basics-1.0-0.1": {
      "acc,none": 0.21052631578947367,
      "acc_stderr,none": 0.06702258315442243,
      "acc_norm,none": 0.15789473684210525,
      "acc_norm_stderr,none": 0.05994682078436839,
      "map,none": 0.4890350877192983,
      "map_stderr,none": 0.045888642070475126,
      "map_2,none": 0.32894736842105265,
      "map_2_stderr,none": 0.0660733562268826,
      "map_3,none": 0.4166666666666668,
      "map_3_stderr,none": 0.058208733689459044,
      "map_4,none": 0.4890350877192983,
      "map_4_stderr,none": 0.045888642070475126,
      "map_norm,none": 0.4868421052631579,
      "map_norm_stderr,none": 0.03994502848404856,
      "map_2_norm,none": 0.35526315789473684,
      "map_2_norm_stderr,none": 0.05935851586507933,
      "map_3_norm,none": 0.4342105263157895,
      "map_3_norm_stderr,none": 0.05049911845060651,
      "map_4_norm,none": 0.4868421052631579,
      "map_4_norm_stderr,none": 0.03994502848404856,
      "alias": "cma_basics-1.0-0.1"
    },
    "chabsa-1.0-0.1": {
      "acc,none": 0.6650265440890846,
      "acc_stderr,none": 0.005371057334954391,
      "f1,none": 0.6514418764873052,
      "f1_stderr,none": "N/A",
      "acc_norm,none": 0.6650265440890846,
      "acc_norm_stderr,none": 0.005371057334954391,
      "f1_norm,none": 0.6514418764873052,
      "f1_norm_stderr,none": "N/A",
      "alias": "chabsa-1.0-0.1"
    }
  },
  "group_subtasks": {
    "chabsa-1.0-0.1": [],
    "cma_basics-1.0-0.1": [],
    "cpa_audit-1.0-0.1": [],
    "fp2-1.0-0.1": [],
    "security_sales_1-1.0-0.1": []
  },
  "configs": {
    "chabsa-1.0-0.1": {
      "task": "chabsa-1.0-0.1",
      "dataset_path": "jlm_fin_eval/datasets/chabsa/chabsa.py",
      "dataset_name": "chABSA",
      "test_split": "test",
      "doc_to_text": "[センテンス]: {{sentence}}\nターゲット]: {{target}}\n[答え]:",
      "doc_to_target": "{{polarity}}",
      "doc_to_choice": [
        "positive",
        "negative"
      ],
      "description": "[センテンス]における、[ターゲット]のセンチメントをpositiveかnegativeで選んでください。\n\n\n",
      "target_delimiter": " ",
      "fewshot_delimiter": "\n\n",
      "num_fewshot": 0,
      "metric_list": [
        {
          "metric": "acc",
          "aggregation": "mean",
          "higher_is_better": true
        },
        {
          "metric": "acc_norm",
          "aggregation": "mean",
          "higher_is_better": true
        },
        {
          "metric": "f1",
          "aggregation": "2class_adjusted_macro_f1_score_for_chabsa",
          "higher_is_better": true
        },
        {
          "metric": "f1_norm",
          "aggregation": "2class_adjusted_macro_f1_score_for_chabsa",
          "higher_is_better": true
        }
      ],
      "output_type": "multiple_choice",
      "repeats": 1,
      "should_decontaminate": false,
      "doc_to_decontamination_query": "sentence",
      "metadata": {
        "version": 1.0
      }
    },
    "cma_basics-1.0-0.1": {
      "task": "cma_basics-1.0-0.1",
      "dataset_path": "jlm_fin_eval/datasets/cma_basics/cma_basics.py",
      "dataset_name": "cma_basics",
      "test_split": "test",
      "doc_to_text": "def doc_to_text_01(doc):\n    q_doc_text = doc[\"question\"] + \"\\n\"\n    if doc[\"context\"] and doc[\"context\"] != \"\":\n        q_doc_text += doc[\"context\"] + \"\\n\"\n    return f\"[問題]:{q_doc_text}[選択肢]:[{', '.join(doc['choices']['text'])}]\\n[答え]:\"\n",
      "doc_to_target": "def doc_to_target_01(doc):\n    return [\n        choice_text\n        for choice_id, choice_text in zip(doc[\"choices\"][\"id\"], doc[\"choices\"][\"text\"])\n        if choice_id == doc[\"answer\"]\n    ][0]\n",
      "doc_to_choice": "def doc_to_choices_01(doc):\n    choices = doc[\"choices\"][\"text\"]\n    return choices\n",
      "description": "[問題]に対する[答え]を[選択肢]の中から選んでください。\n\n\n",
      "target_delimiter": "",
      "fewshot_delimiter": "\n\n",
      "num_fewshot": 0,
      "metric_list": [
        {
          "metric": "acc",
          "aggregation": "mean",
          "higher_is_better": true
        },
        {
          "metric": "acc_norm",
          "aggregation": "mean",
          "higher_is_better": true
        },
        {
          "metric": "map",
          "aggregation": "mean",
          "higher_is_better": true
        },
        {
          "metric": "map_2",
          "aggregation": "mean",
          "higher_is_better": true
        },
        {
          "metric": "map_3",
          "aggregation": "mean",
          "higher_is_better": true
        },
        {
          "metric": "map_4",
          "aggregation": "mean",
          "higher_is_better": true
        },
        {
          "metric": "map_norm",
          "aggregation": "mean",
          "higher_is_better": true
        },
        {
          "metric": "map_2_norm",
          "aggregation": "mean",
          "higher_is_better": true
        },
        {
          "metric": "map_3_norm",
          "aggregation": "mean",
          "higher_is_better": true
        },
        {
          "metric": "map_4_norm",