{
  "results": {
    "security_sales_1-1.0-0.5": {
      "acc,none": 0.45614035087719296,
      "acc_stderr,none": 0.06655775300696491,
      "acc_norm,none": 0.45614035087719296,
      "acc_norm_stderr,none": 0.06655775300696491,
      "map,none": 0.6915204678362573,
      "map_stderr,none": 0.03902245265615855,
      "map_2,none": 0.6403508771929824,
      "map_2_stderr,none": 0.04967687880429775,
      "map_3,none": 0.6695906432748537,
      "map_3_stderr,none": 0.04424779517667121,
      "map_4,none": 0.6915204678362573,
      "map_4_stderr,none": 0.03902245265615855,
      "map_norm,none": 0.6842105263157895,
      "map_norm_stderr,none": 0.040001003043309113,
      "map_2_norm,none": 0.6228070175438597,
      "map_2_norm_stderr,none": 0.05202765458125008,
      "map_3_norm,none": 0.6578947368421053,
      "map_3_norm_stderr,none": 0.04597050799129109,
      "map_4_norm,none": 0.6842105263157895,
      "map_4_norm_stderr,none": 0.040001003043309113,
      "alias": "security_sales_1-1.0-0.5"
    },
    "fp2-1.0-0.5": {
      "acc,none": 0.24210526315789474,
      "acc_stderr,none": 0.01967512001202636,
      "acc_norm,none": 0.24210526315789474,
      "acc_norm_stderr,none": 0.01967512001202636,
      "map,none": 0.5178947368421061,
      "map_stderr,none": 0.013205790391344728,
      "map_2,none": 0.37473684210526315,
      "map_2_stderr,none": 0.01882594895376082,
      "map_3,none": 0.4547368421052639,
      "map_3_stderr,none": 0.016452342870517514,
      "map_4,none": 0.5178947368421061,
      "map_4_stderr,none": 0.013205790391344728,
      "map_norm,none": 0.5178947368421061,
      "map_norm_stderr,none": 0.013205790391344728,
      "map_2_norm,none": 0.37473684210526315,
      "map_2_norm_stderr,none": 0.01882594895376082,
      "map_3_norm,none": 0.4547368421052639,
      "map_3_norm_stderr,none": 0.016452342870517514,
      "map_4_norm,none": 0.5178947368421061,
      "map_4_norm_stderr,none": 0.013205790391344728,
      "alias": "fp2-1.0-0.5"
    },
    "cpa_audit-1.0-0.5": {
      "acc,none": 0.17839195979899497,
      "acc_stderr,none": 0.019214306990983247,
      "acc_norm,none": 0.16834170854271358,
      "acc_norm_stderr,none": 0.01877902641290843,
      "map,none": 0.41532663316582874,
      "map_stderr,none": 0.014723109227742306,
      "map_2,none": 0.2600502512562814,
      "map_2_stderr,none": 0.019541016241255663,
      "map_3,none": 0.31700167504187565,
      "map_3_stderr,none": 0.018624950863074172,
      "map_4,none": 0.3496649916247905,
      "map_4_stderr,none": 0.01768070688788347,
      "map_norm,none": 0.40988274706867633,
      "map_norm_stderr,none": 0.014429831843309232,
      "map_2_norm,none": 0.2537688442211055,
      "map_2_norm_stderr,none": 0.01922009929312985,
      "map_3_norm,none": 0.31155778894472325,
      "map_3_norm_stderr,none": 0.01832054373322244,
      "map_4_norm,none": 0.34422110552763807,
      "map_4_norm_stderr,none": 0.017385531899382665,
      "alias": "cpa_audit-1.0-0.5"
    },
    "cma_basics-1.0-0.5": {
      "acc,none": 0.34210526315789475,
      "acc_stderr,none": 0.07799328662681833,
      "acc_norm,none": 0.2894736842105263,
      "acc_norm_stderr,none": 0.07455791696866065,
      "map,none": 0.5548245614035088,
      "map_stderr,none": 0.054007664631228525,
      "map_2,none": 0.39473684210526316,
      "map_2_stderr,none": 0.07580270944960461,
      "map_3,none": 0.48245614035087714,
      "map_3_stderr,none": 0.06675831588065428,
      "map_4,none": 0.5548245614035088,
      "map_4_stderr,none": 0.054007664631228525,
      "map_norm,none": 0.5614035087719298,
      "map_norm_stderr,none": 0.04845529674678333,
      "map_2_norm,none": 0.4473684210526316,
      "map_2_norm_stderr,none": 0.06744017338241441,
      "map_3_norm,none": 0.5087719298245613,
      "map_3_norm_stderr,none": 0.05928401915640765,
      "map_4_norm,none": 0.5614035087719298,
      "map_4_norm_stderr,none": 0.04845529674678333,
      "alias": "cma_basics-1.0-0.5"
    },
    "chabsa-1.0-0.5": {
      "acc,none": 0.575553541369934,
      "acc_stderr,none": 0.005624571264981036,
      "f1,none": 0.4020874724162372,
      "f1_stderr,none": "N/A",
      "acc_norm,none": 0.575553541369934,
      "acc_norm_stderr,none": 0.005624571264981036,
      "f1_norm,none": 0.4020874724162372,
      "f1_norm_stderr,none": "N/A",
      "alias": "chabsa-1.0-0.5"
    }
  },
  "group_subtasks": {
    "chabsa-1.0-0.5": [],
    "cma_basics-1.0-0.5": [],
    "cpa_audit-1.0-0.5": [],
    "fp2-1.0-0.5": [],
    "security_sales_1-1.0-0.5": []
  },
  "configs": {
    "chabsa-1.0-0.5": {
      "task": "chabsa-1.0-0.5",
      "dataset_path": "jlm_fin_eval/datasets/chabsa/chabsa.py",
      "dataset_name": "chABSA",
      "test_split": "test",
      "doc_to_text": "センテンス: {{sentence}}\nターゲット: {{target}}\nシステム:",
      "doc_to_target": "{{polarity}}",
      "doc_to_choice": [
        "positive",
        "negative"
      ],
      "description": "ユーザー: センテンスにおける、ターゲットのセンチメントをpositiveかnegativeで答えてください。\nシステム: 分かりました。\n\n",
      "target_delimiter": " ",
      "fewshot_delimiter": "\n",
      "num_fewshot": 0,
      "metric_list": [
        {
          "metric": "acc",
          "aggregation": "mean",
          "higher_is_better": true
        },
        {
          "metric": "acc_norm",
          "aggregation": "mean",
          "higher_is_better": true
        },
        {
          "metric": "f1",
          "aggregation": "2class_adjusted_macro_f1_score_for_chabsa",
          "higher_is_better": true
        },
        {
          "metric": "f1_norm",
          "aggregation": "2class_adjusted_macro_f1_score_for_chabsa",
          "higher_is_better": true
        }
      ],
      "output_type": "multiple_choice",
      "repeats": 1,
      "should_decontaminate": false,
      "doc_to_decontamination_query": "sentence",
      "metadata": {
        "version": 1.0
      }
    },
    "cma_basics-1.0-0.5": {
      "task": "cma_basics-1.0-0.5",
      "dataset_path": "jlm_fin_eval/datasets/cma_basics/cma_basics.py",
      "dataset_name": "cma_basics",
      "test_split": "test",
      "doc_to_text": "def doc_to_text_05(doc):\n    return doc_to_text_04(doc, SEP=\"\\n\")\n",
      "doc_to_target": "def doc_to_target_01(doc):\n    return [\n        choice_text\n        for choice_id, choice_text in zip(doc[\"choices\"][\"id\"], doc[\"choices\"][\"text\"])\n        if choice_id == doc[\"answer\"]\n    ][0]\n",
      "doc_to_choice": "def doc_to_choices_01(doc):\n    choices = doc[\"choices\"][\"text\"]\n    return choices\n",
      "description": "ユーザー: 与えられた選択肢の中から、最適な答えを選んでください。\nシステム: 分かりました。\n\n",
      "target_delimiter": "",
      "fewshot_delimiter": "\n",
      "num_fewshot": 0,
      "metric_list": [
        {
          "metric": "acc",
          "aggregation": "mean",
          "higher_is_better": true
        },
        {
          "metric": "acc_norm",
          "aggregation": "mean",
          "higher_is_better": true
        },
        {
          "metric": "map",
          "aggregation": "mean",
          "higher_is_better": true
        },
        {
          "metric": "map_2",
          "aggregation": "mean",
          "higher_is_better": true
        },
        {
          "metric": "map_3",
          "aggregation": "mean",
          "higher_is_better": true
        },
        {
          "metric": "map_4",
          "aggregation": "mean",
          "higher_is_better": true
        },
        {
          "metric": "map_norm",
          "aggregation": "mean",
          "higher_is_better": true
        },
        {
          "metric": "map_2_norm",
          "aggregation": "mean",
          "higher_is_better": true
        },
        {
          "metric": "map_3_norm",
          "aggregation": "mean",
          "higher_is_better": true
        },
        {
          "metric": "map_4_norm",
          "aggregation": "mean",
          "higher_is_better": true
        }
      ],
      "output_type": "multiple_choice",
      "repeats": 1,