{
  "results": {
    "chabsa-1.0-0.6": {
      "acc": 0.5517286028745306,
      "f1": 0.3704183832009799
    },
    "cma_basics-1.0-0.2": {
      "acc": 0.34210526315789475,
      "acc_stderr": 0.07799328662681833,
      "map": 0.5789473684210525,
      "map_stderr": 0.05173489358155998,
      "map_2": 0.4473684210526316,
      "map_2_stderr": 0.07252182112435494,
      "map_3": 0.5263157894736841,
      "map_3_stderr": 0.06239462930145467,
      "map_4": 0.5789473684210525,
      "map_4_stderr": 0.05173489358155998
    },
    "cpa-1.0-0.2": {
      "acc": 0.18090452261306533,
      "acc_stderr": 0.019319537383523405,
      "map": 0.4240368509212728,
      "map_stderr": 0.014644134177976866,
      "map_2": 0.26884422110552764,
      "map_2_stderr": 0.01960550201892965,
      "map_3": 0.32914572864321573,
      "map_3_stderr": 0.018551987250739504,
      "map_4": 0.36432160804020103,
      "map_4_stderr": 0.017460903440470903
    },
    "security_sales_1-1.0-0.3": {
      "acc": 0.5263157894736842,
      "acc_stderr": 0.06672270432067237,
      "map": 0.7543859649122807,
      "map_stderr": 0.03511707731701844,
      "map_2": 0.7456140350877193,
      "map_2_stderr": 0.03780226348119889,
      "map_3": 0.7456140350877193,
      "map_3_stderr": 0.03780226348119889,
      "map_4": 0.7543859649122807,
      "map_4_stderr": 0.03511707731701844
    }
  },
  "versions": {
    "chabsa-1.0-0.6": 1.0,
    "cma_basics-1.0-0.2": 1.0,
    "cpa-1.0-0.2": 1.0,
    "security_sales_1-1.0-0.3": 1.0
  },
  "config": {
    "model": "hf",
    "model_args": "pretrained=line-corporation/japanese-large-lm-1.7b-instruction-sft,trust_remote_code=True,load_in_8bit=True",
    "num_fewshot": [
      0,
      4,
      2,
      4
    ],
    "batch_size": null,
    "device": "cuda",
    "no_cache": false,
    "limit": null,
    "bootstrap_iters": 100000,
    "description_dict": {}
  }
}