{
  "results": {
    "security_sales_1": {
      "acc,none": 0.42105263157894735,
      "acc_stderr,none": 0.06597717584505354,
      "acc_norm,none": 0.42105263157894735,
      "acc_norm_stderr,none": 0.06597717584505354,
      "map,none": 0.6812865497076024,
      "map_stderr,none": 0.037669763735314866,
      "map_2,none": 0.6491228070175439,
      "map_2_stderr,none": 0.04506489382544239,
      "map_3,none": 0.6549707602339182,
      "map_3_stderr,none": 0.04392573689837206,
      "map_4,none": 0.6812865497076024,
      "map_4_stderr,none": 0.037669763735314866,
      "map_norm,none": 0.6812865497076024,
      "map_norm_stderr,none": 0.037669763735314866,
      "map_2_norm,none": 0.6491228070175439,
      "map_2_norm_stderr,none": 0.04506489382544239,
      "map_3_norm,none": 0.6549707602339182,
      "map_3_norm_stderr,none": 0.04392573689837206,
      "map_4_norm,none": 0.6812865497076024,
      "map_4_norm_stderr,none": 0.037669763735314866,
      "alias": "security_sales_1"
    },
    "fp2": {
      "acc,none": 0.24421052631578946,
      "acc_stderr,none": 0.019733014655901628,
      "acc_norm,none": 0.24421052631578946,
      "acc_norm_stderr,none": 0.019733014655901628,
      "map,none": 0.517719298245615,
      "map_stderr,none": 0.013302860713759548,
      "map_2,none": 0.3778947368421053,
      "map_2_stderr,none": 0.0188402231215558,
      "map_3,none": 0.44877192982456215,
      "map_3_stderr,none": 0.01676859869089244,
      "map_4,none": 0.517719298245615,
      "map_4_stderr,none": 0.013302860713759548,
      "map_norm,none": 0.517719298245615,
      "map_norm_stderr,none": 0.013302860713759548,
      "map_2_norm,none": 0.3778947368421053,
      "map_2_norm_stderr,none": 0.0188402231215558,
      "map_3_norm,none": 0.44877192982456215,
      "map_3_norm_stderr,none": 0.01676859869089244,
      "map_4_norm,none": 0.517719298245615,
      "map_4_norm_stderr,none": 0.013302860713759548,
      "alias": "fp2"
    },
    "cpa_audit": {
      "acc,none": 0.13819095477386933,
      "acc_stderr,none": 0.01732008740419801,
      "acc_norm,none": 0.13819095477386933,
      "acc_norm_stderr,none": 0.01732008740419801,
      "map,none": 0.38534338358458925,
      "map_stderr,none": 0.013424943597464024,
      "map_2,none": 0.21231155778894473,
      "map_2_stderr,none": 0.018107922943467122,
      "map_3,none": 0.2776381909547736,
      "map_3_stderr,none": 0.017381758554930748,
      "map_4,none": 0.324120603015075,
      "map_4_stderr,none": 0.01615364191346966,
      "map_norm,none": 0.38534338358458925,
      "map_norm_stderr,none": 0.013424943597464024,
      "map_2_norm,none": 0.21231155778894473,
      "map_2_norm_stderr,none": 0.018107922943467122,
      "map_3_norm,none": 0.2776381909547736,
      "map_3_norm_stderr,none": 0.017381758554930748,
      "map_4_norm,none": 0.324120603015075,
      "map_4_norm_stderr,none": 0.01615364191346966,
      "alias": "cpa_audit"
    },
    "cma_basics": {
      "acc,none": 0.2631578947368421,
      "acc_stderr,none": 0.0723926637268818,
      "acc_norm,none": 0.2631578947368421,
      "acc_norm_stderr,none": 0.0723926637268818,
      "map,none": 0.5087719298245614,
      "map_stderr,none": 0.05007003488549801,
      "map_2,none": 0.34210526315789475,
      "map_2_stderr,none": 0.0708244056017332,
      "map_3,none": 0.42982456140350883,
      "map_3_stderr,none": 0.06305771518553055,
      "map_4,none": 0.5087719298245614,
      "map_4_stderr,none": 0.05007003488549801,
      "map_norm,none": 0.5087719298245614,
      "map_norm_stderr,none": 0.05007003488549801,
      "map_2_norm,none": 0.34210526315789475,
      "map_2_norm_stderr,none": 0.0708244056017332,
      "map_3_norm,none": 0.42982456140350883,
      "map_3_norm_stderr,none": 0.06305771518553055,
      "map_4_norm,none": 0.5087719298245614,
      "map_4_norm_stderr,none": 0.05007003488549801,
      "alias": "cma_basics"
    },
    "chabsa": {
      "acc,none": 0.46083128318011135,
      "acc_stderr,none": 0.005672420539900851,
      "f1,none": 0.40912378908740343,
      "f1_stderr,none": "N/A",
      "acc_norm,none": 0.46083128318011135,
      "acc_norm_stderr,none": 0.005672420539900851,
      "f1_norm,none": 0.40912378908740343,
      "f1_norm_stderr,none": "N/A",
      "alias": "chabsa"
    }
  },
  "group_subtasks": {
    "chabsa": [],
    "cma_basics": [],
    "cpa_audit": [],
    "fp2": [],
    "security_sales_1": []
  },
  "configs": {
    "chabsa": {
      "task": "chabsa",
      "dataset_path": "jlm_fin_eval/datasets/chabsa/chabsa.py",
      "dataset_name": "chABSA",
      "test_split": "test",
      "doc_to_text": "センテンス: {{sentence}}\nターゲット: {{target}}\n回答:",
      "doc_to_target": "{{polarity}}",
      "doc_to_choice": [
        "positive",
        "negative"
      ],
      "description": "以下のセンテンスにおける、ターゲットのセンチメントをpositiveかnegativeで答えてください。\n\n\n",
      "target_delimiter": " ",
      "fewshot_delimiter": "\n\n",
      "num_fewshot": 0,
      "metric_list": [
        {
          "metric": "acc",
          "aggregation": "mean",
          "higher_is_better": true
        },
        {
          "metric": "acc_norm",
          "aggregation": "mean",
          "higher_is_better": true
        },
        {
          "metric": "f1",
          "aggregation": "2class_adjusted_macro_f1_score_for_chabsa",
          "higher_is_better": true
        },
        {
          "metric": "f1_norm",
          "aggregation": "2class_adjusted_macro_f1_score_for_chabsa",
          "higher_is_better": true
        }
      ],
      "output_type": "multiple_choice",
      "repeats": 1,
      "should_decontaminate": false,
      "doc_to_decontamination_query": "sentence",
      "metadata": {
        "version": 1.0
      }
    },
    "cma_basics": {
      "task": "cma_basics",
      "dataset_path": "jlm_fin_eval/datasets/cma_basics/cma_basics.py",
      "dataset_name": "cma_basics",
      "test_split": "test",
      "doc_to_text": "def doc_to_text_00(doc):\n    doc_text = \"【問題】\\n\" + doc[\"question\"] + \"\\n\"\n    if doc[\"context\"] and doc[\"context\"] != \"\":\n        doc_text += doc[\"context\"] + \"\\n\"\n    doc_text += \"\\n【選択肢】\\n\"\n    for choice_id, choice_text in zip(doc[\"choices\"][\"id\"], doc[\"choices\"][\"text\"]):\n        doc_text += chr(choice_id + 65) + \": \" + choice_text + \"\\n\"\n    doc_text += \"\\n【答え】\\n\"\n    # doc_text += chr(int(doc[\"answer\"]) + 65)\n    return doc_text\n",
      "doc_to_target": "def doc_to_target_alphabet(doc):\n    answer = chr(int(doc[\"answer\"]) + 65)\n    return answer\n",
      "doc_to_choice": "def doc_to_choices_alphabet(doc):\n    choices = [chr(choice_id + 65) for choice_id in doc[\"choices\"][\"id\"]]\n    return choices\n",
      "description": "以下の問題の適切な答えを選択肢から選んでアルファベットで答えなさい。\n\n\n",
      "target_delimiter": "",
      "fewshot_delimiter": "\n\n",
      "num_fewshot": 0,
      "metric_list": [
        {
          "metric": "acc",
          "aggregation": "mean",
          "higher_is_better": true
        },
        {
          "metric": "acc_norm",
          "aggregation": "mean",
          "higher_is_better": true
        },
        {
          "metric": "map",
          "aggregation": "mean",
          "higher_is_better": true
        },
        {
          "metric": "map_2",
          "aggregation": "mean",
          "higher_is_better": true
        },
        {
          "metric": "map_3",
          "aggregation": "mean",
          "higher_is_better": true
        },
        {
          "metric": "map_4",
          "aggregation": "mean",
          "higher_is_better": true
        },
        {
          "metric": "map_norm",
          "aggregation": "mean",
          "higher_is_better": true
        },
        {
          "metric": "map_2_norm",
          "aggregation": "mean",
          "higher_is_better": true
        },
        {
          "metric": "map_3_norm",
          "aggregation": "mean",