{
  "results": {
    "security_sales_1-1.0-0.1": {
      "acc,none": 0.45614035087719296,
      "acc_stderr,none": 0.06655775300696491,
      "acc_norm,none": 0.45614035087719296,
      "acc_norm_stderr,none": 0.06655775300696491,
      "map,none": 0.6944444444444443,
      "map_stderr,none": 0.038481726988060995,
      "map_2,none": 0.6403508771929824,
      "map_2_stderr,none": 0.04967687880429775,
      "map_3,none": 0.6812865497076023,
      "map_3_stderr,none": 0.041777359596979396,
      "map_4,none": 0.6944444444444443,
      "map_4_stderr,none": 0.038481726988060995,
      "map_norm,none": 0.682748538011696,
      "map_norm_stderr,none": 0.04041771612440189,
      "map_2_norm,none": 0.631578947368421,
      "map_2_norm_stderr,none": 0.05087935351043054,
      "map_3_norm,none": 0.6432748538011697,
      "map_3_norm_stderr,none": 0.048908761095729815,
      "map_4_norm,none": 0.682748538011696,
      "map_4_norm_stderr,none": 0.04041771612440189,
      "alias": "security_sales_1-1.0-0.1"
    },
    "fp2-1.0-0.1": {
      "acc,none": 0.2463157894736842,
      "acc_stderr,none": 0.019790267465333886,
      "acc_norm,none": 0.2463157894736842,
      "acc_norm_stderr,none": 0.019790267465333886,
      "map,none": 0.5191228070175447,
      "map_stderr,none": 0.013301078955204102,
      "map_2,none": 0.37473684210526315,
      "map_2_stderr,none": 0.018943543424214022,
      "map_3,none": 0.45543859649122864,
      "map_3_stderr,none": 0.016561010169337288,
      "map_4,none": 0.5191228070175447,
      "map_4_stderr,none": 0.013301078955204102,
      "map_norm,none": 0.5191228070175447,
      "map_norm_stderr,none": 0.013301078955204102,
      "map_2_norm,none": 0.37473684210526315,
      "map_2_norm_stderr,none": 0.018943543424214022,
      "map_3_norm,none": 0.45543859649122864,
      "map_3_norm_stderr,none": 0.016561010169337288,
      "map_4_norm,none": 0.5191228070175447,
      "map_4_norm_stderr,none": 0.013301078955204102,
      "alias": "fp2-1.0-0.1"
    },
    "cpa_audit-1.0-0.1": {
      "acc,none": 0.13819095477386933,
      "acc_stderr,none": 0.01732008740419801,
      "acc_norm,none": 0.13819095477386933,
      "acc_norm_stderr,none": 0.01732008740419801,
      "map,none": 0.38672529313232823,
      "map_stderr,none": 0.013498878627785715,
      "map_2,none": 0.22236180904522612,
      "map_2_stderr,none": 0.018153529941563745,
      "map_3,none": 0.27763819095477366,
      "map_3_stderr,none": 0.017502707776797306,
      "map_4,none": 0.3247487437185927,
      "map_4_stderr,none": 0.016264325922347587,
      "map_norm,none": 0.38463149078726927,
      "map_norm_stderr,none": 0.013559566327109362,
      "map_2_norm,none": 0.22236180904522612,
      "map_2_norm_stderr,none": 0.018153529941563745,
      "map_3_norm,none": 0.27596314907872677,
      "map_3_norm_stderr,none": 0.01752923686586919,
      "map_4_norm,none": 0.3180485762144051,
      "map_4_norm_stderr,none": 0.016456182197238444,
      "alias": "cpa_audit-1.0-0.1"
    },
    "cma_basics-1.0-0.1": {
      "acc,none": 0.2631578947368421,
      "acc_stderr,none": 0.0723926637268818,
      "acc_norm,none": 0.23684210526315788,
      "acc_norm_stderr,none": 0.06989334006042333,
      "map,none": 0.5263157894736842,
      "map_stderr,none": 0.04880276595452821,
      "map_2,none": 0.3815789473684211,
      "map_2_stderr,none": 0.06911915445746265,
      "map_3,none": 0.4605263157894737,
      "map_3_stderr,none": 0.06076087890395271,
      "map_4,none": 0.5263157894736842,
      "map_4_stderr,none": 0.04880276595452821,
      "map_norm,none": 0.5219298245614036,
      "map_norm_stderr,none": 0.04594384178941967,
      "map_2_norm,none": 0.3684210526315789,
      "map_2_norm_stderr,none": 0.06716206838991055,
      "map_3_norm,none": 0.48245614035087725,
      "map_3_norm_stderr,none": 0.053996833613757206,
      "map_4_norm,none": 0.5219298245614036,
      "map_4_norm_stderr,none": 0.04594384178941967,
      "alias": "cma_basics-1.0-0.1"
    },
    "chabsa-1.0-0.1": {
      "acc,none": 0.4324744270361259,
      "acc_stderr,none": 0.005637778839713634,
      "f1,none": 0.34774080073331676,
      "f1_stderr,none": "N/A",
      "acc_norm,none": 0.4324744270361259,
      "acc_norm_stderr,none": 0.005637778839713634,
      "f1_norm,none": 0.34774080073331676,
      "f1_norm_stderr,none": "N/A",
      "alias": "chabsa-1.0-0.1"
    }
  },
  "group_subtasks": {
    "chabsa-1.0-0.1": [],
    "cma_basics-1.0-0.1": [],
    "cpa_audit-1.0-0.1": [],
    "fp2-1.0-0.1": [],
    "security_sales_1-1.0-0.1": []
  },
  "configs": {
    "chabsa-1.0-0.1": {
      "task": "chabsa-1.0-0.1",
      "dataset_path": "jlm_fin_eval/datasets/chabsa/chabsa.py",
      "dataset_name": "chABSA",
      "test_split": "test",
      "doc_to_text": "[センテンス]: {{sentence}}\nターゲット]: {{target}}\n[答え]:",
      "doc_to_target": "{{polarity}}",
      "doc_to_choice": [
        "positive",
        "negative"
      ],
      "description": "[センテンス]における、[ターゲット]のセンチメントをpositiveかnegativeで選んでください。\n\n\n",
      "target_delimiter": " ",
      "fewshot_delimiter": "\n\n",
      "num_fewshot": 0,
      "metric_list": [
        {
          "metric": "acc",
          "aggregation": "mean",
          "higher_is_better": true
        },
        {
          "metric": "acc_norm",
          "aggregation": "mean",
          "higher_is_better": true
        },
        {
          "metric": "f1",
          "aggregation": "2class_adjusted_macro_f1_score_for_chabsa",
          "higher_is_better": true
        },
        {
          "metric": "f1_norm",
          "aggregation": "2class_adjusted_macro_f1_score_for_chabsa",
          "higher_is_better": true
        }
      ],
      "output_type": "multiple_choice",
      "repeats": 1,
      "should_decontaminate": false,
      "doc_to_decontamination_query": "sentence",
      "metadata": {
        "version": 1.0
      }
    },
    "cma_basics-1.0-0.1": {
      "task": "cma_basics-1.0-0.1",
      "dataset_path": "jlm_fin_eval/datasets/cma_basics/cma_basics.py",
      "dataset_name": "cma_basics",
      "test_split": "test",
      "doc_to_text": "def doc_to_text_01(doc):\n    q_doc_text = doc[\"question\"] + \"\\n\"\n    if doc[\"context\"] and doc[\"context\"] != \"\":\n        q_doc_text += doc[\"context\"] + \"\\n\"\n    return f\"[問題]:{q_doc_text}[選択肢]:[{', '.join(doc['choices']['text'])}]\\n[答え]:\"\n",
      "doc_to_target": "def doc_to_target_01(doc):\n    return [\n        choice_text\n        for choice_id, choice_text in zip(doc[\"choices\"][\"id\"], doc[\"choices\"][\"text\"])\n        if choice_id == doc[\"answer\"]\n    ][0]\n",
      "doc_to_choice": "def doc_to_choices_01(doc):\n    choices = doc[\"choices\"][\"text\"]\n    return choices\n",
      "description": "[問題]に対する[答え]を[選択肢]の中から選んでください。\n\n\n",
      "target_delimiter": "",
      "fewshot_delimiter": "\n\n",
      "num_fewshot": 0,
      "metric_list": [
        {
          "metric": "acc",
          "aggregation": "mean",
          "higher_is_better": true
        },
        {
          "metric": "acc_norm",
          "aggregation": "mean",
          "higher_is_better": true
        },
        {
          "metric": "map",
          "aggregation": "mean",
          "higher_is_better": true
        },
        {
          "metric": "map_2",
          "aggregation": "mean",
          "higher_is_better": true
        },
        {
          "metric": "map_3",
          "aggregation": "mean",
          "higher_is_better": true
        },
        {
          "metric": "map_4",
          "aggregation": "mean",
          "higher_is_better": true
        },
        {
          "metric": "map_norm",
          "aggregation": "mean",
          "higher_is_better": true
        },
        {
          "metric": "map_2_norm",
          "aggregation": "mean",
          "higher_is_better": true
        },
        {
          "metric": "map_3_norm",
          "aggregation": "mean",