{
  "results": {
    "security_sales_1-1.0-0.4": {
      "acc,none": 0.42105263157894735,
      "acc_stderr,none": 0.06597717584505354,
      "acc_norm,none": 0.40350877192982454,
      "acc_norm_stderr,none": 0.06555933012294897,
      "map,none": 0.6812865497076024,
      "map_stderr,none": 0.03749610156901125,
      "map_2,none": 0.6403508771929824,
      "map_2_stderr,none": 0.04641668966779984,
      "map_3,none": 0.6637426900584795,
      "map_3_stderr,none": 0.041821189676804774,
      "map_4,none": 0.6812865497076024,
      "map_4_stderr,none": 0.03749610156901125,
      "map_norm,none": 0.6652046783625731,
      "map_norm_stderr,none": 0.03832071071316161,
      "map_2_norm,none": 0.6228070175438597,
      "map_2_norm_stderr,none": 0.047296427235001534,
      "map_3_norm,none": 0.6345029239766082,
      "map_3_norm_stderr,none": 0.04521033574929037,
      "map_4_norm,none": 0.6652046783625731,
      "map_4_norm_stderr,none": 0.03832071071316161,
      "alias": "security_sales_1-1.0-0.4"
    },
    "fp2-1.0-0.4": {
      "acc,none": 0.24421052631578946,
      "acc_stderr,none": 0.019733014655901628,
      "acc_norm,none": 0.24421052631578946,
      "acc_norm_stderr,none": 0.019733014655901628,
      "map,none": 0.5159649122807026,
      "map_stderr,none": 0.013233169829735127,
      "map_2,none": 0.3684210526315789,
      "map_2_stderr,none": 0.018911803174452547,
      "map_3,none": 0.4533333333333341,
      "map_3_stderr,none": 0.01643656392472706,
      "map_4,none": 0.5159649122807026,
      "map_4_stderr,none": 0.013233169829735127,
      "map_norm,none": 0.5159649122807026,
      "map_norm_stderr,none": 0.013233169829735127,
      "map_2_norm,none": 0.3684210526315789,
      "map_2_norm_stderr,none": 0.018911803174452547,
      "map_3_norm,none": 0.4533333333333341,
      "map_3_norm_stderr,none": 0.01643656392472706,
      "map_4_norm,none": 0.5159649122807026,
      "map_4_norm_stderr,none": 0.013233169829735127,
      "alias": "fp2-1.0-0.4"
    },
    "cpa_audit-1.0-0.4": {
      "acc,none": 0.1407035175879397,
      "acc_stderr,none": 0.01745133844197704,
      "acc_norm,none": 0.13819095477386933,
      "acc_norm_stderr,none": 0.01732008740419801,
      "map,none": 0.38685092127303167,
      "map_stderr,none": 0.013614407374947513,
      "map_2,none": 0.22236180904522612,
      "map_2_stderr,none": 0.018240479328482325,
      "map_3,none": 0.28182579564489085,
      "map_3_stderr,none": 0.01752495256624172,
      "map_4,none": 0.31951423785594607,
      "map_4_stderr,none": 0.016546001407512893,
      "map_norm,none": 0.37989949748743707,
      "map_norm_stderr,none": 0.013543513733786422,
      "map_2_norm,none": 0.20979899497487436,
      "map_2_norm_stderr,none": 0.018094306310583504,
      "map_3_norm,none": 0.2701005025125625,
      "map_3_norm_stderr,none": 0.01746830133296983,
      "map_4_norm,none": 0.31281407035175846,
      "map_4_norm_stderr,none": 0.01641106301435726,
      "alias": "cpa_audit-1.0-0.4"
    },
    "cma_basics-1.0-0.4": {
      "acc,none": 0.23684210526315788,
      "acc_stderr,none": 0.0698933400604233,
      "acc_norm,none": 0.2631578947368421,
      "acc_norm_stderr,none": 0.0723926637268818,
      "map,none": 0.4978070175438596,
      "map_stderr,none": 0.048333092381111525,
      "map_2,none": 0.34210526315789475,
      "map_2_stderr,none": 0.0682676911296069,
      "map_3,none": 0.412280701754386,
      "map_3_stderr,none": 0.06214414804415104,
      "map_4,none": 0.4978070175438596,
      "map_4_stderr,none": 0.048333092381111525,
      "map_norm,none": 0.5307017543859649,
      "map_norm_stderr,none": 0.04853034648248213,
      "map_2_norm,none": 0.39473684210526316,
      "map_2_norm_stderr,none": 0.06840463748816268,
      "map_3_norm,none": 0.46491228070175444,
      "map_3_norm_stderr,none": 0.060670967396642045,
      "map_4_norm,none": 0.5307017543859649,
      "map_4_norm_stderr,none": 0.04853034648248213,
      "alias": "cma_basics-1.0-0.4"
    },
    "chabsa-1.0-0.4": {
      "acc,none": 0.7317104752039363,
      "acc_stderr,none": 0.005042043586965521,
      "f1,none": 0.7187748392886313,
      "f1_stderr,none": "N/A",
      "acc_norm,none": 0.7317104752039363,
      "acc_norm_stderr,none": 0.005042043586965521,
      "f1_norm,none": 0.7187748392886313,
      "f1_norm_stderr,none": "N/A",
      "alias": "chabsa-1.0-0.4"
    }
  },
  "group_subtasks": {
    "chabsa-1.0-0.4": [],
    "cma_basics-1.0-0.4": [],
    "cpa_audit-1.0-0.4": [],
    "fp2-1.0-0.4": [],
    "security_sales_1-1.0-0.4": []
  },
  "configs": {
    "chabsa-1.0-0.4": {
      "task": "chabsa-1.0-0.4",
      "dataset_path": "jlm_fin_eval/datasets/chabsa/chabsa.py",
      "dataset_name": "chABSA",
      "test_split": "test",
      "doc_to_text": "センテンス: {{sentence}}<NL>ターゲット: {{target}}<NL>システム:",
      "doc_to_target": "{{polarity}}",
      "doc_to_choice": [
        "positive",
        "negative"
      ],
      "description": "ユーザー: センテンスにおける、ターゲットのセンチメントをpositiveかnegativeで答えてください。<NL>システム: 分かりました。<NL>",
      "target_delimiter": " ",
      "fewshot_delimiter": "<NL>",
      "num_fewshot": 0,
      "metric_list": [
        {
          "metric": "acc",
          "aggregation": "mean",
          "higher_is_better": true
        },
        {
          "metric": "acc_norm",
          "aggregation": "mean",
          "higher_is_better": true
        },
        {
          "metric": "f1",
          "aggregation": "2class_adjusted_macro_f1_score_for_chabsa",
          "higher_is_better": true
        },
        {
          "metric": "f1_norm",
          "aggregation": "2class_adjusted_macro_f1_score_for_chabsa",
          "higher_is_better": true
        }
      ],
      "output_type": "multiple_choice",
      "repeats": 1,
      "should_decontaminate": false,
      "doc_to_decontamination_query": "sentence",
      "metadata": {
        "version": 1.0
      }
    },
    "cma_basics-1.0-0.4": {
      "task": "cma_basics-1.0-0.4",
      "dataset_path": "jlm_fin_eval/datasets/cma_basics/cma_basics.py",
      "dataset_name": "cma_basics",
      "test_split": "test",
      "doc_to_text": "def doc_to_text_04(doc, SEP=\"<NL>\"):\n    q_doc_text = doc[\"question\"]\n    if doc[\"context\"] and doc[\"context\"] != \"\":\n        q_doc_text += \"\\n\" + doc[\"context\"]\n    choices = SEP.join([f\"- {choice}\" for choice in doc[\"choices\"][\"text\"]])\n    input_text = f\"質問：{q_doc_text}{SEP}\" + f\"選択肢：{SEP}{choices}\"\n    return f\"ユーザー: {input_text}{SEP}システム: \"\n",
      "doc_to_target": "def doc_to_target_01(doc):\n    return [\n        choice_text\n        for choice_id, choice_text in zip(doc[\"choices\"][\"id\"], doc[\"choices\"][\"text\"])\n        if choice_id == doc[\"answer\"]\n    ][0]\n",
      "doc_to_choice": "def doc_to_choices_01(doc):\n    choices = doc[\"choices\"][\"text\"]\n    return choices\n",
      "description": "ユーザー: 与えられた選択肢の中から、最適な答えを選んでください。<NL>システム: 分かりました。<NL>",
      "target_delimiter": "",
      "fewshot_delimiter": "<NL>",
      "num_fewshot": 0,
      "metric_list": [
        {
          "metric": "acc",
          "aggregation": "mean",
          "higher_is_better": true
        },
        {
          "metric": "acc_norm",
          "aggregation": "mean",
          "higher_is_better": true
        },
        {
          "metric": "map",
          "aggregation": "mean",
          "higher_is_better": true
        },
        {
          "metric": "map_2",
          "aggregation": "mean",
          "higher_is_better": true
        },
        {
          "metric": "map_3",
          "aggregation": "mean",
          "higher_is_better": true
        },
        {
          "metric": "map_4",
          "aggregation": "mean",
          "higher_is_better": true
        },
        {
          "metric": "map_norm",
          "aggregation": "mean",
          "higher_is_better": true
        },
        {
          "metric": "map_2_norm",
          "aggregation": "mean",