{
  "results": {
    "security_sales_1-1.0-0.3": {
      "acc,none": 0.45614035087719296,
      "acc_stderr,none": 0.06655775300696491,
      "acc_norm,none": 0.42105263157894735,
      "acc_norm_stderr,none": 0.06597717584505354,
      "map,none": 0.7017543859649122,
      "map_stderr,none": 0.03760181622693473,
      "map_2,none": 0.6666666666666666,
      "map_2_stderr,none": 0.045700708092256785,
      "map_3,none": 0.6842105263157895,
      "map_3_stderr,none": 0.04206869757291858,
      "map_4,none": 0.7017543859649122,
      "map_4_stderr,none": 0.03760181622693473,
      "map_norm,none": 0.6739766081871346,
      "map_norm_stderr,none": 0.0386479982766443,
      "map_2_norm,none": 0.631578947368421,
      "map_2_norm_stderr,none": 0.04770141932499819,
      "map_3_norm,none": 0.6432748538011697,
      "map_3_norm_stderr,none": 0.045593680525914164,
      "map_4_norm,none": 0.6739766081871346,
      "map_4_norm_stderr,none": 0.0386479982766443,
      "alias": "security_sales_1-1.0-0.3"
    },
    "fp2-1.0-0.3": {
      "acc,none": 0.24,
      "acc_stderr,none": 0.019616577850947305,
      "acc_norm,none": 0.24,
      "acc_norm_stderr,none": 0.019616577850947305,
      "map,none": 0.5143859649122816,
      "map_stderr,none": 0.013205495363063584,
      "map_2,none": 0.3663157894736842,
      "map_2_stderr,none": 0.01888062862783163,
      "map_3,none": 0.4512280701754392,
      "map_3_stderr,none": 0.016423664168032343,
      "map_4,none": 0.5143859649122816,
      "map_4_stderr,none": 0.013205495363063584,
      "map_norm,none": 0.5143859649122816,
      "map_norm_stderr,none": 0.013205495363063584,
      "map_2_norm,none": 0.3663157894736842,
      "map_2_norm_stderr,none": 0.01888062862783163,
      "map_3_norm,none": 0.4512280701754392,
      "map_3_norm_stderr,none": 0.016423664168032343,
      "map_4_norm,none": 0.5143859649122816,
      "map_4_norm_stderr,none": 0.013205495363063584,
      "alias": "fp2-1.0-0.3"
    },
    "cpa_audit-1.0-0.3": {
      "acc,none": 0.13819095477386933,
      "acc_stderr,none": 0.01732008740419801,
      "acc_norm,none": 0.13819095477386933,
      "acc_norm_stderr,none": 0.01732008740419801,
      "map,none": 0.3849664991624792,
      "map_stderr,none": 0.013478720413864815,
      "map_2,none": 0.21608040201005024,
      "map_2_stderr,none": 0.018126683940476274,
      "map_3,none": 0.2772194304857619,
      "map_3_stderr,none": 0.017433915664435796,
      "map_4,none": 0.32056113902847544,
      "map_4_stderr,none": 0.016308683059985906,
      "map_norm,none": 0.3798576214405358,
      "map_norm_stderr,none": 0.013548613177905655,
      "map_2_norm,none": 0.21105527638190955,
      "map_2_norm_stderr,none": 0.01810122571863542,
      "map_3_norm,none": 0.268006700167504,
      "map_3_norm_stderr,none": 0.017514249842225185,
      "map_4_norm,none": 0.3113484087102175,
      "map_4_norm_stderr,none": 0.01645576614395909,
      "alias": "cpa_audit-1.0-0.3"
    },
    "cma_basics-1.0-0.3": {
      "acc,none": 0.21052631578947367,
      "acc_stderr,none": 0.06702258315442246,
      "acc_norm,none": 0.18421052631578946,
      "acc_norm_stderr,none": 0.06373021861834362,
      "map,none": 0.46929824561403516,
      "map_stderr,none": 0.04676818834128649,
      "map_2,none": 0.27631578947368424,
      "map_2_stderr,none": 0.06719689445830743,
      "map_3,none": 0.39035087719298245,
      "map_3_stderr,none": 0.05905996522378435,
      "map_4,none": 0.46929824561403516,
      "map_4_stderr,none": 0.04676818834128649,
      "map_norm,none": 0.48245614035087714,
      "map_norm_stderr,none": 0.04368147784140844,
      "map_2_norm,none": 0.34210526315789475,
      "map_2_norm_stderr,none": 0.06284297970994523,
      "map_3_norm,none": 0.40350877192982465,
      "map_3_norm_stderr,none": 0.057140510070147886,
      "map_4_norm,none": 0.48245614035087714,
      "map_4_norm_stderr,none": 0.04368147784140844,
      "alias": "cma_basics-1.0-0.3"
    },
    "chabsa-1.0-0.3": {
      "acc,none": 0.5611808882558591,
      "acc_stderr,none": 0.005647149750045226,
      "f1,none": 0.3594592352989964,
      "f1_stderr,none": "N/A",
      "acc_norm,none": 0.5611808882558591,
      "acc_norm_stderr,none": 0.005647149750045226,
      "f1_norm,none": 0.3594592352989964,
      "f1_norm_stderr,none": "N/A",
      "alias": "chabsa-1.0-0.3"
    }
  },
  "group_subtasks": {
    "chabsa-1.0-0.3": [],
    "cma_basics-1.0-0.3": [],
    "cpa_audit-1.0-0.3": [],
    "fp2-1.0-0.3": [],
    "security_sales_1-1.0-0.3": []
  },
  "configs": {
    "chabsa-1.0-0.3": {
      "task": "chabsa-1.0-0.3",
      "dataset_path": "jlm_fin_eval/datasets/chabsa/chabsa.py",
      "dataset_name": "chABSA",
      "test_split": "test",
      "doc_to_text": "### 入力:\nセンテンス:{{sentence}}\nターゲット:{{target}}\n\n### 応答:\n\n",
      "doc_to_target": "{{polarity}}",
      "doc_to_choice": [
        "positive",
        "negative"
      ],
      "description": "以下は、タスクを説明する指示と、文脈のある入力の組み合わせです。要求を適切に満たす応答を書きなさい。\n\n### 指示:\n以下のセンテンスにおける、ターゲットのセンチメントをpositiveかnegativeで答えてください。\n\n\n",
      "target_delimiter": "",
      "fewshot_delimiter": "\n\n",
      "num_fewshot": 0,
      "metric_list": [
        {
          "metric": "acc",
          "aggregation": "mean",
          "higher_is_better": true
        },
        {
          "metric": "acc_norm",
          "aggregation": "mean",
          "higher_is_better": true
        },
        {
          "metric": "f1",
          "aggregation": "2class_adjusted_macro_f1_score_for_chabsa",
          "higher_is_better": true
        },
        {
          "metric": "f1_norm",
          "aggregation": "2class_adjusted_macro_f1_score_for_chabsa",
          "higher_is_better": true
        }
      ],
      "output_type": "multiple_choice",
      "repeats": 1,
      "should_decontaminate": false,
      "doc_to_decontamination_query": "sentence",
      "metadata": {
        "version": 1.0
      }
    },
    "cma_basics-1.0-0.3": {
      "task": "cma_basics-1.0-0.3",
      "dataset_path": "jlm_fin_eval/datasets/cma_basics/cma_basics.py",
      "dataset_name": "cma_basics",
      "test_split": "test",
      "doc_to_text": "def doc_to_text_03(doc):\n    q_doc_text = doc[\"question\"] + \"\\n\"\n    if doc[\"context\"] and doc[\"context\"] != \"\":\n        q_doc_text += doc[\"context\"] + \"\\n\"\n    choices = \"\\n\".join([f\"- {choice}\" for choice in doc[\"choices\"][\"text\"]])\n    input_text = f\"{q_doc_text}\" + f\"出力は以下から選択してください：\\n{choices}\"\n    return f\"### 入力:\\n{input_text}\\n\\n### 応答:\\n\"\n",
      "doc_to_target": "def doc_to_target_01(doc):\n    return [\n        choice_text\n        for choice_id, choice_text in zip(doc[\"choices\"][\"id\"], doc[\"choices\"][\"text\"])\n        if choice_id == doc[\"answer\"]\n    ][0]\n",
      "doc_to_choice": "def doc_to_choices_01(doc):\n    choices = doc[\"choices\"][\"text\"]\n    return choices\n",
      "description": "以下は、タスクを説明する指示と、文脈のある入力の組み合わせです。要求を適切に満たす応答を書きなさい。\n\n### 指示:\n与えられた選択肢の中から、最適な答えを選んでください。\n\n\n",
      "target_delimiter": "",
      "fewshot_delimiter": "\n\n",
      "num_fewshot": 0,
      "metric_list": [
        {
          "metric": "acc",
          "aggregation": "mean",
          "higher_is_better": true
        },
        {
          "metric": "acc_norm",
          "aggregation": "mean",
          "higher_is_better": true
        },
        {
          "metric": "map",
          "aggregation": "mean",
          "higher_is_better": true
        },
        {
          "metric": "map_2",
          "aggregation": "mean",
          "higher_is_better": true
        },
        {
          "metric": "map_3",
          "aggregation": "mean",
          "higher_is_better": true
        },
        {
          "metric": "map_4",
          "aggregation": "mean",
          "higher_is_better": true
        },
        {
          "metric": "map_norm",
          "aggregation": "mean",