{
  "results": {
    "security_sales_1-1.0-0.2.1": {
      "acc,none": 0.49122807017543857,
      "acc_stderr,none": 0.06680502724442025,
      "acc_norm,none": 0.45614035087719296,
      "acc_norm_stderr,none": 0.06655775300696491,
      "map,none": 0.7134502923976608,
      "map_stderr,none": 0.03874564544771973,
      "map_2,none": 0.6666666666666666,
      "map_2_stderr,none": 0.04900854954141894,
      "map_3,none": 0.6959064327485381,
      "map_3_stderr,none": 0.04317906941162379,
      "map_4,none": 0.7134502923976608,
      "map_4_stderr,none": 0.03874564544771973,
      "map_norm,none": 0.6959064327485379,
      "map_norm_stderr,none": 0.0383774416191174,
      "map_2_norm,none": 0.6491228070175439,
      "map_2_norm_stderr,none": 0.04841619422794863,
      "map_3_norm,none": 0.6783625730994152,
      "map_3_norm_stderr,none": 0.04272051762395117,
      "map_4_norm,none": 0.6959064327485379,
      "map_4_norm_stderr,none": 0.0383774416191174,
      "alias": "security_sales_1-1.0-0.2.1"
    },
    "fp2-1.0-0.2.1": {
      "acc,none": 0.24210526315789474,
      "acc_stderr,none": 0.01967512001202636,
      "acc_norm,none": 0.24210526315789474,
      "acc_norm_stderr,none": 0.01967512001202636,
      "map,none": 0.5187719298245624,
      "map_stderr,none": 0.013159932726420747,
      "map_2,none": 0.3726315789473684,
      "map_2_stderr,none": 0.018855106384189965,
      "map_3,none": 0.4603508771929833,
      "map_3_stderr,none": 0.01621878742093218,
      "map_4,none": 0.5187719298245624,
      "map_4_stderr,none": 0.013159932726420747,
      "map_norm,none": 0.5187719298245624,
      "map_norm_stderr,none": 0.013159932726420747,
      "map_2_norm,none": 0.3726315789473684,
      "map_2_norm_stderr,none": 0.018855106384189965,
      "map_3_norm,none": 0.4603508771929833,
      "map_3_norm_stderr,none": 0.01621878742093218,
      "map_4_norm,none": 0.5187719298245624,
      "map_4_norm_stderr,none": 0.013159932726420747,
      "alias": "fp2-1.0-0.2.1"
    },
    "cpa_audit-1.0-0.2.1": {
      "acc,none": 0.12814070351758794,
      "acc_stderr,none": 0.01677534652193495,
      "acc_norm,none": 0.12060301507537688,
      "acc_norm_stderr,none": 0.01634467597786587,
      "map,none": 0.37998324958123936,
      "map_stderr,none": 0.013170563220713525,
      "map_2,none": 0.21482412060301506,
      "map_2_stderr,none": 0.017767956416899846,
      "map_3,none": 0.2709380234505861,
      "map_3_stderr,none": 0.017150954750250094,
      "map_4,none": 0.31616415410385235,
      "map_4_stderr,none": 0.01599226880799113,
      "map_norm,none": 0.3757956448911221,
      "map_norm_stderr,none": 0.012896387410083242,
      "map_2_norm,none": 0.20979899497487436,
      "map_2_norm_stderr,none": 0.01747148715211288,
      "map_3_norm,none": 0.26675041876046884,
      "map_3_norm_stderr,none": 0.016873288852120173,
      "map_4_norm,none": 0.3119765494137351,
      "map_4_norm_stderr,none": 0.01572448380757833,
      "alias": "cpa_audit-1.0-0.2.1"
    },
    "cma_basics-1.0-0.2.1": {
      "acc,none": 0.21052631578947367,
      "acc_stderr,none": 0.06702258315442243,
      "acc_norm,none": 0.21052631578947367,
      "acc_norm_stderr,none": 0.06702258315442243,
      "map,none": 0.5065789473684211,
      "map_stderr,none": 0.044712255816154026,
      "map_2,none": 0.3684210526315789,
      "map_2_stderr,none": 0.06446025638903102,
      "map_3,none": 0.4473684210526317,
      "map_3_stderr,none": 0.05590797688312898,
      "map_4,none": 0.5065789473684211,
      "map_4_stderr,none": 0.044712255816154026,
      "map_norm,none": 0.5,
      "map_norm_stderr,none": 0.04521955291531084,
      "map_2_norm,none": 0.35526315789473684,
      "map_2_norm_stderr,none": 0.06507434947079908,
      "map_3_norm,none": 0.43421052631578955,
      "map_3_norm_stderr,none": 0.057108655365287704,
      "map_4_norm,none": 0.5,
      "map_4_norm_stderr,none": 0.04521955291531084,
      "alias": "cma_basics-1.0-0.2.1"
    },
    "chabsa-1.0-0.2": {
      "acc,none": 0.7181147222581898,
      "acc_stderr,none": 0.005119979400512547,
      "f1,none": 0.7196955278490051,
      "f1_stderr,none": "N/A",
      "acc_norm,none": 0.7181147222581898,
      "acc_norm_stderr,none": 0.005119979400512547,
      "f1_norm,none": 0.7196955278490051,
      "f1_norm_stderr,none": "N/A",
      "alias": "chabsa-1.0-0.2"
    }
  },
  "group_subtasks": {
    "chabsa-1.0-0.2": [],
    "cma_basics-1.0-0.2.1": [],
    "cpa_audit-1.0-0.2.1": [],
    "fp2-1.0-0.2.1": [],
    "security_sales_1-1.0-0.2.1": []
  },
  "configs": {
    "chabsa-1.0-0.2": {
      "task": "chabsa-1.0-0.2",
      "dataset_path": "jlm_fin_eval/datasets/chabsa/chabsa.py",
      "dataset_name": "chABSA",
      "test_split": "test",
      "doc_to_text": "センテンス: {{sentence}}\nターゲット: {{target}}\n回答:",
      "doc_to_target": "{{polarity}}",
      "doc_to_choice": [
        "positive",
        "negative"
      ],
      "description": "センテンスとターゲットを入力として受け取り、ターゲットに関するセンチメントをpositiveかnegativeから選択してください。\n\n\n",
      "target_delimiter": " ",
      "fewshot_delimiter": "\n\n",
      "num_fewshot": 0,
      "metric_list": [
        {
          "metric": "acc",
          "aggregation": "mean",
          "higher_is_better": true
        },
        {
          "metric": "acc_norm",
          "aggregation": "mean",
          "higher_is_better": true
        },
        {
          "metric": "f1",
          "aggregation": "2class_adjusted_macro_f1_score_for_chabsa",
          "higher_is_better": true
        },
        {
          "metric": "f1_norm",
          "aggregation": "2class_adjusted_macro_f1_score_for_chabsa",
          "higher_is_better": true
        }
      ],
      "output_type": "multiple_choice",
      "repeats": 1,
      "should_decontaminate": false,
      "doc_to_decontamination_query": "sentence",
      "metadata": {
        "version": 1.0
      }
    },
    "cma_basics-1.0-0.2.1": {
      "task": "cma_basics-1.0-0.2.1",
      "dataset_path": "jlm_fin_eval/datasets/cma_basics/cma_basics.py",
      "dataset_name": "cma_basics",
      "test_split": "test",
      "doc_to_text": "def doc_to_text_02_1(doc):\n    q_doc_text = doc[\"question\"] + \"\\n\"\n    if doc[\"context\"] and doc[\"context\"] != \"\":\n        q_doc_text += doc[\"context\"] + \"\\n\"\n    choices = \"\\n\".join([f\"- {choice}\" for choice in doc[\"choices\"][\"text\"]])\n    return f\"質問:{q_doc_text}選択肢:\\n{choices}\\n回答:\"\n",
      "doc_to_target": "def doc_to_target_01(doc):\n    return [\n        choice_text\n        for choice_id, choice_text in zip(doc[\"choices\"][\"id\"], doc[\"choices\"][\"text\"])\n        if choice_id == doc[\"answer\"]\n    ][0]\n",
      "doc_to_choice": "def doc_to_choices_01(doc):\n    choices = doc[\"choices\"][\"text\"]\n    return choices\n",
      "description": "与えられた選択肢の中から、最適な答えを選んでください。\n\n\n",
      "target_delimiter": "",
      "fewshot_delimiter": "\n\n",
      "num_fewshot": 0,
      "metric_list": [
        {
          "metric": "acc",
          "aggregation": "mean",
          "higher_is_better": true
        },
        {
          "metric": "acc_norm",
          "aggregation": "mean",
          "higher_is_better": true
        },
        {
          "metric": "map",
          "aggregation": "mean",
          "higher_is_better": true
        },
        {
          "metric": "map_2",
          "aggregation": "mean",
          "higher_is_better": true
        },
        {
          "metric": "map_3",
          "aggregation": "mean",
          "higher_is_better": true
        },
        {
          "metric": "map_4",
          "aggregation": "mean",
          "higher_is_better": true
        },
        {
          "metric": "map_norm",
          "aggregation": "mean",
          "higher_is_better": true
        },
        {
          "metric": "map_2_norm",
          "aggregation": "mean",
          "higher_is_better": true
        },
        {
          "metric": "map_3_norm",
          "aggregation": "mean",