{
  "results": {
    "security_sales_1-1.0-0.5": {
      "acc,none": 0.40350877192982454,
      "acc_stderr,none": 0.06555933012294897,
      "acc_norm,none": 0.40350877192982454,
      "acc_norm_stderr,none": 0.06555933012294897,
      "map,none": 0.6637426900584794,
      "map_stderr,none": 0.038404284903715336,
      "map_2,none": 0.6140350877192983,
      "map_2_stderr,none": 0.04850125934928229,
      "map_3,none": 0.6374269005847952,
      "map_3_stderr,none": 0.04437183533797662,
      "map_4,none": 0.6637426900584794,
      "map_4_stderr,none": 0.038404284903715336,
      "map_norm,none": 0.6593567251461987,
      "map_norm_stderr,none": 0.038984287922099764,
      "map_2_norm,none": 0.6052631578947368,
      "map_2_norm_stderr,none": 0.04964921136756272,
      "map_3_norm,none": 0.6286549707602338,
      "map_3_norm_stderr,none": 0.045704048665200295,
      "map_4_norm,none": 0.6593567251461987,
      "map_4_norm_stderr,none": 0.038984287922099764,
      "alias": "security_sales_1-1.0-0.5"
    },
    "fp2-1.0-0.5": {
      "acc,none": 0.27157894736842103,
      "acc_stderr,none": 0.020429141855467278,
      "acc_norm,none": 0.27157894736842103,
      "acc_norm_stderr,none": 0.020429141855467278,
      "map,none": 0.5303508771929835,
      "map_stderr,none": 0.01376825049287563,
      "map_2,none": 0.3831578947368421,
      "map_2_stderr,none": 0.019517299950817316,
      "map_3,none": 0.4666666666666676,
      "map_3_stderr,none": 0.017027335963388904,
      "map_4,none": 0.5303508771929835,
      "map_4_stderr,none": 0.01376825049287563,
      "map_norm,none": 0.5303508771929835,
      "map_norm_stderr,none": 0.01376825049287563,
      "map_2_norm,none": 0.3831578947368421,
      "map_2_norm_stderr,none": 0.019517299950817316,
      "map_3_norm,none": 0.4666666666666676,
      "map_3_norm_stderr,none": 0.017027335963388904,
      "map_4_norm,none": 0.5303508771929835,
      "map_4_norm_stderr,none": 0.01376825049287563,
      "alias": "fp2-1.0-0.5"
    },
    "cpa_audit-1.0-0.5": {
      "acc,none": 0.1306532663316583,
      "acc_stderr,none": 0.016914586905916507,
      "acc_norm,none": 0.12060301507537688,
      "acc_norm_stderr,none": 0.01634467597786587,
      "map,none": 0.38680904522613063,
      "map_stderr,none": 0.013166008818217728,
      "map_2,none": 0.2185929648241206,
      "map_2_stderr,none": 0.017874473539113745,
      "map_3,none": 0.2881072026800667,
      "map_3_stderr,none": 0.01700413107018122,
      "map_4,none": 0.3251675041876044,
      "map_4_stderr,none": 0.015975871116122517,
      "map_norm,none": 0.38019262981574536,
      "map_norm_stderr,none": 0.012808316024015061,
      "map_2_norm,none": 0.20979899497487436,
      "map_2_norm_stderr,none": 0.017471487152112882,
      "map_3_norm,none": 0.2809882747068673,
      "map_3_norm_stderr,none": 0.016643873496572033,
      "map_4_norm,none": 0.31804857621440497,
      "map_4_norm_stderr,none": 0.015634437178737158,
      "alias": "cpa_audit-1.0-0.5"
    },
    "cma_basics-1.0-0.5": {
      "acc,none": 0.2894736842105263,
      "acc_stderr,none": 0.07455791696866065,
      "acc_norm,none": 0.21052631578947367,
      "acc_norm_stderr,none": 0.06702258315442243,
      "map,none": 0.5460526315789473,
      "map_stderr,none": 0.0497640799374174,
      "map_2,none": 0.40789473684210525,
      "map_2_stderr,none": 0.07019395796413648,
      "map_3,none": 0.4868421052631579,
      "map_3_stderr,none": 0.06106814194504283,
      "map_4,none": 0.5460526315789473,
      "map_4_stderr,none": 0.0497640799374174,
      "map_norm,none": 0.5153508771929826,
      "map_norm_stderr,none": 0.04387298280016094,
      "map_2_norm,none": 0.3815789473684211,
      "map_2_norm_stderr,none": 0.0637669190064234,
      "map_3_norm,none": 0.46929824561403516,
      "map_3_norm_stderr,none": 0.053284436733036435,
      "map_4_norm,none": 0.5153508771929826,
      "map_4_norm_stderr,none": 0.04387298280016094,
      "alias": "cma_basics-1.0-0.5"
    },
    "chabsa-1.0-0.5": {
      "acc,none": 0.5611808882558591,
      "acc_stderr,none": 0.005647149750045235,
      "f1,none": 0.3594592352989964,
      "f1_stderr,none": "N/A",
      "acc_norm,none": 0.5611808882558591,
      "acc_norm_stderr,none": 0.005647149750045235,
      "f1_norm,none": 0.3594592352989964,
      "f1_norm_stderr,none": "N/A",
      "alias": "chabsa-1.0-0.5"
    }
  },
  "group_subtasks": {
    "chabsa-1.0-0.5": [],
    "cma_basics-1.0-0.5": [],
    "cpa_audit-1.0-0.5": [],
    "fp2-1.0-0.5": [],
    "security_sales_1-1.0-0.5": []
  },
  "configs": {
    "chabsa-1.0-0.5": {
      "task": "chabsa-1.0-0.5",
      "dataset_path": "jlm_fin_eval/datasets/chabsa/chabsa.py",
      "dataset_name": "chABSA",
      "test_split": "test",
      "doc_to_text": "センテンス: {{sentence}}\nターゲット: {{target}}\nシステム:",
      "doc_to_target": "{{polarity}}",
      "doc_to_choice": [
        "positive",
        "negative"
      ],
      "description": "ユーザー: センテンスにおける、ターゲットのセンチメントをpositiveかnegativeで答えてください。\nシステム: 分かりました。\n\n",
      "target_delimiter": " ",
      "fewshot_delimiter": "\n",
      "num_fewshot": 0,
      "metric_list": [
        {
          "metric": "acc",
          "aggregation": "mean",
          "higher_is_better": true
        },
        {
          "metric": "acc_norm",
          "aggregation": "mean",
          "higher_is_better": true
        },
        {
          "metric": "f1",
          "aggregation": "2class_adjusted_macro_f1_score_for_chabsa",
          "higher_is_better": true
        },
        {
          "metric": "f1_norm",
          "aggregation": "2class_adjusted_macro_f1_score_for_chabsa",
          "higher_is_better": true
        }
      ],
      "output_type": "multiple_choice",
      "repeats": 1,
      "should_decontaminate": false,
      "doc_to_decontamination_query": "sentence",
      "metadata": {
        "version": 1.0
      }
    },
    "cma_basics-1.0-0.5": {
      "task": "cma_basics-1.0-0.5",
      "dataset_path": "jlm_fin_eval/datasets/cma_basics/cma_basics.py",
      "dataset_name": "cma_basics",
      "test_split": "test",
      "doc_to_text": "def doc_to_text_05(doc):\n    return doc_to_text_04(doc, SEP=\"\\n\")\n",
      "doc_to_target": "def doc_to_target_01(doc):\n    return [\n        choice_text\n        for choice_id, choice_text in zip(doc[\"choices\"][\"id\"], doc[\"choices\"][\"text\"])\n        if choice_id == doc[\"answer\"]\n    ][0]\n",
      "doc_to_choice": "def doc_to_choices_01(doc):\n    choices = doc[\"choices\"][\"text\"]\n    return choices\n",
      "description": "ユーザー: 与えられた選択肢の中から、最適な答えを選んでください。\nシステム: 分かりました。\n\n",
      "target_delimiter": "",
      "fewshot_delimiter": "\n",
      "num_fewshot": 0,
      "metric_list": [
        {
          "metric": "acc",
          "aggregation": "mean",
          "higher_is_better": true
        },
        {
          "metric": "acc_norm",
          "aggregation": "mean",
          "higher_is_better": true
        },
        {
          "metric": "map",
          "aggregation": "mean",
          "higher_is_better": true
        },
        {
          "metric": "map_2",
          "aggregation": "mean",
          "higher_is_better": true
        },
        {
          "metric": "map_3",
          "aggregation": "mean",
          "higher_is_better": true
        },
        {
          "metric": "map_4",
          "aggregation": "mean",
          "higher_is_better": true
        },
        {
          "metric": "map_norm",
          "aggregation": "mean",
          "higher_is_better": true
        },
        {
          "metric": "map_2_norm",
          "aggregation": "mean",
          "higher_is_better": true
        },
        {
          "metric": "map_3_norm",
          "aggregation": "mean",
          "higher_is_better": true
        },
        {
          "metric": "map_4_norm",
          "aggregation": "mean",
          "higher_is_better": true
        }
      ],
      "output_type": "multiple_choice",
      "repeats": 1,