{
  "results": {
    "security_sales_1": {
      "acc,none": 0.42105263157894735,
      "acc_stderr,none": 0.06597717584505354,
      "acc_norm,none": 0.42105263157894735,
      "acc_norm_stderr,none": 0.06597717584505354,
      "map,none": 0.685672514619883,
      "map_stderr,none": 0.036846124682946194,
      "map_2,none": 0.6491228070175439,
      "map_2_stderr,none": 0.04506489382544239,
      "map_3,none": 0.6725146198830408,
      "map_3_stderr,none": 0.04022460962630878,
      "map_4,none": 0.685672514619883,
      "map_4_stderr,none": 0.036846124682946194,
      "map_norm,none": 0.685672514619883,
      "map_norm_stderr,none": 0.036846124682946194,
      "map_2_norm,none": 0.6491228070175439,
      "map_2_norm_stderr,none": 0.04506489382544239,
      "map_3_norm,none": 0.6725146198830408,
      "map_3_norm_stderr,none": 0.04022460962630878,
      "map_4_norm,none": 0.685672514619883,
      "map_4_norm_stderr,none": 0.036846124682946194,
      "alias": "security_sales_1"
    },
    "fp2": {
      "acc,none": 0.23789473684210527,
      "acc_stderr,none": 0.01955738235792174,
      "acc_norm,none": 0.23789473684210527,
      "acc_norm_stderr,none": 0.01955738235792174,
      "map,none": 0.514035087719299,
      "map_stderr,none": 0.013168870493185714,
      "map_2,none": 0.36947368421052634,
      "map_2_stderr,none": 0.018779949762575104,
      "map_3,none": 0.448771929824562,
      "map_3_stderr,none": 0.01647915919889945,
      "map_4,none": 0.514035087719299,
      "map_4_stderr,none": 0.013168870493185714,
      "map_norm,none": 0.514035087719299,
      "map_norm_stderr,none": 0.013168870493185714,
      "map_2_norm,none": 0.36947368421052634,
      "map_2_norm_stderr,none": 0.018779949762575104,
      "map_3_norm,none": 0.448771929824562,
      "map_3_norm_stderr,none": 0.01647915919889945,
      "map_4_norm,none": 0.514035087719299,
      "map_4_norm_stderr,none": 0.013168870493185714,
      "alias": "fp2"
    },
    "cpa_audit": {
      "acc,none": 0.135678391959799,
      "acc_stderr,none": 0.01718690893025358,
      "acc_norm,none": 0.135678391959799,
      "acc_norm_stderr,none": 0.01718690893025358,
      "map,none": 0.38630653266331666,
      "map_stderr,none": 0.013424689752580104,
      "map_2,none": 0.22487437185929648,
      "map_2_stderr,none": 0.01807540174067338,
      "map_3,none": 0.27512562814070335,
      "map_3_stderr,none": 0.017482102356309235,
      "map_4,none": 0.32474874371859275,
      "map_4_stderr,none": 0.016183054935551104,
      "map_norm,none": 0.38630653266331666,
      "map_norm_stderr,none": 0.013424689752580104,
      "map_2_norm,none": 0.22487437185929648,
      "map_2_norm_stderr,none": 0.01807540174067338,
      "map_3_norm,none": 0.27512562814070335,
      "map_3_norm_stderr,none": 0.017482102356309235,
      "map_4_norm,none": 0.32474874371859275,
      "map_4_norm_stderr,none": 0.016183054935551104,
      "alias": "cpa_audit"
    },
    "cma_basics": {
      "acc,none": 0.2894736842105263,
      "acc_stderr,none": 0.07455791696866065,
      "acc_norm,none": 0.2894736842105263,
      "acc_norm_stderr,none": 0.07455791696866065,
      "map,none": 0.5350877192982456,
      "map_stderr,none": 0.050643049454690815,
      "map_2,none": 0.3815789473684211,
      "map_2_stderr,none": 0.07164549036461391,
      "map_3,none": 0.46929824561403516,
      "map_3_stderr,none": 0.06249870021025385,
      "map_4,none": 0.5350877192982456,
      "map_4_stderr,none": 0.050643049454690815,
      "map_norm,none": 0.5350877192982456,
      "map_norm_stderr,none": 0.050643049454690815,
      "map_2_norm,none": 0.3815789473684211,
      "map_2_norm_stderr,none": 0.07164549036461391,
      "map_3_norm,none": 0.46929824561403516,
      "map_3_norm_stderr,none": 0.06249870021025385,
      "map_4_norm,none": 0.5350877192982456,
      "map_4_norm_stderr,none": 0.050643049454690815,
      "alias": "cma_basics"
    },
    "chabsa": {
      "acc,none": 0.6849669817428461,
      "acc_stderr,none": 0.005286253150680737,
      "f1,none": 0.6423856140807898,
      "f1_stderr,none": "N/A",
      "acc_norm,none": 0.6849669817428461,
      "acc_norm_stderr,none": 0.005286253150680737,
      "f1_norm,none": 0.6423856140807898,
      "f1_norm_stderr,none": "N/A",
      "alias": "chabsa"
    }
  },
  "group_subtasks": {
    "chabsa": [],
    "cma_basics": [],
    "cpa_audit": [],
    "fp2": [],
    "security_sales_1": []
  },
  "configs": {
    "chabsa": {
      "task": "chabsa",
      "dataset_path": "jlm_fin_eval/datasets/chabsa/chabsa.py",
      "dataset_name": "chABSA",
      "test_split": "test",
      "doc_to_text": "センテンス: {{sentence}}\nターゲット: {{target}}\n回答:",
      "doc_to_target": "{{polarity}}",
      "doc_to_choice": [
        "positive",
        "negative"
      ],
      "description": "以下のセンテンスにおける、ターゲットのセンチメントをpositiveかnegativeで答えてください。\n\n\n",
      "target_delimiter": " ",
      "fewshot_delimiter": "\n\n",
      "num_fewshot": 0,
      "metric_list": [
        {
          "metric": "acc",
          "aggregation": "mean",
          "higher_is_better": true
        },
        {
          "metric": "acc_norm",
          "aggregation": "mean",
          "higher_is_better": true
        },
        {
          "metric": "f1",
          "aggregation": "2class_adjusted_macro_f1_score_for_chabsa",
          "higher_is_better": true
        },
        {
          "metric": "f1_norm",
          "aggregation": "2class_adjusted_macro_f1_score_for_chabsa",
          "higher_is_better": true
        }
      ],
      "output_type": "multiple_choice",
      "repeats": 1,
      "should_decontaminate": false,
      "doc_to_decontamination_query": "sentence",
      "metadata": {
        "version": 1.0
      }
    },
    "cma_basics": {
      "task": "cma_basics",
      "dataset_path": "jlm_fin_eval/datasets/cma_basics/cma_basics.py",
      "dataset_name": "cma_basics",
      "test_split": "test",
      "doc_to_text": "def doc_to_text_00(doc):\n    doc_text = \"【問題】\\n\" + doc[\"question\"] + \"\\n\"\n    if doc[\"context\"] and doc[\"context\"] != \"\":\n        doc_text += doc[\"context\"] + \"\\n\"\n    doc_text += \"\\n【選択肢】\\n\"\n    for choice_id, choice_text in zip(doc[\"choices\"][\"id\"], doc[\"choices\"][\"text\"]):\n        doc_text += chr(choice_id + 65) + \": \" + choice_text + \"\\n\"\n    doc_text += \"\\n【答え】\\n\"\n    # doc_text += chr(int(doc[\"answer\"]) + 65)\n    return doc_text\n",
      "doc_to_target": "def doc_to_target_alphabet(doc):\n    answer = chr(int(doc[\"answer\"]) + 65)\n    return answer\n",
      "doc_to_choice": "def doc_to_choices_alphabet(doc):\n    choices = [chr(choice_id + 65) for choice_id in doc[\"choices\"][\"id\"]]\n    return choices\n",
      "description": "以下の問題の適切な答えを選択肢から選んでアルファベットで答えなさい。\n\n\n",
      "target_delimiter": "",
      "fewshot_delimiter": "\n\n",
      "num_fewshot": 0,
      "metric_list": [
        {
          "metric": "acc",
          "aggregation": "mean",
          "higher_is_better": true
        },
        {
          "metric": "acc_norm",
          "aggregation": "mean",
          "higher_is_better": true
        },
        {
          "metric": "map",
          "aggregation": "mean",
          "higher_is_better": true
        },
        {
          "metric": "map_2",
          "aggregation": "mean",
          "higher_is_better": true
        },
        {
          "metric": "map_3",
          "aggregation": "mean",
          "higher_is_better": true
        },
        {
          "metric": "map_4",
          "aggregation": "mean",
          "higher_is_better": true
        },
        {
          "metric": "map_norm",
          "aggregation": "mean",
          "higher_is_better": true
        },
        {
          "metric": "map_2_norm",
          "aggregation": "mean",
          "higher_is_better": true
        },
        {
          "metric": "map_3_norm",
          "aggregation": "mean",