{
  "results": {
    "chabsa-1.0-0.2": {
      "acc": 0.7673183995856533,
      "f1": 0.5163245580725272
    },
    "security_sales_1-1.0-0.2.1": {
      "acc": 0.49122807017543857,
      "acc_stderr": 0.06680502724442025,
      "map": 0.716374269005848,
      "map_stderr": 0.038341621339124374,
      "map_2": 0.6754385964912281,
      "map_2_stderr": 0.047643774084211485,
      "map_3": 0.6988304093567251,
      "map_3_stderr": 0.04283828879110598,
      "map_4": 0.716374269005848,
      "map_4_stderr": 0.038341621339124374
    },
    "cma_basics-1.0-0.1": {
      "acc": 0.34210526315789475,
      "acc_stderr": 0.07799328662681836,
      "map": 0.5833333333333334,
      "map_stderr": 0.051067318599312246,
      "map_2": 0.4473684210526316,
      "map_2_stderr": 0.07252182112435492,
      "map_3": 0.5438596491228072,
      "map_3_stderr": 0.059529067814816754,
      "map_4": 0.5833333333333334,
      "map_4_stderr": 0.051067318599312246
    },
    "cpa-1.0-0.1.2": {
      "acc": 0.14321608040201006,
      "acc_stderr": 0.017580705212218516,
      "map": 0.3941373534338355,
      "map_stderr": 0.01366045983325812,
      "map_2": 0.23618090452261306,
      "map_2_stderr": 0.018366344261020878,
      "map_3": 0.2881072026800668,
      "map_3_stderr": 0.01767332292669355,
      "map_4": 0.33082077051926273,
      "map_4_stderr": 0.016512209685085235
    }
  },
  "versions": {
    "chabsa-1.0-0.2": 1.0,
    "security_sales_1-1.0-0.2.1": 1.0,
    "cma_basics-1.0-0.1": 1.0,
    "cpa-1.0-0.1.2": 1.0
  },
  "config": {
    "model": "hf",
    "model_args": "pretrained=meta-llama/Llama-2-7b-hf,load_in_8bit=True",
    "num_fewshot": [
      0,
      0,
      0,
      0
    ],
    "batch_size": null,
    "device": "cuda",
    "no_cache": false,
    "limit": null,
    "bootstrap_iters": 100000,
    "description_dict": {}
  }
}