{
  "results": {
    "chabsa-1.0-0.1": {
      "acc": 0.8670205878544607,
      "f1": 0.5852971423322186
    },
    "cma_basics": {
      "acc": 0.6052631578947368,
      "acc_stderr": 0.0803572542664568,
      "map": 0.732456140350877,
      "map_stderr": 0.05000769408329553,
      "map_2": 0.6578947368421053,
      "map_2_stderr": 0.06826769112960687,
      "map_3": 0.719298245614035,
      "map_3_stderr": 0.05411225269867088,
      "map_4": 0.732456140350877,
      "map_4_stderr": 0.05000769408329553
    },
    "cpa_audit-1.0-0.1.2": {
      "acc": 0.19597989949748743,
      "acc_stderr": 0.019922505943002544,
      "map": 0.4291457286432159,
      "map_stderr": 0.014978185526358765,
      "map_2": 0.28266331658291455,
      "map_2_stderr": 0.019880657453086006,
      "map_3": 0.32453936348408685,
      "map_3_stderr": 0.019140336104312757,
      "map_4": 0.3710217755443886,
      "map_4_stderr": 0.017725245100925265
    },
    "fp2-1.0-0.1.2": {
      "acc": 0.35789473684210527,
      "acc_stderr": 0.0220186962263452,
      "map": 0.5866666666666672,
      "map_stderr": 0.014382100663778132,
      "map_2": 0.4631578947368421,
      "map_2_stderr": 0.02006045306803082,
      "map_3": 0.536140350877194,
      "map_3_stderr": 0.017317107431117744,
      "map_4": 0.5866666666666672,
      "map_4_stderr": 0.014382100663778132
    },
    "security_sales_1-1.0-0.1.2": {
      "acc": 0.5789473684210527,
      "acc_stderr": 0.06597717584505354,
      "map": 0.7704678362573101,
      "map_stderr": 0.036624818394750035,
      "map_2": 0.7368421052631579,
      "map_2_stderr": 0.045308160876668974,
      "map_3": 0.7660818713450294,
      "map_3_stderr": 0.037975530639704706,
      "map_4": 0.7704678362573101,
      "map_4_stderr": 0.036624818394750035
    }
  },
  "versions": {
    "chabsa-1.0-0.1": 1.0,
    "cma_basics": 1.0,
    "cpa_audit-1.0-0.1.2": 1.0,
    "fp2-1.0-0.1.2": 1.0,
    "security_sales_1-1.0-0.1.2": 1.0
  },
  "config": {
    "model": "hf-causal-experimental",
    "model_args": "pretrained=tokyotech-llm/Swallow-13b-instruct-hf",
    "num_fewshot": [
      4,
      1,
      2,
      3,
      3
    ],
    "batch_size": null,
    "device": null,
    "no_cache": true,
    "limit": null,
    "bootstrap_iters": 100000,
    "description_dict": {}
  }
}