{
  "results": {
    "chabsa-1.0-0.2": {
      "acc": 0.7488022789071604,
      "f1": 0.7359805806478599
    },
    "cma_basics": {
      "acc": 0.34210526315789475,
      "acc_stderr": 0.07799328662681834,
      "map": 0.6008771929824561,
      "map_stderr": 0.05232445558222347,
      "map_2": 0.5,
      "map_2_stderr": 0.07055964054188284,
      "map_3": 0.5350877192982456,
      "map_3_stderr": 0.06567478544594835,
      "map_4": 0.6008771929824561,
      "map_4_stderr": 0.05232445558222347
    },
    "cpa_audit-1.0-0.3": {
      "acc": 0.19095477386934673,
      "acc_stderr": 0.019726789326781246,
      "map": 0.4190536013400332,
      "map_stderr": 0.015043651227605901,
      "map_2": 0.2675879396984925,
      "map_2_stderr": 0.019849037938020748,
      "map_3": 0.3103015075376882,
      "map_3_stderr": 0.019174783092847057,
      "map_4": 0.3599246231155779,
      "map_4_stderr": 0.01775235294248688
    },
    "fp2-1.0-0.3": {
      "acc": 0.2968421052631579,
      "acc_stderr": 0.02098456685291403,
      "map": 0.5519298245614044,
      "map_stderr": 0.014075705530917117,
      "map_2": 0.41368421052631577,
      "map_2_stderr": 0.01982166243575407,
      "map_3": 0.4929824561403517,
      "map_3_stderr": 0.017233165669870723,
      "map_4": 0.5519298245614044,
      "map_4_stderr": 0.014075705530917117
    },
    "security_sales_1-1.0-0.2.1": {
      "acc": 0.5263157894736842,
      "acc_stderr": 0.06672270432067237,
      "map": 0.7383040935672515,
      "map_stderr": 0.03780327314355617,
      "map_2": 0.7017543859649122,
      "map_2_stderr": 0.046593966021499254,
      "map_3": 0.7251461988304093,
      "map_3_stderr": 0.04140293058042776,
      "map_4": 0.7383040935672515,
      "map_4_stderr": 0.03780327314355617
    }
  },
  "versions": {
    "chabsa-1.0-0.2": 1.0,
    "cma_basics": 1.0,
    "cpa_audit-1.0-0.3": 1.0,
    "fp2-1.0-0.3": 1.0,
    "security_sales_1-1.0-0.2.1": 1.0
  },
  "config": {
    "model": "hf-causal-experimental",
    "model_args": "pretrained=rinna/youri-7b",
    "num_fewshot": [
      0,
      1,
      3,
      1,
      1
    ],
    "batch_size": null,
    "device": null,
    "no_cache": true,
    "limit": null,
    "bootstrap_iters": 100000,
    "description_dict": {}
  }
}