{
  "results": {
    "security_sales_1-1.0-0.1.2": {
      "acc,none": 0.38596491228070173,
      "acc_stderr,none": 0.06505437269382161,
      "acc_norm,none": 0.38596491228070173,
      "acc_norm_stderr,none": 0.06505437269382161,
      "map,none": 0.6535087719298246,
      "map_stderr,none": 0.038109971923207815,
      "map_2,none": 0.5964912280701754,
      "map_2_stderr,none": 0.0491764833843323,
      "map_3,none": 0.631578947368421,
      "map_3_stderr,none": 0.043101211834385554,
      "map_4,none": 0.6535087719298246,
      "map_4_stderr,none": 0.038109971923207815,
      "map_norm,none": 0.6535087719298246,
      "map_norm_stderr,none": 0.038109971923207815,
      "map_2_norm,none": 0.5964912280701754,
      "map_2_norm_stderr,none": 0.0491764833843323,
      "map_3_norm,none": 0.631578947368421,
      "map_3_norm_stderr,none": 0.043101211834385554,
      "map_4_norm,none": 0.6535087719298246,
      "map_4_norm_stderr,none": 0.038109971923207815,
      "alias": "security_sales_1-1.0-0.1.2"
    },
    "fp2-1.0-0.1.2": {
      "acc,none": 0.26105263157894737,
      "acc_stderr,none": 0.020173517080623874,
      "acc_norm,none": 0.26105263157894737,
      "acc_norm_stderr,none": 0.020173517080623874,
      "map,none": 0.5300000000000009,
      "map_stderr,none": 0.013482400115992166,
      "map_2,none": 0.3894736842105263,
      "map_2_stderr,none": 0.019136055570296785,
      "map_3,none": 0.469473684210527,
      "map_3_stderr,none": 0.016657652692946084,
      "map_4,none": 0.5300000000000009,
      "map_4_stderr,none": 0.013482400115992166,
      "map_norm,none": 0.5300000000000009,
      "map_norm_stderr,none": 0.013482400115992166,
      "map_2_norm,none": 0.3894736842105263,
      "map_2_norm_stderr,none": 0.019136055570296785,
      "map_3_norm,none": 0.469473684210527,
      "map_3_norm_stderr,none": 0.016657652692946084,
      "map_4_norm,none": 0.5300000000000009,
      "map_4_norm_stderr,none": 0.013482400115992166,
      "alias": "fp2-1.0-0.1.2"
    },
    "cpa_audit-1.0-0.1.2": {
      "acc,none": 0.14321608040201006,
      "acc_stderr,none": 0.017580705212218512,
      "acc_norm,none": 0.14321608040201006,
      "acc_norm_stderr,none": 0.017580705212218512,
      "map,none": 0.39095477386934663,
      "map_stderr,none": 0.013621669130020728,
      "map_2,none": 0.22487437185929648,
      "map_2_stderr,none": 0.018336124412409425,
      "map_3,none": 0.28350083752093774,
      "map_3_stderr,none": 0.017617161348959815,
      "map_4,none": 0.3299832495812392,
      "map_4_stderr,none": 0.016364783667646526,
      "map_norm,none": 0.39095477386934663,
      "map_norm_stderr,none": 0.013621669130020728,
      "map_2_norm,none": 0.22487437185929648,
      "map_2_norm_stderr,none": 0.018336124412409425,
      "map_3_norm,none": 0.28350083752093774,
      "map_3_norm_stderr,none": 0.017617161348959815,
      "map_4_norm,none": 0.3299832495812392,
      "map_4_norm_stderr,none": 0.016364783667646526,
      "alias": "cpa_audit-1.0-0.1.2"
    },
    "cma_basics-1.0-0.1.2": {
      "acc,none": 0.2631578947368421,
      "acc_stderr,none": 0.0723926637268818,
      "acc_norm,none": 0.2631578947368421,
      "acc_norm_stderr,none": 0.0723926637268818,
      "map,none": 0.5416666666666667,
      "map_stderr,none": 0.04732762806292191,
      "map_2,none": 0.40789473684210525,
      "map_2_stderr,none": 0.06761340812294223,
      "map_3,none": 0.49561403508771934,
      "map_3_stderr,none": 0.056743331575211844,
      "map_4,none": 0.5416666666666667,
      "map_4_stderr,none": 0.04732762806292191,
      "map_norm,none": 0.5416666666666667,
      "map_norm_stderr,none": 0.04732762806292191,
      "map_2_norm,none": 0.40789473684210525,
      "map_2_norm_stderr,none": 0.06761340812294223,
      "map_3_norm,none": 0.49561403508771934,
      "map_3_norm_stderr,none": 0.056743331575211844,
      "map_4_norm,none": 0.5416666666666667,
      "map_4_norm_stderr,none": 0.04732762806292191,
      "alias": "cma_basics-1.0-0.1.2"
    },
    "chabsa-1.0-0.1": {
      "acc,none": 0.7096983037679658,
      "acc_stderr,none": 0.005165314525889411,
      "f1,none": 0.6803727676030489,
      "f1_stderr,none": "N/A",
      "acc_norm,none": 0.7096983037679658,
      "acc_norm_stderr,none": 0.005165314525889411,
      "f1_norm,none": 0.6803727676030489,
      "f1_norm_stderr,none": "N/A",
      "alias": "chabsa-1.0-0.1"
    }
  },
  "group_subtasks": {
    "chabsa-1.0-0.1": [],
    "cma_basics-1.0-0.1.2": [],
    "cpa_audit-1.0-0.1.2": [],
    "fp2-1.0-0.1.2": [],
    "security_sales_1-1.0-0.1.2": []
  },
  "configs": {
    "chabsa-1.0-0.1": {
      "task": "chabsa-1.0-0.1",
      "dataset_path": "jlm_fin_eval/datasets/chabsa/chabsa.py",
      "dataset_name": "chABSA",
      "test_split": "test",
      "doc_to_text": "[センテンス]: {{sentence}}\nターゲット]: {{target}}\n[答え]:",
      "doc_to_target": "{{polarity}}",
      "doc_to_choice": [
        "positive",
        "negative"
      ],
      "description": "[センテンス]における、[ターゲット]のセンチメントをpositiveかnegativeで選んでください。\n\n\n",
      "target_delimiter": " ",
      "fewshot_delimiter": "\n\n",
      "num_fewshot": 0,
      "metric_list": [
        {
          "metric": "acc",
          "aggregation": "mean",
          "higher_is_better": true
        },
        {
          "metric": "acc_norm",
          "aggregation": "mean",
          "higher_is_better": true
        },
        {
          "metric": "f1",
          "aggregation": "2class_adjusted_macro_f1_score_for_chabsa",
          "higher_is_better": true
        },
        {
          "metric": "f1_norm",
          "aggregation": "2class_adjusted_macro_f1_score_for_chabsa",
          "higher_is_better": true
        }
      ],
      "output_type": "multiple_choice",
      "repeats": 1,
      "should_decontaminate": false,
      "doc_to_decontamination_query": "sentence",
      "metadata": {
        "version": 1.0
      }
    },
    "cma_basics-1.0-0.1.2": {
      "task": "cma_basics-1.0-0.1.2",
      "dataset_path": "jlm_fin_eval/datasets/cma_basics/cma_basics.py",
      "dataset_name": "cma_basics",
      "test_split": "test",
      "doc_to_text": "def doc_to_text_01_2(doc):\n    q_doc_text = doc[\"question\"] + \"\\n\"\n    if doc[\"context\"] and doc[\"context\"] != \"\":\n        q_doc_text += doc[\"context\"] + \"\\n\"\n    choice_doc_text = []\n    for choice_id, choice_text in zip(doc[\"choices\"][\"id\"], doc[\"choices\"][\"text\"]):\n        choice_doc_text.append(chr(choice_id + 65) + \":\" + choice_text)\n    return f\"[問題]:{q_doc_text}[選択肢]:[{', '.join(choice_doc_text)}]\\n[答え]:\"\n",
      "doc_to_target": "def doc_to_target_alphabet(doc):\n    answer = chr(int(doc[\"answer\"]) + 65)\n    return answer\n",
      "doc_to_choice": "def doc_to_choices_alphabet(doc):\n    choices = [chr(choice_id + 65) for choice_id in doc[\"choices\"][\"id\"]]\n    return choices\n",
      "description": "[問題]に対する[答え]を[選択肢]の中からアルファベットで選んでください。\n\n\n",
      "target_delimiter": "",
      "fewshot_delimiter": "\n\n",
      "num_fewshot": 0,
      "metric_list": [
        {
          "metric": "acc",
          "aggregation": "mean",
          "higher_is_better": true
        },
        {
          "metric": "acc_norm",
          "aggregation": "mean",
          "higher_is_better": true
        },
        {
          "metric": "map",
          "aggregation": "mean",
          "higher_is_better": true
        },
        {
          "metric": "map_2",
          "aggregation": "mean",
          "higher_is_better": true
        },
        {
          "metric": "map_3",
          "aggregation": "mean",
          "higher_is_better": true
        },
        {
          "metric": "map_4",
          "aggregation": "mean",
          "higher_is_better": true
        },
        {
          "metric": "map_norm",
          "aggregation": "mean",
          "higher_is_better": true
        },
        {
          "metric": "map_2_norm",
          "aggregation": "mean",