{
  "results": {
    "security_sales_1-1.0-0.4": {
      "acc,none": 0.42105263157894735,
      "acc_stderr,none": 0.06597717584505354,
      "acc_norm,none": 0.42105263157894735,
      "acc_norm_stderr,none": 0.06597717584505354,
      "map,none": 0.6710526315789473,
      "map_stderr,none": 0.03899211963086684,
      "map_2,none": 0.6228070175438597,
      "map_2_stderr,none": 0.04892436645686707,
      "map_3,none": 0.6403508771929824,
      "map_3_stderr,none": 0.045850792923498,
      "map_4,none": 0.6710526315789473,
      "map_4_stderr,none": 0.03899211963086684,
      "map_norm,none": 0.6681286549707601,
      "map_norm_stderr,none": 0.039329348730519686,
      "map_2_norm,none": 0.6140350877192983,
      "map_2_norm_stderr,none": 0.05009005652299035,
      "map_3_norm,none": 0.6374269005847952,
      "map_3_norm_stderr,none": 0.046103160144078364,
      "map_4_norm,none": 0.6681286549707601,
      "map_4_norm_stderr,none": 0.039329348730519686,
      "alias": "security_sales_1-1.0-0.4"
    },
    "fp2-1.0-0.4": {
      "acc,none": 0.23578947368421052,
      "acc_stderr,none": 0.019497527582302405,
      "acc_norm,none": 0.23578947368421052,
      "acc_norm_stderr,none": 0.019497527582302405,
      "map,none": 0.5152631578947378,
      "map_stderr,none": 0.013061323008500537,
      "map_2,none": 0.3705263157894737,
      "map_2_stderr,none": 0.018706490674160414,
      "map_3,none": 0.45473684210526394,
      "map_3_stderr,none": 0.01620298942358167,
      "map_4,none": 0.5152631578947378,
      "map_4_stderr,none": 0.013061323008500537,
      "map_norm,none": 0.5152631578947378,
      "map_norm_stderr,none": 0.013061323008500537,
      "map_2_norm,none": 0.3705263157894737,
      "map_2_norm_stderr,none": 0.018706490674160414,
      "map_3_norm,none": 0.45473684210526394,
      "map_3_norm_stderr,none": 0.01620298942358167,
      "map_4_norm,none": 0.5152631578947378,
      "map_4_norm_stderr,none": 0.013061323008500537,
      "alias": "fp2-1.0-0.4"
    },
    "cpa_audit-1.0-0.4": {
      "acc,none": 0.13819095477386933,
      "acc_stderr,none": 0.01732008740419801,
      "acc_norm,none": 0.13316582914572864,
      "acc_norm_stderr,none": 0.0170517578589349,
      "map,none": 0.38530150753768805,
      "map_stderr,none": 0.013532498140774148,
      "map_2,none": 0.2185929648241206,
      "map_2_stderr,none": 0.01813808464753365,
      "map_3,none": 0.28475711892797295,
      "map_3_stderr,none": 0.01733940787990829,
      "map_4,none": 0.32056113902847544,
      "map_4_stderr,none": 0.016389331097160557,
      "map_norm,none": 0.3798576214405358,
      "map_norm_stderr,none": 0.013340705155373129,
      "map_2_norm,none": 0.20728643216080403,
      "map_2_norm_stderr,none": 0.01790391832599662,
      "map_3_norm,none": 0.27931323283082043,
      "map_3_norm_stderr,none": 0.017109749616177866,
      "map_4_norm,none": 0.3151172529313229,
      "map_4_norm_stderr,none": 0.01617654380955245,
      "alias": "cpa_audit-1.0-0.4"
    },
    "cma_basics-1.0-0.4": {
      "acc,none": 0.3157894736842105,
      "acc_stderr,none": 0.07641750223933595,
      "acc_norm,none": 0.2631578947368421,
      "acc_norm_stderr,none": 0.0723926637268818,
      "map,none": 0.5701754385964912,
      "map_stderr,none": 0.05014266786207055,
      "map_2,none": 0.4473684210526316,
      "map_2_stderr,none": 0.07002710734081143,
      "map_3,none": 0.517543859649123,
      "map_3_stderr,none": 0.06087628428600472,
      "map_4,none": 0.5701754385964912,
      "map_4_stderr,none": 0.05014266786207055,
      "map_norm,none": 0.5372807017543859,
      "map_norm_stderr,none": 0.047944282909247536,
      "map_2_norm,none": 0.40789473684210525,
      "map_2_norm_stderr,none": 0.06761340812294223,
      "map_3_norm,none": 0.47807017543859653,
      "map_3_norm_stderr,none": 0.05935851586507933,
      "map_4_norm,none": 0.5372807017543859,
      "map_4_norm_stderr,none": 0.047944282909247536,
      "alias": "cma_basics-1.0-0.4"
    },
    "chabsa-1.0-0.4": {
      "acc,none": 0.5611808882558591,
      "acc_stderr,none": 0.005647149750045239,
      "f1,none": 0.3594592352989964,
      "f1_stderr,none": "N/A",
      "acc_norm,none": 0.5611808882558591,
      "acc_norm_stderr,none": 0.005647149750045239,
      "f1_norm,none": 0.3594592352989964,
      "f1_norm_stderr,none": "N/A",
      "alias": "chabsa-1.0-0.4"
    }
  },
  "group_subtasks": {
    "chabsa-1.0-0.4": [],
    "cma_basics-1.0-0.4": [],
    "cpa_audit-1.0-0.4": [],
    "fp2-1.0-0.4": [],
    "security_sales_1-1.0-0.4": []
  },
  "configs": {
    "chabsa-1.0-0.4": {
      "task": "chabsa-1.0-0.4",
      "dataset_path": "jlm_fin_eval/datasets/chabsa/chabsa.py",
      "dataset_name": "chABSA",
      "test_split": "test",
      "doc_to_text": "センテンス: {{sentence}}<NL>ターゲット: {{target}}<NL>システム:",
      "doc_to_target": "{{polarity}}",
      "doc_to_choice": [
        "positive",
        "negative"
      ],
      "description": "ユーザー: センテンスにおける、ターゲットのセンチメントをpositiveかnegativeで答えてください。<NL>システム: 分かりました。<NL>",
      "target_delimiter": " ",
      "fewshot_delimiter": "<NL>",
      "num_fewshot": 0,
      "metric_list": [
        {
          "metric": "acc",
          "aggregation": "mean",
          "higher_is_better": true
        },
        {
          "metric": "acc_norm",
          "aggregation": "mean",
          "higher_is_better": true
        },
        {
          "metric": "f1",
          "aggregation": "2class_adjusted_macro_f1_score_for_chabsa",
          "higher_is_better": true
        },
        {
          "metric": "f1_norm",
          "aggregation": "2class_adjusted_macro_f1_score_for_chabsa",
          "higher_is_better": true
        }
      ],
      "output_type": "multiple_choice",
      "repeats": 1,
      "should_decontaminate": false,
      "doc_to_decontamination_query": "sentence",
      "metadata": {
        "version": 1.0
      }
    },
    "cma_basics-1.0-0.4": {
      "task": "cma_basics-1.0-0.4",
      "dataset_path": "jlm_fin_eval/datasets/cma_basics/cma_basics.py",
      "dataset_name": "cma_basics",
      "test_split": "test",
      "doc_to_text": "def doc_to_text_04(doc, SEP=\"<NL>\"):\n    q_doc_text = doc[\"question\"]\n    if doc[\"context\"] and doc[\"context\"] != \"\":\n        q_doc_text += \"\\n\" + doc[\"context\"]\n    choices = SEP.join([f\"- {choice}\" for choice in doc[\"choices\"][\"text\"]])\n    input_text = f\"質問：{q_doc_text}{SEP}\" + f\"選択肢：{SEP}{choices}\"\n    return f\"ユーザー: {input_text}{SEP}システム: \"\n",
      "doc_to_target": "def doc_to_target_01(doc):\n    return [\n        choice_text\n        for choice_id, choice_text in zip(doc[\"choices\"][\"id\"], doc[\"choices\"][\"text\"])\n        if choice_id == doc[\"answer\"]\n    ][0]\n",
      "doc_to_choice": "def doc_to_choices_01(doc):\n    choices = doc[\"choices\"][\"text\"]\n    return choices\n",
      "description": "ユーザー: 与えられた選択肢の中から、最適な答えを選んでください。<NL>システム: 分かりました。<NL>",
      "target_delimiter": "",
      "fewshot_delimiter": "<NL>",
      "num_fewshot": 0,
      "metric_list": [
        {
          "metric": "acc",
          "aggregation": "mean",
          "higher_is_better": true
        },
        {
          "metric": "acc_norm",
          "aggregation": "mean",
          "higher_is_better": true
        },
        {
          "metric": "map",
          "aggregation": "mean",
          "higher_is_better": true
        },
        {
          "metric": "map_2",
          "aggregation": "mean",
          "higher_is_better": true
        },
        {
          "metric": "map_3",
          "aggregation": "mean",
          "higher_is_better": true
        },
        {
          "metric": "map_4",
          "aggregation": "mean",
          "higher_is_better": true
        },
        {
          "metric": "map_norm",
          "aggregation": "mean",
          "higher_is_better": true
        },
        {
          "metric": "map_2_norm",
          "aggregation": "mean",