{
  "results": {
    "security_sales_1": {
      "acc,none": 0.42105263157894735,
      "acc_stderr,none": 0.06597717584505354,
      "acc_norm,none": 0.42105263157894735,
      "acc_norm_stderr,none": 0.06597717584505354,
      "map,none": 0.6725146198830408,
      "map_stderr,none": 0.03873677860356246,
      "map_2,none": 0.6228070175438597,
      "map_2_stderr,none": 0.04892436645686707,
      "map_3,none": 0.6461988304093567,
      "map_3_stderr,none": 0.044752128260274755,
      "map_4,none": 0.6725146198830408,
      "map_4_stderr,none": 0.03873677860356246,
      "map_norm,none": 0.6725146198830408,
      "map_norm_stderr,none": 0.03873677860356246,
      "map_2_norm,none": 0.6228070175438597,
      "map_2_norm_stderr,none": 0.04892436645686707,
      "map_3_norm,none": 0.6461988304093567,
      "map_3_norm_stderr,none": 0.044752128260274755,
      "map_4_norm,none": 0.6725146198830408,
      "map_4_norm_stderr,none": 0.03873677860356246,
      "alias": "security_sales_1"
    },
    "fp2": {
      "acc,none": 0.24,
      "acc_stderr,none": 0.019616577850947305,
      "acc_norm,none": 0.24,
      "acc_norm_stderr,none": 0.019616577850947305,
      "map,none": 0.513157894736843,
      "map_stderr,none": 0.013235024511609713,
      "map_2,none": 0.3642105263157895,
      "map_2_stderr,none": 0.018907723718092784,
      "map_3,none": 0.4484210526315797,
      "map_3_stderr,none": 0.01650303629864597,
      "map_4,none": 0.513157894736843,
      "map_4_stderr,none": 0.013235024511609713,
      "map_norm,none": 0.513157894736843,
      "map_norm_stderr,none": 0.013235024511609713,
      "map_2_norm,none": 0.3642105263157895,
      "map_2_norm_stderr,none": 0.018907723718092784,
      "map_3_norm,none": 0.4484210526315797,
      "map_3_norm_stderr,none": 0.01650303629864597,
      "map_4_norm,none": 0.513157894736843,
      "map_4_norm_stderr,none": 0.013235024511609713,
      "alias": "fp2"
    },
    "cpa_audit": {
      "acc,none": 0.1658291457286432,
      "acc_stderr,none": 0.01866649095365283,
      "acc_norm,none": 0.1658291457286432,
      "acc_norm_stderr,none": 0.01866649095365283,
      "map,none": 0.40414572864321613,
      "map_stderr,none": 0.014471336120377487,
      "map_2,none": 0.25251256281407036,
      "map_2_stderr,none": 0.019138120523180046,
      "map_3,none": 0.2985762144053599,
      "map_3_stderr,none": 0.018466229575726936,
      "map_4,none": 0.3381490787269679,
      "map_4_stderr,none": 0.017391174506805912,
      "map_norm,none": 0.40414572864321613,
      "map_norm_stderr,none": 0.014471336120377487,
      "map_2_norm,none": 0.25251256281407036,
      "map_2_norm_stderr,none": 0.019138120523180046,
      "map_3_norm,none": 0.2985762144053599,
      "map_3_norm_stderr,none": 0.018466229575726936,
      "map_4_norm,none": 0.3381490787269679,
      "map_4_norm_stderr,none": 0.017391174506805912,
      "alias": "cpa_audit"
    },
    "cma_basics": {
      "acc,none": 0.3157894736842105,
      "acc_stderr,none": 0.07641750223933595,
      "acc_norm,none": 0.3157894736842105,
      "acc_norm_stderr,none": 0.07641750223933595,
      "map,none": 0.5921052631578947,
      "map_stderr,none": 0.05026693736581684,
      "map_2,none": 0.47368421052631576,
      "map_2_stderr,none": 0.07042688475064171,
      "map_3,none": 0.5526315789473684,
      "map_3_stderr,none": 0.05900271735976144,
      "map_4,none": 0.5921052631578947,
      "map_4_stderr,none": 0.05026693736581684,
      "map_norm,none": 0.5921052631578947,
      "map_norm_stderr,none": 0.05026693736581684,
      "map_2_norm,none": 0.47368421052631576,
      "map_2_norm_stderr,none": 0.07042688475064171,
      "map_3_norm,none": 0.5526315789473684,
      "map_3_norm_stderr,none": 0.05900271735976144,
      "map_4_norm,none": 0.5921052631578947,
      "map_4_norm_stderr,none": 0.05026693736581684,
      "alias": "cma_basics"
    },
    "chabsa": {
      "acc,none": 0.5785316586818594,
      "acc_stderr,none": 0.005619286111517606,
      "f1,none": 0.40761419253583375,
      "f1_stderr,none": "N/A",
      "acc_norm,none": 0.5785316586818594,
      "acc_norm_stderr,none": 0.005619286111517606,
      "f1_norm,none": 0.40761419253583375,
      "f1_norm_stderr,none": "N/A",
      "alias": "chabsa"
    }
  },
  "group_subtasks": {
    "chabsa": [],
    "cma_basics": [],
    "cpa_audit": [],
    "fp2": [],
    "security_sales_1": []
  },
  "configs": {
    "chabsa": {
      "task": "chabsa",
      "dataset_path": "jlm_fin_eval/datasets/chabsa/chabsa.py",
      "dataset_name": "chABSA",
      "test_split": "test",
      "doc_to_text": "センテンス: {{sentence}}\nターゲット: {{target}}\n回答:",
      "doc_to_target": "{{polarity}}",
      "doc_to_choice": [
        "positive",
        "negative"
      ],
      "description": "以下のセンテンスにおける、ターゲットのセンチメントをpositiveかnegativeで答えてください。\n\n\n",
      "target_delimiter": " ",
      "fewshot_delimiter": "\n\n",
      "num_fewshot": 0,
      "metric_list": [
        {
          "metric": "acc",
          "aggregation": "mean",
          "higher_is_better": true
        },
        {
          "metric": "acc_norm",
          "aggregation": "mean",
          "higher_is_better": true
        },
        {
          "metric": "f1",
          "aggregation": "2class_adjusted_macro_f1_score_for_chabsa",
          "higher_is_better": true
        },
        {
          "metric": "f1_norm",
          "aggregation": "2class_adjusted_macro_f1_score_for_chabsa",
          "higher_is_better": true
        }
      ],
      "output_type": "multiple_choice",
      "repeats": 1,
      "should_decontaminate": false,
      "doc_to_decontamination_query": "sentence",
      "metadata": {
        "version": 1.0
      }
    },
    "cma_basics": {
      "task": "cma_basics",
      "dataset_path": "jlm_fin_eval/datasets/cma_basics/cma_basics.py",
      "dataset_name": "cma_basics",
      "test_split": "test",
      "doc_to_text": "def doc_to_text_00(doc):\n    doc_text = \"【問題】\\n\" + doc[\"question\"] + \"\\n\"\n    if doc[\"context\"] and doc[\"context\"] != \"\":\n        doc_text += doc[\"context\"] + \"\\n\"\n    doc_text += \"\\n【選択肢】\\n\"\n    for choice_id, choice_text in zip(doc[\"choices\"][\"id\"], doc[\"choices\"][\"text\"]):\n        doc_text += chr(choice_id + 65) + \": \" + choice_text + \"\\n\"\n    doc_text += \"\\n【答え】\\n\"\n    # doc_text += chr(int(doc[\"answer\"]) + 65)\n    return doc_text\n",
      "doc_to_target": "def doc_to_target_alphabet(doc):\n    answer = chr(int(doc[\"answer\"]) + 65)\n    return answer\n",
      "doc_to_choice": "def doc_to_choices_alphabet(doc):\n    choices = [chr(choice_id + 65) for choice_id in doc[\"choices\"][\"id\"]]\n    return choices\n",
      "description": "以下の問題の適切な答えを選択肢から選んでアルファベットで答えなさい。\n\n\n",
      "target_delimiter": "",
      "fewshot_delimiter": "\n\n",
      "num_fewshot": 0,
      "metric_list": [
        {
          "metric": "acc",
          "aggregation": "mean",
          "higher_is_better": true
        },
        {
          "metric": "acc_norm",
          "aggregation": "mean",
          "higher_is_better": true
        },
        {
          "metric": "map",
          "aggregation": "mean",
          "higher_is_better": true
        },
        {
          "metric": "map_2",
          "aggregation": "mean",
          "higher_is_better": true
        },
        {
          "metric": "map_3",
          "aggregation": "mean",
          "higher_is_better": true
        },
        {
          "metric": "map_4",
          "aggregation": "mean",
          "higher_is_better": true
        },
        {
          "metric": "map_norm",
          "aggregation": "mean",
          "higher_is_better": true
        },
        {
          "metric": "map_2_norm",
          "aggregation": "mean",
          "higher_is_better": true
        },
        {
          "metric": "map_3_norm",
          "aggregation": "mean",
          "higher_is_better": true
        },
        {
          "metric": "map_4_norm",