{
  "results": {
    "security_sales_1-1.0-0.6": {
      "acc,none": 0.40350877192982454,
      "acc_stderr,none": 0.06555933012294897,
      "acc_norm,none": 0.40350877192982454,
      "acc_norm_stderr,none": 0.06555933012294897,
      "map,none": 0.6695906432748536,
      "map_stderr,none": 0.03754492993683116,
      "map_2,none": 0.6228070175438597,
      "map_2_stderr,none": 0.047296427235001534,
      "map_3,none": 0.652046783625731,
      "map_3_stderr,none": 0.041777359596979424,
      "map_4,none": 0.6695906432748536,
      "map_4_stderr,none": 0.03754492993683116,
      "map_norm,none": 0.6593567251461989,
      "map_norm_stderr,none": 0.039151349552652814,
      "map_2_norm,none": 0.6140350877192983,
      "map_2_norm_stderr,none": 0.04850125934928228,
      "map_3_norm,none": 0.6198830409356726,
      "map_3_norm_stderr,none": 0.04752184894560458,
      "map_4_norm,none": 0.6593567251461989,
      "map_4_norm_stderr,none": 0.039151349552652814,
      "alias": "security_sales_1-1.0-0.6"
    },
    "fp2-1.0-0.6": {
      "acc,none": 0.24421052631578946,
      "acc_stderr,none": 0.019733014655901635,
      "acc_norm,none": 0.24421052631578946,
      "acc_norm_stderr,none": 0.019733014655901635,
      "map,none": 0.5163157894736852,
      "map_stderr,none": 0.013276480940981066,
      "map_2,none": 0.3663157894736842,
      "map_2_stderr,none": 0.018997884641127002,
      "map_3,none": 0.45473684210526394,
      "map_3_stderr,none": 0.016429830756477366,
      "map_4,none": 0.5163157894736852,
      "map_4_stderr,none": 0.013276480940981066,
      "map_norm,none": 0.5163157894736852,
      "map_norm_stderr,none": 0.013276480940981066,
      "map_2_norm,none": 0.3663157894736842,
      "map_2_norm_stderr,none": 0.018997884641127002,
      "map_3_norm,none": 0.45473684210526394,
      "map_3_norm_stderr,none": 0.016429830756477366,
      "map_4_norm,none": 0.5163157894736852,
      "map_4_norm_stderr,none": 0.013276480940981066,
      "alias": "fp2-1.0-0.6"
    },
    "cpa_audit-1.0-0.6": {
      "acc,none": 0.12060301507537688,
      "acc_stderr,none": 0.01634467597786587,
      "acc_norm,none": 0.12060301507537688,
      "acc_norm_stderr,none": 0.01634467597786587,
      "map,none": 0.36821608040201,
      "map_stderr,none": 0.01294557065512811,
      "map_2,none": 0.1984924623115578,
      "map_2_stderr,none": 0.0173965804204401,
      "map_3,none": 0.2529313232830819,
      "map_3_stderr,none": 0.016924768443530195,
      "map_4,none": 0.3025544388609712,
      "map_4_stderr,none": 0.01575638018818685,
      "map_norm,none": 0.36821608040201,
      "map_norm_stderr,none": 0.01294557065512811,
      "map_2_norm,none": 0.1984924623115578,
      "map_2_norm_stderr,none": 0.0173965804204401,
      "map_3_norm,none": 0.2529313232830819,
      "map_3_norm_stderr,none": 0.016924768443530195,
      "map_4_norm,none": 0.3025544388609712,
      "map_4_norm_stderr,none": 0.01575638018818685,
      "alias": "cpa_audit-1.0-0.6"
    },
    "cma_basics-1.0-0.6": {
      "acc,none": 0.2631578947368421,
      "acc_stderr,none": 0.0723926637268818,
      "acc_norm,none": 0.15789473684210525,
      "acc_norm_stderr,none": 0.05994682078436837,
      "map,none": 0.5394736842105262,
      "map_stderr,none": 0.04763831754475772,
      "map_2,none": 0.40789473684210525,
      "map_2_stderr,none": 0.06761340812294223,
      "map_3,none": 0.4868421052631578,
      "map_3_stderr,none": 0.05808355347211886,
      "map_4,none": 0.5394736842105262,
      "map_4_stderr,none": 0.04763831754475772,
      "map_norm,none": 0.48026315789473695,
      "map_norm_stderr,none": 0.04079023844860396,
      "map_2_norm,none": 0.35526315789473684,
      "map_2_norm_stderr,none": 0.05935851586507933,
      "map_3_norm,none": 0.4078947368421053,
      "map_3_norm_stderr,none": 0.05396312321267471,
      "map_4_norm,none": 0.48026315789473695,
      "map_4_norm_stderr,none": 0.04079023844860396,
      "alias": "cma_basics-1.0-0.6"
    },
    "chabsa-1.0-0.6": {
      "acc,none": 0.5614398549786352,
      "acc_stderr,none": 0.005646785639875813,
      "f1,none": 0.3601572376210059,
      "f1_stderr,none": "N/A",
      "acc_norm,none": 0.5614398549786352,
      "acc_norm_stderr,none": 0.005646785639875813,
      "f1_norm,none": 0.3601572376210059,
      "f1_norm_stderr,none": "N/A",
      "alias": "chabsa-1.0-0.6"
    }
  },
  "group_subtasks": {
    "chabsa-1.0-0.6": [],
    "cma_basics-1.0-0.6": [],
    "cpa_audit-1.0-0.6": [],
    "fp2-1.0-0.6": [],
    "security_sales_1-1.0-0.6": []
  },
  "configs": {
    "chabsa-1.0-0.6": {
      "task": "chabsa-1.0-0.6",
      "dataset_path": "jlm_fin_eval/datasets/chabsa/chabsa.py",
      "dataset_name": "chABSA",
      "test_split": "test",
      "doc_to_text": "与えられたセンテンスにおける、ターゲットのセンチメントをpositiveかnegativeで答えてください。\n\nセンテンス: {{sentence}}\nターゲット: {{target}} [/INST]",
      "doc_to_target": "{{polarity}}",
      "doc_to_choice": [
        "positive",
        "negative"
      ],
      "description": "<s>[INST] <<SYS>>\nYou are a helpful, respectful and honest assistant. Always answer as helpfully as possible, while being safe. Your answers should not include any harmful, unethical, racist, sexist, toxic, dangerous, or illegal content. Please ensure that your responses are socially unbiased and positive in nature.\n\nIf a question does not make any sense, or is not factually coherent, explain why instead of answering something not correct. If you don't know the answer to a question, please don't share false information.\n<</SYS>>\n\n\n",
      "target_delimiter": " ",
      "fewshot_delimiter": " </s><s>[INST] ",
      "num_fewshot": 0,
      "metric_list": [
        {
          "metric": "acc",
          "aggregation": "mean",
          "higher_is_better": true
        },
        {
          "metric": "acc_norm",
          "aggregation": "mean",
          "higher_is_better": true
        },
        {
          "metric": "f1",
          "aggregation": "2class_adjusted_macro_f1_score_for_chabsa",
          "higher_is_better": true
        },
        {
          "metric": "f1_norm",
          "aggregation": "2class_adjusted_macro_f1_score_for_chabsa",
          "higher_is_better": true
        }
      ],
      "output_type": "multiple_choice",
      "repeats": 1,
      "should_decontaminate": false,
      "doc_to_decontamination_query": "sentence",
      "metadata": {
        "version": 1.0
      }
    },
    "cma_basics-1.0-0.6": {
      "task": "cma_basics-1.0-0.6",
      "dataset_path": "jlm_fin_eval/datasets/cma_basics/cma_basics.py",
      "dataset_name": "cma_basics",
      "test_split": "test",
      "doc_to_text": "def doc_to_text_06(doc):\n    INSTRUCTION = \"与えられた選択肢の中から、最適な答えを選んでください。\"\n    q_doc_text = doc[\"question\"]\n    if doc[\"context\"] and doc[\"context\"] != \"\":\n        q_doc_text += \"\\n\" + doc[\"context\"]\n    choices = \"\\n\".join([f\"- {choice}\" for choice in doc[\"choices\"][\"text\"]])\n    input_text = f\"質問：{q_doc_text}\" + f\"出力は以下から選択してください：\\n{choices}\"\n    return f\"{INSTRUCTION}\\n\\n{input_text} [/INST] \"\n",
      "doc_to_target": "def doc_to_target_01(doc):\n    return [\n        choice_text\n        for choice_id, choice_text in zip(doc[\"choices\"][\"id\"], doc[\"choices\"][\"text\"])\n        if choice_id == doc[\"answer\"]\n    ][0]\n",
      "doc_to_choice": "def doc_to_choices_01(doc):\n    choices = doc[\"choices\"][\"text\"]\n    return choices\n",