{
  "results": {
    "security_sales_1-1.0-0.1": {
      "acc": 0.5087719298245614,
      "acc_stderr": 0.06680502724442024,
      "map": 0.7280701754385965,
      "map_stderr": 0.03786581963136308,
      "map_2": 0.6842105263157895,
      "map_2_stderr": 0.047873938583691884,
      "map_3": 0.7192982456140351,
      "map_3_stderr": 0.04026633837859557,
      "map_4": 0.7280701754385965,
      "map_4_stderr": 0.03786581963136308
    },
    "cpa_audit-1.0-0.1": {
      "acc": 0.1457286432160804,
      "acc_stderr": 0.017708229011297996,
      "map": 0.3887353433835841,
      "map_stderr": 0.013661517314990207,
      "map_2": 0.2236180904522613,
      "map_2_stderr": 0.018331679304415826,
      "map_3": 0.2788944723618088,
      "map_3_stderr": 0.017677521293077317,
      "map_4": 0.32474874371859275,
      "map_4_stderr": 0.016481755989390546
    },
    "chabsa-1.0-0.2": {
      "acc": 0.7450472614269067,
      "f1": 0.4870410805780862
    },
    "cma_basics-1.0-0.2.1": {
      "acc": 0.34210526315789475,
      "acc_stderr": 0.07799328662681833,
      "map": 0.594298245614035,
      "map_stderr": 0.049910130693072104,
      "map_2": 0.47368421052631576,
      "map_2_stderr": 0.07042688475064171,
      "map_3": 0.5614035087719298,
      "map_3_stderr": 0.057412825401727555,
      "map_4": 0.594298245614035,
      "map_4_stderr": 0.049910130693072104
    },
    "fp2-1.0-0.4": {
      "acc": 0.2505263157894737,
      "acc_stderr": 0.019902869674481148,
      "map": 0.5273684210526325,
      "map_stderr": 0.013297343809969824,
      "map_2": 0.38842105263157894,
      "map_2_stderr": 0.01891884743626209,
      "map_3": 0.4684210526315796,
      "map_3_stderr": 0.01641849193569035,
      "map_4": 0.5273684210526325,
      "map_4_stderr": 0.013297343809969824
    }
  },
  "versions": {
    "security_sales_1-1.0-0.1": 1.0,
    "cpa_audit-1.0-0.1": 1.0,
    "chabsa-1.0-0.2": 1.0,
    "cma_basics-1.0-0.2.1": 1.0,
    "fp2-1.0-0.4": 1.0
  },
  "config": {
    "model": "hf",
    "model_args": "pretrained=rinna/youri-7b,load_in_8bit=True",
    "num_fewshot": [
      0,
      0,
      0,
      0,
      0
    ],
    "batch_size": null,
    "device": "cuda",
    "no_cache": false,
    "limit": null,
    "bootstrap_iters": 100000,
    "description_dict": {}
  }
}