{
  "results": {
    "chabsa-1.0-0.1": {
      "acc": 0.8662436876861324,
      "f1": 0.8781375223332344
    },
    "cma_basics-1.0-0.2.1": {
      "acc": 0.34210526315789475,
      "acc_stderr": 0.07799328662681834,
      "map": 0.6052631578947368,
      "map_stderr": 0.04865873386682803,
      "map_2": 0.5,
      "map_2_stderr": 0.06799297093618066,
      "map_3": 0.5789473684210528,
      "map_3_stderr": 0.055064670983914404,
      "map_4": 0.6052631578947368,
      "map_4_stderr": 0.04865873386682803
    },
    "cpa_audit": {
      "acc": 0.19597989949748743,
      "acc_stderr": 0.019922505943002544,
      "map": 0.42855946398659966,
      "map_stderr": 0.015015256940937144,
      "map_2": 0.27386934673366836,
      "map_2_stderr": 0.01999142905945793,
      "map_3": 0.3274706867671689,
      "map_3_stderr": 0.019064942991990873,
      "map_4": 0.3714405360134002,
      "map_4_stderr": 0.017713067482056175
    },
    "fp2-1.0-0.1.2": {
      "acc": 0.28210526315789475,
      "acc_stderr": 0.02067030135061237,
      "map": 0.5438596491228078,
      "map_stderr": 0.013683342131804187,
      "map_2": 0.4073684210526316,
      "map_2_stderr": 0.01936410943715448,
      "map_3": 0.4880701754385974,
      "map_3_stderr": 0.01671126727519448,
      "map_4": 0.5438596491228078,
      "map_4_stderr": 0.013683342131804187
    },
    "security_sales_1-1.0-0.1.2": {
      "acc": 0.47368421052631576,
      "acc_stderr": 0.06672270432067239,
      "map": 0.7046783625730993,
      "map_stderr": 0.038579795001432646,
      "map_2": 0.6578947368421053,
      "map_2_stderr": 0.04872737367223958,
      "map_3": 0.6871345029239766,
      "map_3_stderr": 0.04296639826438862,
      "map_4": 0.7046783625730993,
      "map_4_stderr": 0.038579795001432646
    }
  },
  "versions": {
    "chabsa-1.0-0.1": 1.0,
    "cma_basics-1.0-0.2.1": 1.0,
    "cpa_audit": 1.0,
    "fp2-1.0-0.1.2": 1.0,
    "security_sales_1-1.0-0.1.2": 1.0
  },
  "config": {
    "model": "hf-causal-experimental",
    "model_args": "pretrained=lmsys/vicuna-33b-v1.3,use_accelerate=True,device_map_option=auto",
    "num_fewshot": [
      4,
      4,
      4,
      3,
      2
    ],
    "batch_size": null,
    "device": null,
    "no_cache": true,
    "limit": null,
    "bootstrap_iters": 100000,
    "description_dict": {}
  }
}