{
  "results": {
    "security_sales_1-1.0-0.2.1": {
      "acc,none": 0.45614035087719296,
      "acc_stderr,none": 0.0665577530069649,
      "acc_norm,none": 0.47368421052631576,
      "acc_norm_stderr,none": 0.06672270432067237,
      "map,none": 0.7017543859649122,
      "map_stderr,none": 0.037601816226934724,
      "map_2,none": 0.6666666666666666,
      "map_2_stderr,none": 0.045700708092256785,
      "map_3,none": 0.6842105263157895,
      "map_3_stderr,none": 0.04206869757291858,
      "map_4,none": 0.7017543859649122,
      "map_4_stderr,none": 0.037601816226934724,
      "map_norm,none": 0.7105263157894737,
      "map_norm_stderr,none": 0.03778408494517234,
      "map_2_norm,none": 0.6754385964912281,
      "map_2_norm_stderr,none": 0.04597050799129106,
      "map_3_norm,none": 0.6929824561403509,
      "map_3_norm_stderr,none": 0.04229671386400421,
      "map_4_norm,none": 0.7105263157894737,
      "map_4_norm_stderr,none": 0.03778408494517234,
      "alias": "security_sales_1-1.0-0.2.1"
    },
    "fp2-1.0-0.2.1": {
      "acc,none": 0.23789473684210527,
      "acc_stderr,none": 0.019557382357921756,
      "acc_norm,none": 0.23789473684210527,
      "acc_norm_stderr,none": 0.019557382357921756,
      "map,none": 0.5110526315789483,
      "map_stderr,none": 0.013232095172887202,
      "map_2,none": 0.3631578947368421,
      "map_2_stderr,none": 0.0188622957513711,
      "map_3,none": 0.4431578947368429,
      "map_3_stderr,none": 0.016611981771374247,
      "map_4,none": 0.5110526315789483,
      "map_4_stderr,none": 0.013232095172887202,
      "map_norm,none": 0.5110526315789483,
      "map_norm_stderr,none": 0.013232095172887202,
      "map_2_norm,none": 0.3631578947368421,
      "map_2_norm_stderr,none": 0.0188622957513711,
      "map_3_norm,none": 0.4431578947368429,
      "map_3_norm_stderr,none": 0.016611981771374247,
      "map_4_norm,none": 0.5110526315789483,
      "map_4_norm_stderr,none": 0.013232095172887202,
      "alias": "fp2-1.0-0.2.1"
    },
    "cpa_audit-1.0-0.2.1": {
      "acc,none": 0.13819095477386933,
      "acc_stderr,none": 0.01732008740419801,
      "acc_norm,none": 0.13819095477386933,
      "acc_norm_stderr,none": 0.01732008740419801,
      "map,none": 0.3847152428810718,
      "map_stderr,none": 0.01351161924050624,
      "map_2,none": 0.2185929648241206,
      "map_2_stderr,none": 0.01813808464753365,
      "map_3,none": 0.27470686767169156,
      "map_3_stderr,none": 0.017503704605042036,
      "map_4,none": 0.3230737018425458,
      "map_4_stderr,none": 0.01624836250629533,
      "map_norm,none": 0.38417085427135644,
      "map_norm_stderr,none": 0.013522591738320244,
      "map_2_norm,none": 0.2185929648241206,
      "map_2_norm_stderr,none": 0.01813808464753365,
      "map_3_norm,none": 0.27303182579564467,
      "map_3_norm_stderr,none": 0.017529526648325605,
      "map_4_norm,none": 0.3220268006700165,
      "map_4_norm_stderr,none": 0.016269590412399025,
      "alias": "cpa_audit-1.0-0.2.1"
    },
    "cma_basics-1.0-0.2.1": {
      "acc,none": 0.2894736842105263,
      "acc_stderr,none": 0.07455791696866067,
      "acc_norm,none": 0.2631578947368421,
      "acc_norm_stderr,none": 0.0723926637268818,
      "map,none": 0.5460526315789473,
      "map_stderr,none": 0.05006094835371798,
      "map_2,none": 0.42105263157894735,
      "map_2_stderr,none": 0.0693556909988199,
      "map_3,none": 0.47368421052631576,
      "map_3_stderr,none": 0.06333742462312267,
      "map_4,none": 0.5460526315789473,
      "map_4_stderr,none": 0.05006094835371798,
      "map_norm,none": 0.5394736842105262,
      "map_norm_stderr,none": 0.047326254874426946,
      "map_2_norm,none": 0.39473684210526316,
      "map_2_norm_stderr,none": 0.06840463748816268,
      "map_3_norm,none": 0.4999999999999999,
      "map_3_norm_stderr,none": 0.05551602829650975,
      "map_4_norm,none": 0.5394736842105262,
      "map_4_norm_stderr,none": 0.047326254874426946,
      "alias": "cma_basics-1.0-0.2.1"
    },
    "chabsa-1.0-0.2": {
      "acc,none": 0.6726660624109801,
      "acc_stderr,none": 0.005339866226285273,
      "f1,none": 0.6537492430029876,
      "f1_stderr,none": "N/A",
      "acc_norm,none": 0.6726660624109801,
      "acc_norm_stderr,none": 0.005339866226285273,
      "f1_norm,none": 0.6537492430029876,
      "f1_norm_stderr,none": "N/A",
      "alias": "chabsa-1.0-0.2"
    }
  },
  "group_subtasks": {
    "chabsa-1.0-0.2": [],
    "cma_basics-1.0-0.2.1": [],
    "cpa_audit-1.0-0.2.1": [],
    "fp2-1.0-0.2.1": [],
    "security_sales_1-1.0-0.2.1": []
  },
  "configs": {
    "chabsa-1.0-0.2": {
      "task": "chabsa-1.0-0.2",
      "dataset_path": "jlm_fin_eval/datasets/chabsa/chabsa.py",
      "dataset_name": "chABSA",
      "test_split": "test",
      "doc_to_text": "センテンス: {{sentence}}\nターゲット: {{target}}\n回答:",
      "doc_to_target": "{{polarity}}",
      "doc_to_choice": [
        "positive",
        "negative"
      ],
      "description": "センテンスとターゲットを入力として受け取り、ターゲットに関するセンチメントをpositiveかnegativeから選択してください。\n\n\n",
      "target_delimiter": " ",
      "fewshot_delimiter": "\n\n",
      "num_fewshot": 0,
      "metric_list": [
        {
          "metric": "acc",
          "aggregation": "mean",
          "higher_is_better": true
        },
        {
          "metric": "acc_norm",
          "aggregation": "mean",
          "higher_is_better": true
        },
        {
          "metric": "f1",
          "aggregation": "2class_adjusted_macro_f1_score_for_chabsa",
          "higher_is_better": true
        },
        {
          "metric": "f1_norm",
          "aggregation": "2class_adjusted_macro_f1_score_for_chabsa",
          "higher_is_better": true
        }
      ],
      "output_type": "multiple_choice",
      "repeats": 1,
      "should_decontaminate": false,
      "doc_to_decontamination_query": "sentence",
      "metadata": {
        "version": 1.0
      }
    },
    "cma_basics-1.0-0.2.1": {
      "task": "cma_basics-1.0-0.2.1",
      "dataset_path": "jlm_fin_eval/datasets/cma_basics/cma_basics.py",
      "dataset_name": "cma_basics",
      "test_split": "test",
      "doc_to_text": "def doc_to_text_02_1(doc):\n    q_doc_text = doc[\"question\"] + \"\\n\"\n    if doc[\"context\"] and doc[\"context\"] != \"\":\n        q_doc_text += doc[\"context\"] + \"\\n\"\n    choices = \"\\n\".join([f\"- {choice}\" for choice in doc[\"choices\"][\"text\"]])\n    return f\"質問:{q_doc_text}選択肢:\\n{choices}\\n回答:\"\n",
      "doc_to_target": "def doc_to_target_01(doc):\n    return [\n        choice_text\n        for choice_id, choice_text in zip(doc[\"choices\"][\"id\"], doc[\"choices\"][\"text\"])\n        if choice_id == doc[\"answer\"]\n    ][0]\n",
      "doc_to_choice": "def doc_to_choices_01(doc):\n    choices = doc[\"choices\"][\"text\"]\n    return choices\n",
      "description": "与えられた選択肢の中から、最適な答えを選んでください。\n\n\n",
      "target_delimiter": "",
      "fewshot_delimiter": "\n\n",
      "num_fewshot": 0,
      "metric_list": [
        {
          "metric": "acc",
          "aggregation": "mean",
          "higher_is_better": true
        },
        {
          "metric": "acc_norm",
          "aggregation": "mean",
          "higher_is_better": true
        },
        {
          "metric": "map",
          "aggregation": "mean",
          "higher_is_better": true
        },
        {
          "metric": "map_2",
          "aggregation": "mean",
          "higher_is_better": true
        },
        {
          "metric": "map_3",
          "aggregation": "mean",
          "higher_is_better": true
        },
        {
          "metric": "map_4",
          "aggregation": "mean",
          "higher_is_better": true
        },
        {
          "metric": "map_norm",
          "aggregation": "mean",
          "higher_is_better": true
        },
        {
          "metric": "map_2_norm",
          "aggregation": "mean",
          "higher_is_better": true
        },
        {
          "metric": "map_3_norm",