{
  "results": {
    "chabsa-1.0-0.1": {
      "acc": 0.9120807976175062,
      "f1": 0.9252459396434084
    },
    "cma_basics-1.0-0.1.2": {
      "acc": 0.7894736842105263,
      "acc_stderr": 0.06702258315442246,
      "map": 0.8728070175438596,
      "map_stderr": 0.041307943974883445,
      "map_2": 0.8421052631578947,
      "map_2_stderr": 0.053687836320812574,
      "map_3": 0.8596491228070174,
      "map_3_stderr": 0.047260294905265905,
      "map_4": 0.8728070175438596,
      "map_4_stderr": 0.041307943974883445
    },
    "cpa_audit": {
      "acc": 0.2989949748743719,
      "acc_stderr": 0.02297720806284651,
      "map": 0.516373534338358,
      "map_stderr": 0.016655950383829252,
      "map_2": 0.3869346733668342,
      "map_2_stderr": 0.02206279009939671,
      "map_3": 0.4329983249581242,
      "map_3_stderr": 0.02074383919554204,
      "map_4": 0.4801088777219434,
      "map_4_stderr": 0.01875148883254844
    },
    "fp2-1.0-0.1": {
      "acc": 0.28421052631578947,
      "acc_stderr": 0.02071684240349087,
      "map": 0.5754385964912287,
      "map_stderr": 0.01291130245210514,
      "map_2": 0.4726315789473684,
      "map_2_stderr": 0.018085617010323046,
      "map_3": 0.5449122807017552,
      "map_3_stderr": 0.014924933561715838,
      "map_4": 0.5754385964912287,
      "map_4_stderr": 0.01291130245210514
    },
    "security_sales_1": {
      "acc": 0.5964912280701754,
      "acc_stderr": 0.06555933012294904,
      "map": 0.7865497076023392,
      "map_stderr": 0.03527756874857792,
      "map_2": 0.7719298245614035,
      "map_2_stderr": 0.03971660148305885,
      "map_3": 0.7777777777777778,
      "map_3_stderr": 0.03808392341021403,
      "map_4": 0.7865497076023392,
      "map_4_stderr": 0.03527756874857792
    }
  },
  "versions": {
    "chabsa-1.0-0.1": 1.0,
    "cma_basics-1.0-0.1.2": 1.0,
    "cpa_audit": 1.0,
    "fp2-1.0-0.1": 1.0,
    "security_sales_1": 1.0
  },
  "config": {
    "model": "hf-causal-experimental",
    "model_args": "pretrained=Qwen/Qwen-72B-Chat,trust_remote_code=True,use_accelerate=True,device_map_option=auto",
    "num_fewshot": [
      3,
      3,
      0,
      4,
      0
    ],
    "batch_size": null,
    "device": null,
    "no_cache": true,
    "limit": null,
    "bootstrap_iters": 100000,
    "description_dict": {}
  }
}