{
  "results": {
    "security_sales_1-1.0-0.3": {
      "acc,none": 0.42105263157894735,
      "acc_stderr,none": 0.06597717584505354,
      "acc_norm,none": 0.42105263157894735,
      "acc_norm_stderr,none": 0.06597717584505354,
      "map,none": 0.6754385964912281,
      "map_stderr,none": 0.038217983397029004,
      "map_2,none": 0.6228070175438597,
      "map_2_stderr,none": 0.04892436645686707,
      "map_3,none": 0.6578947368421053,
      "map_3_stderr,none": 0.042426458689800016,
      "map_4,none": 0.6754385964912281,
      "map_4_stderr,none": 0.038217983397029004,
      "map_norm,none": 0.6739766081871345,
      "map_norm_stderr,none": 0.03847875132837168,
      "map_2_norm,none": 0.6228070175438597,
      "map_2_norm_stderr,none": 0.04892436645686707,
      "map_3_norm,none": 0.652046783625731,
      "map_3_norm_stderr,none": 0.04361180320630362,
      "map_4_norm,none": 0.6739766081871345,
      "map_4_norm_stderr,none": 0.03847875132837168,
      "alias": "security_sales_1-1.0-0.3"
    },
    "fp2-1.0-0.3": {
      "acc,none": 0.23578947368421052,
      "acc_stderr,none": 0.019497527582302412,
      "acc_norm,none": 0.23578947368421052,
      "acc_norm_stderr,none": 0.019497527582302412,
      "map,none": 0.517192982456141,
      "map_stderr,none": 0.013055082323412638,
      "map_2,none": 0.38,
      "map_2_stderr,none": 0.01857217287104878,
      "map_3,none": 0.45298245614035143,
      "map_3_stderr,none": 0.01637051975307496,
      "map_4,none": 0.517192982456141,
      "map_4_stderr,none": 0.013055082323412638,
      "map_norm,none": 0.517192982456141,
      "map_norm_stderr,none": 0.013055082323412638,
      "map_2_norm,none": 0.38,
      "map_2_norm_stderr,none": 0.01857217287104878,
      "map_3_norm,none": 0.45298245614035143,
      "map_3_norm_stderr,none": 0.01637051975307496,
      "map_4_norm,none": 0.517192982456141,
      "map_4_norm_stderr,none": 0.013055082323412638,
      "alias": "fp2-1.0-0.3"
    },
    "cpa_audit-1.0-0.3": {
      "acc,none": 0.13819095477386933,
      "acc_stderr,none": 0.01732008740419801,
      "acc_norm,none": 0.13316582914572864,
      "acc_norm_stderr,none": 0.017051757858934903,
      "map,none": 0.3761725293132324,
      "map_stderr,none": 0.013596915811927441,
      "map_2,none": 0.20854271356783918,
      "map_2_stderr,none": 0.01808716446431653,
      "map_3,none": 0.25711892797319913,
      "map_3_stderr,none": 0.01763388958103753,
      "map_4,none": 0.30925460636515884,
      "map_4_stderr,none": 0.01641360970581678,
      "map_norm,none": 0.37102177554438814,
      "map_norm_stderr,none": 0.0134299589697799,
      "map_2_norm,none": 0.20100502512562815,
      "map_2_norm_stderr,none": 0.01786334968559175,
      "map_3_norm,none": 0.251256281407035,
      "map_3_norm_stderr,none": 0.017436905110219874,
      "map_4_norm,none": 0.30276381909547706,
      "map_4_norm_stderr,none": 0.01626657652213814,
      "alias": "cpa_audit-1.0-0.3"
    },
    "cma_basics-1.0-0.3": {
      "acc,none": 0.2631578947368421,
      "acc_stderr,none": 0.0723926637268818,
      "acc_norm,none": 0.23684210526315788,
      "acc_norm_stderr,none": 0.06989334006042333,
      "map,none": 0.5328947368421053,
      "map_stderr,none": 0.04792801406490088,
      "map_2,none": 0.3815789473684211,
      "map_2_stderr,none": 0.06911915445746264,
      "map_3,none": 0.4868421052631579,
      "map_3_stderr,none": 0.0570540059217991,
      "map_4,none": 0.5328947368421053,
      "map_4_stderr,none": 0.04792801406490088,
      "map_norm,none": 0.5307017543859649,
      "map_norm_stderr,none": 0.04569989548353704,
      "map_2_norm,none": 0.40789473684210525,
      "map_2_norm_stderr,none": 0.06493037949471836,
      "map_3_norm,none": 0.4780701754385964,
      "map_3_norm_stderr,none": 0.05628334237617261,
      "map_4_norm,none": 0.5307017543859649,
      "map_4_norm_stderr,none": 0.04569989548353704,
      "alias": "cma_basics-1.0-0.3"
    },
    "chabsa-1.0-0.3": {
      "acc,none": 0.5983426129742329,
      "acc_stderr,none": 0.005578763457873607,
      "f1,none": 0.47314310896813727,
      "f1_stderr,none": "N/A",
      "acc_norm,none": 0.5983426129742329,
      "acc_norm_stderr,none": 0.005578763457873607,
      "f1_norm,none": 0.47314310896813727,
      "f1_norm_stderr,none": "N/A",
      "alias": "chabsa-1.0-0.3"
    }
  },
  "group_subtasks": {
    "chabsa-1.0-0.3": [],
    "cma_basics-1.0-0.3": [],
    "cpa_audit-1.0-0.3": [],
    "fp2-1.0-0.3": [],
    "security_sales_1-1.0-0.3": []
  },
  "configs": {
    "chabsa-1.0-0.3": {
      "task": "chabsa-1.0-0.3",
      "dataset_path": "jlm_fin_eval/datasets/chabsa/chabsa.py",
      "dataset_name": "chABSA",
      "test_split": "test",
      "doc_to_text": "### 入力:\nセンテンス:{{sentence}}\nターゲット:{{target}}\n\n### 応答:\n\n",
      "doc_to_target": "{{polarity}}",
      "doc_to_choice": [
        "positive",
        "negative"
      ],
      "description": "以下は、タスクを説明する指示と、文脈のある入力の組み合わせです。要求を適切に満たす応答を書きなさい。\n\n### 指示:\n以下のセンテンスにおける、ターゲットのセンチメントをpositiveかnegativeで答えてください。\n\n\n",
      "target_delimiter": "",
      "fewshot_delimiter": "\n\n",
      "num_fewshot": 0,
      "metric_list": [
        {
          "metric": "acc",
          "aggregation": "mean",
          "higher_is_better": true
        },
        {
          "metric": "acc_norm",
          "aggregation": "mean",
          "higher_is_better": true
        },
        {
          "metric": "f1",
          "aggregation": "2class_adjusted_macro_f1_score_for_chabsa",
          "higher_is_better": true
        },
        {
          "metric": "f1_norm",
          "aggregation": "2class_adjusted_macro_f1_score_for_chabsa",
          "higher_is_better": true
        }
      ],
      "output_type": "multiple_choice",
      "repeats": 1,
      "should_decontaminate": false,
      "doc_to_decontamination_query": "sentence",
      "metadata": {
        "version": 1.0
      }
    },
    "cma_basics-1.0-0.3": {
      "task": "cma_basics-1.0-0.3",
      "dataset_path": "jlm_fin_eval/datasets/cma_basics/cma_basics.py",
      "dataset_name": "cma_basics",
      "test_split": "test",
      "doc_to_text": "def doc_to_text_03(doc):\n    q_doc_text = doc[\"question\"] + \"\\n\"\n    if doc[\"context\"] and doc[\"context\"] != \"\":\n        q_doc_text += doc[\"context\"] + \"\\n\"\n    choices = \"\\n\".join([f\"- {choice}\" for choice in doc[\"choices\"][\"text\"]])\n    input_text = f\"{q_doc_text}\" + f\"出力は以下から選択してください：\\n{choices}\"\n    return f\"### 入力:\\n{input_text}\\n\\n### 応答:\\n\"\n",
      "doc_to_target": "def doc_to_target_01(doc):\n    return [\n        choice_text\n        for choice_id, choice_text in zip(doc[\"choices\"][\"id\"], doc[\"choices\"][\"text\"])\n        if choice_id == doc[\"answer\"]\n    ][0]\n",
      "doc_to_choice": "def doc_to_choices_01(doc):\n    choices = doc[\"choices\"][\"text\"]\n    return choices\n",
      "description": "以下は、タスクを説明する指示と、文脈のある入力の組み合わせです。要求を適切に満たす応答を書きなさい。\n\n### 指示:\n与えられた選択肢の中から、最適な答えを選んでください。\n\n\n",
      "target_delimiter": "",
      "fewshot_delimiter": "\n\n",
      "num_fewshot": 0,
      "metric_list": [
        {
          "metric": "acc",
          "aggregation": "mean",
          "higher_is_better": true
        },
        {
          "metric": "acc_norm",
          "aggregation": "mean",
          "higher_is_better": true
        },
        {
          "metric": "map",
          "aggregation": "mean",
          "higher_is_better": true
        },
        {
          "metric": "map_2",
          "aggregation": "mean",
          "higher_is_better": true
        },
        {
          "metric": "map_3",
          "aggregation": "mean",
          "higher_is_better": true
        },
        {
          "metric": "map_4",
          "aggregation": "mean",
          "higher_is_better": true
        },
        {
          "metric": "map_norm",
          "aggregation": "mean",
          "higher_is_better": true
        },
        {
          "metric": "map_2_norm",