{
  "results": {
    "security_sales_1-1.0-0.6": {
      "acc,none": 0.49122807017543857,
      "acc_stderr,none": 0.06680502724442025,
      "acc_norm,none": 0.47368421052631576,
      "acc_norm_stderr,none": 0.06672270432067237,
      "map,none": 0.7280701754385965,
      "map_stderr,none": 0.03646083597983237,
      "map_2,none": 0.7017543859649122,
      "map_2_stderr,none": 0.043101211834385554,
      "map_3,none": 0.7192982456140351,
      "map_3_stderr,none": 0.0389480457842608,
      "map_4,none": 0.7280701754385965,
      "map_4_stderr,none": 0.03646083597983237,
      "map_norm,none": 0.7046783625730992,
      "map_norm_stderr,none": 0.038579795001432646,
      "map_2_norm,none": 0.6578947368421053,
      "map_2_norm_stderr,none": 0.04872737367223958,
      "map_3_norm,none": 0.6871345029239765,
      "map_3_norm_stderr,none": 0.042966398264388604,
      "map_4_norm,none": 0.7046783625730992,
      "map_4_norm_stderr,none": 0.038579795001432646,
      "alias": "security_sales_1-1.0-0.6"
    },
    "fp2-1.0-0.6": {
      "acc,none": 0.25684210526315787,
      "acc_stderr,none": 0.020067094117036357,
      "acc_norm,none": 0.25684210526315787,
      "acc_norm_stderr,none": 0.020067094117036357,
      "map,none": 0.5205263157894745,
      "map_stderr,none": 0.013581256284449873,
      "map_2,none": 0.3726315789473684,
      "map_2_stderr,none": 0.019262923683939583,
      "map_3,none": 0.4526315789473691,
      "map_3_stderr,none": 0.016971567344403266,
      "map_4,none": 0.5205263157894745,
      "map_4_stderr,none": 0.013581256284449873,
      "map_norm,none": 0.5205263157894745,
      "map_norm_stderr,none": 0.013581256284449873,
      "map_2_norm,none": 0.3726315789473684,
      "map_2_norm_stderr,none": 0.019262923683939583,
      "map_3_norm,none": 0.4526315789473691,
      "map_3_norm_stderr,none": 0.016971567344403266,
      "map_4_norm,none": 0.5205263157894745,
      "map_4_norm_stderr,none": 0.013581256284449873,
      "alias": "fp2-1.0-0.6"
    },
    "cpa_audit-1.0-0.6": {
      "acc,none": 0.11809045226130653,
      "acc_stderr,none": 0.01619661137445666,
      "acc_norm,none": 0.11809045226130653,
      "acc_norm_stderr,none": 0.01619661137445666,
      "map,none": 0.36993299832495824,
      "map_stderr,none": 0.01283586437069673,
      "map_2,none": 0.2022613065326633,
      "map_2_stderr,none": 0.017332592097195638,
      "map_3,none": 0.2558626465661639,
      "map_3_stderr,none": 0.016839537471409077,
      "map_4,none": 0.30485762144053574,
      "map_4_stderr,none": 0.01565960060015631,
      "map_norm,none": 0.36993299832495824,
      "map_norm_stderr,none": 0.01283586437069673,
      "map_2_norm,none": 0.2022613065326633,
      "map_2_norm_stderr,none": 0.017332592097195638,
      "map_3_norm,none": 0.2558626465661639,
      "map_3_norm_stderr,none": 0.016839537471409077,
      "map_4_norm,none": 0.30485762144053574,
      "map_4_norm_stderr,none": 0.01565960060015631,
      "alias": "cpa_audit-1.0-0.6"
    },
    "cma_basics-1.0-0.6": {
      "acc,none": 0.18421052631578946,
      "acc_stderr,none": 0.06373021861834362,
      "acc_norm,none": 0.18421052631578946,
      "acc_norm_stderr,none": 0.06373021861834362,
      "map,none": 0.47149122807017535,
      "map_stderr,none": 0.04358168199673969,
      "map_2,none": 0.2894736842105263,
      "map_2_stderr,none": 0.06431491177028903,
      "map_3,none": 0.41228070175438597,
      "map_3_stderr,none": 0.05397757310534571,
      "map_4,none": 0.47149122807017535,
      "map_4_stderr,none": 0.04358168199673969,
      "map_norm,none": 0.48464912280701755,
      "map_norm_stderr,none": 0.04342033420386448,
      "map_2_norm,none": 0.34210526315789475,
      "map_2_norm_stderr,none": 0.06284297970994525,
      "map_3_norm,none": 0.41228070175438597,
      "map_3_norm_stderr,none": 0.056130718709014836,
      "map_4_norm,none": 0.48464912280701755,
      "map_4_norm_stderr,none": 0.04342033420386448,
      "alias": "cma_basics-1.0-0.6"
    },
    "chabsa-1.0-0.6": {
      "acc,none": 0.5780137252363071,
      "acc_stderr,none": 0.005620220305758263,
      "f1,none": 0.41347645956734325,
      "f1_stderr,none": "N/A",
      "acc_norm,none": 0.5780137252363071,
      "acc_norm_stderr,none": 0.005620220305758263,
      "f1_norm,none": 0.41347645956734325,
      "f1_norm_stderr,none": "N/A",
      "alias": "chabsa-1.0-0.6"
    }
  },
  "group_subtasks": {
    "chabsa-1.0-0.6": [],
    "cma_basics-1.0-0.6": [],
    "cpa_audit-1.0-0.6": [],
    "fp2-1.0-0.6": [],
    "security_sales_1-1.0-0.6": []
  },
  "configs": {
    "chabsa-1.0-0.6": {
      "task": "chabsa-1.0-0.6",
      "dataset_path": "jlm_fin_eval/datasets/chabsa/chabsa.py",
      "dataset_name": "chABSA",
      "test_split": "test",
      "doc_to_text": "与えられたセンテンスにおける、ターゲットのセンチメントをpositiveかnegativeで答えてください。\n\nセンテンス: {{sentence}}\nターゲット: {{target}} [/INST]",
      "doc_to_target": "{{polarity}}",
      "doc_to_choice": [
        "positive",
        "negative"
      ],
      "description": "<s>[INST] <<SYS>>\nYou are a helpful, respectful and honest assistant. Always answer as helpfully as possible, while being safe. Your answers should not include any harmful, unethical, racist, sexist, toxic, dangerous, or illegal content. Please ensure that your responses are socially unbiased and positive in nature.\n\nIf a question does not make any sense, or is not factually coherent, explain why instead of answering something not correct. If you don't know the answer to a question, please don't share false information.\n<</SYS>>\n\n\n",
      "target_delimiter": " ",
      "fewshot_delimiter": " </s><s>[INST] ",
      "num_fewshot": 0,
      "metric_list": [
        {
          "metric": "acc",
          "aggregation": "mean",
          "higher_is_better": true
        },
        {
          "metric": "acc_norm",
          "aggregation": "mean",
          "higher_is_better": true
        },
        {
          "metric": "f1",
          "aggregation": "2class_adjusted_macro_f1_score_for_chabsa",
          "higher_is_better": true
        },
        {
          "metric": "f1_norm",
          "aggregation": "2class_adjusted_macro_f1_score_for_chabsa",
          "higher_is_better": true
        }
      ],
      "output_type": "multiple_choice",
      "repeats": 1,
      "should_decontaminate": false,
      "doc_to_decontamination_query": "sentence",
      "metadata": {
        "version": 1.0
      }
    },
    "cma_basics-1.0-0.6": {
      "task": "cma_basics-1.0-0.6",
      "dataset_path": "jlm_fin_eval/datasets/cma_basics/cma_basics.py",
      "dataset_name": "cma_basics",
      "test_split": "test",
      "doc_to_text": "def doc_to_text_06(doc):\n    INSTRUCTION = \"与えられた選択肢の中から、最適な答えを選んでください。\"\n    q_doc_text = doc[\"question\"]\n    if doc[\"context\"] and doc[\"context\"] != \"\":\n        q_doc_text += \"\\n\" + doc[\"context\"]\n    choices = \"\\n\".join([f\"- {choice}\" for choice in doc[\"choices\"][\"text\"]])\n    input_text = f\"質問：{q_doc_text}\" + f\"出力は以下から選択してください：\\n{choices}\"\n    return f\"{INSTRUCTION}\\n\\n{input_text} [/INST] \"\n",
      "doc_to_target": "def doc_to_target_01(doc):\n    return [\n        choice_text\n        for choice_id, choice_text in zip(doc[\"choices\"][\"id\"], doc[\"choices\"][\"text\"])\n        if choice_id == doc[\"answer\"]\n    ][0]\n",
      "doc_to_choice": "def doc_to_choices_01(doc):\n    choices = doc[\"choices\"][\"text\"]\n    return choices\n",