{
  "results": {
    "security_sales_1-1.0-0.1.2": {
      "acc,none": 0.43859649122807015,
      "acc_stderr,none": 0.0663095566682855,
      "acc_norm,none": 0.43859649122807015,
      "acc_norm_stderr,none": 0.0663095566682855,
      "map,none": 0.6915204678362573,
      "map_stderr,none": 0.03902245265615855,
      "map_2,none": 0.6403508771929824,
      "map_2_stderr,none": 0.04967687880429775,
      "map_3,none": 0.6695906432748538,
      "map_3_stderr,none": 0.04424779517667121,
      "map_4,none": 0.6915204678362573,
      "map_4_stderr,none": 0.03902245265615855,
      "map_norm,none": 0.6915204678362573,
      "map_norm_stderr,none": 0.03902245265615855,
      "map_2_norm,none": 0.6403508771929824,
      "map_2_norm_stderr,none": 0.04967687880429775,
      "map_3_norm,none": 0.6695906432748538,
      "map_3_norm_stderr,none": 0.04424779517667121,
      "map_4_norm,none": 0.6915204678362573,
      "map_4_norm_stderr,none": 0.03902245265615855,
      "alias": "security_sales_1-1.0-0.1.2"
    },
    "fp2-1.0-0.1.2": {
      "acc,none": 0.25894736842105265,
      "acc_stderr,none": 0.020120608324392133,
      "acc_norm,none": 0.25894736842105265,
      "acc_norm_stderr,none": 0.020120608324392133,
      "map,none": 0.5271929824561412,
      "map_stderr,none": 0.013483522244469128,
      "map_2,none": 0.38421052631578945,
      "map_2_stderr,none": 0.019157421298140326,
      "map_3,none": 0.4656140350877199,
      "map_3_stderr,none": 0.016682504328749775,
      "map_4,none": 0.5271929824561412,
      "map_4_stderr,none": 0.013483522244469128,
      "map_norm,none": 0.5271929824561412,
      "map_norm_stderr,none": 0.013483522244469128,
      "map_2_norm,none": 0.38421052631578945,
      "map_2_norm_stderr,none": 0.019157421298140326,
      "map_3_norm,none": 0.4656140350877199,
      "map_3_norm_stderr,none": 0.016682504328749775,
      "map_4_norm,none": 0.5271929824561412,
      "map_4_norm_stderr,none": 0.013483522244469128,
      "alias": "fp2-1.0-0.1.2"
    },
    "cpa_audit-1.0-0.1.2": {
      "acc,none": 0.1658291457286432,
      "acc_stderr,none": 0.018666490953652835,
      "acc_norm,none": 0.1658291457286432,
      "acc_norm_stderr,none": 0.018666490953652835,
      "map,none": 0.41210217755443884,
      "map_stderr,none": 0.01421360952090759,
      "map_2,none": 0.25,
      "map_2_stderr,none": 0.01913853596417959,
      "map_3,none": 0.311976549413735,
      "map_3_stderr,none": 0.01818212198593255,
      "map_4,none": 0.35657453936348377,
      "map_4_stderr,none": 0.01683955386561916,
      "map_norm,none": 0.41210217755443884,
      "map_norm_stderr,none": 0.01421360952090759,
      "map_2_norm,none": 0.25,
      "map_2_norm_stderr,none": 0.01913853596417959,
      "map_3_norm,none": 0.311976549413735,
      "map_3_norm_stderr,none": 0.01818212198593255,
      "map_4_norm,none": 0.35657453936348377,
      "map_4_norm_stderr,none": 0.01683955386561916,
      "alias": "cpa_audit-1.0-0.1.2"
    },
    "cma_basics-1.0-0.1.2": {
      "acc,none": 0.2631578947368421,
      "acc_stderr,none": 0.0723926637268818,
      "acc_norm,none": 0.2631578947368421,
      "acc_norm_stderr,none": 0.0723926637268818,
      "map,none": 0.5285087719298245,
      "map_stderr,none": 0.04820923021372813,
      "map_2,none": 0.3684210526315789,
      "map_2_stderr,none": 0.06975931627447643,
      "map_3,none": 0.48245614035087714,
      "map_3_stderr,none": 0.05719507685966678,
      "map_4,none": 0.5285087719298245,
      "map_4_stderr,none": 0.04820923021372813,
      "map_norm,none": 0.5285087719298245,
      "map_norm_stderr,none": 0.04820923021372813,
      "map_2_norm,none": 0.3684210526315789,
      "map_2_norm_stderr,none": 0.06975931627447643,
      "map_3_norm,none": 0.48245614035087714,
      "map_3_norm_stderr,none": 0.05719507685966678,
      "map_4_norm,none": 0.5285087719298245,
      "map_4_norm_stderr,none": 0.04820923021372813,
      "alias": "cma_basics-1.0-0.1.2"
    },
    "chabsa-1.0-0.1": {
      "acc,none": 0.7218697397384436,
      "acc_stderr,none": 0.0050990426069440035,
      "f1,none": 0.7342311327615048,
      "f1_stderr,none": "N/A",
      "acc_norm,none": 0.7218697397384436,
      "acc_norm_stderr,none": 0.0050990426069440035,
      "f1_norm,none": 0.7342311327615048,
      "f1_norm_stderr,none": "N/A",
      "alias": "chabsa-1.0-0.1"
    }
  },
  "group_subtasks": {
    "chabsa-1.0-0.1": [],
    "cma_basics-1.0-0.1.2": [],
    "cpa_audit-1.0-0.1.2": [],
    "fp2-1.0-0.1.2": [],
    "security_sales_1-1.0-0.1.2": []
  },
  "configs": {
    "chabsa-1.0-0.1": {
      "task": "chabsa-1.0-0.1",
      "dataset_path": "jlm_fin_eval/datasets/chabsa/chabsa.py",
      "dataset_name": "chABSA",
      "test_split": "test",
      "doc_to_text": "[センテンス]: {{sentence}}\nターゲット]: {{target}}\n[答え]:",
      "doc_to_target": "{{polarity}}",
      "doc_to_choice": [
        "positive",
        "negative"
      ],
      "description": "[センテンス]における、[ターゲット]のセンチメントをpositiveかnegativeで選んでください。\n\n\n",
      "target_delimiter": " ",
      "fewshot_delimiter": "\n\n",
      "num_fewshot": 0,
      "metric_list": [
        {
          "metric": "acc",
          "aggregation": "mean",
          "higher_is_better": true
        },
        {
          "metric": "acc_norm",
          "aggregation": "mean",
          "higher_is_better": true
        },
        {
          "metric": "f1",
          "aggregation": "2class_adjusted_macro_f1_score_for_chabsa",
          "higher_is_better": true
        },
        {
          "metric": "f1_norm",
          "aggregation": "2class_adjusted_macro_f1_score_for_chabsa",
          "higher_is_better": true
        }
      ],
      "output_type": "multiple_choice",
      "repeats": 1,
      "should_decontaminate": false,
      "doc_to_decontamination_query": "sentence",
      "metadata": {
        "version": 1.0
      }
    },
    "cma_basics-1.0-0.1.2": {
      "task": "cma_basics-1.0-0.1.2",
      "dataset_path": "jlm_fin_eval/datasets/cma_basics/cma_basics.py",
      "dataset_name": "cma_basics",
      "test_split": "test",
      "doc_to_text": "def doc_to_text_01_2(doc):\n    q_doc_text = doc[\"question\"] + \"\\n\"\n    if doc[\"context\"] and doc[\"context\"] != \"\":\n        q_doc_text += doc[\"context\"] + \"\\n\"\n    choice_doc_text = []\n    for choice_id, choice_text in zip(doc[\"choices\"][\"id\"], doc[\"choices\"][\"text\"]):\n        choice_doc_text.append(chr(choice_id + 65) + \":\" + choice_text)\n    return f\"[問題]:{q_doc_text}[選択肢]:[{', '.join(choice_doc_text)}]\\n[答え]:\"\n",
      "doc_to_target": "def doc_to_target_alphabet(doc):\n    answer = chr(int(doc[\"answer\"]) + 65)\n    return answer\n",
      "doc_to_choice": "def doc_to_choices_alphabet(doc):\n    choices = [chr(choice_id + 65) for choice_id in doc[\"choices\"][\"id\"]]\n    return choices\n",
      "description": "[問題]に対する[答え]を[選択肢]の中からアルファベットで選んでください。\n\n\n",
      "target_delimiter": "",
      "fewshot_delimiter": "\n\n",
      "num_fewshot": 0,
      "metric_list": [
        {
          "metric": "acc",
          "aggregation": "mean",
          "higher_is_better": true
        },
        {
          "metric": "acc_norm",
          "aggregation": "mean",
          "higher_is_better": true
        },
        {
          "metric": "map",
          "aggregation": "mean",
          "higher_is_better": true
        },
        {
          "metric": "map_2",
          "aggregation": "mean",
          "higher_is_better": true
        },
        {
          "metric": "map_3",
          "aggregation": "mean",
          "higher_is_better": true
        },
        {
          "metric": "map_4",
          "aggregation": "mean",
          "higher_is_better": true
        },
        {
          "metric": "map_norm",
          "aggregation": "mean",
          "higher_is_better": true
        },
        {
          "metric": "map_2_norm",
          "aggregation": "mean",