{
  "results": {
    "security_sales_1-1.0-0.1.2": {
      "acc,none": 0.40350877192982454,
      "acc_stderr,none": 0.06555933012294897,
      "acc_norm,none": 0.40350877192982454,
      "acc_norm_stderr,none": 0.06555933012294897,
      "map,none": 0.6608187134502923,
      "map_stderr,none": 0.03873677860356246,
      "map_2,none": 0.6052631578947368,
      "map_2_stderr,none": 0.04964921136756272,
      "map_3,none": 0.6345029239766081,
      "map_3_stderr,none": 0.04462914507987153,
      "map_4,none": 0.6608187134502923,
      "map_4_stderr,none": 0.03873677860356246,
      "map_norm,none": 0.6608187134502923,
      "map_norm_stderr,none": 0.03873677860356246,
      "map_2_norm,none": 0.6052631578947368,
      "map_2_norm_stderr,none": 0.04964921136756272,
      "map_3_norm,none": 0.6345029239766081,
      "map_3_norm_stderr,none": 0.04462914507987153,
      "map_4_norm,none": 0.6608187134502923,
      "map_4_norm_stderr,none": 0.03873677860356246,
      "alias": "security_sales_1-1.0-0.1.2"
    },
    "fp2-1.0-0.1.2": {
      "acc,none": 0.2694736842105263,
      "acc_stderr,none": 0.020379191097956485,
      "acc_norm,none": 0.2694736842105263,
      "acc_norm_stderr,none": 0.020379191097956485,
      "map,none": 0.5278947368421063,
      "map_stderr,none": 0.013587608941700286,
      "map_2,none": 0.3831578947368421,
      "map_2_stderr,none": 0.019288391080108918,
      "map_3,none": 0.46526315789473754,
      "map_3_stderr,none": 0.01681724236334137,
      "map_4,none": 0.5278947368421063,
      "map_4_stderr,none": 0.013587608941700286,
      "map_norm,none": 0.5278947368421063,
      "map_norm_stderr,none": 0.013587608941700286,
      "map_2_norm,none": 0.3831578947368421,
      "map_2_norm_stderr,none": 0.019288391080108918,
      "map_3_norm,none": 0.46526315789473754,
      "map_3_norm_stderr,none": 0.01681724236334137,
      "map_4_norm,none": 0.5278947368421063,
      "map_4_norm_stderr,none": 0.013587608941700286,
      "alias": "fp2-1.0-0.1.2"
    },
    "cpa_audit-1.0-0.1.2": {
      "acc,none": 0.15577889447236182,
      "acc_stderr,none": 0.018200660886313003,
      "acc_norm,none": 0.15577889447236182,
      "acc_norm_stderr,none": 0.018200660886313003,
      "map,none": 0.40041876046901176,
      "map_stderr,none": 0.013869848703116737,
      "map_2,none": 0.24246231155778894,
      "map_2_stderr,none": 0.018632064374596018,
      "map_3,none": 0.29773869346733634,
      "map_3_stderr,none": 0.017842380931492683,
      "map_4,none": 0.3391959798994972,
      "map_4_stderr,none": 0.01667166328955375,
      "map_norm,none": 0.40041876046901176,
      "map_norm_stderr,none": 0.013869848703116737,
      "map_2_norm,none": 0.24246231155778894,
      "map_2_norm_stderr,none": 0.018632064374596018,
      "map_3_norm,none": 0.29773869346733634,
      "map_3_norm_stderr,none": 0.017842380931492683,
      "map_4_norm,none": 0.3391959798994972,
      "map_4_norm_stderr,none": 0.01667166328955375,
      "alias": "cpa_audit-1.0-0.1.2"
    },
    "cma_basics-1.0-0.1.2": {
      "acc,none": 0.3684210526315789,
      "acc_stderr,none": 0.07930218984219832,
      "acc_norm,none": 0.3684210526315789,
      "acc_norm_stderr,none": 0.07930218984219832,
      "map,none": 0.6030701754385963,
      "map_stderr,none": 0.05168587898639522,
      "map_2,none": 0.4868421052631579,
      "map_2_stderr,none": 0.07177599227670443,
      "map_3,none": 0.557017543859649,
      "map_3_stderr,none": 0.06167807610081633,
      "map_4,none": 0.6030701754385963,
      "map_4_stderr,none": 0.05168587898639522,
      "map_norm,none": 0.6030701754385963,
      "map_norm_stderr,none": 0.05168587898639522,
      "map_2_norm,none": 0.4868421052631579,
      "map_2_norm_stderr,none": 0.07177599227670443,
      "map_3_norm,none": 0.557017543859649,
      "map_3_norm_stderr,none": 0.06167807610081633,
      "map_4_norm,none": 0.6030701754385963,
      "map_4_norm_stderr,none": 0.05168587898639522,
      "alias": "cma_basics-1.0-0.1.2"
    },
    "chabsa-1.0-0.1": {
      "acc,none": 0.5730933575035608,
      "acc_stderr,none": 0.005628779614105576,
      "f1,none": 0.39108001739047205,
      "f1_stderr,none": "N/A",
      "acc_norm,none": 0.5730933575035608,
      "acc_norm_stderr,none": 0.005628779614105576,
      "f1_norm,none": 0.39108001739047205,
      "f1_norm_stderr,none": "N/A",
      "alias": "chabsa-1.0-0.1"
    }
  },
  "group_subtasks": {
    "chabsa-1.0-0.1": [],
    "cma_basics-1.0-0.1.2": [],
    "cpa_audit-1.0-0.1.2": [],
    "fp2-1.0-0.1.2": [],
    "security_sales_1-1.0-0.1.2": []
  },
  "configs": {
    "chabsa-1.0-0.1": {
      "task": "chabsa-1.0-0.1",
      "dataset_path": "jlm_fin_eval/datasets/chabsa/chabsa.py",
      "dataset_name": "chABSA",
      "test_split": "test",
      "doc_to_text": "[センテンス]: {{sentence}}\nターゲット]: {{target}}\n[答え]:",
      "doc_to_target": "{{polarity}}",
      "doc_to_choice": [
        "positive",
        "negative"
      ],
      "description": "[センテンス]における、[ターゲット]のセンチメントをpositiveかnegativeで選んでください。\n\n\n",
      "target_delimiter": " ",
      "fewshot_delimiter": "\n\n",
      "num_fewshot": 0,
      "metric_list": [
        {
          "metric": "acc",
          "aggregation": "mean",
          "higher_is_better": true
        },
        {
          "metric": "acc_norm",
          "aggregation": "mean",
          "higher_is_better": true
        },
        {
          "metric": "f1",
          "aggregation": "2class_adjusted_macro_f1_score_for_chabsa",
          "higher_is_better": true
        },
        {
          "metric": "f1_norm",
          "aggregation": "2class_adjusted_macro_f1_score_for_chabsa",
          "higher_is_better": true
        }
      ],
      "output_type": "multiple_choice",
      "repeats": 1,
      "should_decontaminate": false,
      "doc_to_decontamination_query": "sentence",
      "metadata": {
        "version": 1.0
      }
    },
    "cma_basics-1.0-0.1.2": {
      "task": "cma_basics-1.0-0.1.2",
      "dataset_path": "jlm_fin_eval/datasets/cma_basics/cma_basics.py",
      "dataset_name": "cma_basics",
      "test_split": "test",
      "doc_to_text": "def doc_to_text_01_2(doc):\n    q_doc_text = doc[\"question\"] + \"\\n\"\n    if doc[\"context\"] and doc[\"context\"] != \"\":\n        q_doc_text += doc[\"context\"] + \"\\n\"\n    choice_doc_text = []\n    for choice_id, choice_text in zip(doc[\"choices\"][\"id\"], doc[\"choices\"][\"text\"]):\n        choice_doc_text.append(chr(choice_id + 65) + \":\" + choice_text)\n    return f\"[問題]:{q_doc_text}[選択肢]:[{', '.join(choice_doc_text)}]\\n[答え]:\"\n",
      "doc_to_target": "def doc_to_target_alphabet(doc):\n    answer = chr(int(doc[\"answer\"]) + 65)\n    return answer\n",
      "doc_to_choice": "def doc_to_choices_alphabet(doc):\n    choices = [chr(choice_id + 65) for choice_id in doc[\"choices\"][\"id\"]]\n    return choices\n",
      "description": "[問題]に対する[答え]を[選択肢]の中からアルファベットで選んでください。\n\n\n",
      "target_delimiter": "",
      "fewshot_delimiter": "\n\n",
      "num_fewshot": 0,
      "metric_list": [
        {
          "metric": "acc",
          "aggregation": "mean",
          "higher_is_better": true
        },
        {
          "metric": "acc_norm",
          "aggregation": "mean",
          "higher_is_better": true
        },
        {
          "metric": "map",
          "aggregation": "mean",
          "higher_is_better": true
        },
        {
          "metric": "map_2",
          "aggregation": "mean",
          "higher_is_better": true
        },
        {
          "metric": "map_3",
          "aggregation": "mean",
          "higher_is_better": true
        },
        {
          "metric": "map_4",
          "aggregation": "mean",
          "higher_is_better": true
        },
        {
          "metric": "map_norm",
          "aggregation": "mean",
          "higher_is_better": true
        },
        {
          "metric": "map_2_norm",
          "aggregation": "mean",