{
  "results": {
    "security_sales_1-1.0-0.2.1": {
      "acc,none": 0.47368421052631576,
      "acc_stderr,none": 0.06672270432067237,
      "acc_norm,none": 0.43859649122807015,
      "acc_norm_stderr,none": 0.0663095566682855,
      "map,none": 0.7119883040935672,
      "map_stderr,none": 0.037318563178125895,
      "map_2,none": 0.6666666666666666,
      "map_2_stderr,none": 0.04738350265803163,
      "map_3,none": 0.7076023391812865,
      "map_3_stderr,none": 0.038526334303676225,
      "map_4,none": 0.7119883040935672,
      "map_4_stderr,none": 0.037318563178125895,
      "map_norm,none": 0.6842105263157895,
      "map_norm_stderr,none": 0.03867366686085174,
      "map_2_norm,none": 0.6403508771929824,
      "map_2_norm_stderr,none": 0.048074428584506966,
      "map_3_norm,none": 0.6578947368421053,
      "map_3_norm_stderr,none": 0.04482030643548385,
      "map_4_norm,none": 0.6842105263157895,
      "map_4_norm_stderr,none": 0.03867366686085174,
      "alias": "security_sales_1-1.0-0.2.1"
    },
    "fp2-1.0-0.2.1": {
      "acc,none": 0.2505263157894737,
      "acc_stderr,none": 0.019902869674481148,
      "acc_norm,none": 0.2505263157894737,
      "acc_norm_stderr,none": 0.019902869674481148,
      "map,none": 0.5207017543859659,
      "map_stderr,none": 0.013410427329144537,
      "map_2,none": 0.37894736842105264,
      "map_2_stderr,none": 0.019001206605703154,
      "map_3,none": 0.4533333333333341,
      "map_3_stderr,none": 0.01681501819135152,
      "map_4,none": 0.5207017543859659,
      "map_4_stderr,none": 0.013410427329144537,
      "map_norm,none": 0.5207017543859659,
      "map_norm_stderr,none": 0.013410427329144537,
      "map_2_norm,none": 0.37894736842105264,
      "map_2_norm_stderr,none": 0.019001206605703154,
      "map_3_norm,none": 0.4533333333333341,
      "map_3_norm_stderr,none": 0.01681501819135152,
      "map_4_norm,none": 0.5207017543859659,
      "map_4_norm_stderr,none": 0.013410427329144537,
      "alias": "fp2-1.0-0.2.1"
    },
    "cpa_audit-1.0-0.2.1": {
      "acc,none": 0.13316582914572864,
      "acc_stderr,none": 0.0170517578589349,
      "acc_norm,none": 0.1306532663316583,
      "acc_norm_stderr,none": 0.016914586905916507,
      "map,none": 0.3850921273031825,
      "map_stderr,none": 0.013322763078392707,
      "map_2,none": 0.2198492462311558,
      "map_2_stderr,none": 0.01796819514659955,
      "map_3,none": 0.2818257956448908,
      "map_3_stderr,none": 0.017221377407277583,
      "map_4,none": 0.3207705192629812,
      "map_4_stderr,none": 0.016186012742083925,
      "map_norm,none": 0.37948073701842516,
      "map_norm_stderr,none": 0.013265182688905105,
      "map_2_norm,none": 0.21231155778894473,
      "map_2_norm_stderr,none": 0.01784386625554912,
      "map_3_norm,none": 0.270938023450586,
      "map_3_norm_stderr,none": 0.017212346538870073,
      "map_4_norm,none": 0.31365159128978193,
      "map_4_norm_stderr,none": 0.016132764549048925,
      "alias": "cpa_audit-1.0-0.2.1"
    },
    "cma_basics-1.0-0.2.1": {
      "acc,none": 0.21052631578947367,
      "acc_stderr,none": 0.06702258315442244,
      "acc_norm,none": 0.23684210526315788,
      "acc_norm_stderr,none": 0.06989334006042333,
      "map,none": 0.5087719298245613,
      "map_stderr,none": 0.044090195399566136,
      "map_2,none": 0.35526315789473684,
      "map_2_stderr,none": 0.0650743494707991,
      "map_3,none": 0.46929824561403505,
      "map_3_stderr,none": 0.05216024928749055,
      "map_4,none": 0.5087719298245613,
      "map_4_stderr,none": 0.044090195399566136,
      "map_norm,none": 0.5285087719298245,
      "map_norm_stderr,none": 0.04568424994845195,
      "map_2_norm,none": 0.39473684210526316,
      "map_2_norm_stderr,none": 0.06575390219002628,
      "map_3_norm,none": 0.48245614035087714,
      "map_3_norm_stderr,none": 0.055083551379114845,
      "map_4_norm,none": 0.5285087719298245,
      "map_4_norm_stderr,none": 0.04568424994845195,
      "alias": "cma_basics-1.0-0.2.1"
    },
    "chabsa-1.0-0.2": {
      "acc,none": 0.5794380422115758,
      "acc_stderr,none": 0.00561763601771752,
      "f1,none": 0.41593373156286273,
      "f1_stderr,none": "N/A",
      "acc_norm,none": 0.5794380422115758,
      "acc_norm_stderr,none": 0.00561763601771752,
      "f1_norm,none": 0.41593373156286273,
      "f1_norm_stderr,none": "N/A",
      "alias": "chabsa-1.0-0.2"
    }
  },
  "group_subtasks": {
    "chabsa-1.0-0.2": [],
    "cma_basics-1.0-0.2.1": [],
    "cpa_audit-1.0-0.2.1": [],
    "fp2-1.0-0.2.1": [],
    "security_sales_1-1.0-0.2.1": []
  },
  "configs": {
    "chabsa-1.0-0.2": {
      "task": "chabsa-1.0-0.2",
      "dataset_path": "jlm_fin_eval/datasets/chabsa/chabsa.py",
      "dataset_name": "chABSA",
      "test_split": "test",
      "doc_to_text": "センテンス: {{sentence}}\nターゲット: {{target}}\n回答:",
      "doc_to_target": "{{polarity}}",
      "doc_to_choice": [
        "positive",
        "negative"
      ],
      "description": "センテンスとターゲットを入力として受け取り、ターゲットに関するセンチメントをpositiveかnegativeから選択してください。\n\n\n",
      "target_delimiter": " ",
      "fewshot_delimiter": "\n\n",
      "num_fewshot": 0,
      "metric_list": [
        {
          "metric": "acc",
          "aggregation": "mean",
          "higher_is_better": true
        },
        {
          "metric": "acc_norm",
          "aggregation": "mean",
          "higher_is_better": true
        },
        {
          "metric": "f1",
          "aggregation": "2class_adjusted_macro_f1_score_for_chabsa",
          "higher_is_better": true
        },
        {
          "metric": "f1_norm",
          "aggregation": "2class_adjusted_macro_f1_score_for_chabsa",
          "higher_is_better": true
        }
      ],
      "output_type": "multiple_choice",
      "repeats": 1,
      "should_decontaminate": false,
      "doc_to_decontamination_query": "sentence",
      "metadata": {
        "version": 1.0
      }
    },
    "cma_basics-1.0-0.2.1": {
      "task": "cma_basics-1.0-0.2.1",
      "dataset_path": "jlm_fin_eval/datasets/cma_basics/cma_basics.py",
      "dataset_name": "cma_basics",
      "test_split": "test",
      "doc_to_text": "def doc_to_text_02_1(doc):\n    q_doc_text = doc[\"question\"] + \"\\n\"\n    if doc[\"context\"] and doc[\"context\"] != \"\":\n        q_doc_text += doc[\"context\"] + \"\\n\"\n    choices = \"\\n\".join([f\"- {choice}\" for choice in doc[\"choices\"][\"text\"]])\n    return f\"質問:{q_doc_text}選択肢:\\n{choices}\\n回答:\"\n",
      "doc_to_target": "def doc_to_target_01(doc):\n    return [\n        choice_text\n        for choice_id, choice_text in zip(doc[\"choices\"][\"id\"], doc[\"choices\"][\"text\"])\n        if choice_id == doc[\"answer\"]\n    ][0]\n",
      "doc_to_choice": "def doc_to_choices_01(doc):\n    choices = doc[\"choices\"][\"text\"]\n    return choices\n",
      "description": "与えられた選択肢の中から、最適な答えを選んでください。\n\n\n",
      "target_delimiter": "",
      "fewshot_delimiter": "\n\n",
      "num_fewshot": 0,
      "metric_list": [
        {
          "metric": "acc",
          "aggregation": "mean",
          "higher_is_better": true
        },
        {
          "metric": "acc_norm",
          "aggregation": "mean",
          "higher_is_better": true
        },
        {
          "metric": "map",
          "aggregation": "mean",
          "higher_is_better": true
        },
        {
          "metric": "map_2",
          "aggregation": "mean",
          "higher_is_better": true
        },
        {
          "metric": "map_3",
          "aggregation": "mean",
          "higher_is_better": true
        },
        {
          "metric": "map_4",
          "aggregation": "mean",
          "higher_is_better": true
        },
        {
          "metric": "map_norm",
          "aggregation": "mean",
          "higher_is_better": true
        },
        {
          "metric": "map_2_norm",
          "aggregation": "mean",
          "higher_is_better": true
        },
        {
          "metric": "map_3_norm",