{
  "results": {
    "security_sales_1-1.0-0.3": {
      "acc,none": 0.40350877192982454,
      "acc_stderr,none": 0.06555933012294897,
      "acc_norm,none": 0.42105263157894735,
      "acc_norm_stderr,none": 0.06597717584505354,
      "map,none": 0.685672514619883,
      "map_stderr,none": 0.03521584446160133,
      "map_2,none": 0.6578947368421053,
      "map_2_stderr,none": 0.04180658475592052,
      "map_3,none": 0.6812865497076023,
      "map_3_stderr,none": 0.03643675110199309,
      "map_4,none": 0.685672514619883,
      "map_4_stderr,none": 0.03521584446160133,
      "map_norm,none": 0.682748538011696,
      "map_norm_stderr,none": 0.03739825357817794,
      "map_2_norm,none": 0.6491228070175439,
      "map_2_norm_stderr,none": 0.04506489382544239,
      "map_3_norm,none": 0.6608187134502925,
      "map_3_norm_stderr,none": 0.04274195470029769,
      "map_4_norm,none": 0.682748538011696,
      "map_4_norm_stderr,none": 0.03739825357817794,
      "alias": "security_sales_1-1.0-0.3"
    },
    "fp2-1.0-0.3": {
      "acc,none": 0.24842105263157896,
      "acc_stderr,none": 0.01984688399487186,
      "acc_norm,none": 0.24842105263157896,
      "acc_norm_stderr,none": 0.01984688399487186,
      "map,none": 0.5187719298245625,
      "map_stderr,none": 0.013362283557559222,
      "map_2,none": 0.37157894736842106,
      "map_2_stderr,none": 0.019045198619297064,
      "map_3,none": 0.4550877192982465,
      "map_3_stderr,none": 0.016607368671961893,
      "map_4,none": 0.5187719298245625,
      "map_4_stderr,none": 0.013362283557559222,
      "map_norm,none": 0.5187719298245625,
      "map_norm_stderr,none": 0.013362283557559222,
      "map_2_norm,none": 0.37157894736842106,
      "map_2_norm_stderr,none": 0.019045198619297064,
      "map_3_norm,none": 0.4550877192982465,
      "map_3_norm_stderr,none": 0.016607368671961893,
      "map_4_norm,none": 0.5187719298245625,
      "map_4_norm_stderr,none": 0.013362283557559222,
      "alias": "fp2-1.0-0.3"
    },
    "cpa_audit-1.0-0.3": {
      "acc,none": 0.135678391959799,
      "acc_stderr,none": 0.017186908930253576,
      "acc_norm,none": 0.135678391959799,
      "acc_norm_stderr,none": 0.017186908930253576,
      "map,none": 0.3840452261306531,
      "map_stderr,none": 0.013462478403197578,
      "map_2,none": 0.22236180904522612,
      "map_2_stderr,none": 0.01806616208677737,
      "map_3,none": 0.2734505862646564,
      "map_3_stderr,none": 0.017477907593736026,
      "map_4,none": 0.3193048576214403,
      "map_4_stderr,none": 0.016306082733899604,
      "map_norm,none": 0.38036013400335,
      "map_norm_stderr,none": 0.013457911031693763,
      "map_2_norm,none": 0.2135678391959799,
      "map_2_norm_stderr,none": 0.01802684072421865,
      "map_3_norm,none": 0.2680067001675039,
      "map_3_norm_stderr,none": 0.017453919989700268,
      "map_4_norm,none": 0.31511725293132303,
      "map_4_norm_stderr,none": 0.016282159238935025,
      "alias": "cpa_audit-1.0-0.3"
    },
    "cma_basics-1.0-0.3": {
      "acc,none": 0.3157894736842105,
      "acc_stderr,none": 0.07641750223933595,
      "acc_norm,none": 0.23684210526315788,
      "acc_norm_stderr,none": 0.06989334006042333,
      "map,none": 0.5701754385964912,
      "map_stderr,none": 0.05014266786207055,
      "map_2,none": 0.4473684210526316,
      "map_2_stderr,none": 0.07002710734081143,
      "map_3,none": 0.5175438596491229,
      "map_3_stderr,none": 0.06087628428600473,
      "map_4,none": 0.5701754385964912,
      "map_4_stderr,none": 0.05014266786207055,
      "map_norm,none": 0.5350877192982456,
      "map_norm_stderr,none": 0.04506983795248377,
      "map_2_norm,none": 0.40789473684210525,
      "map_2_norm_stderr,none": 0.06493037949471836,
      "map_3_norm,none": 0.49561403508771934,
      "map_3_norm_stderr,none": 0.053518098822576125,
      "map_4_norm,none": 0.5350877192982456,
      "map_4_norm_stderr,none": 0.04506983795248377,
      "alias": "cma_basics-1.0-0.3"
    },
    "chabsa-1.0-0.3": {
      "acc,none": 0.5611808882558591,
      "acc_stderr,none": 0.005647149750045247,
      "f1,none": 0.3594592352989964,
      "f1_stderr,none": "N/A",
      "acc_norm,none": 0.5611808882558591,
      "acc_norm_stderr,none": 0.005647149750045247,
      "f1_norm,none": 0.3594592352989964,
      "f1_norm_stderr,none": "N/A",
      "alias": "chabsa-1.0-0.3"
    }
  },
  "group_subtasks": {
    "chabsa-1.0-0.3": [],
    "cma_basics-1.0-0.3": [],
    "cpa_audit-1.0-0.3": [],
    "fp2-1.0-0.3": [],
    "security_sales_1-1.0-0.3": []
  },
  "configs": {
    "chabsa-1.0-0.3": {
      "task": "chabsa-1.0-0.3",
      "dataset_path": "jlm_fin_eval/datasets/chabsa/chabsa.py",
      "dataset_name": "chABSA",
      "test_split": "test",
      "doc_to_text": "### 入力:\nセンテンス:{{sentence}}\nターゲット:{{target}}\n\n### 応答:\n\n",
      "doc_to_target": "{{polarity}}",
      "doc_to_choice": [
        "positive",
        "negative"
      ],
      "description": "以下は、タスクを説明する指示と、文脈のある入力の組み合わせです。要求を適切に満たす応答を書きなさい。\n\n### 指示:\n以下のセンテンスにおける、ターゲットのセンチメントをpositiveかnegativeで答えてください。\n\n\n",
      "target_delimiter": "",
      "fewshot_delimiter": "\n\n",
      "num_fewshot": 0,
      "metric_list": [
        {
          "metric": "acc",
          "aggregation": "mean",
          "higher_is_better": true
        },
        {
          "metric": "acc_norm",
          "aggregation": "mean",
          "higher_is_better": true
        },
        {
          "metric": "f1",
          "aggregation": "2class_adjusted_macro_f1_score_for_chabsa",
          "higher_is_better": true
        },
        {
          "metric": "f1_norm",
          "aggregation": "2class_adjusted_macro_f1_score_for_chabsa",
          "higher_is_better": true
        }
      ],
      "output_type": "multiple_choice",
      "repeats": 1,
      "should_decontaminate": false,
      "doc_to_decontamination_query": "sentence",
      "metadata": {
        "version": 1.0
      }
    },
    "cma_basics-1.0-0.3": {
      "task": "cma_basics-1.0-0.3",
      "dataset_path": "jlm_fin_eval/datasets/cma_basics/cma_basics.py",
      "dataset_name": "cma_basics",
      "test_split": "test",
      "doc_to_text": "def doc_to_text_03(doc):\n    q_doc_text = doc[\"question\"] + \"\\n\"\n    if doc[\"context\"] and doc[\"context\"] != \"\":\n        q_doc_text += doc[\"context\"] + \"\\n\"\n    choices = \"\\n\".join([f\"- {choice}\" for choice in doc[\"choices\"][\"text\"]])\n    input_text = f\"{q_doc_text}\" + f\"出力は以下から選択してください：\\n{choices}\"\n    return f\"### 入力:\\n{input_text}\\n\\n### 応答:\\n\"\n",
      "doc_to_target": "def doc_to_target_01(doc):\n    return [\n        choice_text\n        for choice_id, choice_text in zip(doc[\"choices\"][\"id\"], doc[\"choices\"][\"text\"])\n        if choice_id == doc[\"answer\"]\n    ][0]\n",
      "doc_to_choice": "def doc_to_choices_01(doc):\n    choices = doc[\"choices\"][\"text\"]\n    return choices\n",
      "description": "以下は、タスクを説明する指示と、文脈のある入力の組み合わせです。要求を適切に満たす応答を書きなさい。\n\n### 指示:\n与えられた選択肢の中から、最適な答えを選んでください。\n\n\n",
      "target_delimiter": "",
      "fewshot_delimiter": "\n\n",
      "num_fewshot": 0,
      "metric_list": [
        {
          "metric": "acc",
          "aggregation": "mean",
          "higher_is_better": true
        },
        {
          "metric": "acc_norm",
          "aggregation": "mean",
          "higher_is_better": true
        },
        {
          "metric": "map",
          "aggregation": "mean",
          "higher_is_better": true
        },
        {
          "metric": "map_2",
          "aggregation": "mean",
          "higher_is_better": true
        },
        {
          "metric": "map_3",
          "aggregation": "mean",
          "higher_is_better": true
        },
        {
          "metric": "map_4",
          "aggregation": "mean",
          "higher_is_better": true
        },
        {
          "metric": "map_norm",
          "aggregation": "mean",