{
  "results": {
    "security_sales_1-1.0-0.2": {
      "acc,none": 0.45614035087719296,
      "acc_stderr,none": 0.06655775300696491,
      "acc_norm,none": 0.45614035087719296,
      "acc_norm_stderr,none": 0.06655775300696491,
      "map,none": 0.6754385964912281,
      "map_stderr,none": 0.03972524962719685,
      "map_2,none": 0.6140350877192983,
      "map_2_stderr,none": 0.05162998514900417,
      "map_3,none": 0.6491228070175439,
      "map_3_stderr,none": 0.04564053596860731,
      "map_4,none": 0.6754385964912281,
      "map_4_stderr,none": 0.03972524962719685,
      "map_norm,none": 0.6754385964912281,
      "map_norm_stderr,none": 0.03972524962719685,
      "map_2_norm,none": 0.6140350877192983,
      "map_2_norm_stderr,none": 0.05162998514900417,
      "map_3_norm,none": 0.6491228070175439,
      "map_3_norm_stderr,none": 0.04564053596860731,
      "map_4_norm,none": 0.6754385964912281,
      "map_4_norm_stderr,none": 0.03972524962719685,
      "alias": "security_sales_1-1.0-0.2"
    },
    "fp2-1.0-0.2": {
      "acc,none": 0.25263157894736843,
      "acc_stderr,none": 0.019958229813034266,
      "acc_norm,none": 0.25263157894736843,
      "acc_norm_stderr,none": 0.019958229813034266,
      "map,none": 0.5273684210526325,
      "map_stderr,none": 0.013470185509734514,
      "map_2,none": 0.3831578947368421,
      "map_2_stderr,none": 0.019172911802951352,
      "map_3,none": 0.4673684210526322,
      "map_3_stderr,none": 0.016604709693611046,
      "map_4,none": 0.5273684210526325,
      "map_4_stderr,none": 0.013470185509734514,
      "map_norm,none": 0.5273684210526325,
      "map_norm_stderr,none": 0.013470185509734514,
      "map_2_norm,none": 0.3831578947368421,
      "map_2_norm_stderr,none": 0.019172911802951352,
      "map_3_norm,none": 0.4673684210526322,
      "map_3_norm_stderr,none": 0.016604709693611046,
      "map_4_norm,none": 0.5273684210526325,
      "map_4_norm_stderr,none": 0.013470185509734514,
      "alias": "fp2-1.0-0.2"
    },
    "cpa_audit-1.0-0.2": {
      "acc,none": 0.16834170854271358,
      "acc_stderr,none": 0.01877902641290842,
      "acc_norm,none": 0.16834170854271358,
      "acc_norm_stderr,none": 0.01877902641290842,
      "map,none": 0.4099246231155778,
      "map_stderr,none": 0.014063823750522814,
      "map_2,none": 0.24874371859296482,
      "map_2_stderr,none": 0.018972367006834134,
      "map_3,none": 0.3098827470686763,
      "map_3_stderr,none": 0.01803482696936119,
      "map_4,none": 0.3532244556113903,
      "map_4_stderr,none": 0.016737825501433056,
      "map_norm,none": 0.4099246231155778,
      "map_norm_stderr,none": 0.014063823750522814,
      "map_2_norm,none": 0.24874371859296482,
      "map_2_norm_stderr,none": 0.018972367006834134,
      "map_3_norm,none": 0.3098827470686763,
      "map_3_norm_stderr,none": 0.01803482696936119,
      "map_4_norm,none": 0.3532244556113903,
      "map_4_norm_stderr,none": 0.016737825501433056,
      "alias": "cpa_audit-1.0-0.2"
    },
    "cma_basics-1.0-0.2": {
      "acc,none": 0.18421052631578946,
      "acc_stderr,none": 0.06373021861834362,
      "acc_norm,none": 0.18421052631578946,
      "acc_norm_stderr,none": 0.06373021861834362,
      "map,none": 0.4956140350877193,
      "map_stderr,none": 0.042743016618212025,
      "map_2,none": 0.3684210526315789,
      "map_2_stderr,none": 0.06164013203318278,
      "map_3,none": 0.42982456140350883,
      "map_3_stderr,none": 0.05502689075923759,
      "map_4,none": 0.4956140350877193,
      "map_4_stderr,none": 0.042743016618212025,
      "map_norm,none": 0.4956140350877193,
      "map_norm_stderr,none": 0.042743016618212025,
      "map_2_norm,none": 0.3684210526315789,
      "map_2_norm_stderr,none": 0.06164013203318278,
      "map_3_norm,none": 0.42982456140350883,
      "map_3_norm_stderr,none": 0.05502689075923759,
      "map_4_norm,none": 0.4956140350877193,
      "map_4_norm_stderr,none": 0.042743016618212025,
      "alias": "cma_basics-1.0-0.2"
    },
    "chabsa-1.0-0.2": {
      "acc,none": 0.5794380422115758,
      "acc_stderr,none": 0.00561763601771752,
      "f1,none": 0.41593373156286273,
      "f1_stderr,none": "N/A",
      "acc_norm,none": 0.5794380422115758,
      "acc_norm_stderr,none": 0.00561763601771752,
      "f1_norm,none": 0.41593373156286273,
      "f1_norm_stderr,none": "N/A",
      "alias": "chabsa-1.0-0.2"
    }
  },
  "group_subtasks": {
    "chabsa-1.0-0.2": [],
    "cma_basics-1.0-0.2": [],
    "cpa_audit-1.0-0.2": [],
    "fp2-1.0-0.2": [],
    "security_sales_1-1.0-0.2": []
  },
  "configs": {
    "chabsa-1.0-0.2": {
      "task": "chabsa-1.0-0.2",
      "dataset_path": "jlm_fin_eval/datasets/chabsa/chabsa.py",
      "dataset_name": "chABSA",
      "test_split": "test",
      "doc_to_text": "センテンス: {{sentence}}\nターゲット: {{target}}\n回答:",
      "doc_to_target": "{{polarity}}",
      "doc_to_choice": [
        "positive",
        "negative"
      ],
      "description": "センテンスとターゲットを入力として受け取り、ターゲットに関するセンチメントをpositiveかnegativeから選択してください。\n\n\n",
      "target_delimiter": " ",
      "fewshot_delimiter": "\n\n",
      "num_fewshot": 0,
      "metric_list": [
        {
          "metric": "acc",
          "aggregation": "mean",
          "higher_is_better": true
        },
        {
          "metric": "acc_norm",
          "aggregation": "mean",
          "higher_is_better": true
        },
        {
          "metric": "f1",
          "aggregation": "2class_adjusted_macro_f1_score_for_chabsa",
          "higher_is_better": true
        },
        {
          "metric": "f1_norm",
          "aggregation": "2class_adjusted_macro_f1_score_for_chabsa",
          "higher_is_better": true
        }
      ],
      "output_type": "multiple_choice",
      "repeats": 1,
      "should_decontaminate": false,
      "doc_to_decontamination_query": "sentence",
      "metadata": {
        "version": 1.0
      }
    },
    "cma_basics-1.0-0.2": {
      "task": "cma_basics-1.0-0.2",
      "dataset_path": "jlm_fin_eval/datasets/cma_basics/cma_basics.py",
      "dataset_name": "cma_basics",
      "test_split": "test",
      "doc_to_text": "def doc_to_text_02(doc):\n    q_doc_text = doc[\"question\"] + \"\\n\"\n    if doc[\"context\"] and doc[\"context\"] != \"\":\n        q_doc_text += doc[\"context\"] + \"\\n\"\n    choices = \",\".join(\n        [\n            f\"{idx}.{choice}\"\n            for idx, choice in zip(doc[\"choices\"][\"id\"], doc[\"choices\"][\"text\"])\n        ]\n    )\n    return f\"質問:{q_doc_text}\" f\"選択肢:{choices}\\n\" \"回答:\"\n",
      "doc_to_target": "def doc_to_target_02(doc):\n    return [\n        str(choice_id)\n        for choice_id in doc[\"choices\"][\"id\"]\n        if choice_id == doc[\"answer\"]\n    ][0]\n",
      "doc_to_choice": "def doc_to_choices_02(doc):\n    return [str(choice) for choice in doc[\"choices\"][\"id\"]]\n",
      "description": "質問と回答の選択肢を入力として受け取り、選択肢から回答を選択してください。なお、回答は選択肢の番号(例:0)でするものとします。\n\n\n",
      "target_delimiter": "",
      "fewshot_delimiter": "\n\n",
      "num_fewshot": 0,
      "metric_list": [
        {
          "metric": "acc",
          "aggregation": "mean",
          "higher_is_better": true
        },
        {
          "metric": "acc_norm",
          "aggregation": "mean",
          "higher_is_better": true
        },
        {
          "metric": "map",
          "aggregation": "mean",
          "higher_is_better": true
        },
        {
          "metric": "map_2",
          "aggregation": "mean",
          "higher_is_better": true
        },
        {
          "metric": "map_3",
          "aggregation": "mean",
          "higher_is_better": true
        },
        {
          "metric": "map_4",
          "aggregation": "mean",
          "higher_is_better": true
        },
        {
          "metric": "map_norm",
          "aggregation": "mean",
          "higher_is_better": true
        },
        {
          "metric": "map_2_norm",
          "aggregation": "mean",