{
  "results": {
    "security_sales_1-1.0-0.4": {
      "acc,none": 0.543859649122807,
      "acc_stderr,none": 0.06655775300696491,
      "acc_norm,none": 0.5087719298245614,
      "acc_norm_stderr,none": 0.06680502724442024,
      "map,none": 0.7470760233918128,
      "map_stderr,none": 0.037833550484937126,
      "map_2,none": 0.7105263157894737,
      "map_2_stderr,none": 0.046741182710672305,
      "map_3,none": 0.7339181286549706,
      "map_3_stderr,none": 0.04148029520207925,
      "map_4,none": 0.7470760233918128,
      "map_4_stderr,none": 0.037833550484937126,
      "map_norm,none": 0.7178362573099416,
      "map_norm_stderr,none": 0.0397290926425514,
      "map_2_norm,none": 0.6754385964912281,
      "map_2_norm_stderr,none": 0.049260235616543746,
      "map_3_norm,none": 0.6871345029239767,
      "map_3_norm_stderr,none": 0.047027741343141784,
      "map_4_norm,none": 0.7178362573099416,
      "map_4_norm_stderr,none": 0.0397290926425514,
      "alias": "security_sales_1-1.0-0.4"
    },
    "fp2-1.0-0.4": {
      "acc,none": 0.25263157894736843,
      "acc_stderr,none": 0.01995822981303426,
      "acc_norm,none": 0.25263157894736843,
      "acc_norm_stderr,none": 0.01995822981303426,
      "map,none": 0.5217543859649132,
      "map_stderr,none": 0.013489478075727314,
      "map_2,none": 0.3757894736842105,
      "map_2_stderr,none": 0.019162057565216262,
      "map_3,none": 0.45649122807017617,
      "map_3_stderr,none": 0.016799858183613927,
      "map_4,none": 0.5217543859649132,
      "map_4_stderr,none": 0.013489478075727314,
      "map_norm,none": 0.5217543859649132,
      "map_norm_stderr,none": 0.013489478075727314,
      "map_2_norm,none": 0.3757894736842105,
      "map_2_norm_stderr,none": 0.019162057565216262,
      "map_3_norm,none": 0.45649122807017617,
      "map_3_norm_stderr,none": 0.016799858183613927,
      "map_4_norm,none": 0.5217543859649132,
      "map_4_norm_stderr,none": 0.013489478075727314,
      "alias": "fp2-1.0-0.4"
    },
    "cpa_audit-1.0-0.4": {
      "acc,none": 0.13316582914572864,
      "acc_stderr,none": 0.0170517578589349,
      "acc_norm,none": 0.1306532663316583,
      "acc_norm_stderr,none": 0.016914586905916507,
      "map,none": 0.3864321608040198,
      "map_stderr,none": 0.0132766750946133,
      "map_2,none": 0.22110552763819097,
      "map_2_stderr,none": 0.01797339371716806,
      "map_3,none": 0.2788944723618088,
      "map_3_stderr,none": 0.017285317458135708,
      "map_4,none": 0.3228643216080399,
      "map_4_stderr,none": 0.016119027674627525,
      "map_norm,none": 0.3814907872696815,
      "map_norm_stderr,none": 0.013195714801812699,
      "map_2_norm,none": 0.21231155778894473,
      "map_2_norm_stderr,none": 0.01784386625554912,
      "map_3_norm,none": 0.270938023450586,
      "map_3_norm_stderr,none": 0.017212346538870073,
      "map_4_norm,none": 0.31742043551088744,
      "map_4_norm_stderr,none": 0.016020251463920894,
      "alias": "cpa_audit-1.0-0.4"
    },
    "cma_basics-1.0-0.4": {
      "acc,none": 0.3157894736842105,
      "acc_stderr,none": 0.07641750223933595,
      "acc_norm,none": 0.21052631578947367,
      "acc_norm_stderr,none": 0.06702258315442242,
      "map,none": 0.5394736842105264,
      "map_stderr,none": 0.05294183094210366,
      "map_2,none": 0.3815789473684211,
      "map_2_stderr,none": 0.0740857278175587,
      "map_3,none": 0.4605263157894738,
      "map_3_stderr,none": 0.06635602428207721,
      "map_4,none": 0.5394736842105264,
      "map_4_stderr,none": 0.05294183094210366,
      "map_norm,none": 0.5197368421052633,
      "map_norm_stderr,none": 0.04359957267154776,
      "map_2_norm,none": 0.39473684210526316,
      "map_2_norm_stderr,none": 0.06299172069839125,
      "map_3_norm,none": 0.473684210526316,
      "map_3_norm_stderr,none": 0.053162330983993936,
      "map_4_norm,none": 0.5197368421052633,
      "map_4_norm_stderr,none": 0.04359957267154776,
      "alias": "cma_basics-1.0-0.4"
    },
    "chabsa-1.0-0.4": {
      "acc,none": 0.5611808882558591,
      "acc_stderr,none": 0.005647149750045247,
      "f1,none": 0.3594592352989964,
      "f1_stderr,none": "N/A",
      "acc_norm,none": 0.5611808882558591,
      "acc_norm_stderr,none": 0.005647149750045247,
      "f1_norm,none": 0.3594592352989964,
      "f1_norm_stderr,none": "N/A",
      "alias": "chabsa-1.0-0.4"
    }
  },
  "group_subtasks": {
    "chabsa-1.0-0.4": [],
    "cma_basics-1.0-0.4": [],
    "cpa_audit-1.0-0.4": [],
    "fp2-1.0-0.4": [],
    "security_sales_1-1.0-0.4": []
  },
  "configs": {
    "chabsa-1.0-0.4": {
      "task": "chabsa-1.0-0.4",
      "dataset_path": "jlm_fin_eval/datasets/chabsa/chabsa.py",
      "dataset_name": "chABSA",
      "test_split": "test",
      "doc_to_text": "センテンス: {{sentence}}<NL>ターゲット: {{target}}<NL>システム:",
      "doc_to_target": "{{polarity}}",
      "doc_to_choice": [
        "positive",
        "negative"
      ],
      "description": "ユーザー: センテンスにおける、ターゲットのセンチメントをpositiveかnegativeで答えてください。<NL>システム: 分かりました。<NL>",
      "target_delimiter": " ",
      "fewshot_delimiter": "<NL>",
      "num_fewshot": 0,
      "metric_list": [
        {
          "metric": "acc",
          "aggregation": "mean",
          "higher_is_better": true
        },
        {
          "metric": "acc_norm",
          "aggregation": "mean",
          "higher_is_better": true
        },
        {
          "metric": "f1",
          "aggregation": "2class_adjusted_macro_f1_score_for_chabsa",
          "higher_is_better": true
        },
        {
          "metric": "f1_norm",
          "aggregation": "2class_adjusted_macro_f1_score_for_chabsa",
          "higher_is_better": true
        }
      ],
      "output_type": "multiple_choice",
      "repeats": 1,
      "should_decontaminate": false,
      "doc_to_decontamination_query": "sentence",
      "metadata": {
        "version": 1.0
      }
    },
    "cma_basics-1.0-0.4": {
      "task": "cma_basics-1.0-0.4",
      "dataset_path": "jlm_fin_eval/datasets/cma_basics/cma_basics.py",
      "dataset_name": "cma_basics",
      "test_split": "test",
      "doc_to_text": "def doc_to_text_04(doc, SEP=\"<NL>\"):\n    q_doc_text = doc[\"question\"]\n    if doc[\"context\"] and doc[\"context\"] != \"\":\n        q_doc_text += \"\\n\" + doc[\"context\"]\n    choices = SEP.join([f\"- {choice}\" for choice in doc[\"choices\"][\"text\"]])\n    input_text = f\"質問：{q_doc_text}{SEP}\" + f\"選択肢：{SEP}{choices}\"\n    return f\"ユーザー: {input_text}{SEP}システム: \"\n",
      "doc_to_target": "def doc_to_target_01(doc):\n    return [\n        choice_text\n        for choice_id, choice_text in zip(doc[\"choices\"][\"id\"], doc[\"choices\"][\"text\"])\n        if choice_id == doc[\"answer\"]\n    ][0]\n",
      "doc_to_choice": "def doc_to_choices_01(doc):\n    choices = doc[\"choices\"][\"text\"]\n    return choices\n",
      "description": "ユーザー: 与えられた選択肢の中から、最適な答えを選んでください。<NL>システム: 分かりました。<NL>",
      "target_delimiter": "",
      "fewshot_delimiter": "<NL>",
      "num_fewshot": 0,
      "metric_list": [
        {
          "metric": "acc",
          "aggregation": "mean",
          "higher_is_better": true
        },
        {
          "metric": "acc_norm",
          "aggregation": "mean",
          "higher_is_better": true
        },
        {
          "metric": "map",
          "aggregation": "mean",
          "higher_is_better": true
        },
        {
          "metric": "map_2",
          "aggregation": "mean",
          "higher_is_better": true
        },
        {
          "metric": "map_3",
          "aggregation": "mean",
          "higher_is_better": true
        },
        {
          "metric": "map_4",
          "aggregation": "mean",
          "higher_is_better": true
        },
        {
          "metric": "map_norm",
          "aggregation": "mean",
          "higher_is_better": true
        },
        {
          "metric": "map_2_norm",
          "aggregation": "mean",