{
  "results": {
    "chabsa": {
      "acc,none": 0.9189434157710734,
      "f1,none": 0.9320053384633370
    },
    "cma_basics": {
      "acc,none": 0.7894736842105263,
      "map,none": 0.8596491228070174,
      "map_2,none": 0.8026315789473685,
      "map_3,none": 0.8464912280701754,
      "map_4,none": 0.8596491228070174
    },
    "cpa_audit": {
      "acc,none": 0.3768844221105528,
      "map,none": 0.5640284757118923,
      "map_2,none": 0.4472361809045226,
      "map_3,none": 0.49413735343383625,
      "map_4,none": 0.5224036850921278
    },
    "fp2": {
      "acc,none": 0.5031578947368421,
      "map,none": 0.6657894736842104,
      "map_2,none": 0.5610526315789474,
      "map_3,none": 0.6221052631578948,
      "map_4,none": 0.6657894736842104
    },
    "security_sales_1": {
      "acc,none": 0.7017543859649122,
      "map,none": 0.8333333333333334,
      "map_2,none": 0.8157894736842105,
      "map_3,none": 0.8157894736842105,
      "map_4,none": 0.8333333333333334
    }
  },
  "versions": {
    "chabsa": 1.0,
    "cma_basics": 1.0,
    "cpa_audit": 1.0,
    "fp2": 1.0,
    "security_sales_1": 1.0
  },
  "config": {
    "model": "gpt-4",
    "num_fewshot": 0
  }
}