{
  "results": {
    "chabsa": {
      "alias": "chabsa",
      "acc,none": 0.9125987310630584,
      "acc_stderr,none": 0.003213911403871205,
      "f1,none": 0.9258266324330977,
      "f1_stderr,none": "N/A",
      "acc_norm,none": 0.9125987310630584,
      "acc_norm_stderr,none": 0.003213911403871205,
      "f1_norm,none": 0.9258266324330977,
      "f1_norm_stderr,none": "N/A"
    },
    "cma_basics": {
      "alias": "cma_basics",
      "acc,none": 0.6578947368421053,
      "acc_stderr,none": 0.07799328662681834,
      "acc_norm,none": 0.6578947368421053,
      "acc_norm_stderr,none": 0.07799328662681834,
      "map,none": 0.7675438596491228,
      "map_stderr,none": 0.05362970112637069,
      "map_2,none": 0.6842105263157895,
      "map_2_stderr,none": 0.07405414149004434,
      "map_3,none": 0.7280701754385964,
      "map_3_stderr,none": 0.06484624939803178,
      "map_4,none": 0.7675438596491228,
      "map_4_stderr,none": 0.05362970112637069,
      "map_norm,none": 0.7675438596491228,
      "map_norm_stderr,none": 0.05362970112637069,
      "map_2_norm,none": 0.6842105263157895,
      "map_2_norm_stderr,none": 0.07405414149004434,
      "map_3_norm,none": 0.7280701754385964,
      "map_3_norm_stderr,none": 0.06484624939803178,
      "map_4_norm,none": 0.7675438596491228,
      "map_4_norm_stderr,none": 0.05362970112637069
    },
    "cpa_audit": {
      "alias": "cpa_audit",
      "acc,none": 0.3165829145728643,
      "acc_stderr,none": 0.02334486673673053,
      "acc_norm,none": 0.3165829145728643,
      "acc_norm_stderr,none": 0.02334486673673053,
      "map,none": 0.520477386934673,
      "map_stderr,none": 0.01717760189763297,
      "map_2,none": 0.3969849246231156,
      "map_2_stderr,none": 0.022399334801429256,
      "map_3,none": 0.44053601340033527,
      "map_3_stderr,none": 0.021128667245382222,
      "map_4,none": 0.47005862646566193,
      "map_4_stderr,none": 0.019932283987087962,
      "map_norm,none": 0.520477386934673,
      "map_norm_stderr,none": 0.01717760189763297,
      "map_2_norm,none": 0.3969849246231156,
      "map_2_norm_stderr,none": 0.022399334801429256,
      "map_3_norm,none": 0.44053601340033527,
      "map_3_norm_stderr,none": 0.021128667245382222,
      "map_4_norm,none": 0.47005862646566193,
      "map_4_norm_stderr,none": 0.019932283987087962
    },
    "fp2": {
      "alias": "fp2",
      "acc,none": 0.4884210526315789,
      "acc_stderr,none": 0.022959601650946102,
      "acc_norm,none": 0.4884210526315789,
      "acc_norm_stderr,none": 0.022959601650946102,
      "map,none": 0.6796491228070173,
      "map_stderr,none": 0.015226138928718616,
      "map_2,none": 0.5778947368421052,
      "map_2_stderr,none": 0.020928682421198313,
      "map_3,none": 0.635438596491228,
      "map_3_stderr,none": 0.018198276452410785,
      "map_4,none": 0.6796491228070173,
      "map_4_stderr,none": 0.015226138928718616,
      "map_norm,none": 0.6796491228070173,
      "map_norm_stderr,none": 0.015226138928718616,
      "map_2_norm,none": 0.5778947368421052,
      "map_2_norm_stderr,none": 0.020928682421198313,
      "map_3_norm,none": 0.635438596491228,
      "map_3_norm_stderr,none": 0.018198276452410785,
      "map_4_norm,none": 0.6796491228070173,
      "map_4_norm_stderr,none": 0.015226138928718616
    },
    "security_sales_1": {
      "alias": "security_sales_1",
      "acc,none": 0.5263157894736842,
      "acc_stderr,none": 0.06672270432067237,
      "acc_norm,none": 0.5263157894736842,
      "acc_norm_stderr,none": 0.06672270432067237,
      "map,none": 0.739766081871345,
      "map_stderr,none": 0.03919519479080265,
      "map_2,none": 0.7017543859649122,
      "map_2_stderr,none": 0.04824561403508771,
      "map_3,none": 0.7134502923976608,
      "map_3_stderr,none": 0.045844132920133125,
      "map_4,none": 0.739766081871345,
      "map_4_stderr,none": 0.03919519479080265,
      "map_norm,none": 0.739766081871345,
      "map_norm_stderr,none": 0.03919519479080265,
      "map_2_norm,none": 0.7017543859649122,
      "map_2_norm_stderr,none": 0.04824561403508771,
      "map_3_norm,none": 0.7134502923976608,
      "map_3_norm_stderr,none": 0.045844132920133125,
      "map_4_norm,none": 0.739766081871345,
      "map_4_norm_stderr,none": 0.03919519479080265
    }
  },
  "group_subtasks": {
    "chabsa": [],
    "cma_basics": [],
    "cpa_audit": [],
    "fp2": [],
    "security_sales_1": []
  },
  "configs": {
    "chabsa": {
      "task": "chabsa",
      "dataset_path": "jlm_fin_eval/datasets/chabsa/chabsa.py",
      "dataset_name": "chABSA",
      "test_split": "test",
      "doc_to_text": "センテンス: {{sentence}}\nターゲット: {{target}}\n回答:",
      "doc_to_target": "{{polarity}}",
      "unsafe_code": false,
      "doc_to_choice": [
        "positive",
        "negative"
      ],
      "description": "以下のセンテンスにおける、ターゲットのセンチメントをpositiveかnegativeで答えてください。\n\n\n",
      "target_delimiter": " ",
      "fewshot_delimiter": "\n\n",
      "num_fewshot": 0,
      "metric_list": [
        {
          "metric": "acc",
          "aggregation": "mean",
          "higher_is_better": true
        },
        {
          "metric": "acc_norm",
          "aggregation": "mean",
          "higher_is_better": true
        },
        {
          "metric": "f1",
          "aggregation": "2class_adjusted_macro_f1_score_for_chabsa",
          "higher_is_better": true
        },
        {
          "metric": "f1_norm",
          "aggregation": "2class_adjusted_macro_f1_score_for_chabsa",
          "higher_is_better": true
        }
      ],
      "output_type": "multiple_choice",
      "repeats": 1,
      "should_decontaminate": false,
      "doc_to_decontamination_query": "sentence",
      "metadata": {
        "version": 1.0,
        "model": "plamo-2.0-prime"
      }
    },
    "cma_basics": {
      "task": "cma_basics",
      "dataset_path": "jlm_fin_eval/datasets/cma_basics/cma_basics.py",
      "dataset_name": "cma_basics",
      "test_split": "test",
      "doc_to_text": "def doc_to_text_00(doc):\n    doc_text = \"【問題】\\n\" + doc[\"question\"] + \"\\n\"\n    if doc[\"context\"] and doc[\"context\"] != \"\":\n        doc_text += doc[\"context\"] + \"\\n\"\n    doc_text += \"\\n【選択肢】\\n\"\n    for choice_id, choice_text in zip(doc[\"choices\"][\"id\"], doc[\"choices\"][\"text\"]):\n        doc_text += chr(choice_id + 65) + \": \" + choice_text + \"\\n\"\n    doc_text += \"\\n【答え】\\n\"\n    # doc_text += chr(int(doc[\"answer\"]) + 65)\n    return doc_text\n",
      "doc_to_target": "def doc_to_target_alphabet(doc):\n    answer = chr(int(doc[\"answer\"]) + 65)\n    return answer\n",
      "unsafe_code": false,
      "doc_to_choice": "def doc_to_choices_alphabet(doc):\n    choices = [chr(choice_id + 65) for choice_id in doc[\"choices\"][\"id\"]]\n    return choices\n",
      "description": "以下の問題の適切な答えを選択肢から選んでアルファベットで答えなさい。\n\n\n",
      "target_delimiter": "",
      "fewshot_delimiter": "\n\n",
      "num_fewshot": 0,
      "metric_list": [
        {
          "metric": "acc",
          "aggregation": "mean",
          "higher_is_better": true
        },
        {
          "metric": "acc_norm",
          "aggregation": "mean",
          "higher_is_better": true
        },
        {
          "metric": "map",
          "aggregation": "mean",
          "higher_is_better": true
        },
        {
          "metric": "map_2",
          "aggregation": "mean",
          "higher_is_better": true
        },
        {
          "metric": "map_3",
          "aggregation": "mean",
          "higher_is_better": true
        },
        {
          "metric": "map_4",
          "aggregation": "mean",
          "higher_is_better": true
        },
        {
          "metric": "map_norm",
          "aggregation": "mean",
          "higher_is_better": true
        },
        {
          "metric": "map_2_norm",
          "aggregation": "mean",
          "higher_is_better": true
        },
        {
          "metric": "map_3_norm",