{
  "results": {
    "chabsa": {
      "alias": "chabsa",
      "acc,none": 0.9127282144244464,
      "acc_stderr,none": 0.003211757670998495,
      "f1,none": 0.9258407609487314,
      "f1_stderr,none": "N/A",
      "acc_norm,none": 0.9127282144244464,
      "acc_norm_stderr,none": 0.003211757670998495,
      "f1_norm,none": 0.9258407609487314,
      "f1_norm_stderr,none": "N/A"
    },
    "cma_basics": {
      "alias": "cma_basics",
      "acc,none": 0.7368421052631579,
      "acc_stderr,none": 0.07239266372688179,
      "acc_norm,none": 0.7368421052631579,
      "acc_norm_stderr,none": 0.07239266372688179,
      "map,none": 0.8355263157894737,
      "map_stderr,none": 0.04613722502198637,
      "map_2,none": 0.7894736842105263,
      "map_2_stderr,none": 0.06148812161180933,
      "map_3,none": 0.8157894736842105,
      "map_3_stderr,none": 0.05362970112637068,
      "map_4,none": 0.8355263157894737,
      "map_4_stderr,none": 0.04613722502198637,
      "map_norm,none": 0.8355263157894737,
      "map_norm_stderr,none": 0.04613722502198637,
      "map_2_norm,none": 0.7894736842105263,
      "map_2_norm_stderr,none": 0.06148812161180933,
      "map_3_norm,none": 0.8157894736842105,
      "map_3_norm_stderr,none": 0.05362970112637068,
      "map_4_norm,none": 0.8355263157894737,
      "map_4_norm_stderr,none": 0.04613722502198637
    },
    "cpa_audit": {
      "alias": "cpa_audit",
      "acc,none": 0.24371859296482412,
      "acc_stderr,none": 0.021547197355438884,
      "acc_norm,none": 0.24371859296482412,
      "acc_norm_stderr,none": 0.021547197355438884,
      "map,none": 0.47956448911222765,
      "map_stderr,none": 0.01626412264017275,
      "map_2,none": 0.3379396984924623,
      "map_2_stderr,none": 0.021538062749156327,
      "map_3,none": 0.3898659966499164,
      "map_3_stderr,none": 0.020304985979209284,
      "map_4,none": 0.4300670016750421,
      "map_4_stderr,none": 0.018830292435961526,
      "map_norm,none": 0.47956448911222765,
      "map_norm_stderr,none": 0.01626412264017275,
      "map_2_norm,none": 0.3379396984924623,
      "map_2_norm_stderr,none": 0.021538062749156327,
      "map_3_norm,none": 0.3898659966499164,
      "map_3_norm_stderr,none": 0.020304985979209284,
      "map_4_norm,none": 0.4300670016750421,
      "map_4_norm_stderr,none": 0.018830292435961526
    },
    "fp2": {
      "alias": "fp2",
      "acc,none": 0.6863157894736842,
      "acc_stderr,none": 0.02131175200218248,
      "acc_norm,none": 0.6863157894736842,
      "acc_norm_stderr,none": 0.02131175200218248,
      "map,none": 0.8033333333333331,
      "map_stderr,none": 0.013928000301201126,
      "map_2,none": 0.74,
      "map_2_stderr,none": 0.01898372902190636,
      "map_3,none": 0.7764912280701753,
      "map_3_stderr,none": 0.016410231966345234,
      "map_4,none": 0.8033333333333331,
      "map_4_stderr,none": 0.013928000301201126,
      "map_norm,none": 0.8033333333333331,
      "map_norm_stderr,none": 0.013928000301201126,
      "map_2_norm,none": 0.74,
      "map_2_norm_stderr,none": 0.01898372902190636,
      "map_3_norm,none": 0.7764912280701753,
      "map_3_norm_stderr,none": 0.016410231966345234,
      "map_4_norm,none": 0.8033333333333331,
      "map_4_norm_stderr,none": 0.013928000301201126
    },
    "security_sales_1": {
      "alias": "security_sales_1",
      "acc,none": 0.6666666666666666,
      "acc_stderr,none": 0.06299407883487118,
      "acc_norm,none": 0.6666666666666666,
      "acc_norm_stderr,none": 0.06299407883487118,
      "map,none": 0.7982456140350878,
      "map_stderr,none": 0.03760181622693474,
      "map_2,none": 0.7631578947368421,
      "map_2_stderr,none": 0.04700501086092994,
      "map_3,none": 0.7807017543859649,
      "map_3_stderr,none": 0.04278122810804905,
      "map_4,none": 0.7982456140350878,
      "map_4_stderr,none": 0.03760181622693474,
      "map_norm,none": 0.7982456140350878,
      "map_norm_stderr,none": 0.03760181622693474,
      "map_2_norm,none": 0.7631578947368421,
      "map_2_norm_stderr,none": 0.04700501086092994,
      "map_3_norm,none": 0.7807017543859649,
      "map_3_norm_stderr,none": 0.04278122810804905,
      "map_4_norm,none": 0.7982456140350878,
      "map_4_norm_stderr,none": 0.03760181622693474
    }
  },
  "group_subtasks": {
    "chabsa": [],
    "cma_basics": [],
    "cpa_audit": [],
    "fp2": [],
    "security_sales_1": []
  },
  "configs": {
    "chabsa": {
      "task": "chabsa",
      "dataset_path": "jlm_fin_eval/datasets/chabsa/chabsa.py",
      "dataset_name": "chABSA",
      "test_split": "test",
      "doc_to_text": "センテンス: {{sentence}}\nターゲット: {{target}}\n回答:",
      "doc_to_target": "{{polarity}}",
      "unsafe_code": false,
      "doc_to_choice": [
        "positive",
        "negative"
      ],
      "description": "以下のセンテンスにおける、ターゲットのセンチメントをpositiveかnegativeで答えてください。\n\n\n",
      "target_delimiter": " ",
      "fewshot_delimiter": "\n\n",
      "num_fewshot": 0,
      "metric_list": [
        {
          "metric": "acc",
          "aggregation": "mean",
          "higher_is_better": true
        },
        {
          "metric": "acc_norm",
          "aggregation": "mean",
          "higher_is_better": true
        },
        {
          "metric": "f1",
          "aggregation": "2class_adjusted_macro_f1_score_for_chabsa",
          "higher_is_better": true
        },
        {
          "metric": "f1_norm",
          "aggregation": "2class_adjusted_macro_f1_score_for_chabsa",
          "higher_is_better": true
        }
      ],
      "output_type": "multiple_choice",
      "repeats": 1,
      "should_decontaminate": false,
      "doc_to_decontamination_query": "sentence",
      "metadata": {
        "version": 1.0,
        "model": "gpt-5-chat-2025-10-03"
      }
    },
    "cma_basics": {
      "task": "cma_basics",
      "dataset_path": "jlm_fin_eval/datasets/cma_basics/cma_basics.py",
      "dataset_name": "cma_basics",
      "test_split": "test",
      "doc_to_text": "def doc_to_text_00(doc):\n    doc_text = \"【問題】\\n\" + doc[\"question\"] + \"\\n\"\n    if doc[\"context\"] and doc[\"context\"] != \"\":\n        doc_text += doc[\"context\"] + \"\\n\"\n    doc_text += \"\\n【選択肢】\\n\"\n    for choice_id, choice_text in zip(doc[\"choices\"][\"id\"], doc[\"choices\"][\"text\"]):\n        doc_text += chr(choice_id + 65) + \": \" + choice_text + \"\\n\"\n    doc_text += \"\\n【答え】\\n\"\n    # doc_text += chr(int(doc[\"answer\"]) + 65)\n    return doc_text\n",
      "doc_to_target": "def doc_to_target_alphabet(doc):\n    answer = chr(int(doc[\"answer\"]) + 65)\n    return answer\n",
      "unsafe_code": false,
      "doc_to_choice": "def doc_to_choices_alphabet(doc):\n    choices = [chr(choice_id + 65) for choice_id in doc[\"choices\"][\"id\"]]\n    return choices\n",
      "description": "以下の問題の適切な答えを選択肢から選んでアルファベットで答えなさい。\n\n\n",
      "target_delimiter": "",
      "fewshot_delimiter": "\n\n",
      "num_fewshot": 0,
      "metric_list": [
        {
          "metric": "acc",
          "aggregation": "mean",
          "higher_is_better": true
        },
        {
          "metric": "acc_norm",
          "aggregation": "mean",
          "higher_is_better": true
        },
        {
          "metric": "map",
          "aggregation": "mean",
          "higher_is_better": true
        },
        {
          "metric": "map_2",
          "aggregation": "mean",
          "higher_is_better": true
        },
        {
          "metric": "map_3",
          "aggregation": "mean",
          "higher_is_better": true
        },
        {
          "metric": "map_4",
          "aggregation": "mean",
          "higher_is_better": true
        },
        {
          "metric": "map_norm",
          "aggregation": "mean",
          "higher_is_better": true
        },
        {
          "metric": "map_2_norm",
          "aggregation": "mean",
          "higher_is_better": true
        },
        {
          "metric": "map_3_norm",
          "aggregation": "mean",