{
  "results": {
    "security_sales_1": {
      "acc,none": 0.38596491228070173,
      "acc_stderr,none": 0.06505437269382161,
      "acc_norm,none": 0.38596491228070173,
      "acc_norm_stderr,none": 0.06505437269382161,
      "map,none": 0.6622807017543859,
      "map_stderr,none": 0.037105218720533656,
      "map_2,none": 0.6228070175438597,
      "map_2_stderr,none": 0.045610420138229045,
      "map_3,none": 0.6403508771929824,
      "map_3_stderr,none": 0.04229671386400418,
      "map_4,none": 0.6622807017543859,
      "map_4_stderr,none": 0.037105218720533656,
      "map_norm,none": 0.6622807017543859,
      "map_norm_stderr,none": 0.037105218720533656,
      "map_2_norm,none": 0.6228070175438597,
      "map_2_norm_stderr,none": 0.045610420138229045,
      "map_3_norm,none": 0.6403508771929824,
      "map_3_norm_stderr,none": 0.04229671386400418,
      "map_4_norm,none": 0.6622807017543859,
      "map_4_norm_stderr,none": 0.037105218720533656,
      "alias": "security_sales_1"
    },
    "fp2": {
      "acc,none": 0.24210526315789474,
      "acc_stderr,none": 0.01967512001202636,
      "acc_norm,none": 0.24210526315789474,
      "acc_norm_stderr,none": 0.01967512001202636,
      "map,none": 0.5105263157894746,
      "map_stderr,none": 0.013347877103660095,
      "map_2,none": 0.3568421052631579,
      "map_2_stderr,none": 0.019056732761632524,
      "map_3,none": 0.443157894736843,
      "map_3_stderr,none": 0.016678689399956082,
      "map_4,none": 0.5105263157894746,
      "map_4_stderr,none": 0.013347877103660095,
      "map_norm,none": 0.5105263157894746,
      "map_norm_stderr,none": 0.013347877103660095,
      "map_2_norm,none": 0.3568421052631579,
      "map_2_norm_stderr,none": 0.019056732761632524,
      "map_3_norm,none": 0.443157894736843,
      "map_3_norm_stderr,none": 0.016678689399956082,
      "map_4_norm,none": 0.5105263157894746,
      "map_4_norm_stderr,none": 0.013347877103660095,
      "alias": "fp2"
    },
    "cpa_audit": {
      "acc,none": 0.13819095477386933,
      "acc_stderr,none": 0.01732008740419801,
      "acc_norm,none": 0.13819095477386933,
      "acc_norm_stderr,none": 0.01732008740419801,
      "map,none": 0.3863484087102178,
      "map_stderr,none": 0.013332089577455766,
      "map_2,none": 0.21608040201005024,
      "map_2_stderr,none": 0.018039186064908275,
      "map_3,none": 0.27805695142378534,
      "map_3_stderr,none": 0.017329418977617125,
      "map_4,none": 0.3283082077051923,
      "map_4_stderr,none": 0.0159750105240174,
      "map_norm,none": 0.3863484087102178,
      "map_norm_stderr,none": 0.013332089577455766,
      "map_2_norm,none": 0.21608040201005024,
      "map_2_norm_stderr,none": 0.018039186064908275,
      "map_3_norm,none": 0.27805695142378534,
      "map_3_norm_stderr,none": 0.017329418977617125,
      "map_4_norm,none": 0.3283082077051923,
      "map_4_norm_stderr,none": 0.0159750105240174,
      "alias": "cpa_audit"
    },
    "cma_basics": {
      "acc,none": 0.3684210526315789,
      "acc_stderr,none": 0.0793021898421983,
      "acc_norm,none": 0.3684210526315789,
      "acc_norm_stderr,none": 0.0793021898421983,
      "map,none": 0.5635964912280701,
      "map_stderr,none": 0.048122877199154285,
      "map_2,none": 0.4473684210526316,
      "map_2_stderr,none": 0.0674401733824144,
      "map_3,none": 0.5175438596491228,
      "map_3_stderr,none": 0.057881803805678506,
      "map_4,none": 0.5635964912280701,
      "map_4_stderr,none": 0.048122877199154285,
      "map_norm,none": 0.5635964912280701,
      "map_norm_stderr,none": 0.048122877199154285,
      "map_2_norm,none": 0.4473684210526316,
      "map_2_norm_stderr,none": 0.0674401733824144,
      "map_3_norm,none": 0.5175438596491228,
      "map_3_norm_stderr,none": 0.057881803805678506,
      "map_4_norm,none": 0.5635964912280701,
      "map_4_norm_stderr,none": 0.048122877199154285,
      "alias": "cma_basics"
    },
    "chabsa": {
      "acc,none": 0.7076265699857568,
      "acc_stderr,none": 0.005176141241832252,
      "f1,none": 0.6991175292209548,
      "f1_stderr,none": "N/A",
      "acc_norm,none": 0.7076265699857568,
      "acc_norm_stderr,none": 0.005176141241832252,
      "f1_norm,none": 0.6991175292209548,
      "f1_norm_stderr,none": "N/A",
      "alias": "chabsa"
    }
  },
  "group_subtasks": {
    "chabsa": [],
    "cma_basics": [],
    "cpa_audit": [],
    "fp2": [],
    "security_sales_1": []
  },
  "configs": {
    "chabsa": {
      "task": "chabsa",
      "dataset_path": "jlm_fin_eval/datasets/chabsa/chabsa.py",
      "dataset_name": "chABSA",
      "test_split": "test",
      "doc_to_text": "センテンス: {{sentence}}\nターゲット: {{target}}\n回答:",
      "doc_to_target": "{{polarity}}",
      "doc_to_choice": [
        "positive",
        "negative"
      ],
      "description": "以下のセンテンスにおける、ターゲットのセンチメントをpositiveかnegativeで答えてください。\n\n\n",
      "target_delimiter": " ",
      "fewshot_delimiter": "\n\n",
      "num_fewshot": 0,
      "metric_list": [
        {
          "metric": "acc",
          "aggregation": "mean",
          "higher_is_better": true
        },
        {
          "metric": "acc_norm",
          "aggregation": "mean",
          "higher_is_better": true
        },
        {
          "metric": "f1",
          "aggregation": "2class_adjusted_macro_f1_score_for_chabsa",
          "higher_is_better": true
        },
        {
          "metric": "f1_norm",
          "aggregation": "2class_adjusted_macro_f1_score_for_chabsa",
          "higher_is_better": true
        }
      ],
      "output_type": "multiple_choice",
      "repeats": 1,
      "should_decontaminate": false,
      "doc_to_decontamination_query": "sentence",
      "metadata": {
        "version": 1.0
      }
    },
    "cma_basics": {
      "task": "cma_basics",
      "dataset_path": "jlm_fin_eval/datasets/cma_basics/cma_basics.py",
      "dataset_name": "cma_basics",
      "test_split": "test",
      "doc_to_text": "def doc_to_text_00(doc):\n    doc_text = \"【問題】\\n\" + doc[\"question\"] + \"\\n\"\n    if doc[\"context\"] and doc[\"context\"] != \"\":\n        doc_text += doc[\"context\"] + \"\\n\"\n    doc_text += \"\\n【選択肢】\\n\"\n    for choice_id, choice_text in zip(doc[\"choices\"][\"id\"], doc[\"choices\"][\"text\"]):\n        doc_text += chr(choice_id + 65) + \": \" + choice_text + \"\\n\"\n    doc_text += \"\\n【答え】\\n\"\n    # doc_text += chr(int(doc[\"answer\"]) + 65)\n    return doc_text\n",
      "doc_to_target": "def doc_to_target_alphabet(doc):\n    answer = chr(int(doc[\"answer\"]) + 65)\n    return answer\n",
      "doc_to_choice": "def doc_to_choices_alphabet(doc):\n    choices = [chr(choice_id + 65) for choice_id in doc[\"choices\"][\"id\"]]\n    return choices\n",
      "description": "以下の問題の適切な答えを選択肢から選んでアルファベットで答えなさい。\n\n\n",
      "target_delimiter": "",
      "fewshot_delimiter": "\n\n",
      "num_fewshot": 0,
      "metric_list": [
        {
          "metric": "acc",
          "aggregation": "mean",
          "higher_is_better": true
        },
        {
          "metric": "acc_norm",
          "aggregation": "mean",
          "higher_is_better": true
        },
        {
          "metric": "map",
          "aggregation": "mean",
          "higher_is_better": true
        },
        {
          "metric": "map_2",
          "aggregation": "mean",
          "higher_is_better": true
        },
        {
          "metric": "map_3",
          "aggregation": "mean",
          "higher_is_better": true
        },
        {
          "metric": "map_4",
          "aggregation": "mean",
          "higher_is_better": true
        },
        {
          "metric": "map_norm",
          "aggregation": "mean",
          "higher_is_better": true
        },
        {
          "metric": "map_2_norm",
          "aggregation": "mean",
          "higher_is_better": true
        },
        {
          "metric": "map_3_norm",
          "aggregation": "mean",