{
  "results": {
    "security_sales_1-1.0-0.5": {
      "acc,none": 0.45614035087719296,
      "acc_stderr,none": 0.06655775300696491,
      "acc_norm,none": 0.45614035087719296,
      "acc_norm_stderr,none": 0.06655775300696491,
      "map,none": 0.6915204678362574,
      "map_stderr,none": 0.039189351593295986,
      "map_2,none": 0.6491228070175439,
      "map_2_stderr,none": 0.048416194227948635,
      "map_3,none": 0.6608187134502925,
      "map_3_stderr,none": 0.046261840642395,
      "map_4,none": 0.6915204678362574,
      "map_4_stderr,none": 0.039189351593295986,
      "map_norm,none": 0.6915204678362574,
      "map_norm_stderr,none": 0.039189351593295986,
      "map_2_norm,none": 0.6491228070175439,
      "map_2_norm_stderr,none": 0.048416194227948635,
      "map_3_norm,none": 0.6608187134502925,
      "map_3_norm_stderr,none": 0.046261840642395,
      "map_4_norm,none": 0.6915204678362574,
      "map_4_norm_stderr,none": 0.039189351593295986,
      "alias": "security_sales_1-1.0-0.5"
    },
    "fp2-1.0-0.5": {
      "acc,none": 0.24,
      "acc_stderr,none": 0.019616577850947305,
      "acc_norm,none": 0.24,
      "acc_norm_stderr,none": 0.019616577850947305,
      "map,none": 0.5110526315789481,
      "map_stderr,none": 0.013211099773766404,
      "map_2,none": 0.36,
      "map_2_stderr,none": 0.018901664719234074,
      "map_3,none": 0.44631578947368483,
      "map_3_stderr,none": 0.01646640322771144,
      "map_4,none": 0.5110526315789481,
      "map_4_stderr,none": 0.013211099773766404,
      "map_norm,none": 0.5110526315789481,
      "map_norm_stderr,none": 0.013211099773766404,
      "map_2_norm,none": 0.36,
      "map_2_norm_stderr,none": 0.018901664719234074,
      "map_3_norm,none": 0.44631578947368483,
      "map_3_norm_stderr,none": 0.01646640322771144,
      "map_4_norm,none": 0.5110526315789481,
      "map_4_norm_stderr,none": 0.013211099773766404,
      "alias": "fp2-1.0-0.5"
    },
    "cpa_audit-1.0-0.5": {
      "acc,none": 0.16834170854271358,
      "acc_stderr,none": 0.018779026412908444,
      "acc_norm,none": 0.1658291457286432,
      "acc_norm_stderr,none": 0.01866649095365284,
      "map,none": 0.40498324958123966,
      "map_stderr,none": 0.014374985853920419,
      "map_2,none": 0.2449748743718593,
      "map_2_stderr,none": 0.01913687414606884,
      "map_3,none": 0.3036013400335005,
      "map_3_stderr,none": 0.018287543185729702,
      "map_4,none": 0.339405360134003,
      "map_4_stderr,none": 0.01729133763476891,
      "map_norm,none": 0.40163316582914566,
      "map_norm_stderr,none": 0.01442636639859395,
      "map_2_norm,none": 0.24120603015075376,
      "map_2_norm_stderr,none": 0.01913344619037386,
      "map_3_norm,none": 0.2981574539363481,
      "map_3_norm_stderr,none": 0.01834483081025795,
      "map_4_norm,none": 0.33270519262981535,
      "map_4_norm_stderr,none": 0.017418076349724188,
      "alias": "cpa_audit-1.0-0.5"
    },
    "cma_basics-1.0-0.5": {
      "acc,none": 0.21052631578947367,
      "acc_stderr,none": 0.06702258315442244,
      "acc_norm,none": 0.15789473684210525,
      "acc_norm_stderr,none": 0.05994682078436837,
      "map,none": 0.4912280701754385,
      "map_stderr,none": 0.045305701884461994,
      "map_2,none": 0.3157894736842105,
      "map_2_stderr,none": 0.06646171485760266,
      "map_3,none": 0.4385964912280701,
      "map_3_stderr,none": 0.054951252385670994,
      "map_4,none": 0.4912280701754385,
      "map_4_stderr,none": 0.045305701884461994,
      "map_norm,none": 0.45833333333333326,
      "map_norm_stderr,none": 0.04082845840400084,
      "map_2_norm,none": 0.2631578947368421,
      "map_2_norm_stderr,none": 0.061791768503480726,
      "map_3_norm,none": 0.41228070175438597,
      "map_3_norm_stderr,none": 0.049390485211705824,
      "map_4_norm,none": 0.45833333333333326,
      "map_4_norm_stderr,none": 0.04082845840400084,
      "alias": "cma_basics-1.0-0.5"
    },
    "chabsa-1.0-0.5": {
      "acc,none": 0.6087012818852777,
      "acc_stderr,none": 0.0055538151662034765,
      "f1,none": 0.5518556395909118,
      "f1_stderr,none": "N/A",
      "acc_norm,none": 0.6087012818852777,
      "acc_norm_stderr,none": 0.0055538151662034765,
      "f1_norm,none": 0.5518556395909118,
      "f1_norm_stderr,none": "N/A",
      "alias": "chabsa-1.0-0.5"
    }
  },
  "group_subtasks": {
    "chabsa-1.0-0.5": [],
    "cma_basics-1.0-0.5": [],
    "cpa_audit-1.0-0.5": [],
    "fp2-1.0-0.5": [],
    "security_sales_1-1.0-0.5": []
  },
  "configs": {
    "chabsa-1.0-0.5": {
      "task": "chabsa-1.0-0.5",
      "dataset_path": "jlm_fin_eval/datasets/chabsa/chabsa.py",
      "dataset_name": "chABSA",
      "test_split": "test",
      "doc_to_text": "センテンス: {{sentence}}\nターゲット: {{target}}\nシステム:",
      "doc_to_target": "{{polarity}}",
      "doc_to_choice": [
        "positive",
        "negative"
      ],
      "description": "ユーザー: センテンスにおける、ターゲットのセンチメントをpositiveかnegativeで答えてください。\nシステム: 分かりました。\n\n",
      "target_delimiter": " ",
      "fewshot_delimiter": "\n",
      "num_fewshot": 0,
      "metric_list": [
        {
          "metric": "acc",
          "aggregation": "mean",
          "higher_is_better": true
        },
        {
          "metric": "acc_norm",
          "aggregation": "mean",
          "higher_is_better": true
        },
        {
          "metric": "f1",
          "aggregation": "2class_adjusted_macro_f1_score_for_chabsa",
          "higher_is_better": true
        },
        {
          "metric": "f1_norm",
          "aggregation": "2class_adjusted_macro_f1_score_for_chabsa",
          "higher_is_better": true
        }
      ],
      "output_type": "multiple_choice",
      "repeats": 1,
      "should_decontaminate": false,
      "doc_to_decontamination_query": "sentence",
      "metadata": {
        "version": 1.0
      }
    },
    "cma_basics-1.0-0.5": {
      "task": "cma_basics-1.0-0.5",
      "dataset_path": "jlm_fin_eval/datasets/cma_basics/cma_basics.py",
      "dataset_name": "cma_basics",
      "test_split": "test",
      "doc_to_text": "def doc_to_text_05(doc):\n    return doc_to_text_04(doc, SEP=\"\\n\")\n",
      "doc_to_target": "def doc_to_target_01(doc):\n    return [\n        choice_text\n        for choice_id, choice_text in zip(doc[\"choices\"][\"id\"], doc[\"choices\"][\"text\"])\n        if choice_id == doc[\"answer\"]\n    ][0]\n",
      "doc_to_choice": "def doc_to_choices_01(doc):\n    choices = doc[\"choices\"][\"text\"]\n    return choices\n",
      "description": "ユーザー: 与えられた選択肢の中から、最適な答えを選んでください。\nシステム: 分かりました。\n\n",
      "target_delimiter": "",
      "fewshot_delimiter": "\n",
      "num_fewshot": 0,
      "metric_list": [
        {
          "metric": "acc",
          "aggregation": "mean",
          "higher_is_better": true
        },
        {
          "metric": "acc_norm",
          "aggregation": "mean",
          "higher_is_better": true
        },
        {
          "metric": "map",
          "aggregation": "mean",
          "higher_is_better": true
        },
        {
          "metric": "map_2",
          "aggregation": "mean",
          "higher_is_better": true
        },
        {
          "metric": "map_3",
          "aggregation": "mean",
          "higher_is_better": true
        },
        {
          "metric": "map_4",
          "aggregation": "mean",
          "higher_is_better": true
        },
        {
          "metric": "map_norm",
          "aggregation": "mean",
          "higher_is_better": true
        },
        {
          "metric": "map_2_norm",
          "aggregation": "mean",
          "higher_is_better": true
        },
        {
          "metric": "map_3_norm",
          "aggregation": "mean",
          "higher_is_better": true
        },
        {
          "metric": "map_4_norm",
          "aggregation": "mean",
          "higher_is_better": true
        }
      ],
      "output_type": "multiple_choice",
      "repeats": 1,
      "should_decontaminate": true,