{
  "results": {
    "security_sales_1-1.0-0.4": {
      "acc,none": 0.45614035087719296,
      "acc_stderr,none": 0.06655775300696491,
      "acc_norm,none": 0.45614035087719296,
      "acc_norm_stderr,none": 0.06655775300696491,
      "map,none": 0.6798245614035088,
      "map_stderr,none": 0.03929051067361605,
      "map_2,none": 0.631578947368421,
      "map_2_stderr,none": 0.04931599141890322,
      "map_3,none": 0.6491228070175439,
      "map_3_stderr,none": 0.046209007687950616,
      "map_4,none": 0.6798245614035088,
      "map_4_stderr,none": 0.03929051067361605,
      "map_norm,none": 0.6798245614035088,
      "map_norm_stderr,none": 0.03929051067361605,
      "map_2_norm,none": 0.631578947368421,
      "map_2_norm_stderr,none": 0.04931599141890322,
      "map_3_norm,none": 0.6491228070175439,
      "map_3_norm_stderr,none": 0.046209007687950616,
      "map_4_norm,none": 0.6798245614035088,
      "map_4_norm_stderr,none": 0.03929051067361605,
      "alias": "security_sales_1-1.0-0.4"
    },
    "fp2-1.0-0.4": {
      "acc,none": 0.24421052631578946,
      "acc_stderr,none": 0.01973301465590164,
      "acc_norm,none": 0.24421052631578946,
      "acc_norm_stderr,none": 0.01973301465590164,
      "map,none": 0.5128070175438606,
      "map_stderr,none": 0.013240410447492124,
      "map_2,none": 0.3631578947368421,
      "map_2_stderr,none": 0.018921071395138524,
      "map_3,none": 0.4480701754385972,
      "map_3_stderr,none": 0.01650445271833791,
      "map_4,none": 0.5128070175438606,
      "map_4_stderr,none": 0.013240410447492124,
      "map_norm,none": 0.5128070175438606,
      "map_norm_stderr,none": 0.013240410447492124,
      "map_2_norm,none": 0.3631578947368421,
      "map_2_norm_stderr,none": 0.018921071395138524,
      "map_3_norm,none": 0.4480701754385972,
      "map_3_norm_stderr,none": 0.01650445271833791,
      "map_4_norm,none": 0.5128070175438606,
      "map_4_norm_stderr,none": 0.013240410447492124,
      "alias": "fp2-1.0-0.4"
    },
    "cpa_audit-1.0-0.4": {
      "acc,none": 0.17587939698492464,
      "acc_stderr,none": 0.019107664906766544,
      "acc_norm,none": 0.1507537688442211,
      "acc_norm_stderr,none": 0.017957904178307855,
      "map,none": 0.40891959798994976,
      "map_stderr,none": 0.014584880135759,
      "map_2,none": 0.24874371859296482,
      "map_2_stderr,none": 0.019384862491379863,
      "map_3,none": 0.30402010050251227,
      "map_3_stderr,none": 0.018580108774919123,
      "map_4,none": 0.3473618090452258,
      "map_4_stderr,none": 0.01736088554855588,
      "map_norm,none": 0.3945979899497488,
      "map_norm_stderr,none": 0.013893115904939463,
      "map_2_norm,none": 0.22989949748743718,
      "map_2_norm_stderr,none": 0.018608579466887057,
      "map_3_norm,none": 0.2885259631490784,
      "map_3_norm_stderr,none": 0.01785905897138073,
      "map_4_norm,none": 0.3331239530988272,
      "map_4_norm_stderr,none": 0.016649197055216683,
      "alias": "cpa_audit-1.0-0.4"
    },
    "cma_basics-1.0-0.4": {
      "acc,none": 0.2631578947368421,
      "acc_stderr,none": 0.0723926637268818,
      "acc_norm,none": 0.21052631578947367,
      "acc_norm_stderr,none": 0.06702258315442244,
      "map,none": 0.5109649122807017,
      "map_stderr,none": 0.04981107152478809,
      "map_2,none": 0.34210526315789475,
      "map_2_stderr,none": 0.0708244056017332,
      "map_3,none": 0.4385964912280703,
      "map_3_stderr,none": 0.06204367239550162,
      "map_4,none": 0.5109649122807017,
      "map_4_stderr,none": 0.04981107152478809,
      "map_norm,none": 0.48684210526315796,
      "map_norm_stderr,none": 0.045819194313547376,
      "map_2_norm,none": 0.3157894736842105,
      "map_2_norm_stderr,none": 0.06646171485760265,
      "map_3_norm,none": 0.42105263157894746,
      "map_3_norm_stderr,none": 0.05717689371603139,
      "map_4_norm,none": 0.48684210526315796,
      "map_4_norm_stderr,none": 0.045819194313547376,
      "alias": "cma_basics-1.0-0.4"
    },
    "chabsa-1.0-0.4": {
      "acc,none": 0.6098666321377703,
      "acc_stderr,none": 0.005550844814878174,
      "f1,none": 0.5918913680038783,
      "f1_stderr,none": "N/A",
      "acc_norm,none": 0.6098666321377703,
      "acc_norm_stderr,none": 0.005550844814878174,
      "f1_norm,none": 0.5918913680038783,
      "f1_norm_stderr,none": "N/A",
      "alias": "chabsa-1.0-0.4"
    }
  },
  "group_subtasks": {
    "chabsa-1.0-0.4": [],
    "cma_basics-1.0-0.4": [],
    "cpa_audit-1.0-0.4": [],
    "fp2-1.0-0.4": [],
    "security_sales_1-1.0-0.4": []
  },
  "configs": {
    "chabsa-1.0-0.4": {
      "task": "chabsa-1.0-0.4",
      "dataset_path": "jlm_fin_eval/datasets/chabsa/chabsa.py",
      "dataset_name": "chABSA",
      "test_split": "test",
      "doc_to_text": "センテンス: {{sentence}}<NL>ターゲット: {{target}}<NL>システム:",
      "doc_to_target": "{{polarity}}",
      "doc_to_choice": [
        "positive",
        "negative"
      ],
      "description": "ユーザー: センテンスにおける、ターゲットのセンチメントをpositiveかnegativeで答えてください。<NL>システム: 分かりました。<NL>",
      "target_delimiter": " ",
      "fewshot_delimiter": "<NL>",
      "num_fewshot": 0,
      "metric_list": [
        {
          "metric": "acc",
          "aggregation": "mean",
          "higher_is_better": true
        },
        {
          "metric": "acc_norm",
          "aggregation": "mean",
          "higher_is_better": true
        },
        {
          "metric": "f1",
          "aggregation": "2class_adjusted_macro_f1_score_for_chabsa",
          "higher_is_better": true
        },
        {
          "metric": "f1_norm",
          "aggregation": "2class_adjusted_macro_f1_score_for_chabsa",
          "higher_is_better": true
        }
      ],
      "output_type": "multiple_choice",
      "repeats": 1,
      "should_decontaminate": false,
      "doc_to_decontamination_query": "sentence",
      "metadata": {
        "version": 1.0
      }
    },
    "cma_basics-1.0-0.4": {
      "task": "cma_basics-1.0-0.4",
      "dataset_path": "jlm_fin_eval/datasets/cma_basics/cma_basics.py",
      "dataset_name": "cma_basics",
      "test_split": "test",
      "doc_to_text": "def doc_to_text_04(doc, SEP=\"<NL>\"):\n    q_doc_text = doc[\"question\"]\n    if doc[\"context\"] and doc[\"context\"] != \"\":\n        q_doc_text += \"\\n\" + doc[\"context\"]\n    choices = SEP.join([f\"- {choice}\" for choice in doc[\"choices\"][\"text\"]])\n    input_text = f\"質問：{q_doc_text}{SEP}\" + f\"選択肢：{SEP}{choices}\"\n    return f\"ユーザー: {input_text}{SEP}システム: \"\n",
      "doc_to_target": "def doc_to_target_01(doc):\n    return [\n        choice_text\n        for choice_id, choice_text in zip(doc[\"choices\"][\"id\"], doc[\"choices\"][\"text\"])\n        if choice_id == doc[\"answer\"]\n    ][0]\n",
      "doc_to_choice": "def doc_to_choices_01(doc):\n    choices = doc[\"choices\"][\"text\"]\n    return choices\n",
      "description": "ユーザー: 与えられた選択肢の中から、最適な答えを選んでください。<NL>システム: 分かりました。<NL>",
      "target_delimiter": "",
      "fewshot_delimiter": "<NL>",
      "num_fewshot": 0,
      "metric_list": [
        {
          "metric": "acc",
          "aggregation": "mean",
          "higher_is_better": true
        },
        {
          "metric": "acc_norm",
          "aggregation": "mean",
          "higher_is_better": true
        },
        {
          "metric": "map",
          "aggregation": "mean",
          "higher_is_better": true
        },
        {
          "metric": "map_2",
          "aggregation": "mean",
          "higher_is_better": true
        },
        {
          "metric": "map_3",
          "aggregation": "mean",
          "higher_is_better": true
        },
        {
          "metric": "map_4",
          "aggregation": "mean",
          "higher_is_better": true
        },
        {
          "metric": "map_norm",
          "aggregation": "mean",
          "higher_is_better": true
        },
        {
          "metric": "map_2_norm",
          "aggregation": "mean",