{
  "results": {
    "cma_basics-1.0-0.1.2": {
      "acc": 0.3157894736842105,
      "acc_stderr": 0.07641750223933594,
      "map": 0.5679824561403509,
      "map_stderr": 0.05017505935125769,
      "map_2": 0.4342105263157895,
      "map_2_stderr": 0.07098938231164041,
      "map_3": 0.5219298245614036,
      "map_3_stderr": 0.05969042304350681,
      "map_4": 0.5679824561403509,
      "map_4_stderr": 0.05017505935125769
    },
    "fp2-1.0-0.1.2": {
      "acc": 0.25263157894736843,
      "acc_stderr": 0.019958229813034255,
      "map": 0.5215789473684219,
      "map_stderr": 0.01343393908447998,
      "map_2": 0.37684210526315787,
      "map_2_stderr": 0.01908933416638228,
      "map_3": 0.4568421052631587,
      "map_3_stderr": 0.016731864016970622,
      "map_4": 0.5215789473684219,
      "map_4_stderr": 0.01343393908447998
    },
    "security_sales_1-1.0-0.1": {
      "acc": 0.43859649122807015,
      "acc_stderr": 0.0663095566682855,
      "map": 0.6842105263157895,
      "map_stderr": 0.03867366686085174,
      "map_2": 0.6403508771929824,
      "map_2_stderr": 0.048074428584506966,
      "map_3": 0.6578947368421053,
      "map_3_stderr": 0.04482030643548384,
      "map_4": 0.6842105263157895,
      "map_4_stderr": 0.03867366686085174
    },
    "chabsa-1.0-0.2": {
      "acc": 0.770943933704519,
      "f1": 0.5184026766699211
    },
    "cpa_audit-1.0-0.2": {
      "acc": 0.1708542713567839,
      "acc_stderr": 0.01889004971210392,
      "map": 0.4148241206030152,
      "map_stderr": 0.014374723895859422,
      "map_2": 0.2550251256281407,
      "map_2_stderr": 0.019301523920912417,
      "map_3": 0.31281407035175846,
      "map_3_stderr": 0.0183960102355597,
      "map_4": 0.35804020100502504,
      "map_4_stderr": 0.01704316842347189
    }
  },
  "versions": {
    "cma_basics-1.0-0.1.2": 1.0,
    "fp2-1.0-0.1.2": 1.0,
    "security_sales_1-1.0-0.1": 1.0,
    "chabsa-1.0-0.2": 1.0,
    "cpa_audit-1.0-0.2": 1.0
  },
  "config": {
    "model": "hf",
    "model_args": "pretrained=matsuo-lab/weblab-10b,trust_remote_code=True,load_in_8bit=True",
    "num_fewshot": [
      0,
      0,
      0,
      0,
      0
    ],
    "batch_size": null,
    "device": "cuda",
    "no_cache": false,
    "limit": null,
    "bootstrap_iters": 100000,
    "description_dict": {}
  }
}