{
  "results": {
    "chabsa-1.0-0.2": {
      "acc": 0.7640813155509517,
      "f1": 0.7683692386347885
    },
    "cma_basics-1.0-0.3": {
      "acc": 0.34210526315789475,
      "acc_stderr": 0.07799328662681833,
      "map": 0.5657894736842105,
      "map_stderr": 0.05279431928471086,
      "map_2": 0.40789473684210525,
      "map_2_stderr": 0.0750894752146649,
      "map_3": 0.5131578947368421,
      "map_3_stderr": 0.06297933903326952,
      "map_4": 0.5657894736842105,
      "map_4_stderr": 0.05279431928471086
    },
    "cpa_audit-1.0-0.5": {
      "acc": 0.21105527638190955,
      "acc_stderr": 0.020479820300228026,
      "map": 0.4361390284757119,
      "map_stderr": 0.01549446020814842,
      "map_2": 0.271356783919598,
      "map_2_stderr": 0.02062180788998359,
      "map_3": 0.3350083752093799,
      "map_3_stderr": 0.01953159922399425,
      "map_4": 0.38086264656616403,
      "map_4_stderr": 0.018101777814926036
    },
    "fp2-1.0-0.5": {
      "acc": 0.23157894736842105,
      "acc_stderr": 0.019375815676536727,
      "map": 0.5119298245614042,
      "map_stderr": 0.012889220316560077,
      "map_2": 0.36947368421052634,
      "map_2_stderr": 0.01848195889093359,
      "map_3": 0.45087719298245665,
      "map_3_stderr": 0.01606062567443953,
      "map_4": 0.5119298245614042,
      "map_4_stderr": 0.012889220316560077
    },
    "security_sales_1-1.0-0.1": {
      "acc": 0.3333333333333333,
      "acc_stderr": 0.0629940788348712,
      "map": 0.6403508771929824,
      "map_stderr": 0.035224514044317985,
      "map_2": 0.6052631578947368,
      "map_2_stderr": 0.042877473962219595,
      "map_3": 0.6228070175438597,
      "map_3_stderr": 0.039473684210526314,
      "map_4": 0.6403508771929824,
      "map_4_stderr": 0.035224514044317985
    }
  },
  "versions": {
    "chabsa-1.0-0.2": 1.0,
    "cma_basics-1.0-0.3": 1.0,
    "cpa_audit-1.0-0.5": 1.0,
    "fp2-1.0-0.5": 1.0,
    "security_sales_1-1.0-0.1": 1.0
  },
  "config": {
    "model": "hf-causal-experimental",
    "model_args": "pretrained=matsuo-lab/weblab-10b,trust_remote_code=True",
    "num_fewshot": [
      0,
      1,
      2,
      3,
      2
    ],
    "batch_size": null,
    "device": null,
    "no_cache": true,
    "limit": null,
    "bootstrap_iters": 100000,
    "description_dict": {}
  }
}