{
  "results": {
    "security_sales_1-1.0-0.1": {
      "acc,none": 0.3684210526315789,
      "acc_stderr,none": 0.06446025638903097,
      "acc_norm,none": 0.3333333333333333,
      "acc_norm_stderr,none": 0.06299407883487118,
      "map,none": 0.6461988304093568,
      "map_stderr,none": 0.037621097389450096,
      "map_2,none": 0.5964912280701754,
      "map_2_stderr,none": 0.047557175210892054,
      "map_3,none": 0.6198830409356726,
      "map_3_stderr,none": 0.043506655251644745,
      "map_4,none": 0.6461988304093568,
      "map_4_stderr,none": 0.037621097389450096,
      "map_norm,none": 0.6213450292397662,
      "map_norm_stderr,none": 0.03749304768461227,
      "map_2_norm,none": 0.5614035087719298,
      "map_2_norm_stderr,none": 0.04858617553805027,
      "map_3_norm,none": 0.5906432748538013,
      "map_3_norm_stderr,none": 0.04396742536415976,
      "map_4_norm,none": 0.6213450292397662,
      "map_4_norm_stderr,none": 0.03749304768461227,
      "alias": "security_sales_1-1.0-0.1"
    },
    "fp2-1.0-0.1": {
      "acc,none": 0.24210526315789474,
      "acc_stderr,none": 0.019675120012026363,
      "acc_norm,none": 0.24210526315789474,
      "acc_norm_stderr,none": 0.019675120012026363,
      "map,none": 0.520175438596492,
      "map_stderr,none": 0.01314382251418995,
      "map_2,none": 0.3778947368421053,
      "map_2_stderr,none": 0.018781194465269473,
      "map_3,none": 0.4607017543859654,
      "map_3_stderr,none": 0.016262368398296066,
      "map_4,none": 0.520175438596492,
      "map_4_stderr,none": 0.01314382251418995,
      "map_norm,none": 0.520175438596492,
      "map_norm_stderr,none": 0.01314382251418995,
      "map_2_norm,none": 0.3778947368421053,
      "map_2_norm_stderr,none": 0.018781194465269473,
      "map_3_norm,none": 0.4607017543859654,
      "map_3_norm_stderr,none": 0.016262368398296066,
      "map_4_norm,none": 0.520175438596492,
      "map_4_norm_stderr,none": 0.01314382251418995,
      "alias": "fp2-1.0-0.1"
    },
    "cpa_audit-1.0-0.1": {
      "acc,none": 0.16080402010050251,
      "acc_stderr,none": 0.01843677242307894,
      "acc_norm,none": 0.16080402010050251,
      "acc_norm_stderr,none": 0.01843677242307894,
      "map,none": 0.4110971524288105,
      "map_stderr,none": 0.014157059670937807,
      "map_2,none": 0.2613065326633166,
      "map_2_stderr,none": 0.01896398365305699,
      "map_3,none": 0.309045226130653,
      "map_3_stderr,none": 0.018197020157019773,
      "map_4,none": 0.3498743718592963,
      "map_4_stderr,none": 0.017002250892070865,
      "map_norm,none": 0.40649078726968135,
      "map_norm_stderr,none": 0.014224952382277029,
      "map_2_norm,none": 0.2550251256281407,
      "map_2_norm_stderr,none": 0.018970795410192913,
      "map_3_norm,none": 0.30192629815745364,
      "map_3_norm_stderr,none": 0.018261244941276036,
      "map_4_norm,none": 0.3427554438860971,
      "map_4_norm_stderr,none": 0.01711380555141958,
      "alias": "cpa_audit-1.0-0.1"
    },
    "cma_basics-1.0-0.1": {
      "acc,none": 0.2894736842105263,
      "acc_stderr,none": 0.07455791696866067,
      "acc_norm,none": 0.2894736842105263,
      "acc_norm_stderr,none": 0.07455791696866065,
      "map,none": 0.537280701754386,
      "map_stderr,none": 0.05064946540868443,
      "map_2,none": 0.39473684210526316,
      "map_2_stderr,none": 0.07095641765589888,
      "map_3,none": 0.46491228070175444,
      "map_3_stderr,none": 0.06353412517313675,
      "map_4,none": 0.537280701754386,
      "map_4_stderr,none": 0.05064946540868443,
      "map_norm,none": 0.5526315789473685,
      "map_norm_stderr,none": 0.04913719900260564,
      "map_2_norm,none": 0.42105263157894735,
      "map_2_norm_stderr,none": 0.0693556909988199,
      "map_3_norm,none": 0.5000000000000001,
      "map_3_norm_stderr,none": 0.05963378041608701,
      "map_4_norm,none": 0.5526315789473685,
      "map_4_norm_stderr,none": 0.04913719900260564,
      "alias": "cma_basics-1.0-0.1"
    },
    "chabsa-1.0-0.1": {
      "acc,none": 0.5729638741421728,
      "acc_stderr,none": 0.00562899716185668,
      "f1,none": 0.39231576077693553,
      "f1_stderr,none": "N/A",
      "acc_norm,none": 0.5729638741421728,
      "acc_norm_stderr,none": 0.00562899716185668,
      "f1_norm,none": 0.39231576077693553,
      "f1_norm_stderr,none": "N/A",
      "alias": "chabsa-1.0-0.1"
    }
  },
  "group_subtasks": {
    "chabsa-1.0-0.1": [],
    "cma_basics-1.0-0.1": [],
    "cpa_audit-1.0-0.1": [],
    "fp2-1.0-0.1": [],
    "security_sales_1-1.0-0.1": []
  },
  "configs": {
    "chabsa-1.0-0.1": {
      "task": "chabsa-1.0-0.1",
      "dataset_path": "jlm_fin_eval/datasets/chabsa/chabsa.py",
      "dataset_name": "chABSA",
      "test_split": "test",
      "doc_to_text": "[センテンス]: {{sentence}}\nターゲット]: {{target}}\n[答え]:",
      "doc_to_target": "{{polarity}}",
      "doc_to_choice": [
        "positive",
        "negative"
      ],
      "description": "[センテンス]における、[ターゲット]のセンチメントをpositiveかnegativeで選んでください。\n\n\n",
      "target_delimiter": " ",
      "fewshot_delimiter": "\n\n",
      "num_fewshot": 0,
      "metric_list": [
        {
          "metric": "acc",
          "aggregation": "mean",
          "higher_is_better": true
        },
        {
          "metric": "acc_norm",
          "aggregation": "mean",
          "higher_is_better": true
        },
        {
          "metric": "f1",
          "aggregation": "2class_adjusted_macro_f1_score_for_chabsa",
          "higher_is_better": true
        },
        {
          "metric": "f1_norm",
          "aggregation": "2class_adjusted_macro_f1_score_for_chabsa",
          "higher_is_better": true
        }
      ],
      "output_type": "multiple_choice",
      "repeats": 1,
      "should_decontaminate": false,
      "doc_to_decontamination_query": "sentence",
      "metadata": {
        "version": 1.0
      }
    },
    "cma_basics-1.0-0.1": {
      "task": "cma_basics-1.0-0.1",
      "dataset_path": "jlm_fin_eval/datasets/cma_basics/cma_basics.py",
      "dataset_name": "cma_basics",
      "test_split": "test",
      "doc_to_text": "def doc_to_text_01(doc):\n    q_doc_text = doc[\"question\"] + \"\\n\"\n    if doc[\"context\"] and doc[\"context\"] != \"\":\n        q_doc_text += doc[\"context\"] + \"\\n\"\n    return f\"[問題]:{q_doc_text}[選択肢]:[{', '.join(doc['choices']['text'])}]\\n[答え]:\"\n",
      "doc_to_target": "def doc_to_target_01(doc):\n    return [\n        choice_text\n        for choice_id, choice_text in zip(doc[\"choices\"][\"id\"], doc[\"choices\"][\"text\"])\n        if choice_id == doc[\"answer\"]\n    ][0]\n",
      "doc_to_choice": "def doc_to_choices_01(doc):\n    choices = doc[\"choices\"][\"text\"]\n    return choices\n",
      "description": "[問題]に対する[答え]を[選択肢]の中から選んでください。\n\n\n",
      "target_delimiter": "",
      "fewshot_delimiter": "\n\n",
      "num_fewshot": 0,
      "metric_list": [
        {
          "metric": "acc",
          "aggregation": "mean",
          "higher_is_better": true
        },
        {
          "metric": "acc_norm",
          "aggregation": "mean",
          "higher_is_better": true
        },
        {
          "metric": "map",
          "aggregation": "mean",
          "higher_is_better": true
        },
        {
          "metric": "map_2",
          "aggregation": "mean",
          "higher_is_better": true
        },
        {
          "metric": "map_3",
          "aggregation": "mean",
          "higher_is_better": true
        },
        {
          "metric": "map_4",
          "aggregation": "mean",
          "higher_is_better": true
        },
        {
          "metric": "map_norm",
          "aggregation": "mean",
          "higher_is_better": true
        },
        {
          "metric": "map_2_norm",
          "aggregation": "mean",
          "higher_is_better": true
        },
        {
          "metric": "map_3_norm",
          "aggregation": "mean",