{
  "results": {
    "security_sales_1-1.0-0.3": {
      "acc,none": 0.42105263157894735,
      "acc_stderr,none": 0.06597717584505354,
      "acc_norm,none": 0.42105263157894735,
      "acc_norm_stderr,none": 0.06597717584505354,
      "map,none": 0.6783625730994151,
      "map_stderr,none": 0.03786077939019824,
      "map_2,none": 0.631578947368421,
      "map_2_stderr,none": 0.04770141932499819,
      "map_3,none": 0.6608187134502923,
      "map_3_stderr,none": 0.04212672339025381,
      "map_4,none": 0.6783625730994151,
      "map_4_stderr,none": 0.03786077939019824,
      "map_norm,none": 0.6739766081871346,
      "map_norm_stderr,none": 0.0386479982766443,
      "map_2_norm,none": 0.631578947368421,
      "map_2_norm_stderr,none": 0.04770141932499819,
      "map_3_norm,none": 0.6432748538011697,
      "map_3_norm_stderr,none": 0.045593680525914164,
      "map_4_norm,none": 0.6739766081871346,
      "map_4_norm_stderr,none": 0.0386479982766443,
      "alias": "security_sales_1-1.0-0.3"
    },
    "fp2-1.0-0.3": {
      "acc,none": 0.24210526315789474,
      "acc_stderr,none": 0.01967512001202636,
      "acc_norm,none": 0.24210526315789474,
      "acc_norm_stderr,none": 0.01967512001202636,
      "map,none": 0.5184210526315797,
      "map_stderr,none": 0.01317971393954915,
      "map_2,none": 0.3736842105263158,
      "map_2_stderr,none": 0.018840595346411793,
      "map_3,none": 0.45789473684210585,
      "map_3_stderr,none": 0.016323297673793095,
      "map_4,none": 0.5184210526315797,
      "map_4_stderr,none": 0.01317971393954915,
      "map_norm,none": 0.5184210526315797,
      "map_norm_stderr,none": 0.01317971393954915,
      "map_2_norm,none": 0.3736842105263158,
      "map_2_norm_stderr,none": 0.018840595346411793,
      "map_3_norm,none": 0.45789473684210585,
      "map_3_norm_stderr,none": 0.016323297673793095,
      "map_4_norm,none": 0.5184210526315797,
      "map_4_norm_stderr,none": 0.01317971393954915,
      "alias": "fp2-1.0-0.3"
    },
    "cpa_audit-1.0-0.3": {
      "acc,none": 0.1407035175879397,
      "acc_stderr,none": 0.017451338441977035,
      "acc_norm,none": 0.1407035175879397,
      "acc_norm_stderr,none": 0.017451338441977035,
      "map,none": 0.3938860971524286,
      "map_stderr,none": 0.013547494063496854,
      "map_2,none": 0.23492462311557788,
      "map_2_stderr,none": 0.018277492442600733,
      "map_3,none": 0.28768844221105505,
      "map_3_stderr,none": 0.0175758428692711,
      "map_4,none": 0.3329145728643214,
      "map_4_stderr,none": 0.01633068458957142,
      "map_norm,none": 0.390159128978224,
      "map_norm_stderr,none": 0.013605363527697492,
      "map_2_norm,none": 0.23115577889447236,
      "map_2_norm_stderr,none": 0.018268681417048786,
      "map_3_norm,none": 0.28140703517587917,
      "map_3_norm_stderr,none": 0.01763684513126918,
      "map_4_norm,none": 0.32600502512562785,
      "map_4_norm_stderr,none": 0.016459268715674706,
      "alias": "cpa_audit-1.0-0.3"
    },
    "cma_basics-1.0-0.3": {
      "acc,none": 0.2631578947368421,
      "acc_stderr,none": 0.0723926637268818,
      "acc_norm,none": 0.23684210526315788,
      "acc_norm_stderr,none": 0.06989334006042333,
      "map,none": 0.5153508771929826,
      "map_stderr,none": 0.049878870103945636,
      "map_2,none": 0.3684210526315789,
      "map_2_stderr,none": 0.06975931627447642,
      "map_3,none": 0.42982456140350883,
      "map_3_stderr,none": 0.06399074180413362,
      "map_4,none": 0.5153508771929826,
      "map_4_stderr,none": 0.049878870103945636,
      "map_norm,none": 0.5197368421052633,
      "map_norm_stderr,none": 0.04655788676094664,
      "map_2_norm,none": 0.3815789473684211,
      "map_2_norm_stderr,none": 0.06649690771940579,
      "map_3_norm,none": 0.4605263157894738,
      "map_3_norm_stderr,none": 0.05776041575776092,
      "map_4_norm,none": 0.5197368421052633,
      "map_4_norm_stderr,none": 0.04655788676094664,
      "alias": "cma_basics-1.0-0.3"
    },
    "chabsa-1.0-0.3": {
      "acc,none": 0.6756441797229056,
      "acc_stderr,none": 0.005327273195135245,
      "f1,none": 0.625793088310012,
      "f1_stderr,none": "N/A",
      "acc_norm,none": 0.6756441797229056,
      "acc_norm_stderr,none": 0.005327273195135245,
      "f1_norm,none": 0.625793088310012,
      "f1_norm_stderr,none": "N/A",
      "alias": "chabsa-1.0-0.3"
    }
  },
  "group_subtasks": {
    "chabsa-1.0-0.3": [],
    "cma_basics-1.0-0.3": [],
    "cpa_audit-1.0-0.3": [],
    "fp2-1.0-0.3": [],
    "security_sales_1-1.0-0.3": []
  },
  "configs": {
    "chabsa-1.0-0.3": {
      "task": "chabsa-1.0-0.3",
      "dataset_path": "jlm_fin_eval/datasets/chabsa/chabsa.py",
      "dataset_name": "chABSA",
      "test_split": "test",
      "doc_to_text": "### 入力:\nセンテンス:{{sentence}}\nターゲット:{{target}}\n\n### 応答:\n\n",
      "doc_to_target": "{{polarity}}",
      "doc_to_choice": [
        "positive",
        "negative"
      ],
      "description": "以下は、タスクを説明する指示と、文脈のある入力の組み合わせです。要求を適切に満たす応答を書きなさい。\n\n### 指示:\n以下のセンテンスにおける、ターゲットのセンチメントをpositiveかnegativeで答えてください。\n\n\n",
      "target_delimiter": "",
      "fewshot_delimiter": "\n\n",
      "num_fewshot": 0,
      "metric_list": [
        {
          "metric": "acc",
          "aggregation": "mean",
          "higher_is_better": true
        },
        {
          "metric": "acc_norm",
          "aggregation": "mean",
          "higher_is_better": true
        },
        {
          "metric": "f1",
          "aggregation": "2class_adjusted_macro_f1_score_for_chabsa",
          "higher_is_better": true
        },
        {
          "metric": "f1_norm",
          "aggregation": "2class_adjusted_macro_f1_score_for_chabsa",
          "higher_is_better": true
        }
      ],
      "output_type": "multiple_choice",
      "repeats": 1,
      "should_decontaminate": false,
      "doc_to_decontamination_query": "sentence",
      "metadata": {
        "version": 1.0
      }
    },
    "cma_basics-1.0-0.3": {
      "task": "cma_basics-1.0-0.3",
      "dataset_path": "jlm_fin_eval/datasets/cma_basics/cma_basics.py",
      "dataset_name": "cma_basics",
      "test_split": "test",
      "doc_to_text": "def doc_to_text_03(doc):\n    q_doc_text = doc[\"question\"] + \"\\n\"\n    if doc[\"context\"] and doc[\"context\"] != \"\":\n        q_doc_text += doc[\"context\"] + \"\\n\"\n    choices = \"\\n\".join([f\"- {choice}\" for choice in doc[\"choices\"][\"text\"]])\n    input_text = f\"{q_doc_text}\" + f\"出力は以下から選択してください：\\n{choices}\"\n    return f\"### 入力:\\n{input_text}\\n\\n### 応答:\\n\"\n",
      "doc_to_target": "def doc_to_target_01(doc):\n    return [\n        choice_text\n        for choice_id, choice_text in zip(doc[\"choices\"][\"id\"], doc[\"choices\"][\"text\"])\n        if choice_id == doc[\"answer\"]\n    ][0]\n",
      "doc_to_choice": "def doc_to_choices_01(doc):\n    choices = doc[\"choices\"][\"text\"]\n    return choices\n",
      "description": "以下は、タスクを説明する指示と、文脈のある入力の組み合わせです。要求を適切に満たす応答を書きなさい。\n\n### 指示:\n与えられた選択肢の中から、最適な答えを選んでください。\n\n\n",
      "target_delimiter": "",
      "fewshot_delimiter": "\n\n",
      "num_fewshot": 0,
      "metric_list": [
        {
          "metric": "acc",
          "aggregation": "mean",
          "higher_is_better": true
        },
        {
          "metric": "acc_norm",
          "aggregation": "mean",
          "higher_is_better": true
        },
        {
          "metric": "map",
          "aggregation": "mean",
          "higher_is_better": true
        },
        {
          "metric": "map_2",
          "aggregation": "mean",
          "higher_is_better": true
        },
        {
          "metric": "map_3",
          "aggregation": "mean",
          "higher_is_better": true
        },
        {
          "metric": "map_4",
          "aggregation": "mean",
          "higher_is_better": true
        },
        {
          "metric": "map_norm",
          "aggregation": "mean",