{
  "results": {
    "security_sales_1-1.0-0.4": {
      "acc": 0.5087719298245614,
      "acc_stderr": 0.06680502724442025,
      "map": 0.7149122807017544,
      "map_stderr": 0.04012104919586107,
      "map_2": 0.6666666666666666,
      "map_2_stderr": 0.05058141488890698,
      "map_3": 0.6842105263157895,
      "map_3_stderr": 0.047325470177397716,
      "map_4": 0.7149122807017544,
      "map_4_stderr": 0.04012104919586107
    },
    "cma_basics-1.0-0.3": {
      "acc": 0.34210526315789475,
      "acc_stderr": 0.07799328662681833,
      "map": 0.5723684210526315,
      "map_stderr": 0.05213657095451484,
      "map_2": 0.42105263157894735,
      "map_2_stderr": 0.07430645616140366,
      "map_3": 0.5263157894736842,
      "map_3_stderr": 0.06143736789155393,
      "map_4": 0.5723684210526315,
      "map_4_stderr": 0.05213657095451484
    },
    "chabsa-1.0-0.1": {
      "acc": 0.5960119124692477,
      "f1": 0.399719931174456
    },
    "cpa-1.0-0.3": {
      "acc": 0.16080402010050251,
      "acc_stderr": 0.01843677242307894,
      "map": 0.39995812395309854,
      "map_stderr": 0.014212981755431148,
      "map_2": 0.23618090452261306,
      "map_2_stderr": 0.01895979058610908,
      "map_3": 0.2948073701842544,
      "map_3_stderr": 0.018173750828785303,
      "map_4": 0.3343802345058624,
      "map_4_stderr": 0.01710227733773498
    }
  },
  "versions": {
    "security_sales_1-1.0-0.4": 1.0,
    "cma_basics-1.0-0.3": 1.0,
    "chabsa-1.0-0.1": 1.0,
    "cpa-1.0-0.3": 1.0
  },
  "config": {
    "model": "hf",
    "model_args": "pretrained=matsuo-lab/weblab-10b,trust_remote_code=True,load_in_8bit=True",
    "num_fewshot": [
      1,
      1,
      1,
      1
    ],
    "batch_size": null,
    "device": "cuda",
    "no_cache": false,
    "limit": null,
    "bootstrap_iters": 100000,
    "description_dict": {}
  }
}