{
  "results": {
    "security_sales_1-1.0-0.2": {
      "acc,none": 0.3684210526315789,
      "acc_stderr,none": 0.06446025638903097,
      "acc_norm,none": 0.3684210526315789,
      "acc_norm_stderr,none": 0.06446025638903097,
      "map,none": 0.6432748538011697,
      "map_stderr,none": 0.037763876308680944,
      "map_2,none": 0.5789473684210527,
      "map_2_stderr,none": 0.049732167501214106,
      "map_3,none": 0.6257309941520469,
      "map_3_stderr,none": 0.04177735959697941,
      "map_4,none": 0.6432748538011697,
      "map_4_stderr,none": 0.037763876308680944,
      "map_norm,none": 0.6432748538011697,
      "map_norm_stderr,none": 0.037763876308680944,
      "map_2_norm,none": 0.5789473684210527,
      "map_2_norm_stderr,none": 0.049732167501214106,
      "map_3_norm,none": 0.6257309941520469,
      "map_3_norm_stderr,none": 0.04177735959697941,
      "map_4_norm,none": 0.6432748538011697,
      "map_4_norm_stderr,none": 0.037763876308680944,
      "alias": "security_sales_1-1.0-0.2"
    },
    "fp2-1.0-0.2": {
      "acc,none": 0.2505263157894737,
      "acc_stderr,none": 0.019902869674481148,
      "acc_norm,none": 0.2505263157894737,
      "acc_norm_stderr,none": 0.019902869674481148,
      "map,none": 0.5256140350877204,
      "map_stderr,none": 0.0133209332960331,
      "map_2,none": 0.3821052631578947,
      "map_2_stderr,none": 0.019013873955196794,
      "map_3,none": 0.46771929824561487,
      "map_3_stderr,none": 0.01637799096897053,
      "map_4,none": 0.5256140350877204,
      "map_4_stderr,none": 0.0133209332960331,
      "map_norm,none": 0.5256140350877204,
      "map_norm_stderr,none": 0.0133209332960331,
      "map_2_norm,none": 0.3821052631578947,
      "map_2_norm_stderr,none": 0.019013873955196794,
      "map_3_norm,none": 0.46771929824561487,
      "map_3_norm_stderr,none": 0.01637799096897053,
      "map_4_norm,none": 0.5256140350877204,
      "map_4_norm_stderr,none": 0.0133209332960331,
      "alias": "fp2-1.0-0.2"
    },
    "cpa_audit-1.0-0.2": {
      "acc,none": 0.18090452261306533,
      "acc_stderr,none": 0.019319537383523423,
      "acc_norm,none": 0.18090452261306533,
      "acc_norm_stderr,none": 0.019319537383523423,
      "map,none": 0.42001675041876047,
      "map_stderr,none": 0.014651920241600539,
      "map_2,none": 0.2600502512562814,
      "map_2_stderr,none": 0.01962181827799241,
      "map_3,none": 0.31616415410385224,
      "map_3_stderr,none": 0.018726605817211844,
      "map_4,none": 0.3639028475711892,
      "map_4_stderr,none": 0.017290772434142388,
      "map_norm,none": 0.42001675041876047,
      "map_norm_stderr,none": 0.014651920241600539,
      "map_2_norm,none": 0.2600502512562814,
      "map_2_norm_stderr,none": 0.01962181827799241,
      "map_3_norm,none": 0.31616415410385224,
      "map_3_norm_stderr,none": 0.018726605817211844,
      "map_4_norm,none": 0.3639028475711892,
      "map_4_norm_stderr,none": 0.017290772434142388,
      "alias": "cpa_audit-1.0-0.2"
    },
    "cma_basics-1.0-0.2": {
      "acc,none": 0.23684210526315788,
      "acc_stderr,none": 0.06989334006042333,
      "acc_norm,none": 0.23684210526315788,
      "acc_norm_stderr,none": 0.06989334006042333,
      "map,none": 0.506578947368421,
      "map_stderr,none": 0.04728916371238558,
      "map_2,none": 0.34210526315789475,
      "map_2_stderr,none": 0.06826769112960689,
      "map_3,none": 0.44736842105263175,
      "map_3_stderr,none": 0.05798949097562497,
      "map_4,none": 0.506578947368421,
      "map_4_stderr,none": 0.04728916371238558,
      "map_norm,none": 0.506578947368421,
      "map_norm_stderr,none": 0.04728916371238558,
      "map_2_norm,none": 0.34210526315789475,
      "map_2_norm_stderr,none": 0.06826769112960689,
      "map_3_norm,none": 0.44736842105263175,
      "map_3_norm_stderr,none": 0.05798949097562497,
      "map_4_norm,none": 0.506578947368421,
      "map_4_norm_stderr,none": 0.04728916371238558,
      "alias": "cma_basics-1.0-0.2"
    },
    "chabsa-1.0-0.2": {
      "acc,none": 0.6707238119901593,
      "acc_stderr,none": 0.005347947392511839,
      "f1,none": 0.6122171508303403,
      "f1_stderr,none": "N/A",
      "acc_norm,none": 0.6707238119901593,
      "acc_norm_stderr,none": 0.005347947392511839,
      "f1_norm,none": 0.6122171508303403,
      "f1_norm_stderr,none": "N/A",
      "alias": "chabsa-1.0-0.2"
    }
  },
  "group_subtasks": {
    "chabsa-1.0-0.2": [],
    "cma_basics-1.0-0.2": [],
    "cpa_audit-1.0-0.2": [],
    "fp2-1.0-0.2": [],
    "security_sales_1-1.0-0.2": []
  },
  "configs": {
    "chabsa-1.0-0.2": {
      "task": "chabsa-1.0-0.2",
      "dataset_path": "jlm_fin_eval/datasets/chabsa/chabsa.py",
      "dataset_name": "chABSA",
      "test_split": "test",
      "doc_to_text": "センテンス: {{sentence}}\nターゲット: {{target}}\n回答:",
      "doc_to_target": "{{polarity}}",
      "doc_to_choice": [
        "positive",
        "negative"
      ],
      "description": "センテンスとターゲットを入力として受け取り、ターゲットに関するセンチメントをpositiveかnegativeから選択してください。\n\n\n",
      "target_delimiter": " ",
      "fewshot_delimiter": "\n\n",
      "num_fewshot": 0,
      "metric_list": [
        {
          "metric": "acc",
          "aggregation": "mean",
          "higher_is_better": true
        },
        {
          "metric": "acc_norm",
          "aggregation": "mean",
          "higher_is_better": true
        },
        {
          "metric": "f1",
          "aggregation": "2class_adjusted_macro_f1_score_for_chabsa",
          "higher_is_better": true
        },
        {
          "metric": "f1_norm",
          "aggregation": "2class_adjusted_macro_f1_score_for_chabsa",
          "higher_is_better": true
        }
      ],
      "output_type": "multiple_choice",
      "repeats": 1,
      "should_decontaminate": false,
      "doc_to_decontamination_query": "sentence",
      "metadata": {
        "version": 1.0
      }
    },
    "cma_basics-1.0-0.2": {
      "task": "cma_basics-1.0-0.2",
      "dataset_path": "jlm_fin_eval/datasets/cma_basics/cma_basics.py",
      "dataset_name": "cma_basics",
      "test_split": "test",
      "doc_to_text": "def doc_to_text_02(doc):\n    q_doc_text = doc[\"question\"] + \"\\n\"\n    if doc[\"context\"] and doc[\"context\"] != \"\":\n        q_doc_text += doc[\"context\"] + \"\\n\"\n    choices = \",\".join(\n        [\n            f\"{idx}.{choice}\"\n            for idx, choice in zip(doc[\"choices\"][\"id\"], doc[\"choices\"][\"text\"])\n        ]\n    )\n    return f\"質問:{q_doc_text}\" f\"選択肢:{choices}\\n\" \"回答:\"\n",
      "doc_to_target": "def doc_to_target_02(doc):\n    return [\n        str(choice_id)\n        for choice_id in doc[\"choices\"][\"id\"]\n        if choice_id == doc[\"answer\"]\n    ][0]\n",
      "doc_to_choice": "def doc_to_choices_02(doc):\n    return [str(choice) for choice in doc[\"choices\"][\"id\"]]\n",
      "description": "質問と回答の選択肢を入力として受け取り、選択肢から回答を選択してください。なお、回答は選択肢の番号(例:0)でするものとします。\n\n\n",
      "target_delimiter": "",
      "fewshot_delimiter": "\n\n",
      "num_fewshot": 0,
      "metric_list": [
        {
          "metric": "acc",
          "aggregation": "mean",
          "higher_is_better": true
        },
        {
          "metric": "acc_norm",
          "aggregation": "mean",
          "higher_is_better": true
        },
        {
          "metric": "map",
          "aggregation": "mean",
          "higher_is_better": true
        },
        {
          "metric": "map_2",
          "aggregation": "mean",
          "higher_is_better": true
        },
        {
          "metric": "map_3",
          "aggregation": "mean",
          "higher_is_better": true
        },
        {
          "metric": "map_4",
          "aggregation": "mean",
          "higher_is_better": true
        },
        {
          "metric": "map_norm",
          "aggregation": "mean",
          "higher_is_better": true
        },
        {
          "metric": "map_2_norm",
          "aggregation": "mean",