{
  "results": {
    "security_sales_1-1.0-0.2": {
      "acc": 0.40350877192982454,
      "acc_stderr": 0.06555933012294897,
      "map": 0.6666666666666666,
      "map_stderr": 0.03789302534889363,
      "map_2": 0.6140350877192983,
      "map_2_stderr": 0.04850125934928229,
      "map_3": 0.6491228070175439,
      "map_3_stderr": 0.042068697572918604,
      "map_4": 0.6666666666666666,
      "map_4_stderr": 0.03789302534889363
    },
    "cpa-1.0-0.2": {
      "acc": 0.20100502512562815,
      "acc_stderr": 0.020113156276807858,
      "map": 0.43266331658291485,
      "map_stderr": 0.015215999646186239,
      "map_2": 0.26884422110552764,
      "map_2_stderr": 0.02031884939055629,
      "map_3": 0.3324958123953096,
      "map_3_stderr": 0.019232413626511746,
      "map_4": 0.3814907872696818,
      "map_4_stderr": 0.017681169063762603
    },
    "chabsa-1.0-0.6": {
      "acc": 0.5615693383400233,
      "f1": 0.24151300778559914
    },
    "cma_basics-1.0-0.3": {
      "acc": 0.34210526315789475,
      "acc_stderr": 0.07799328662681834,
      "map": 0.5767543859649122,
      "map_stderr": 0.04943388808305959,
      "map_2": 0.4605263157894737,
      "map_2_stderr": 0.06898362657323134,
      "map_3": 0.530701754385965,
      "map_3_stderr": 0.05925331681764187,
      "map_4": 0.5767543859649122,
      "map_4_stderr": 0.04943388808305959
    }
  },
  "versions": {
    "security_sales_1-1.0-0.2": 1.0,
    "cpa-1.0-0.2": 1.0,
    "chabsa-1.0-0.6": 1.0,
    "cma_basics-1.0-0.3": 1.0
  },
  "config": {
    "model": "hf",
    "model_args": "pretrained=line-corporation/japanese-large-lm-3.6b-instruction-sft,trust_remote_code=True,load_in_8bit=True",
    "num_fewshot": [
      0,
      4,
      2,
      4
    ],
    "batch_size": null,
    "device": "cuda",
    "no_cache": false,
    "limit": null,
    "bootstrap_iters": 100000,
    "description_dict": {}
  }
}