{
  "results": {
    "security_sales_1": {
      "acc": 0.42105263157894735,
      "acc_stderr": 0.06597717584505354,
      "map": 0.6754385964912281,
      "map_stderr": 0.03972524962719686,
      "map_2": 0.6140350877192983,
      "map_2_stderr": 0.05162998514900417,
      "map_3": 0.6491228070175439,
      "map_3_stderr": 0.04564053596860731,
      "map_4": 0.6754385964912281,
      "map_4_stderr": 0.03972524962719686
    },
    "cma_basics-1.0-0.1.2": {
      "acc": 0.2631578947368421,
      "acc_stderr": 0.0723926637268818,
      "map": 0.49561403508771934,
      "map_stderr": 0.042743016618212025,
      "map_2": 0.3684210526315789,
      "map_2_stderr": 0.06164013203318277,
      "map_3": 0.42982456140350883,
      "map_3_stderr": 0.05502689075923759,
      "map_4": 0.49561403508771934,
      "map_4_stderr": 0.042743016618212025
    },
    "cpa-1.0-0.2": {
      "acc": 0.13819095477386933,
      "acc_stderr": 0.017320087404198006,
      "map": 0.409924623115578,
      "map_stderr": 0.014063823750522817,
      "map_2": 0.24874371859296482,
      "map_2_stderr": 0.01897236700683414,
      "map_3": 0.30988274706867636,
      "map_3_stderr": 0.01803482696936119,
      "map_4": 0.35322445561139015,
      "map_4_stderr": 0.016737825501433073
    },
    "chabsa-1.0-0.2": {
      "acc": 0.5611808882558591,
      "f1": 0.23963949019933095
    }
  },
  "versions": {
    "security_sales_1": 1.0,
    "cma_basics-1.0-0.1.2": 1.0,
    "cpa-1.0-0.2": 1.0,
    "chabsa-1.0-0.2": 1.0
  },
  "config": {
    "model": "hf",
    "model_args": "pretrained=rinna/japanese-gpt-neox-3.6b,load_in_8bit=True",
    "num_fewshot": [
      0,
      3,
      0,
      3
    ],
    "batch_size": null,
    "device": "cuda",
    "no_cache": false,
    "limit": null,
    "bootstrap_iters": 100000,
    "description_dict": {}
  }
}