{
  "results": {
    "security_sales_1-1.0-0.1": {
      "acc,none": 0.43859649122807015,
      "acc_stderr,none": 0.0663095566682855,
      "acc_norm,none": 0.42105263157894735,
      "acc_norm_stderr,none": 0.06597717584505354,
      "map,none": 0.706140350877193,
      "map_stderr,none": 0.03528297800827338,
      "map_2,none": 0.6842105263157895,
      "map_2_stderr,none": 0.040808670395824,
      "map_3,none": 0.7017543859649122,
      "map_3_stderr,none": 0.036545530254179635,
      "map_4,none": 0.706140350877193,
      "map_4_stderr,none": 0.03528297800827338,
      "map_norm,none": 0.7002923976608186,
      "map_norm_stderr,none": 0.03464546544011496,
      "map_2_norm,none": 0.6842105263157895,
      "map_2_norm_stderr,none": 0.038842064510849275,
      "map_3_norm,none": 0.6959064327485379,
      "map_3_norm_stderr,none": 0.03591767652865465,
      "map_4_norm,none": 0.7002923976608186,
      "map_4_norm_stderr,none": 0.03464546544011496,
      "alias": "security_sales_1-1.0-0.1"
    },
    "fp2-1.0-0.1": {
      "acc,none": 0.24,
      "acc_stderr,none": 0.019616577850947305,
      "acc_norm,none": 0.24,
      "acc_norm_stderr,none": 0.019616577850947305,
      "map,none": 0.5154385964912288,
      "map_stderr,none": 0.01318194559630481,
      "map_2,none": 0.3684210526315789,
      "map_2_stderr,none": 0.018852998636330942,
      "map_3,none": 0.45333333333333403,
      "map_3_stderr,none": 0.016368869598231334,
      "map_4,none": 0.5154385964912288,
      "map_4_stderr,none": 0.01318194559630481,
      "map_norm,none": 0.5154385964912288,
      "map_norm_stderr,none": 0.01318194559630481,
      "map_2_norm,none": 0.3684210526315789,
      "map_2_norm_stderr,none": 0.018852998636330942,
      "map_3_norm,none": 0.45333333333333403,
      "map_3_norm_stderr,none": 0.016368869598231334,
      "map_4_norm,none": 0.5154385964912288,
      "map_4_norm_stderr,none": 0.01318194559630481,
      "alias": "fp2-1.0-0.1"
    },
    "cpa_audit-1.0-0.1": {
      "acc,none": 0.15829145728643215,
      "acc_stderr,none": 0.01831953107292637,
      "acc_norm,none": 0.1507537688442211,
      "acc_norm_stderr,none": 0.017957904178307896,
      "map,none": 0.40192629815745406,
      "map_stderr,none": 0.014083611031275362,
      "map_2,none": 0.23869346733668342,
      "map_2_stderr,none": 0.01888036650067663,
      "map_3,none": 0.29731993299832477,
      "map_3_stderr,none": 0.0180703547374553,
      "map_4,none": 0.3412897822445559,
      "map_4_stderr,none": 0.01683737329555956,
      "map_norm,none": 0.39309045226130634,
      "map_norm_stderr,none": 0.013925308525437989,
      "map_2_norm,none": 0.22989949748743718,
      "map_2_norm_stderr,none": 0.018608579466887036,
      "map_3_norm,none": 0.2843383584589613,
      "map_3_norm_stderr,none": 0.017929656705717657,
      "map_4_norm,none": 0.32893634840871,
      "map_4_norm_stderr,none": 0.01675300614697254,
      "alias": "cpa_audit-1.0-0.1"
    },
    "cma_basics-1.0-0.1": {
      "acc,none": 0.13157894736842105,
      "acc_stderr,none": 0.05557219020090344,
      "acc_norm,none": 0.21052631578947367,
      "acc_norm_stderr,none": 0.06702258315442244,
      "map,none": 0.48684210526315796,
      "map_stderr,none": 0.036045198293697095,
      "map_2,none": 0.35526315789473684,
      "map_2_stderr,none": 0.05628334237617259,
      "map_3,none": 0.4605263157894738,
      "map_3_stderr,none": 0.042370401574683726,
      "map_4,none": 0.48684210526315796,
      "map_4_stderr,none": 0.036045198293697095,
      "map_norm,none": 0.5175438596491229,
      "map_norm_stderr,none": 0.04390703935718536,
      "map_2_norm,none": 0.39473684210526316,
      "map_2_norm_stderr,none": 0.06299172069839125,
      "map_3_norm,none": 0.46491228070175433,
      "map_3_norm_stderr,none": 0.054495217510361266,
      "map_4_norm,none": 0.5175438596491229,
      "map_4_norm_stderr,none": 0.04390703935718536,
      "alias": "cma_basics-1.0-0.1"
    },
    "chabsa-1.0-0.1": {
      "acc,none": 0.49229573999741033,
      "acc_stderr,none": 0.005689230687383892,
      "f1,none": 0.4841485126103565,
      "f1_stderr,none": "N/A",
      "acc_norm,none": 0.49229573999741033,
      "acc_norm_stderr,none": 0.005689230687383892,
      "f1_norm,none": 0.4841485126103565,
      "f1_norm_stderr,none": "N/A",
      "alias": "chabsa-1.0-0.1"
    }
  },
  "group_subtasks": {
    "chabsa-1.0-0.1": [],
    "cma_basics-1.0-0.1": [],
    "cpa_audit-1.0-0.1": [],
    "fp2-1.0-0.1": [],
    "security_sales_1-1.0-0.1": []
  },
  "configs": {
    "chabsa-1.0-0.1": {
      "task": "chabsa-1.0-0.1",
      "dataset_path": "jlm_fin_eval/datasets/chabsa/chabsa.py",
      "dataset_name": "chABSA",
      "test_split": "test",
      "doc_to_text": "[センテンス]: {{sentence}}\nターゲット]: {{target}}\n[答え]:",
      "doc_to_target": "{{polarity}}",
      "doc_to_choice": [
        "positive",
        "negative"
      ],
      "description": "[センテンス]における、[ターゲット]のセンチメントをpositiveかnegativeで選んでください。\n\n\n",
      "target_delimiter": " ",
      "fewshot_delimiter": "\n\n",
      "num_fewshot": 0,
      "metric_list": [
        {
          "metric": "acc",
          "aggregation": "mean",
          "higher_is_better": true
        },
        {
          "metric": "acc_norm",
          "aggregation": "mean",
          "higher_is_better": true
        },
        {
          "metric": "f1",
          "aggregation": "2class_adjusted_macro_f1_score_for_chabsa",
          "higher_is_better": true
        },
        {
          "metric": "f1_norm",
          "aggregation": "2class_adjusted_macro_f1_score_for_chabsa",
          "higher_is_better": true
        }
      ],
      "output_type": "multiple_choice",
      "repeats": 1,
      "should_decontaminate": false,
      "doc_to_decontamination_query": "sentence",
      "metadata": {
        "version": 1.0
      }
    },
    "cma_basics-1.0-0.1": {
      "task": "cma_basics-1.0-0.1",
      "dataset_path": "jlm_fin_eval/datasets/cma_basics/cma_basics.py",
      "dataset_name": "cma_basics",
      "test_split": "test",
      "doc_to_text": "def doc_to_text_01(doc):\n    q_doc_text = doc[\"question\"] + \"\\n\"\n    if doc[\"context\"] and doc[\"context\"] != \"\":\n        q_doc_text += doc[\"context\"] + \"\\n\"\n    return f\"[問題]:{q_doc_text}[選択肢]:[{', '.join(doc['choices']['text'])}]\\n[答え]:\"\n",
      "doc_to_target": "def doc_to_target_01(doc):\n    return [\n        choice_text\n        for choice_id, choice_text in zip(doc[\"choices\"][\"id\"], doc[\"choices\"][\"text\"])\n        if choice_id == doc[\"answer\"]\n    ][0]\n",
      "doc_to_choice": "def doc_to_choices_01(doc):\n    choices = doc[\"choices\"][\"text\"]\n    return choices\n",
      "description": "[問題]に対する[答え]を[選択肢]の中から選んでください。\n\n\n",
      "target_delimiter": "",
      "fewshot_delimiter": "\n\n",
      "num_fewshot": 0,
      "metric_list": [
        {
          "metric": "acc",
          "aggregation": "mean",
          "higher_is_better": true
        },
        {
          "metric": "acc_norm",
          "aggregation": "mean",
          "higher_is_better": true
        },
        {
          "metric": "map",
          "aggregation": "mean",
          "higher_is_better": true
        },
        {
          "metric": "map_2",
          "aggregation": "mean",
          "higher_is_better": true
        },
        {
          "metric": "map_3",
          "aggregation": "mean",
          "higher_is_better": true
        },
        {
          "metric": "map_4",
          "aggregation": "mean",
          "higher_is_better": true
        },
        {
          "metric": "map_norm",
          "aggregation": "mean",
          "higher_is_better": true
        },
        {
          "metric": "map_2_norm",
          "aggregation": "mean",
          "higher_is_better": true
        },
        {
          "metric": "map_3_norm",
          "aggregation": "mean",
          "higher_is_better": true
        },
        {
          "metric": "map_4_norm",