{
  "results": {
    "security_sales_1-1.0-0.5": {
      "acc,none": 0.5964912280701754,
      "acc_stderr,none": 0.06555933012294905,
      "acc_norm,none": 0.5614035087719298,
      "acc_norm_stderr,none": 0.0663095566682855,
      "map,none": 0.7792397660818713,
      "map_stderr,none": 0.03651836584359326,
      "map_2,none": 0.7456140350877193,
      "map_2_stderr,none": 0.04533847748151769,
      "map_3,none": 0.7748538011695906,
      "map_3_stderr,none": 0.037891010780437495,
      "map_4,none": 0.7792397660818713,
      "map_4_stderr,none": 0.03651836584359326,
      "map_norm,none": 0.75,
      "map_norm_stderr,none": 0.038912750764973025,
      "map_2_norm,none": 0.7105263157894737,
      "map_2_norm_stderr,none": 0.04838780595565868,
      "map_3_norm,none": 0.7280701754385965,
      "map_3_norm_stderr,none": 0.04466675919955292,
      "map_4_norm,none": 0.75,
      "map_4_norm_stderr,none": 0.038912750764973025,
      "alias": "security_sales_1-1.0-0.5"
    },
    "fp2-1.0-0.5": {
      "acc,none": 0.24210526315789474,
      "acc_stderr,none": 0.019675120012026363,
      "acc_norm,none": 0.24210526315789474,
      "acc_norm_stderr,none": 0.019675120012026363,
      "map,none": 0.5091228070175449,
      "map_stderr,none": 0.013368526552019177,
      "map_2,none": 0.3526315789473684,
      "map_2_stderr,none": 0.019105491654334172,
      "map_3,none": 0.441754385964913,
      "map_3_stderr,none": 0.016683267209826325,
      "map_4,none": 0.5091228070175449,
      "map_4_stderr,none": 0.013368526552019177,
      "map_norm,none": 0.5091228070175449,
      "map_norm_stderr,none": 0.013368526552019177,
      "map_2_norm,none": 0.3526315789473684,
      "map_2_norm_stderr,none": 0.019105491654334172,
      "map_3_norm,none": 0.441754385964913,
      "map_3_norm_stderr,none": 0.016683267209826325,
      "map_4_norm,none": 0.5091228070175449,
      "map_4_norm_stderr,none": 0.013368526552019177,
      "alias": "fp2-1.0-0.5"
    },
    "cpa_audit-1.0-0.5": {
      "acc,none": 0.1457286432160804,
      "acc_stderr,none": 0.017708229011297996,
      "acc_norm,none": 0.12311557788944724,
      "acc_norm_stderr,none": 0.016490446999484466,
      "map,none": 0.3891959798994977,
      "map_stderr,none": 0.013668822389414921,
      "map_2,none": 0.2135678391959799,
      "map_2_stderr,none": 0.01837456757778277,
      "map_3,none": 0.2855946398659963,
      "map_3_stderr,none": 0.017536782247414527,
      "map_4,none": 0.3308207705192627,
      "map_4_stderr,none": 0.016303275406030746,
      "map_norm,none": 0.3746231155778896,
      "map_norm_stderr,none": 0.012897389554302292,
      "map_2_norm,none": 0.1972361809045226,
      "map_2_norm_stderr,none": 0.017477857048290028,
      "map_3_norm,none": 0.26675041876046873,
      "map_3_norm_stderr,none": 0.016810658885304194,
      "map_4_norm,none": 0.31574539363484055,
      "map_4_norm_stderr,none": 0.015542327201639948,
      "alias": "cpa_audit-1.0-0.5"
    },
    "cma_basics-1.0-0.5": {
      "acc,none": 0.23684210526315788,
      "acc_stderr,none": 0.06989334006042333,
      "acc_norm,none": 0.18421052631578946,
      "acc_norm_stderr,none": 0.06373021861834362,
      "map,none": 0.506578947368421,
      "map_stderr,none": 0.04760146954320588,
      "map_2,none": 0.35526315789473684,
      "map_2_stderr,none": 0.06775167699562201,
      "map_3,none": 0.4342105263157895,
      "map_3_stderr,none": 0.06014164359495517,
      "map_4,none": 0.506578947368421,
      "map_4_stderr,none": 0.04760146954320588,
      "map_norm,none": 0.5,
      "map_norm_stderr,none": 0.04216745052000466,
      "map_2_norm,none": 0.3684210526315789,
      "map_2_norm_stderr,none": 0.06164013203318278,
      "map_3_norm,none": 0.4473684210526317,
      "map_3_norm_stderr,none": 0.05263157894736844,
      "map_4_norm,none": 0.5,
      "map_4_norm_stderr,none": 0.04216745052000466,
      "alias": "cma_basics-1.0-0.5"
    },
    "chabsa-1.0-0.5": {
      "acc,none": 0.46458630066036516,
      "acc_stderr,none": 0.005675616474406743,
      "f1,none": 0.45719284694445755,
      "f1_stderr,none": "N/A",
      "acc_norm,none": 0.46458630066036516,
      "acc_norm_stderr,none": 0.005675616474406743,
      "f1_norm,none": 0.45719284694445755,
      "f1_norm_stderr,none": "N/A",
      "alias": "chabsa-1.0-0.5"
    }
  },
  "group_subtasks": {
    "chabsa-1.0-0.5": [],
    "cma_basics-1.0-0.5": [],
    "cpa_audit-1.0-0.5": [],
    "fp2-1.0-0.5": [],
    "security_sales_1-1.0-0.5": []
  },
  "configs": {
    "chabsa-1.0-0.5": {
      "task": "chabsa-1.0-0.5",
      "dataset_path": "jlm_fin_eval/datasets/chabsa/chabsa.py",
      "dataset_name": "chABSA",
      "test_split": "test",
      "doc_to_text": "センテンス: {{sentence}}\nターゲット: {{target}}\nシステム:",
      "doc_to_target": "{{polarity}}",
      "doc_to_choice": [
        "positive",
        "negative"
      ],
      "description": "ユーザー: センテンスにおける、ターゲットのセンチメントをpositiveかnegativeで答えてください。\nシステム: 分かりました。\n\n",
      "target_delimiter": " ",
      "fewshot_delimiter": "\n",
      "num_fewshot": 0,
      "metric_list": [
        {
          "metric": "acc",
          "aggregation": "mean",
          "higher_is_better": true
        },
        {
          "metric": "acc_norm",
          "aggregation": "mean",
          "higher_is_better": true
        },
        {
          "metric": "f1",
          "aggregation": "2class_adjusted_macro_f1_score_for_chabsa",
          "higher_is_better": true
        },
        {
          "metric": "f1_norm",
          "aggregation": "2class_adjusted_macro_f1_score_for_chabsa",
          "higher_is_better": true
        }
      ],
      "output_type": "multiple_choice",
      "repeats": 1,
      "should_decontaminate": false,
      "doc_to_decontamination_query": "sentence",
      "metadata": {
        "version": 1.0
      }
    },
    "cma_basics-1.0-0.5": {
      "task": "cma_basics-1.0-0.5",
      "dataset_path": "jlm_fin_eval/datasets/cma_basics/cma_basics.py",
      "dataset_name": "cma_basics",
      "test_split": "test",
      "doc_to_text": "def doc_to_text_05(doc):\n    return doc_to_text_04(doc, SEP=\"\\n\")\n",
      "doc_to_target": "def doc_to_target_01(doc):\n    return [\n        choice_text\n        for choice_id, choice_text in zip(doc[\"choices\"][\"id\"], doc[\"choices\"][\"text\"])\n        if choice_id == doc[\"answer\"]\n    ][0]\n",
      "doc_to_choice": "def doc_to_choices_01(doc):\n    choices = doc[\"choices\"][\"text\"]\n    return choices\n",
      "description": "ユーザー: 与えられた選択肢の中から、最適な答えを選んでください。\nシステム: 分かりました。\n\n",
      "target_delimiter": "",
      "fewshot_delimiter": "\n",
      "num_fewshot": 0,
      "metric_list": [
        {
          "metric": "acc",
          "aggregation": "mean",
          "higher_is_better": true
        },
        {
          "metric": "acc_norm",
          "aggregation": "mean",
          "higher_is_better": true
        },
        {
          "metric": "map",
          "aggregation": "mean",
          "higher_is_better": true
        },
        {
          "metric": "map_2",
          "aggregation": "mean",
          "higher_is_better": true
        },
        {
          "metric": "map_3",
          "aggregation": "mean",
          "higher_is_better": true
        },
        {
          "metric": "map_4",
          "aggregation": "mean",
          "higher_is_better": true
        },
        {
          "metric": "map_norm",
          "aggregation": "mean",
          "higher_is_better": true
        },
        {
          "metric": "map_2_norm",
          "aggregation": "mean",
          "higher_is_better": true
        },
        {
          "metric": "map_3_norm",
          "aggregation": "mean",
          "higher_is_better": true
        },
        {
          "metric": "map_4_norm",
          "aggregation": "mean",
          "higher_is_better": true
        }
      ],
      "output_type": "multiple_choice",
      "repeats": 1,
      "should_decontaminate": true,