{
  "results": {
    "security_sales_1-1.0-0.2.1": {
      "acc,none": 0.40350877192982454,
      "acc_stderr,none": 0.06555933012294897,
      "acc_norm,none": 0.40350877192982454,
      "acc_norm_stderr,none": 0.06555933012294897,
      "map,none": 0.6798245614035088,
      "map_stderr,none": 0.036357052823067684,
      "map_2,none": 0.6578947368421053,
      "map_2_stderr,none": 0.04180658475592053,
      "map_3,none": 0.6578947368421053,
      "map_3_stderr,none": 0.04180658475592053,
      "map_4,none": 0.6798245614035088,
      "map_4_stderr,none": 0.036357052823067684,
      "map_norm,none": 0.6798245614035088,
      "map_norm_stderr,none": 0.03635705282306768,
      "map_2_norm,none": 0.6578947368421053,
      "map_2_norm_stderr,none": 0.04180658475592053,
      "map_3_norm,none": 0.6578947368421053,
      "map_3_norm_stderr,none": 0.04180658475592053,
      "map_4_norm,none": 0.6798245614035088,
      "map_4_norm_stderr,none": 0.03635705282306768,
      "alias": "security_sales_1-1.0-0.2.1"
    },
    "fp2-1.0-0.2.1": {
      "acc,none": 0.24,
      "acc_stderr,none": 0.019616577850947305,
      "acc_norm,none": 0.24,
      "acc_norm_stderr,none": 0.019616577850947305,
      "map,none": 0.5126315789473692,
      "map_stderr,none": 0.013225615939800907,
      "map_2,none": 0.36,
      "map_2_stderr,none": 0.018960318322382538,
      "map_3,none": 0.45052631578947433,
      "map_3_stderr,none": 0.01638162223988338,
      "map_4,none": 0.5126315789473692,
      "map_4_stderr,none": 0.013225615939800907,
      "map_norm,none": 0.5126315789473692,
      "map_norm_stderr,none": 0.013225615939800907,
      "map_2_norm,none": 0.36,
      "map_2_norm_stderr,none": 0.018960318322382538,
      "map_3_norm,none": 0.45052631578947433,
      "map_3_norm_stderr,none": 0.01638162223988338,
      "map_4_norm,none": 0.5126315789473692,
      "map_4_norm_stderr,none": 0.013225615939800907,
      "alias": "fp2-1.0-0.2.1"
    },
    "cpa_audit-1.0-0.2.1": {
      "acc,none": 0.16080402010050251,
      "acc_stderr,none": 0.018436772423078937,
      "acc_norm,none": 0.15829145728643215,
      "acc_norm_stderr,none": 0.01831953107292637,
      "map,none": 0.40163316582914604,
      "map_stderr,none": 0.014179928966629236,
      "map_2,none": 0.23618090452261306,
      "map_2_stderr,none": 0.01895979058610908,
      "map_3,none": 0.299832495812395,
      "map_3_stderr,none": 0.018082523805082233,
      "map_4,none": 0.34066164154103834,
      "map_4_stderr,none": 0.016935690468490718,
      "map_norm,none": 0.3949329983249582,
      "map_norm_stderr,none": 0.014159273517089854,
      "map_2_norm,none": 0.22738693467336685,
      "map_2_norm_stderr,none": 0.018854766277648743,
      "map_3_norm,none": 0.28768844221105505,
      "map_3_norm_stderr,none": 0.01810792294346717,
      "map_4_norm,none": 0.3310301507537688,
      "map_4_norm_stderr,none": 0.016960033396080515,
      "alias": "cpa_audit-1.0-0.2.1"
    },
    "cma_basics-1.0-0.2.1": {
      "acc,none": 0.2631578947368421,
      "acc_stderr,none": 0.0723926637268818,
      "acc_norm,none": 0.21052631578947367,
      "acc_norm_stderr,none": 0.06702258315442244,
      "map,none": 0.5350877192982457,
      "map_stderr,none": 0.04762740259042846,
      "map_2,none": 0.3815789473684211,
      "map_2_stderr,none": 0.06911915445746265,
      "map_3,none": 0.49561403508771934,
      "map_3_stderr,none": 0.05568901225583581,
      "map_4,none": 0.5350877192982457,
      "map_4_stderr,none": 0.04762740259042846,
      "map_norm,none": 0.5219298245614035,
      "map_norm_stderr,none": 0.04362788456915566,
      "map_2_norm,none": 0.40789473684210525,
      "map_2_norm_stderr,none": 0.06213159747388389,
      "map_3_norm,none": 0.46929824561403505,
      "map_3_norm_stderr,none": 0.05438539133058403,
      "map_4_norm,none": 0.5219298245614035,
      "map_4_norm_stderr,none": 0.04362788456915566,
      "alias": "cma_basics-1.0-0.2.1"
    },
    "chabsa-1.0-0.2": {
      "acc,none": 0.47662825326945485,
      "acc_stderr,none": 0.005683686691988354,
      "f1,none": 0.48317537941785227,
      "f1_stderr,none": "N/A",
      "acc_norm,none": 0.47662825326945485,
      "acc_norm_stderr,none": 0.005683686691988354,
      "f1_norm,none": 0.48317537941785227,
      "f1_norm_stderr,none": "N/A",
      "alias": "chabsa-1.0-0.2"
    }
  },
  "group_subtasks": {
    "chabsa-1.0-0.2": [],
    "cma_basics-1.0-0.2.1": [],
    "cpa_audit-1.0-0.2.1": [],
    "fp2-1.0-0.2.1": [],
    "security_sales_1-1.0-0.2.1": []
  },
  "configs": {
    "chabsa-1.0-0.2": {
      "task": "chabsa-1.0-0.2",
      "dataset_path": "jlm_fin_eval/datasets/chabsa/chabsa.py",
      "dataset_name": "chABSA",
      "test_split": "test",
      "doc_to_text": "センテンス: {{sentence}}\nターゲット: {{target}}\n回答:",
      "doc_to_target": "{{polarity}}",
      "doc_to_choice": [
        "positive",
        "negative"
      ],
      "description": "センテンスとターゲットを入力として受け取り、ターゲットに関するセンチメントをpositiveかnegativeから選択してください。\n\n\n",
      "target_delimiter": " ",
      "fewshot_delimiter": "\n\n",
      "num_fewshot": 0,
      "metric_list": [
        {
          "metric": "acc",
          "aggregation": "mean",
          "higher_is_better": true
        },
        {
          "metric": "acc_norm",
          "aggregation": "mean",
          "higher_is_better": true
        },
        {
          "metric": "f1",
          "aggregation": "2class_adjusted_macro_f1_score_for_chabsa",
          "higher_is_better": true
        },
        {
          "metric": "f1_norm",
          "aggregation": "2class_adjusted_macro_f1_score_for_chabsa",
          "higher_is_better": true
        }
      ],
      "output_type": "multiple_choice",
      "repeats": 1,
      "should_decontaminate": false,
      "doc_to_decontamination_query": "sentence",
      "metadata": {
        "version": 1.0
      }
    },
    "cma_basics-1.0-0.2.1": {
      "task": "cma_basics-1.0-0.2.1",
      "dataset_path": "jlm_fin_eval/datasets/cma_basics/cma_basics.py",
      "dataset_name": "cma_basics",
      "test_split": "test",
      "doc_to_text": "def doc_to_text_02_1(doc):\n    q_doc_text = doc[\"question\"] + \"\\n\"\n    if doc[\"context\"] and doc[\"context\"] != \"\":\n        q_doc_text += doc[\"context\"] + \"\\n\"\n    choices = \"\\n\".join([f\"- {choice}\" for choice in doc[\"choices\"][\"text\"]])\n    return f\"質問:{q_doc_text}選択肢:\\n{choices}\\n回答:\"\n",
      "doc_to_target": "def doc_to_target_01(doc):\n    return [\n        choice_text\n        for choice_id, choice_text in zip(doc[\"choices\"][\"id\"], doc[\"choices\"][\"text\"])\n        if choice_id == doc[\"answer\"]\n    ][0]\n",
      "doc_to_choice": "def doc_to_choices_01(doc):\n    choices = doc[\"choices\"][\"text\"]\n    return choices\n",
      "description": "与えられた選択肢の中から、最適な答えを選んでください。\n\n\n",
      "target_delimiter": "",
      "fewshot_delimiter": "\n\n",
      "num_fewshot": 0,
      "metric_list": [
        {
          "metric": "acc",
          "aggregation": "mean",
          "higher_is_better": true
        },
        {
          "metric": "acc_norm",
          "aggregation": "mean",
          "higher_is_better": true
        },
        {
          "metric": "map",
          "aggregation": "mean",
          "higher_is_better": true
        },
        {
          "metric": "map_2",
          "aggregation": "mean",
          "higher_is_better": true
        },
        {
          "metric": "map_3",
          "aggregation": "mean",
          "higher_is_better": true
        },
        {
          "metric": "map_4",
          "aggregation": "mean",
          "higher_is_better": true
        },
        {
          "metric": "map_norm",
          "aggregation": "mean",
          "higher_is_better": true
        },
        {
          "metric": "map_2_norm",
          "aggregation": "mean",
          "higher_is_better": true
        },
        {
          "metric": "map_3_norm",
          "aggregation": "mean",