{
  "results": {
    "security_sales_1-1.0-0.1.2": {
      "acc,none": 0.42105263157894735,
      "acc_stderr,none": 0.06597717584505354,
      "acc_norm,none": 0.42105263157894735,
      "acc_norm_stderr,none": 0.06597717584505354,
      "map,none": 0.6871345029239765,
      "map_stderr,none": 0.03656536840757215,
      "map_2,none": 0.6491228070175439,
      "map_2_stderr,none": 0.04506489382544239,
      "map_3,none": 0.6783625730994151,
      "map_3_stderr,none": 0.03888135051716018,
      "map_4,none": 0.6871345029239765,
      "map_4_stderr,none": 0.03656536840757215,
      "map_norm,none": 0.6871345029239765,
      "map_norm_stderr,none": 0.03656536840757215,
      "map_2_norm,none": 0.6491228070175439,
      "map_2_norm_stderr,none": 0.04506489382544239,
      "map_3_norm,none": 0.6783625730994151,
      "map_3_norm_stderr,none": 0.03888135051716018,
      "map_4_norm,none": 0.6871345029239765,
      "map_4_norm_stderr,none": 0.03656536840757215,
      "alias": "security_sales_1-1.0-0.1.2"
    },
    "fp2-1.0-0.1.2": {
      "acc,none": 0.23789473684210527,
      "acc_stderr,none": 0.019557382357921746,
      "acc_norm,none": 0.23789473684210527,
      "acc_norm_stderr,none": 0.019557382357921746,
      "map,none": 0.5131578947368429,
      "map_stderr,none": 0.013178974897075719,
      "map_2,none": 0.3663157894736842,
      "map_2_stderr,none": 0.018821726691628432,
      "map_3,none": 0.4484210526315797,
      "map_3_stderr,none": 0.016458119959134713,
      "map_4,none": 0.5131578947368429,
      "map_4_stderr,none": 0.013178974897075719,
      "map_norm,none": 0.5131578947368429,
      "map_norm_stderr,none": 0.013178974897075719,
      "map_2_norm,none": 0.3663157894736842,
      "map_2_norm_stderr,none": 0.018821726691628432,
      "map_3_norm,none": 0.4484210526315797,
      "map_3_norm_stderr,none": 0.016458119959134713,
      "map_4_norm,none": 0.5131578947368429,
      "map_4_norm_stderr,none": 0.013178974897075719,
      "alias": "fp2-1.0-0.1.2"
    },
    "cpa_audit-1.0-0.1.2": {
      "acc,none": 0.13819095477386933,
      "acc_stderr,none": 0.01732008740419801,
      "acc_norm,none": 0.13819095477386933,
      "acc_norm_stderr,none": 0.01732008740419801,
      "map,none": 0.39020100502512567,
      "map_stderr,none": 0.013491186543874054,
      "map_2,none": 0.23115577889447236,
      "map_2_stderr,none": 0.018181866898756137,
      "map_3,none": 0.27973199329983234,
      "map_3_stderr,none": 0.017574272057626832,
      "map_4,none": 0.3287269681742043,
      "map_4_stderr,none": 0.016267038145146465,
      "map_norm,none": 0.39020100502512567,
      "map_norm_stderr,none": 0.013491186543874054,
      "map_2_norm,none": 0.23115577889447236,
      "map_2_norm_stderr,none": 0.018181866898756137,
      "map_3_norm,none": 0.27973199329983234,
      "map_3_norm_stderr,none": 0.017574272057626832,
      "map_4_norm,none": 0.3287269681742043,
      "map_4_norm_stderr,none": 0.016267038145146465,
      "alias": "cpa_audit-1.0-0.1.2"
    },
    "cma_basics-1.0-0.1.2": {
      "acc,none": 0.2631578947368421,
      "acc_stderr,none": 0.0723926637268818,
      "acc_norm,none": 0.2631578947368421,
      "acc_norm_stderr,none": 0.0723926637268818,
      "map,none": 0.5219298245614036,
      "map_stderr,none": 0.048760134135118836,
      "map_2,none": 0.35526315789473684,
      "map_2_stderr,none": 0.07032715345007579,
      "map_3,none": 0.46929824561403516,
      "map_3_stderr,none": 0.058582669443069724,
      "map_4,none": 0.5219298245614036,
      "map_4_stderr,none": 0.048760134135118836,
      "map_norm,none": 0.5219298245614036,
      "map_norm_stderr,none": 0.048760134135118836,
      "map_2_norm,none": 0.35526315789473684,
      "map_2_norm_stderr,none": 0.07032715345007579,
      "map_3_norm,none": 0.46929824561403516,
      "map_3_norm_stderr,none": 0.058582669443069724,
      "map_4_norm,none": 0.5219298245614036,
      "map_4_norm_stderr,none": 0.048760134135118836,
      "alias": "cma_basics-1.0-0.1.2"
    },
    "chabsa-1.0-0.1": {
      "acc,none": 0.48944710604687297,
      "acc_stderr,none": 0.005688638745622226,
      "f1,none": 0.48170288520017,
      "f1_stderr,none": "N/A",
      "acc_norm,none": 0.48944710604687297,
      "acc_norm_stderr,none": 0.005688638745622226,
      "f1_norm,none": 0.48170288520017,
      "f1_norm_stderr,none": "N/A",
      "alias": "chabsa-1.0-0.1"
    }
  },
  "group_subtasks": {
    "chabsa-1.0-0.1": [],
    "cma_basics-1.0-0.1.2": [],
    "cpa_audit-1.0-0.1.2": [],
    "fp2-1.0-0.1.2": [],
    "security_sales_1-1.0-0.1.2": []
  },
  "configs": {
    "chabsa-1.0-0.1": {
      "task": "chabsa-1.0-0.1",
      "dataset_path": "jlm_fin_eval/datasets/chabsa/chabsa.py",
      "dataset_name": "chABSA",
      "test_split": "test",
      "doc_to_text": "[センテンス]: {{sentence}}\nターゲット]: {{target}}\n[答え]:",
      "doc_to_target": "{{polarity}}",
      "doc_to_choice": [
        "positive",
        "negative"
      ],
      "description": "[センテンス]における、[ターゲット]のセンチメントをpositiveかnegativeで選んでください。\n\n\n",
      "target_delimiter": " ",
      "fewshot_delimiter": "\n\n",
      "num_fewshot": 0,
      "metric_list": [
        {
          "metric": "acc",
          "aggregation": "mean",
          "higher_is_better": true
        },
        {
          "metric": "acc_norm",
          "aggregation": "mean",
          "higher_is_better": true
        },
        {
          "metric": "f1",
          "aggregation": "2class_adjusted_macro_f1_score_for_chabsa",
          "higher_is_better": true
        },
        {
          "metric": "f1_norm",
          "aggregation": "2class_adjusted_macro_f1_score_for_chabsa",
          "higher_is_better": true
        }
      ],
      "output_type": "multiple_choice",
      "repeats": 1,
      "should_decontaminate": false,
      "doc_to_decontamination_query": "sentence",
      "metadata": {
        "version": 1.0
      }
    },
    "cma_basics-1.0-0.1.2": {
      "task": "cma_basics-1.0-0.1.2",
      "dataset_path": "jlm_fin_eval/datasets/cma_basics/cma_basics.py",
      "dataset_name": "cma_basics",
      "test_split": "test",
      "doc_to_text": "def doc_to_text_01_2(doc):\n    q_doc_text = doc[\"question\"] + \"\\n\"\n    if doc[\"context\"] and doc[\"context\"] != \"\":\n        q_doc_text += doc[\"context\"] + \"\\n\"\n    choice_doc_text = []\n    for choice_id, choice_text in zip(doc[\"choices\"][\"id\"], doc[\"choices\"][\"text\"]):\n        choice_doc_text.append(chr(choice_id + 65) + \":\" + choice_text)\n    return f\"[問題]:{q_doc_text}[選択肢]:[{', '.join(choice_doc_text)}]\\n[答え]:\"\n",
      "doc_to_target": "def doc_to_target_alphabet(doc):\n    answer = chr(int(doc[\"answer\"]) + 65)\n    return answer\n",
      "doc_to_choice": "def doc_to_choices_alphabet(doc):\n    choices = [chr(choice_id + 65) for choice_id in doc[\"choices\"][\"id\"]]\n    return choices\n",
      "description": "[問題]に対する[答え]を[選択肢]の中からアルファベットで選んでください。\n\n\n",
      "target_delimiter": "",
      "fewshot_delimiter": "\n\n",
      "num_fewshot": 0,
      "metric_list": [
        {
          "metric": "acc",
          "aggregation": "mean",
          "higher_is_better": true
        },
        {
          "metric": "acc_norm",
          "aggregation": "mean",
          "higher_is_better": true
        },
        {
          "metric": "map",
          "aggregation": "mean",
          "higher_is_better": true
        },
        {
          "metric": "map_2",
          "aggregation": "mean",
          "higher_is_better": true
        },
        {
          "metric": "map_3",
          "aggregation": "mean",
          "higher_is_better": true
        },
        {
          "metric": "map_4",
          "aggregation": "mean",
          "higher_is_better": true
        },
        {
          "metric": "map_norm",
          "aggregation": "mean",
          "higher_is_better": true
        },
        {
          "metric": "map_2_norm",
          "aggregation": "mean",