{
  "results": {
    "chabsa-1.0-0.3": {
      "acc": 0.9001683283698044,
      "f1": 0.9126562862383774
    },
    "cma_basics-1.0-0.1": {
      "acc": 0.631578947368421,
      "acc_stderr": 0.07930218984219833,
      "map": 0.7499999999999999,
      "map_stderr": 0.05443794453866778,
      "map_2": 0.6578947368421053,
      "map_2_stderr": 0.07567915156885438,
      "map_3": 0.7105263157894736,
      "map_3_stderr": 0.06522995836457254,
      "map_4": 0.7499999999999999,
      "map_4_stderr": 0.05443794453866778
    },
    "cpa_audit-1.0-0.2": {
      "acc": 0.24120603015075376,
      "acc_stderr": 0.021471419769687243,
      "map": 0.45632328308207687,
      "map_stderr": 0.01556035395697999,
      "map_2": 0.3178391959798995,
      "map_2_stderr": 0.02059875808219281,
      "map_3": 0.3622278056951424,
      "map_3_stderr": 0.01963518546855978,
      "map_4": 0.4018006700167506,
      "map_4_stderr": 0.01828393485572632
    },
    "fp2": {
      "acc": 0.37473684210526315,
      "acc_stderr": 0.022233377675401532,
      "map": 0.6129824561403512,
      "map_stderr": 0.014440562869550614,
      "map_2": 0.49894736842105264,
      "map_2_stderr": 0.02007641118231557,
      "map_3": 0.5719298245614041,
      "map_3_stderr": 0.0170147467162178,
      "map_4": 0.6129824561403512,
      "map_4_stderr": 0.014440562869550614
    },
    "security_sales_1-1.0-0.3": {
      "acc": 0.5614035087719298,
      "acc_stderr": 0.0663095566682855,
      "map": 0.7456140350877194,
      "map_stderr": 0.03949108499788701,
      "map_2": 0.6929824561403509,
      "map_2_stderr": 0.05122922888104908,
      "map_3": 0.7280701754385966,
      "map_3_stderr": 0.044078401847021456,
      "map_4": 0.7456140350877194,
      "map_4_stderr": 0.03949108499788701
    }
  },
  "versions": {
    "chabsa-1.0-0.3": 1.0,
    "cma_basics-1.0-0.1": 1.0,
    "cpa_audit-1.0-0.2": 1.0,
    "fp2": 1.0,
    "security_sales_1-1.0-0.3": 1.0
  },
  "config": {
    "model": "hf-causal-experimental",
    "model_args": "pretrained=rinna/nekomata-14b-instruction,trust_remote_code=True",
    "num_fewshot": [
      4,
      2,
      3,
      4,
      2
    ],
    "batch_size": null,
    "device": null,
    "no_cache": true,
    "limit": null,
    "bootstrap_iters": 100000,
    "description_dict": {}
  }
}