{
  "results": {
    "security_sales_1-1.0-0.1": {
      "acc,none": 0.47368421052631576,
      "acc_stderr,none": 0.06672270432067237,
      "acc_norm,none": 0.45614035087719296,
      "acc_norm_stderr,none": 0.06655775300696491,
      "map,none": 0.6973684210526315,
      "map_stderr,none": 0.03827187482224423,
      "map_2,none": 0.6578947368421053,
      "map_2_stderr,none": 0.04709262512309165,
      "map_3,none": 0.6754385964912281,
      "map_3_stderr,none": 0.04363979987309736,
      "map_4,none": 0.6973684210526315,
      "map_4_stderr,none": 0.03827187482224423,
      "map_norm,none": 0.685672514619883,
      "map_norm_stderr,none": 0.038407266332801344,
      "map_2_norm,none": 0.6403508771929824,
      "map_2_norm_stderr,none": 0.048074428584506966,
      "map_3_norm,none": 0.6637426900584794,
      "map_3_norm_stderr,none": 0.043653791473287934,
      "map_4_norm,none": 0.685672514619883,
      "map_4_norm_stderr,none": 0.038407266332801344,
      "alias": "security_sales_1-1.0-0.1"
    },
    "fp2-1.0-0.1": {
      "acc,none": 0.23578947368421052,
      "acc_stderr,none": 0.01949752758230241,
      "acc_norm,none": 0.23578947368421052,
      "acc_norm_stderr,none": 0.01949752758230241,
      "map,none": 0.512456140350878,
      "map_stderr,none": 0.01311237468726427,
      "map_2,none": 0.3631578947368421,
      "map_2_stderr,none": 0.018803336387047252,
      "map_3,none": 0.4508771929824568,
      "map_3_stderr,none": 0.016266712090575577,
      "map_4,none": 0.512456140350878,
      "map_4_stderr,none": 0.01311237468726427,
      "map_norm,none": 0.512456140350878,
      "map_norm_stderr,none": 0.01311237468726427,
      "map_2_norm,none": 0.3631578947368421,
      "map_2_norm_stderr,none": 0.018803336387047252,
      "map_3_norm,none": 0.4508771929824568,
      "map_3_norm_stderr,none": 0.016266712090575577,
      "map_4_norm,none": 0.512456140350878,
      "map_4_norm_stderr,none": 0.01311237468726427,
      "alias": "fp2-1.0-0.1"
    },
    "cpa_audit-1.0-0.1": {
      "acc,none": 0.1407035175879397,
      "acc_stderr,none": 0.017451338441977035,
      "acc_norm,none": 0.13819095477386933,
      "acc_norm_stderr,none": 0.01732008740419801,
      "map,none": 0.3896566164154104,
      "map_stderr,none": 0.013629728978026143,
      "map_2,none": 0.23115577889447236,
      "map_2_stderr,none": 0.018268681417048786,
      "map_3,none": 0.28224455611390276,
      "map_3_stderr,none": 0.017623065032448478,
      "map_4,none": 0.3268425460636515,
      "map_4_stderr,none": 0.01643877950400316,
      "map_norm,none": 0.3841708542713569,
      "map_norm_stderr,none": 0.013545323712469443,
      "map_2_norm,none": 0.2198492462311558,
      "map_2_norm_stderr,none": 0.01814345365175447,
      "map_3_norm,none": 0.27512562814070335,
      "map_3_norm_stderr,none": 0.017512244717939107,
      "map_4_norm,none": 0.3203517587939696,
      "map_4_norm_stderr,none": 0.01634998551366688,
      "alias": "cpa_audit-1.0-0.1"
    },
    "cma_basics-1.0-0.1": {
      "acc,none": 0.3157894736842105,
      "acc_stderr,none": 0.07641750223933594,
      "acc_norm,none": 0.23684210526315788,
      "acc_norm_stderr,none": 0.06989334006042333,
      "map,none": 0.5745614035087719,
      "map_stderr,none": 0.049174217830761015,
      "map_2,none": 0.4342105263157895,
      "map_2_stderr,none": 0.07098938231164041,
      "map_3,none": 0.5482456140350878,
      "map_3_stderr,none": 0.05512600862537999,
      "map_4,none": 0.5745614035087719,
      "map_4_stderr,none": 0.049174217830761015,
      "map_norm,none": 0.5416666666666667,
      "map_norm_stderr,none": 0.04442060665455524,
      "map_2_norm,none": 0.42105263157894735,
      "map_2_norm_stderr,none": 0.06402323266269028,
      "map_3_norm,none": 0.5087719298245614,
      "map_3_norm_stderr,none": 0.05181522731563273,
      "map_4_norm,none": 0.5416666666666667,
      "map_4_norm_stderr,none": 0.04442060665455524,
      "alias": "cma_basics-1.0-0.1"
    },
    "chabsa-1.0-0.1": {
      "acc,none": 0.8556260520523112,
      "acc_stderr,none": 0.003999645657409268,
      "f1,none": 0.8667880085755154,
      "f1_stderr,none": "N/A",
      "acc_norm,none": 0.8556260520523112,
      "acc_norm_stderr,none": 0.003999645657409268,
      "f1_norm,none": 0.8667880085755154,
      "f1_norm_stderr,none": "N/A",
      "alias": "chabsa-1.0-0.1"
    }
  },
  "group_subtasks": {
    "chabsa-1.0-0.1": [],
    "cma_basics-1.0-0.1": [],
    "cpa_audit-1.0-0.1": [],
    "fp2-1.0-0.1": [],
    "security_sales_1-1.0-0.1": []
  },
  "configs": {
    "chabsa-1.0-0.1": {
      "task": "chabsa-1.0-0.1",
      "dataset_path": "jlm_fin_eval/datasets/chabsa/chabsa.py",
      "dataset_name": "chABSA",
      "test_split": "test",
      "doc_to_text": "[センテンス]: {{sentence}}\nターゲット]: {{target}}\n[答え]:",
      "doc_to_target": "{{polarity}}",
      "doc_to_choice": [
        "positive",
        "negative"
      ],
      "description": "[センテンス]における、[ターゲット]のセンチメントをpositiveかnegativeで選んでください。\n\n\n",
      "target_delimiter": " ",
      "fewshot_delimiter": "\n\n",
      "num_fewshot": 0,
      "metric_list": [
        {
          "metric": "acc",
          "aggregation": "mean",
          "higher_is_better": true
        },
        {
          "metric": "acc_norm",
          "aggregation": "mean",
          "higher_is_better": true
        },
        {
          "metric": "f1",
          "aggregation": "2class_adjusted_macro_f1_score_for_chabsa",
          "higher_is_better": true
        },
        {
          "metric": "f1_norm",
          "aggregation": "2class_adjusted_macro_f1_score_for_chabsa",
          "higher_is_better": true
        }
      ],
      "output_type": "multiple_choice",
      "repeats": 1,
      "should_decontaminate": false,
      "doc_to_decontamination_query": "sentence",
      "metadata": {
        "version": 1.0
      }
    },
    "cma_basics-1.0-0.1": {
      "task": "cma_basics-1.0-0.1",
      "dataset_path": "jlm_fin_eval/datasets/cma_basics/cma_basics.py",
      "dataset_name": "cma_basics",
      "test_split": "test",
      "doc_to_text": "def doc_to_text_01(doc):\n    q_doc_text = doc[\"question\"] + \"\\n\"\n    if doc[\"context\"] and doc[\"context\"] != \"\":\n        q_doc_text += doc[\"context\"] + \"\\n\"\n    return f\"[問題]:{q_doc_text}[選択肢]:[{', '.join(doc['choices']['text'])}]\\n[答え]:\"\n",
      "doc_to_target": "def doc_to_target_01(doc):\n    return [\n        choice_text\n        for choice_id, choice_text in zip(doc[\"choices\"][\"id\"], doc[\"choices\"][\"text\"])\n        if choice_id == doc[\"answer\"]\n    ][0]\n",
      "doc_to_choice": "def doc_to_choices_01(doc):\n    choices = doc[\"choices\"][\"text\"]\n    return choices\n",
      "description": "[問題]に対する[答え]を[選択肢]の中から選んでください。\n\n\n",
      "target_delimiter": "",
      "fewshot_delimiter": "\n\n",
      "num_fewshot": 0,
      "metric_list": [
        {
          "metric": "acc",
          "aggregation": "mean",
          "higher_is_better": true
        },
        {
          "metric": "acc_norm",
          "aggregation": "mean",
          "higher_is_better": true
        },
        {
          "metric": "map",
          "aggregation": "mean",
          "higher_is_better": true
        },
        {
          "metric": "map_2",
          "aggregation": "mean",
          "higher_is_better": true
        },
        {
          "metric": "map_3",
          "aggregation": "mean",
          "higher_is_better": true
        },
        {
          "metric": "map_4",
          "aggregation": "mean",
          "higher_is_better": true
        },
        {
          "metric": "map_norm",
          "aggregation": "mean",
          "higher_is_better": true
        },
        {
          "metric": "map_2_norm",
          "aggregation": "mean",
          "higher_is_better": true
        },
        {
          "metric": "map_3_norm",
          "aggregation": "mean",