{
  "results": {
    "chabsa-1.0-0.1": {
      "acc": 0.857179852388968,
      "f1": 0.86826766679553
    },
    "cma_basics-1.0-0.6": {
      "acc": 0.39473684210526316,
      "acc_stderr": 0.0803572542664568,
      "map": 0.5986842105263157,
      "map_stderr": 0.05460601295137248,
      "map_2": 0.4605263157894737,
      "map_2_stderr": 0.07632559901638018,
      "map_3": 0.5394736842105262,
      "map_3_stderr": 0.06635602428207721,
      "map_4": 0.5986842105263157,
      "map_4_stderr": 0.05460601295137248
    },
    "cpa_audit-1.0-0.2": {
      "acc": 0.18592964824120603,
      "acc_stderr": 0.01952585408370162,
      "map": 0.41662479061976543,
      "map_stderr": 0.014959989029576912,
      "map_2": 0.2613065326633166,
      "map_2_stderr": 0.019780724049660272,
      "map_3": 0.3090452261306529,
      "map_3_stderr": 0.01904667715194381,
      "map_4": 0.3561557788944721,
      "map_4_stderr": 0.0177060868175968
    },
    "fp2-1.0-0.3": {
      "acc": 0.24,
      "acc_stderr": 0.019616577850947295,
      "map": 0.5150877192982464,
      "map_stderr": 0.013320128965881283,
      "map_2": 0.3663157894736842,
      "map_2_stderr": 0.01899788464112701,
      "map_3": 0.4498245614035094,
      "map_3_stderr": 0.016609010769462574,
      "map_4": 0.5150877192982464,
      "map_4_stderr": 0.013320128965881283
    },
    "security_sales_1-1.0-0.1": {
      "acc": 0.49122807017543857,
      "acc_stderr": 0.06680502724442024,
      "map": 0.7178362573099415,
      "map_stderr": 0.038221977960237935,
      "map_2": 0.6842105263157895,
      "map_2_stderr": 0.046209007687950596,
      "map_3": 0.6959064327485379,
      "map_3_stderr": 0.04377951465305627,
      "map_4": 0.7178362573099415,
      "map_4_stderr": 0.038221977960237935
    }
  },
  "versions": {
    "chabsa-1.0-0.1": 1.0,
    "cma_basics-1.0-0.6": 1.0,
    "cpa_audit-1.0-0.2": 1.0,
    "fp2-1.0-0.3": 1.0,
    "security_sales_1-1.0-0.1": 1.0
  },
  "config": {
    "model": "hf-causal-experimental",
    "model_args": "pretrained=llm-jp/llm-jp-13b-instruct-full-jaster-dolly-oasst-v1.0,trust_remote_code=True",
    "num_fewshot": [
      0,
      2,
      2,
      0,
      4
    ],
    "batch_size": null,
    "device": null,
    "no_cache": true,
    "limit": null,
    "bootstrap_iters": 100000,
    "description_dict": {}
  }
}