{
  "results": {
    "security_sales_1-1.0-0.3": {
      "acc,none": 0.543859649122807,
      "acc_stderr,none": 0.06655775300696491,
      "acc_norm,none": 0.5263157894736842,
      "acc_norm_stderr,none": 0.06672270432067237,
      "map,none": 0.7529239766081872,
      "map_stderr,none": 0.03846089253557024,
      "map_2,none": 0.7192982456140351,
      "map_2_stderr,none": 0.04685862305335399,
      "map_3,none": 0.7309941520467838,
      "map_3_stderr,none": 0.044299520785857145,
      "map_4,none": 0.7529239766081872,
      "map_4_stderr,none": 0.03846089253557024,
      "map_norm,none": 0.7324561403508771,
      "map_norm_stderr,none": 0.04032601118970852,
      "map_2_norm,none": 0.6842105263157895,
      "map_2_norm_stderr,none": 0.05104113246720877,
      "map_3_norm,none": 0.7017543859649122,
      "map_3_norm_stderr,none": 0.0477014193249982,
      "map_4_norm,none": 0.7324561403508771,
      "map_4_norm_stderr,none": 0.04032601118970852,
      "alias": "security_sales_1-1.0-0.3"
    },
    "fp2-1.0-0.3": {
      "acc,none": 0.2631578947368421,
      "acc_stderr,none": 0.020225825137132898,
      "acc_norm,none": 0.2631578947368421,
      "acc_norm_stderr,none": 0.020225825137132898,
      "map,none": 0.5270175438596498,
      "map_stderr,none": 0.013741431580545012,
      "map_2,none": 0.38105263157894737,
      "map_2_stderr,none": 0.019433399100417113,
      "map_3,none": 0.4596491228070181,
      "map_3_stderr,none": 0.01713264462577728,
      "map_4,none": 0.5270175438596498,
      "map_4_stderr,none": 0.013741431580545012,
      "map_norm,none": 0.5270175438596498,
      "map_norm_stderr,none": 0.013741431580545012,
      "map_2_norm,none": 0.38105263157894737,
      "map_2_norm_stderr,none": 0.019433399100417113,
      "map_3_norm,none": 0.4596491228070181,
      "map_3_norm_stderr,none": 0.01713264462577728,
      "map_4_norm,none": 0.5270175438596498,
      "map_4_norm_stderr,none": 0.013741431580545012,
      "alias": "fp2-1.0-0.3"
    },
    "cpa_audit-1.0-0.3": {
      "acc,none": 0.135678391959799,
      "acc_stderr,none": 0.017186908930253573,
      "acc_norm,none": 0.13316582914572864,
      "acc_norm_stderr,none": 0.0170517578589349,
      "map,none": 0.389698492462312,
      "map_stderr,none": 0.013388997573055122,
      "map_2,none": 0.228643216080402,
      "map_2_stderr,none": 0.01808760404397621,
      "map_3,none": 0.284757118927973,
      "map_3_stderr,none": 0.01736979786555786,
      "map_4,none": 0.3262144053601338,
      "map_4_stderr,none": 0.01624853581050883,
      "map_norm,none": 0.386557788944724,
      "map_norm_stderr,none": 0.013321082852443256,
      "map_2_norm,none": 0.22487437185929648,
      "map_2_norm_stderr,none": 0.01798765441332468,
      "map_3_norm,none": 0.2793132328308206,
      "map_3_norm_stderr,none": 0.017324180147409305,
      "map_4_norm,none": 0.3226549413735342,
      "map_4_norm_stderr,none": 0.016177199135788054,
      "alias": "cpa_audit-1.0-0.3"
    },
    "cma_basics-1.0-0.3": {
      "acc,none": 0.2894736842105263,
      "acc_stderr,none": 0.07455791696866065,
      "acc_norm,none": 0.3157894736842105,
      "acc_norm_stderr,none": 0.07641750223933594,
      "map,none": 0.5482456140350878,
      "map_stderr,none": 0.049158356032220046,
      "map_2,none": 0.39473684210526316,
      "map_2_stderr,none": 0.07095641765589887,
      "map_3,none": 0.5087719298245614,
      "map_3_stderr,none": 0.05724959163950172,
      "map_4,none": 0.5482456140350878,
      "map_4_stderr,none": 0.049158356032220046,
      "map_norm,none": 0.5789473684210527,
      "map_norm_stderr,none": 0.04878678338787903,
      "map_2_norm,none": 0.4473684210526316,
      "map_2_norm_stderr,none": 0.07002710734081143,
      "map_3_norm,none": 0.5526315789473685,
      "map_3_norm_stderr,none": 0.05483759920839607,
      "map_4_norm,none": 0.5789473684210527,
      "map_4_norm_stderr,none": 0.04878678338787903,
      "alias": "cma_basics-1.0-0.3"
    },
    "chabsa-1.0-0.3": {
      "acc,none": 0.817298977081445,
      "acc_stderr,none": 0.004397400976277011,
      "f1,none": 0.8228059609330156,
      "f1_stderr,none": "N/A",
      "acc_norm,none": 0.817298977081445,
      "acc_norm_stderr,none": 0.004397400976277011,
      "f1_norm,none": 0.8228059609330156,
      "f1_norm_stderr,none": "N/A",
      "alias": "chabsa-1.0-0.3"
    }
  },
  "group_subtasks": {
    "chabsa-1.0-0.3": [],
    "cma_basics-1.0-0.3": [],
    "cpa_audit-1.0-0.3": [],
    "fp2-1.0-0.3": [],
    "security_sales_1-1.0-0.3": []
  },
  "configs": {
    "chabsa-1.0-0.3": {
      "task": "chabsa-1.0-0.3",
      "dataset_path": "jlm_fin_eval/datasets/chabsa/chabsa.py",
      "dataset_name": "chABSA",
      "test_split": "test",
      "doc_to_text": "### 入力:\nセンテンス:{{sentence}}\nターゲット:{{target}}\n\n### 応答:\n\n",
      "doc_to_target": "{{polarity}}",
      "doc_to_choice": [
        "positive",
        "negative"
      ],
      "description": "以下は、タスクを説明する指示と、文脈のある入力の組み合わせです。要求を適切に満たす応答を書きなさい。\n\n### 指示:\n以下のセンテンスにおける、ターゲットのセンチメントをpositiveかnegativeで答えてください。\n\n\n",
      "target_delimiter": "",
      "fewshot_delimiter": "\n\n",
      "num_fewshot": 0,
      "metric_list": [
        {
          "metric": "acc",
          "aggregation": "mean",
          "higher_is_better": true
        },
        {
          "metric": "acc_norm",
          "aggregation": "mean",
          "higher_is_better": true
        },
        {
          "metric": "f1",
          "aggregation": "2class_adjusted_macro_f1_score_for_chabsa",
          "higher_is_better": true
        },
        {
          "metric": "f1_norm",
          "aggregation": "2class_adjusted_macro_f1_score_for_chabsa",
          "higher_is_better": true
        }
      ],
      "output_type": "multiple_choice",
      "repeats": 1,
      "should_decontaminate": false,
      "doc_to_decontamination_query": "sentence",
      "metadata": {
        "version": 1.0
      }
    },
    "cma_basics-1.0-0.3": {
      "task": "cma_basics-1.0-0.3",
      "dataset_path": "jlm_fin_eval/datasets/cma_basics/cma_basics.py",
      "dataset_name": "cma_basics",
      "test_split": "test",
      "doc_to_text": "def doc_to_text_03(doc):\n    q_doc_text = doc[\"question\"] + \"\\n\"\n    if doc[\"context\"] and doc[\"context\"] != \"\":\n        q_doc_text += doc[\"context\"] + \"\\n\"\n    choices = \"\\n\".join([f\"- {choice}\" for choice in doc[\"choices\"][\"text\"]])\n    input_text = f\"{q_doc_text}\" + f\"出力は以下から選択してください：\\n{choices}\"\n    return f\"### 入力:\\n{input_text}\\n\\n### 応答:\\n\"\n",
      "doc_to_target": "def doc_to_target_01(doc):\n    return [\n        choice_text\n        for choice_id, choice_text in zip(doc[\"choices\"][\"id\"], doc[\"choices\"][\"text\"])\n        if choice_id == doc[\"answer\"]\n    ][0]\n",
      "doc_to_choice": "def doc_to_choices_01(doc):\n    choices = doc[\"choices\"][\"text\"]\n    return choices\n",
      "description": "以下は、タスクを説明する指示と、文脈のある入力の組み合わせです。要求を適切に満たす応答を書きなさい。\n\n### 指示:\n与えられた選択肢の中から、最適な答えを選んでください。\n\n\n",
      "target_delimiter": "",
      "fewshot_delimiter": "\n\n",
      "num_fewshot": 0,
      "metric_list": [
        {
          "metric": "acc",
          "aggregation": "mean",
          "higher_is_better": true
        },
        {
          "metric": "acc_norm",
          "aggregation": "mean",
          "higher_is_better": true
        },
        {
          "metric": "map",
          "aggregation": "mean",
          "higher_is_better": true
        },
        {
          "metric": "map_2",
          "aggregation": "mean",
          "higher_is_better": true
        },
        {
          "metric": "map_3",
          "aggregation": "mean",
          "higher_is_better": true
        },
        {
          "metric": "map_4",
          "aggregation": "mean",
          "higher_is_better": true
        },
        {
          "metric": "map_norm",
          "aggregation": "mean",