{
  "results": {
    "chabsa-1.0-0.1": {
      "acc": 0.8643014372653114,
      "f1": 0.87586467060832
    },
    "cma_basics": {
      "acc": 0.5263157894736842,
      "acc_stderr": 0.08208556498579522,
      "map": 0.7214912280701754,
      "map_stderr": 0.05224117295038046,
      "map_2": 0.6447368421052632,
      "map_2_stderr": 0.07032715345007579,
      "map_3": 0.6885964912280701,
      "map_3_stderr": 0.06132301843641161,
      "map_4": 0.7214912280701754,
      "map_4_stderr": 0.05224117295038046
    },
    "cpa_audit-1.0-0.1.2": {
      "acc": 0.19597989949748743,
      "acc_stderr": 0.01992250594300254,
      "map": 0.43672529313232816,
      "map_stderr": 0.015248267342186657,
      "map_2": 0.28391959798994976,
      "map_2_stderr": 0.020269485126908068,
      "map_3": 0.34087102177554424,
      "map_3_stderr": 0.019210444485949288,
      "map_4": 0.38170016750418756,
      "map_4_stderr": 0.01790083722714454
    },
    "fp2-1.0-0.1.2": {
      "acc": 0.3263157894736842,
      "acc_stderr": 0.021535653639171162,
      "map": 0.5707017543859655,
      "map_stderr": 0.014236438760583003,
      "map_2": 0.44526315789473686,
      "map_2_stderr": 0.019834630794362453,
      "map_3": 0.5133333333333342,
      "map_3_stderr": 0.01742468963902119,
      "map_4": 0.5707017543859655,
      "map_4_stderr": 0.014236438760583003
    },
    "security_sales_1-1.0-0.1.2": {
      "acc": 0.49122807017543857,
      "acc_stderr": 0.06680502724442024,
      "map": 0.7295321637426901,
      "map_stderr": 0.03467189555109694,
      "map_2": 0.7192982456140351,
      "map_2_stderr": 0.037583540738017104,
      "map_3": 0.7251461988304094,
      "map_3_stderr": 0.03600682874984946,
      "map_4": 0.7295321637426901,
      "map_4_stderr": 0.03467189555109694
    }
  },
  "versions": {
    "chabsa-1.0-0.1": 1.0,
    "cma_basics": 1.0,
    "cpa_audit-1.0-0.1.2": 1.0,
    "fp2-1.0-0.1.2": 1.0,
    "security_sales_1-1.0-0.1.2": 1.0
  },
  "config": {
    "model": "hf-causal-experimental",
    "model_args": "pretrained=tokyotech-llm/Swallow-13b-hf",
    "num_fewshot": [
      4,
      4,
      1,
      3,
      4
    ],
    "batch_size": null,
    "device": null,
    "no_cache": true,
    "limit": null,
    "bootstrap_iters": 100000,
    "description_dict": {}
  }
}