{
  "results": {
    "security_sales_1-1.0-0.3": {
      "acc,none": 0.42105263157894735,
      "acc_stderr,none": 0.06597717584505354,
      "acc_norm,none": 0.38596491228070173,
      "acc_norm_stderr,none": 0.0650543726938216,
      "map,none": 0.6871345029239767,
      "map_stderr,none": 0.03656536840757215,
      "map_2,none": 0.6491228070175439,
      "map_2_stderr,none": 0.04506489382544239,
      "map_3,none": 0.6783625730994153,
      "map_3_stderr,none": 0.03888135051716018,
      "map_4,none": 0.6871345029239767,
      "map_4_stderr,none": 0.03656536840757215,
      "map_norm,none": 0.6549707602339181,
      "map_norm_stderr,none": 0.03803277643078527,
      "map_2_norm,none": 0.6052631578947368,
      "map_2_norm_stderr,none": 0.048045838377646144,
      "map_3_norm,none": 0.6286549707602338,
      "map_3_norm_stderr,none": 0.043957006954306745,
      "map_4_norm,none": 0.6549707602339181,
      "map_4_norm_stderr,none": 0.03803277643078527,
      "alias": "security_sales_1-1.0-0.3"
    },
    "fp2-1.0-0.3": {
      "acc,none": 0.24,
      "acc_stderr,none": 0.019616577850947305,
      "acc_norm,none": 0.24,
      "acc_norm_stderr,none": 0.019616577850947305,
      "map,none": 0.5126315789473693,
      "map_stderr,none": 0.013246588331304402,
      "map_2,none": 0.3631578947368421,
      "map_2_stderr,none": 0.01892107139513853,
      "map_3,none": 0.44736842105263225,
      "map_3_stderr,none": 0.016529644680816177,
      "map_4,none": 0.5126315789473693,
      "map_4_stderr,none": 0.013246588331304402,
      "map_norm,none": 0.5126315789473693,
      "map_norm_stderr,none": 0.013246588331304402,
      "map_2_norm,none": 0.3631578947368421,
      "map_2_norm_stderr,none": 0.01892107139513853,
      "map_3_norm,none": 0.44736842105263225,
      "map_3_norm_stderr,none": 0.016529644680816177,
      "map_4_norm,none": 0.5126315789473693,
      "map_4_norm_stderr,none": 0.013246588331304402,
      "alias": "fp2-1.0-0.3"
    },
    "cpa_audit-1.0-0.3": {
      "acc,none": 0.13819095477386933,
      "acc_stderr,none": 0.01732008740419801,
      "acc_norm,none": 0.12060301507537688,
      "acc_norm_stderr,none": 0.01634467597786587,
      "map,none": 0.38128140703517555,
      "map_stderr,none": 0.013563220839046965,
      "map_2,none": 0.2135678391959799,
      "map_2_stderr,none": 0.018114398231514273,
      "map_3,none": 0.27470686767169156,
      "map_3_stderr,none": 0.01744333828060281,
      "map_4,none": 0.3142797319932995,
      "map_4_stderr,none": 0.016446274587696024,
      "map_norm,none": 0.3712311557788942,
      "map_norm_stderr,none": 0.012928556379823208,
      "map_2_norm,none": 0.20100502512562815,
      "map_2_norm_stderr,none": 0.017414852225098948,
      "map_3_norm,none": 0.2646566164154101,
      "map_3_norm_stderr,none": 0.016794662444097868,
      "map_4_norm,none": 0.30422948073701805,
      "map_4_norm_stderr,none": 0.01582005680456628,
      "alias": "cpa_audit-1.0-0.3"
    },
    "cma_basics-1.0-0.3": {
      "acc,none": 0.3157894736842105,
      "acc_stderr,none": 0.07641750223933595,
      "acc_norm,none": 0.23684210526315788,
      "acc_norm_stderr,none": 0.06989334006042333,
      "map,none": 0.5592105263157894,
      "map_stderr,none": 0.050864571037789415,
      "map_2,none": 0.40789473684210525,
      "map_2_stderr,none": 0.07268294512017498,
      "map_3,none": 0.5131578947368421,
      "map_3_stderr,none": 0.060089752607213304,
      "map_4,none": 0.5592105263157894,
      "map_4_stderr,none": 0.050864571037789415,
      "map_norm,none": 0.5241228070175438,
      "map_norm_stderr,none": 0.04628910364242394,
      "map_2_norm,none": 0.39473684210526316,
      "map_2_norm_stderr,none": 0.06575390219002628,
      "map_3_norm,none": 0.46491228070175444,
      "map_3_norm_stderr,none": 0.05766582617263879,
      "map_4_norm,none": 0.5241228070175438,
      "map_4_norm_stderr,none": 0.04628910364242394,
      "alias": "cma_basics-1.0-0.3"
    },
    "chabsa-1.0-0.3": {
      "acc,none": 0.5637705554836203,
      "acc_stderr,none": 0.005643438340515652,
      "f1,none": 0.3763380685582044,
      "f1_stderr,none": "N/A",
      "acc_norm,none": 0.5637705554836203,
      "acc_norm_stderr,none": 0.005643438340515652,
      "f1_norm,none": 0.3763380685582044,
      "f1_norm_stderr,none": "N/A",
      "alias": "chabsa-1.0-0.3"
    }
  },
  "group_subtasks": {
    "chabsa-1.0-0.3": [],
    "cma_basics-1.0-0.3": [],
    "cpa_audit-1.0-0.3": [],
    "fp2-1.0-0.3": [],
    "security_sales_1-1.0-0.3": []
  },
  "configs": {
    "chabsa-1.0-0.3": {
      "task": "chabsa-1.0-0.3",
      "dataset_path": "jlm_fin_eval/datasets/chabsa/chabsa.py",
      "dataset_name": "chABSA",
      "test_split": "test",
      "doc_to_text": "### 入力:\nセンテンス:{{sentence}}\nターゲット:{{target}}\n\n### 応答:\n\n",
      "doc_to_target": "{{polarity}}",
      "doc_to_choice": [
        "positive",
        "negative"
      ],
      "description": "以下は、タスクを説明する指示と、文脈のある入力の組み合わせです。要求を適切に満たす応答を書きなさい。\n\n### 指示:\n以下のセンテンスにおける、ターゲットのセンチメントをpositiveかnegativeで答えてください。\n\n\n",
      "target_delimiter": "",
      "fewshot_delimiter": "\n\n",
      "num_fewshot": 0,
      "metric_list": [
        {
          "metric": "acc",
          "aggregation": "mean",
          "higher_is_better": true
        },
        {
          "metric": "acc_norm",
          "aggregation": "mean",
          "higher_is_better": true
        },
        {
          "metric": "f1",
          "aggregation": "2class_adjusted_macro_f1_score_for_chabsa",
          "higher_is_better": true
        },
        {
          "metric": "f1_norm",
          "aggregation": "2class_adjusted_macro_f1_score_for_chabsa",
          "higher_is_better": true
        }
      ],
      "output_type": "multiple_choice",
      "repeats": 1,
      "should_decontaminate": false,
      "doc_to_decontamination_query": "sentence",
      "metadata": {
        "version": 1.0
      }
    },
    "cma_basics-1.0-0.3": {
      "task": "cma_basics-1.0-0.3",
      "dataset_path": "jlm_fin_eval/datasets/cma_basics/cma_basics.py",
      "dataset_name": "cma_basics",
      "test_split": "test",
      "doc_to_text": "def doc_to_text_03(doc):\n    q_doc_text = doc[\"question\"] + \"\\n\"\n    if doc[\"context\"] and doc[\"context\"] != \"\":\n        q_doc_text += doc[\"context\"] + \"\\n\"\n    choices = \"\\n\".join([f\"- {choice}\" for choice in doc[\"choices\"][\"text\"]])\n    input_text = f\"{q_doc_text}\" + f\"出力は以下から選択してください：\\n{choices}\"\n    return f\"### 入力:\\n{input_text}\\n\\n### 応答:\\n\"\n",
      "doc_to_target": "def doc_to_target_01(doc):\n    return [\n        choice_text\n        for choice_id, choice_text in zip(doc[\"choices\"][\"id\"], doc[\"choices\"][\"text\"])\n        if choice_id == doc[\"answer\"]\n    ][0]\n",
      "doc_to_choice": "def doc_to_choices_01(doc):\n    choices = doc[\"choices\"][\"text\"]\n    return choices\n",
      "description": "以下は、タスクを説明する指示と、文脈のある入力の組み合わせです。要求を適切に満たす応答を書きなさい。\n\n### 指示:\n与えられた選択肢の中から、最適な答えを選んでください。\n\n\n",
      "target_delimiter": "",
      "fewshot_delimiter": "\n\n",
      "num_fewshot": 0,
      "metric_list": [
        {
          "metric": "acc",
          "aggregation": "mean",
          "higher_is_better": true
        },
        {
          "metric": "acc_norm",
          "aggregation": "mean",
          "higher_is_better": true
        },
        {
          "metric": "map",
          "aggregation": "mean",
          "higher_is_better": true
        },
        {
          "metric": "map_2",
          "aggregation": "mean",
          "higher_is_better": true
        },
        {
          "metric": "map_3",
          "aggregation": "mean",
          "higher_is_better": true
        },
        {
          "metric": "map_4",
          "aggregation": "mean",
          "higher_is_better": true
        },
        {
          "metric": "map_norm",
          "aggregation": "mean",