{
  "results": {
    "security_sales_1-1.0-0.1": {
      "acc,none": 0.5087719298245614,
      "acc_stderr,none": 0.06680502724442025,
      "acc_norm,none": 0.49122807017543857,
      "acc_norm_stderr,none": 0.06680502724442024,
      "map,none": 0.7251461988304093,
      "map_stderr,none": 0.036902019614448806,
      "map_2,none": 0.6929824561403509,
      "map_2_stderr,none": 0.044697510844641145,
      "map_3,none": 0.7163742690058479,
      "map_3_stderr,none": 0.03934972336520056,
      "map_4,none": 0.7251461988304093,
      "map_4_stderr,none": 0.036902019614448806,
      "map_norm,none": 0.7032163742690057,
      "map_norm_stderr,none": 0.03885778367964771,
      "map_2_norm,none": 0.6578947368421053,
      "map_2_norm_stderr,none": 0.04872737367223958,
      "map_3_norm,none": 0.6812865497076023,
      "map_3_norm_stderr,none": 0.0442063711121903,
      "map_4_norm,none": 0.7032163742690057,
      "map_4_norm_stderr,none": 0.03885778367964771,
      "alias": "security_sales_1-1.0-0.1"
    },
    "fp2-1.0-0.1": {
      "acc,none": 0.23789473684210527,
      "acc_stderr,none": 0.019557382357921746,
      "acc_norm,none": 0.23789473684210527,
      "acc_norm_stderr,none": 0.019557382357921746,
      "map,none": 0.5094736842105273,
      "map_stderr,none": 0.012883949646999342,
      "map_2,none": 0.3663157894736842,
      "map_2_stderr,none": 0.018464369615232894,
      "map_3,none": 0.4463157894736851,
      "map_3_stderr,none": 0.016125716313358,
      "map_4,none": 0.5094736842105273,
      "map_4_stderr,none": 0.012883949646999342,
      "map_norm,none": 0.5094736842105273,
      "map_norm_stderr,none": 0.012883949646999342,
      "map_2_norm,none": 0.3663157894736842,
      "map_2_norm_stderr,none": 0.018464369615232894,
      "map_3_norm,none": 0.4463157894736851,
      "map_3_norm_stderr,none": 0.016125716313358,
      "map_4_norm,none": 0.5094736842105273,
      "map_4_norm_stderr,none": 0.012883949646999342,
      "alias": "fp2-1.0-0.1"
    },
    "cpa_audit-1.0-0.1": {
      "acc,none": 0.15326633165829145,
      "acc_stderr,none": 0.018080129736270052,
      "acc_norm,none": 0.15326633165829145,
      "acc_norm_stderr,none": 0.018080129736270052,
      "map,none": 0.39166666666666644,
      "map_stderr,none": 0.014006683051581674,
      "map_2,none": 0.22236180904522612,
      "map_2_stderr,none": 0.018669152902595465,
      "map_3,none": 0.287688442211055,
      "map_3_stderr,none": 0.017873398535545513,
      "map_4,none": 0.32726130653266294,
      "map_4_stderr,none": 0.01682498951589083,
      "map_norm,none": 0.3876046901172525,
      "map_norm_stderr,none": 0.01395237872540469,
      "map_2_norm,none": 0.21733668341708542,
      "map_2_norm_stderr,none": 0.018563662140599124,
      "map_3_norm,none": 0.28098827470686744,
      "map_3_norm_stderr,none": 0.017836933685079,
      "map_4_norm,none": 0.32118927973199296,
      "map_4_norm_stderr,none": 0.016807558053741886,
      "alias": "cpa_audit-1.0-0.1"
    },
    "cma_basics-1.0-0.1": {
      "acc,none": 0.2631578947368421,
      "acc_stderr,none": 0.0723926637268818,
      "acc_norm,none": 0.2631578947368421,
      "acc_norm_stderr,none": 0.0723926637268818,
      "map,none": 0.5263157894736843,
      "map_stderr,none": 0.04849819653096914,
      "map_2,none": 0.3684210526315789,
      "map_2_stderr,none": 0.0697593162744764,
      "map_3,none": 0.4736842105263159,
      "map_3_stderr,none": 0.05847162899022681,
      "map_4,none": 0.5263157894736843,
      "map_4_stderr,none": 0.04849819653096914,
      "map_norm,none": 0.5548245614035088,
      "map_norm_stderr,none": 0.046328398304544625,
      "map_2_norm,none": 0.4473684210526316,
      "map_2_norm_stderr,none": 0.06474996686623638,
      "map_3_norm,none": 0.5087719298245613,
      "map_3_norm_stderr,none": 0.05620476982130521,
      "map_4_norm,none": 0.5548245614035088,
      "map_4_norm_stderr,none": 0.046328398304544625,
      "alias": "cma_basics-1.0-0.1"
    },
    "chabsa-1.0-0.1": {
      "acc,none": 0.5611808882558591,
      "acc_stderr,none": 0.005647149750045235,
      "f1,none": 0.37488561544470483,
      "f1_stderr,none": "N/A",
      "acc_norm,none": 0.5611808882558591,
      "acc_norm_stderr,none": 0.005647149750045235,
      "f1_norm,none": 0.37488561544470483,
      "f1_norm_stderr,none": "N/A",
      "alias": "chabsa-1.0-0.1"
    }
  },
  "group_subtasks": {
    "chabsa-1.0-0.1": [],
    "cma_basics-1.0-0.1": [],
    "cpa_audit-1.0-0.1": [],
    "fp2-1.0-0.1": [],
    "security_sales_1-1.0-0.1": []
  },
  "configs": {
    "chabsa-1.0-0.1": {
      "task": "chabsa-1.0-0.1",
      "dataset_path": "jlm_fin_eval/datasets/chabsa/chabsa.py",
      "dataset_name": "chABSA",
      "test_split": "test",
      "doc_to_text": "[センテンス]: {{sentence}}\nターゲット]: {{target}}\n[答え]:",
      "doc_to_target": "{{polarity}}",
      "doc_to_choice": [
        "positive",
        "negative"
      ],
      "description": "[センテンス]における、[ターゲット]のセンチメントをpositiveかnegativeで選んでください。\n\n\n",
      "target_delimiter": " ",
      "fewshot_delimiter": "\n\n",
      "num_fewshot": 0,
      "metric_list": [
        {
          "metric": "acc",
          "aggregation": "mean",
          "higher_is_better": true
        },
        {
          "metric": "acc_norm",
          "aggregation": "mean",
          "higher_is_better": true
        },
        {
          "metric": "f1",
          "aggregation": "2class_adjusted_macro_f1_score_for_chabsa",
          "higher_is_better": true
        },
        {
          "metric": "f1_norm",
          "aggregation": "2class_adjusted_macro_f1_score_for_chabsa",
          "higher_is_better": true
        }
      ],
      "output_type": "multiple_choice",
      "repeats": 1,
      "should_decontaminate": false,
      "doc_to_decontamination_query": "sentence",
      "metadata": {
        "version": 1.0
      }
    },
    "cma_basics-1.0-0.1": {
      "task": "cma_basics-1.0-0.1",
      "dataset_path": "jlm_fin_eval/datasets/cma_basics/cma_basics.py",
      "dataset_name": "cma_basics",
      "test_split": "test",
      "doc_to_text": "def doc_to_text_01(doc):\n    q_doc_text = doc[\"question\"] + \"\\n\"\n    if doc[\"context\"] and doc[\"context\"] != \"\":\n        q_doc_text += doc[\"context\"] + \"\\n\"\n    return f\"[問題]:{q_doc_text}[選択肢]:[{', '.join(doc['choices']['text'])}]\\n[答え]:\"\n",
      "doc_to_target": "def doc_to_target_01(doc):\n    return [\n        choice_text\n        for choice_id, choice_text in zip(doc[\"choices\"][\"id\"], doc[\"choices\"][\"text\"])\n        if choice_id == doc[\"answer\"]\n    ][0]\n",
      "doc_to_choice": "def doc_to_choices_01(doc):\n    choices = doc[\"choices\"][\"text\"]\n    return choices\n",
      "description": "[問題]に対する[答え]を[選択肢]の中から選んでください。\n\n\n",
      "target_delimiter": "",
      "fewshot_delimiter": "\n\n",
      "num_fewshot": 0,
      "metric_list": [
        {
          "metric": "acc",
          "aggregation": "mean",
          "higher_is_better": true
        },
        {
          "metric": "acc_norm",
          "aggregation": "mean",
          "higher_is_better": true
        },
        {
          "metric": "map",
          "aggregation": "mean",
          "higher_is_better": true
        },
        {
          "metric": "map_2",
          "aggregation": "mean",
          "higher_is_better": true
        },
        {
          "metric": "map_3",
          "aggregation": "mean",
          "higher_is_better": true
        },
        {
          "metric": "map_4",
          "aggregation": "mean",
          "higher_is_better": true
        },
        {
          "metric": "map_norm",
          "aggregation": "mean",
          "higher_is_better": true
        },
        {
          "metric": "map_2_norm",
          "aggregation": "mean",
          "higher_is_better": true
        },
        {
          "metric": "map_3_norm",
          "aggregation": "mean",