{
  "results": {
    "cma_basics-1.0-0.5": {
      "acc": 0.23684210526315788,
      "acc_stderr": 0.0698933400604233,
      "map": 0.5065789473684211,
      "map_stderr": 0.047289163712385576,
      "map_2": 0.34210526315789475,
      "map_2_stderr": 0.0682676911296069,
      "map_3": 0.44736842105263175,
      "map_3_stderr": 0.05798949097562496,
      "map_4": 0.5065789473684211,
      "map_4_stderr": 0.047289163712385576
    },
    "cpa-1.0-0.4": {
      "acc": 0.1708542713567839,
      "acc_stderr": 0.018890049712103903,
      "map": 0.41310720268006695,
      "map_stderr": 0.014518907932633556,
      "map_2": 0.2613065326633166,
      "map_2_stderr": 0.019294828922993095,
      "map_3": 0.3149078726968171,
      "map_3_stderr": 0.018425460636515893,
      "map_4": 0.35322445561139015,
      "map_4_stderr": 0.017295705342010782
    },
    "security_sales_1-1.0-0.2.1": {
      "acc": 0.5087719298245614,
      "acc_stderr": 0.06680502724442024,
      "map": 0.7222222222222222,
      "map_stderr": 0.03733390146562184,
      "map_2": 0.6842105263157895,
      "map_2_stderr": 0.046209007687950596,
      "map_3": 0.7134502923976608,
      "map_3_stderr": 0.039743500640550246,
      "map_4": 0.7222222222222222,
      "map_4_stderr": 0.03733390146562184
    },
    "chabsa-1.0-0.1": {
      "acc": 0.5240191635374855,
      "f1": 0.35515766198766235
    }
  },
  "versions": {
    "cma_basics-1.0-0.5": 1.0,
    "cpa-1.0-0.4": 1.0,
    "security_sales_1-1.0-0.2.1": 1.0,
    "chabsa-1.0-0.1": 1.0
  },
  "config": {
    "model": "hf",
    "model_args": "pretrained=cyberagent/open-calm-3b,use_fast=True,load_in_8bit=True",
    "num_fewshot": [
      4,
      3,
      2,
      3
    ],
    "batch_size": null,
    "device": "cuda",
    "no_cache": false,
    "limit": null,
    "bootstrap_iters": 100000,
    "description_dict": {}
  }
}