{
  "results": {
    "cma_basics-1.0-0.6": {
      "acc": 0.3157894736842105,
      "acc_stderr": 0.07641750223933594,
      "map": 0.5614035087719297,
      "map_stderr": 0.051422414989752654,
      "map_2": 0.4473684210526316,
      "map_2_stderr": 0.07002710734081141,
      "map_3": 0.48245614035087725,
      "map_3_stderr": 0.06586450597246908,
      "map_4": 0.5614035087719297,
      "map_4_stderr": 0.051422414989752654
    },
    "fp2-1.0-0.2": {
      "acc": 0.24842105263157896,
      "acc_stderr": 0.019846883994871865,
      "map": 0.5228070175438604,
      "map_stderr": 0.0133409430462681,
      "map_2": 0.38,
      "map_2_stderr": 0.018986068504202744,
      "map_3": 0.46070175438596545,
      "map_3_stderr": 0.01655559845114111,
      "map_4": 0.5228070175438604,
      "map_4_stderr": 0.0133409430462681
    },
    "security_sales_1-1.0-0.1": {
      "acc": 0.5614035087719298,
      "acc_stderr": 0.0663095566682855,
      "map": 0.7426900584795323,
      "map_stderr": 0.03703829656068211,
      "map_2": 0.7105263157894737,
      "map_2_stderr": 0.04503439304778546,
      "map_3": 0.733918128654971,
      "map_3_stderr": 0.039547102119391955,
      "map_4": 0.7426900584795323,
      "map_4_stderr": 0.03703829656068211
    },
    "chabsa-1.0-0.6": {
      "acc": 0.47442703612585785,
      "f1": 0.32154758494178054
    },
    "cpa_audit-1.0-0.2.1": {
      "acc": 0.18090452261306533,
      "acc_stderr": 0.01931953738352339,
      "map": 0.41080402010050215,
      "map_stderr": 0.014854308151939666,
      "map_2": 0.25251256281407036,
      "map_2_stderr": 0.01962789540223307,
      "map_3": 0.3036013400335004,
      "map_3_stderr": 0.018883466136403713,
      "map_4": 0.34757118927973174,
      "map_4_stderr": 0.01766786105881636
    }
  },
  "versions": {
    "cma_basics-1.0-0.6": 1.0,
    "fp2-1.0-0.2": 1.0,
    "security_sales_1-1.0-0.1": 1.0,
    "chabsa-1.0-0.6": 1.0,
    "cpa_audit-1.0-0.2.1": 1.0
  },
  "config": {
    "model": "hf",
    "model_args": "pretrained=cyberagent/open-calm-3b,use_fast=True,load_in_8bit=True",
    "num_fewshot": [
      0,
      0,
      0,
      0,
      0
    ],
    "batch_size": null,
    "device": "cuda",
    "no_cache": false,
    "limit": null,
    "bootstrap_iters": 100000,
    "description_dict": {}
  }
}