{
  "results": {
    "security_sales_1-1.0-0.3": {
      "acc,none": 0.42105263157894735,
      "acc_stderr,none": 0.06597717584505354,
      "acc_norm,none": 0.42105263157894735,
      "acc_norm_stderr,none": 0.06597717584505354,
      "map,none": 0.6798245614035088,
      "map_stderr,none": 0.037592679593042876,
      "map_2,none": 0.631578947368421,
      "map_2_stderr,none": 0.04770141932499818,
      "map_3,none": 0.6666666666666666,
      "map_3_stderr,none": 0.040875955965664366,
      "map_4,none": 0.6798245614035088,
      "map_4_stderr,none": 0.037592679593042876,
      "map_norm,none": 0.6681286549707601,
      "map_norm_stderr,none": 0.039329348730519686,
      "map_2_norm,none": 0.6140350877192983,
      "map_2_norm_stderr,none": 0.050090056522990346,
      "map_3_norm,none": 0.6374269005847952,
      "map_3_norm_stderr,none": 0.04610316014407836,
      "map_4_norm,none": 0.6681286549707601,
      "map_4_norm_stderr,none": 0.039329348730519686,
      "alias": "security_sales_1-1.0-0.3"
    },
    "fp2-1.0-0.3": {
      "acc,none": 0.24,
      "acc_stderr,none": 0.019616577850947305,
      "acc_norm,none": 0.24,
      "acc_norm_stderr,none": 0.019616577850947305,
      "map,none": 0.5196491228070182,
      "map_stderr,none": 0.013078463331601743,
      "map_2,none": 0.3757894736842105,
      "map_2_stderr,none": 0.01875204676931301,
      "map_3,none": 0.4628070175438602,
      "map_3_stderr,none": 0.016089822326714204,
      "map_4,none": 0.5196491228070182,
      "map_4_stderr,none": 0.013078463331601743,
      "map_norm,none": 0.5196491228070182,
      "map_norm_stderr,none": 0.013078463331601743,
      "map_2_norm,none": 0.3757894736842105,
      "map_2_norm_stderr,none": 0.01875204676931301,
      "map_3_norm,none": 0.4628070175438602,
      "map_3_norm_stderr,none": 0.016089822326714204,
      "map_4_norm,none": 0.5196491228070182,
      "map_4_norm_stderr,none": 0.013078463331601743,
      "alias": "fp2-1.0-0.3"
    },
    "cpa_audit-1.0-0.3": {
      "acc,none": 0.135678391959799,
      "acc_stderr,none": 0.017186908930253576,
      "acc_norm,none": 0.1306532663316583,
      "acc_norm_stderr,none": 0.016914586905916507,
      "map,none": 0.38555276381909503,
      "map_stderr,none": 0.013442854442500232,
      "map_2,none": 0.2236180904522613,
      "map_2_stderr,none": 0.018070892499800043,
      "map_3,none": 0.277219430485762,
      "map_3_stderr,none": 0.017433915664435796,
      "map_4,none": 0.32181742043551065,
      "map_4_stderr,none": 0.01627057116392992,
      "map_norm,none": 0.38094639865996616,
      "map_norm_stderr,none": 0.013255776626438533,
      "map_2_norm,none": 0.21482412060301506,
      "map_2_norm_stderr,none": 0.01785678336169176,
      "map_3_norm,none": 0.27261306532663293,
      "map_3_norm_stderr,none": 0.01721722174370831,
      "map_4_norm,none": 0.3172110552763816,
      "map_4_norm_stderr,none": 0.016070399196250404,
      "alias": "cpa_audit-1.0-0.3"
    },
    "cma_basics-1.0-0.3": {
      "acc,none": 0.2894736842105263,
      "acc_stderr,none": 0.07455791696866067,
      "acc_norm,none": 0.2894736842105263,
      "acc_norm_stderr,none": 0.07455791696866067,
      "map,none": 0.5416666666666667,
      "map_stderr,none": 0.049769303415959906,
      "map_2,none": 0.3815789473684211,
      "map_2_stderr,none": 0.07164549036461391,
      "map_3,none": 0.49561403508771934,
      "map_3_stderr,none": 0.05879527925524327,
      "map_4,none": 0.5416666666666667,
      "map_4_stderr,none": 0.049769303415959906,
      "map_norm,none": 0.5635964912280702,
      "map_norm_stderr,none": 0.04812287719915429,
      "map_2_norm,none": 0.4473684210526316,
      "map_2_norm_stderr,none": 0.0674401733824144,
      "map_3_norm,none": 0.5175438596491229,
      "map_3_norm_stderr,none": 0.057881803805678506,
      "map_4_norm,none": 0.5635964912280702,
      "map_4_norm_stderr,none": 0.04812287719915429,
      "alias": "cma_basics-1.0-0.3"
    },
    "chabsa-1.0-0.3": {
      "acc,none": 0.5658422892658294,
      "acc_stderr,none": 0.0056403565933282095,
      "f1,none": 0.4973183586957519,
      "f1_stderr,none": "N/A",
      "acc_norm,none": 0.5658422892658294,
      "acc_norm_stderr,none": 0.0056403565933282095,
      "f1_norm,none": 0.4973183586957519,
      "f1_norm_stderr,none": "N/A",
      "alias": "chabsa-1.0-0.3"
    }
  },
  "group_subtasks": {
    "chabsa-1.0-0.3": [],
    "cma_basics-1.0-0.3": [],
    "cpa_audit-1.0-0.3": [],
    "fp2-1.0-0.3": [],
    "security_sales_1-1.0-0.3": []
  },
  "configs": {
    "chabsa-1.0-0.3": {
      "task": "chabsa-1.0-0.3",
      "dataset_path": "jlm_fin_eval/datasets/chabsa/chabsa.py",
      "dataset_name": "chABSA",
      "test_split": "test",
      "doc_to_text": "### 入力:\nセンテンス:{{sentence}}\nターゲット:{{target}}\n\n### 応答:\n\n",
      "doc_to_target": "{{polarity}}",
      "doc_to_choice": [
        "positive",
        "negative"
      ],
      "description": "以下は、タスクを説明する指示と、文脈のある入力の組み合わせです。要求を適切に満たす応答を書きなさい。\n\n### 指示:\n以下のセンテンスにおける、ターゲットのセンチメントをpositiveかnegativeで答えてください。\n\n\n",
      "target_delimiter": "",
      "fewshot_delimiter": "\n\n",
      "num_fewshot": 0,
      "metric_list": [
        {
          "metric": "acc",
          "aggregation": "mean",
          "higher_is_better": true
        },
        {
          "metric": "acc_norm",
          "aggregation": "mean",
          "higher_is_better": true
        },
        {
          "metric": "f1",
          "aggregation": "2class_adjusted_macro_f1_score_for_chabsa",
          "higher_is_better": true
        },
        {
          "metric": "f1_norm",
          "aggregation": "2class_adjusted_macro_f1_score_for_chabsa",
          "higher_is_better": true
        }
      ],
      "output_type": "multiple_choice",
      "repeats": 1,
      "should_decontaminate": false,
      "doc_to_decontamination_query": "sentence",
      "metadata": {
        "version": 1.0
      }
    },
    "cma_basics-1.0-0.3": {
      "task": "cma_basics-1.0-0.3",
      "dataset_path": "jlm_fin_eval/datasets/cma_basics/cma_basics.py",
      "dataset_name": "cma_basics",
      "test_split": "test",
      "doc_to_text": "def doc_to_text_03(doc):\n    q_doc_text = doc[\"question\"] + \"\\n\"\n    if doc[\"context\"] and doc[\"context\"] != \"\":\n        q_doc_text += doc[\"context\"] + \"\\n\"\n    choices = \"\\n\".join([f\"- {choice}\" for choice in doc[\"choices\"][\"text\"]])\n    input_text = f\"{q_doc_text}\" + f\"出力は以下から選択してください：\\n{choices}\"\n    return f\"### 入力:\\n{input_text}\\n\\n### 応答:\\n\"\n",
      "doc_to_target": "def doc_to_target_01(doc):\n    return [\n        choice_text\n        for choice_id, choice_text in zip(doc[\"choices\"][\"id\"], doc[\"choices\"][\"text\"])\n        if choice_id == doc[\"answer\"]\n    ][0]\n",
      "doc_to_choice": "def doc_to_choices_01(doc):\n    choices = doc[\"choices\"][\"text\"]\n    return choices\n",
      "description": "以下は、タスクを説明する指示と、文脈のある入力の組み合わせです。要求を適切に満たす応答を書きなさい。\n\n### 指示:\n与えられた選択肢の中から、最適な答えを選んでください。\n\n\n",
      "target_delimiter": "",
      "fewshot_delimiter": "\n\n",
      "num_fewshot": 0,
      "metric_list": [
        {
          "metric": "acc",
          "aggregation": "mean",
          "higher_is_better": true
        },
        {
          "metric": "acc_norm",
          "aggregation": "mean",
          "higher_is_better": true
        },
        {
          "metric": "map",
          "aggregation": "mean",
          "higher_is_better": true
        },
        {
          "metric": "map_2",
          "aggregation": "mean",
          "higher_is_better": true
        },
        {
          "metric": "map_3",
          "aggregation": "mean",
          "higher_is_better": true
        },
        {
          "metric": "map_4",
          "aggregation": "mean",
          "higher_is_better": true
        },
        {
          "metric": "map_norm",
          "aggregation": "mean",