{
  "results": {
    "security_sales_1-1.0-0.4": {
      "acc,none": 0.43859649122807015,
      "acc_stderr,none": 0.0663095566682855,
      "acc_norm,none": 0.42105263157894735,
      "acc_norm_stderr,none": 0.06597717584505354,
      "map,none": 0.6944444444444445,
      "map_stderr,none": 0.03710007514786161,
      "map_2,none": 0.6578947368421053,
      "map_2_stderr,none": 0.045399049956733876,
      "map_3,none": 0.6812865497076024,
      "map_3_stderr,none": 0.04050827124043491,
      "map_4,none": 0.6944444444444445,
      "map_4_stderr,none": 0.03710007514786161,
      "map_norm,none": 0.6710526315789473,
      "map_norm_stderr,none": 0.038992119630866844,
      "map_2_norm,none": 0.6228070175438597,
      "map_2_norm_stderr,none": 0.04892436645686708,
      "map_3_norm,none": 0.6403508771929824,
      "map_3_norm_stderr,none": 0.045850792923498,
      "map_4_norm,none": 0.6710526315789473,
      "map_4_norm_stderr,none": 0.038992119630866844,
      "alias": "security_sales_1-1.0-0.4"
    },
    "fp2-1.0-0.4": {
      "acc,none": 0.24,
      "acc_stderr,none": 0.019616577850947305,
      "acc_norm,none": 0.24,
      "acc_norm_stderr,none": 0.019616577850947305,
      "map,none": 0.5150877192982466,
      "map_stderr,none": 0.013208514174478258,
      "map_2,none": 0.3705263157894737,
      "map_2_stderr,none": 0.018824831388299986,
      "map_3,none": 0.44982456140350957,
      "map_3_stderr,none": 0.01651963225286228,
      "map_4,none": 0.5150877192982466,
      "map_4_stderr,none": 0.013208514174478258,
      "map_norm,none": 0.5150877192982466,
      "map_norm_stderr,none": 0.013208514174478258,
      "map_2_norm,none": 0.3705263157894737,
      "map_2_norm_stderr,none": 0.018824831388299986,
      "map_3_norm,none": 0.44982456140350957,
      "map_3_norm_stderr,none": 0.01651963225286228,
      "map_4_norm,none": 0.5150877192982466,
      "map_4_norm_stderr,none": 0.013208514174478258,
      "alias": "fp2-1.0-0.4"
    },
    "cpa_audit-1.0-0.4": {
      "acc,none": 0.1507537688442211,
      "acc_stderr,none": 0.017957904178307883,
      "acc_norm,none": 0.14824120603015076,
      "acc_norm_stderr,none": 0.017833949374419653,
      "map,none": 0.3934673366834169,
      "map_stderr,none": 0.013952315407931811,
      "map_2,none": 0.23241206030150754,
      "map_2_stderr,none": 0.018614987380116504,
      "map_3,none": 0.2885259631490785,
      "map_3_stderr,none": 0.01788856616970091,
      "map_4,none": 0.32370184254606343,
      "map_4_stderr,none": 0.01696778959441082,
      "map_norm,none": 0.38961474036850885,
      "map_norm_stderr,none": 0.013895411062150552,
      "map_2_norm,none": 0.22738693467336685,
      "map_2_norm_stderr,none": 0.018516059629699884,
      "map_3_norm,none": 0.2826633165829144,
      "map_3_norm_stderr,none": 0.01783926134842708,
      "map_4_norm,none": 0.31783919597989924,
      "map_4_norm_stderr,none": 0.016946481644931302,
      "alias": "cpa_audit-1.0-0.4"
    },
    "cma_basics-1.0-0.4": {
      "acc,none": 0.2631578947368421,
      "acc_stderr,none": 0.0723926637268818,
      "acc_norm,none": 0.15789473684210525,
      "acc_norm_stderr,none": 0.05994682078436838,
      "map,none": 0.5482456140350876,
      "map_stderr,none": 0.04668473822720761,
      "map_2,none": 0.42105263157894735,
      "map_2_stderr,none": 0.06674273816118409,
      "map_3,none": 0.5087719298245613,
      "map_3_stderr,none": 0.05514015377601063,
      "map_4,none": 0.5482456140350876,
      "map_4_stderr,none": 0.04668473822720761,
      "map_norm,none": 0.4978070175438597,
      "map_norm_stderr,none": 0.038427539284977524,
      "map_2_norm,none": 0.35526315789473684,
      "map_2_norm_stderr,none": 0.05935851586507933,
      "map_3_norm,none": 0.47807017543859653,
      "map_3_norm_stderr,none": 0.04317266628981393,
      "map_4_norm,none": 0.4978070175438597,
      "map_4_norm_stderr,none": 0.038427539284977524,
      "alias": "cma_basics-1.0-0.4"
    },
    "chabsa-1.0-0.4": {
      "acc,none": 0.5646769390133368,
      "acc_stderr,none": 0.005642102405072,
      "f1,none": 0.37033111428104837,
      "f1_stderr,none": "N/A",
      "acc_norm,none": 0.5646769390133368,
      "acc_norm_stderr,none": 0.005642102405072,
      "f1_norm,none": 0.37033111428104837,
      "f1_norm_stderr,none": "N/A",
      "alias": "chabsa-1.0-0.4"
    }
  },
  "group_subtasks": {
    "chabsa-1.0-0.4": [],
    "cma_basics-1.0-0.4": [],
    "cpa_audit-1.0-0.4": [],
    "fp2-1.0-0.4": [],
    "security_sales_1-1.0-0.4": []
  },
  "configs": {
    "chabsa-1.0-0.4": {
      "task": "chabsa-1.0-0.4",
      "dataset_path": "jlm_fin_eval/datasets/chabsa/chabsa.py",
      "dataset_name": "chABSA",
      "test_split": "test",
      "doc_to_text": "センテンス: {{sentence}}<NL>ターゲット: {{target}}<NL>システム:",
      "doc_to_target": "{{polarity}}",
      "doc_to_choice": [
        "positive",
        "negative"
      ],
      "description": "ユーザー: センテンスにおける、ターゲットのセンチメントをpositiveかnegativeで答えてください。<NL>システム: 分かりました。<NL>",
      "target_delimiter": " ",
      "fewshot_delimiter": "<NL>",
      "num_fewshot": 0,
      "metric_list": [
        {
          "metric": "acc",
          "aggregation": "mean",
          "higher_is_better": true
        },
        {
          "metric": "acc_norm",
          "aggregation": "mean",
          "higher_is_better": true
        },
        {
          "metric": "f1",
          "aggregation": "2class_adjusted_macro_f1_score_for_chabsa",
          "higher_is_better": true
        },
        {
          "metric": "f1_norm",
          "aggregation": "2class_adjusted_macro_f1_score_for_chabsa",
          "higher_is_better": true
        }
      ],
      "output_type": "multiple_choice",
      "repeats": 1,
      "should_decontaminate": false,
      "doc_to_decontamination_query": "sentence",
      "metadata": {
        "version": 1.0
      }
    },
    "cma_basics-1.0-0.4": {
      "task": "cma_basics-1.0-0.4",
      "dataset_path": "jlm_fin_eval/datasets/cma_basics/cma_basics.py",
      "dataset_name": "cma_basics",
      "test_split": "test",
      "doc_to_text": "def doc_to_text_04(doc, SEP=\"<NL>\"):\n    q_doc_text = doc[\"question\"]\n    if doc[\"context\"] and doc[\"context\"] != \"\":\n        q_doc_text += \"\\n\" + doc[\"context\"]\n    choices = SEP.join([f\"- {choice}\" for choice in doc[\"choices\"][\"text\"]])\n    input_text = f\"質問：{q_doc_text}{SEP}\" + f\"選択肢：{SEP}{choices}\"\n    return f\"ユーザー: {input_text}{SEP}システム: \"\n",
      "doc_to_target": "def doc_to_target_01(doc):\n    return [\n        choice_text\n        for choice_id, choice_text in zip(doc[\"choices\"][\"id\"], doc[\"choices\"][\"text\"])\n        if choice_id == doc[\"answer\"]\n    ][0]\n",
      "doc_to_choice": "def doc_to_choices_01(doc):\n    choices = doc[\"choices\"][\"text\"]\n    return choices\n",
      "description": "ユーザー: 与えられた選択肢の中から、最適な答えを選んでください。<NL>システム: 分かりました。<NL>",
      "target_delimiter": "",
      "fewshot_delimiter": "<NL>",
      "num_fewshot": 0,
      "metric_list": [
        {
          "metric": "acc",
          "aggregation": "mean",
          "higher_is_better": true
        },
        {
          "metric": "acc_norm",
          "aggregation": "mean",
          "higher_is_better": true
        },
        {
          "metric": "map",
          "aggregation": "mean",
          "higher_is_better": true
        },
        {
          "metric": "map_2",
          "aggregation": "mean",
          "higher_is_better": true
        },
        {
          "metric": "map_3",
          "aggregation": "mean",
          "higher_is_better": true
        },
        {
          "metric": "map_4",
          "aggregation": "mean",
          "higher_is_better": true
        },
        {
          "metric": "map_norm",
          "aggregation": "mean",
          "higher_is_better": true
        },
        {
          "metric": "map_2_norm",
          "aggregation": "mean",