{
  "results": {
    "chabsa-1.0-0.2": {
      "acc": 0.8033147740515344,
      "f1": 0.8124120360919906
    },
    "cma_basics-1.0-0.6": {
      "acc": 0.39473684210526316,
      "acc_stderr": 0.08035725426645682,
      "map": 0.607456140350877,
      "map_stderr": 0.053790629916090564,
      "map_2": 0.4868421052631579,
      "map_2_stderr": 0.07421193868898011,
      "map_3": 0.5482456140350876,
      "map_3_stderr": 0.0659000177649999,
      "map_4": 0.607456140350877,
      "map_4_stderr": 0.053790629916090564
    },
    "cpa_audit-1.0-0.2.1": {
      "acc": 0.19095477386934673,
      "acc_stderr": 0.019726789326781242,
      "map": 0.41599664991624774,
      "map_stderr": 0.015159860335936828,
      "map_2": 0.25879396984924624,
      "map_2_stderr": 0.019943247755953023,
      "map_3": 0.3123953098827467,
      "map_3_stderr": 0.01912116052351144,
      "map_4": 0.3513400335008373,
      "map_4_stderr": 0.018028653863247267
    },
    "fp2-1.0-0.1": {
      "acc": 0.26526315789473687,
      "acc_stderr": 0.020277537142625812,
      "map": 0.5289473684210535,
      "map_stderr": 0.013507820149840326,
      "map_2": 0.3873684210526316,
      "map_2_stderr": 0.019168156208143456,
      "map_3": 0.4673684210526324,
      "map_3_stderr": 0.016715789548268294,
      "map_4": 0.5289473684210535,
      "map_4_stderr": 0.013507820149840326
    },
    "security_sales_1-1.0-0.5": {
      "acc": 0.45614035087719296,
      "acc_stderr": 0.06655775300696491,
      "map": 0.6973684210526315,
      "map_stderr": 0.038271874822244235,
      "map_2": 0.6578947368421053,
      "map_2_stderr": 0.047092625123091626,
      "map_3": 0.6754385964912281,
      "map_3_stderr": 0.04363979987309738,
      "map_4": 0.6973684210526315,
      "map_4_stderr": 0.038271874822244235
    }
  },
  "versions": {
    "chabsa-1.0-0.2": 1.0,
    "cma_basics-1.0-0.6": 1.0,
    "cpa_audit-1.0-0.2.1": 1.0,
    "fp2-1.0-0.1": 1.0,
    "security_sales_1-1.0-0.5": 1.0
  },
  "config": {
    "model": "hf-causal-experimental",
    "model_args": "pretrained=llm-jp/llm-jp-13b-v1.0,trust_remote_code=True",
    "num_fewshot": [
      4,
      1,
      4,
      4,
      2
    ],
    "batch_size": null,
    "device": null,
    "no_cache": true,
    "limit": null,
    "bootstrap_iters": 100000,
    "description_dict": {}
  }
}