{
  "results": {
    "security_sales_1-1.0-0.2.1": {
      "acc,none": 0.45614035087719296,
      "acc_stderr,none": 0.06655775300696491,
      "acc_norm,none": 0.42105263157894735,
      "acc_norm_stderr,none": 0.06597717584505354,
      "map,none": 0.7046783625730995,
      "map_stderr,none": 0.0370259284737743,
      "map_2,none": 0.6666666666666666,
      "map_2_stderr,none": 0.045700708092256785,
      "map_3,none": 0.6959064327485381,
      "map_3_stderr,none": 0.039384626788047335,
      "map_4,none": 0.7046783625730995,
      "map_4_stderr,none": 0.0370259284737743,
      "map_norm,none": 0.6769005847953216,
      "map_norm_stderr,none": 0.03795441832008721,
      "map_2_norm,none": 0.6228070175438597,
      "map_2_norm_stderr,none": 0.04892436645686708,
      "map_3_norm,none": 0.6637426900584794,
      "map_3_norm_stderr,none": 0.04119220846203733,
      "map_4_norm,none": 0.6769005847953216,
      "map_4_norm_stderr,none": 0.03795441832008721,
      "alias": "security_sales_1-1.0-0.2.1"
    },
    "fp2-1.0-0.2.1": {
      "acc,none": 0.24,
      "acc_stderr,none": 0.019616577850947305,
      "acc_norm,none": 0.24,
      "acc_norm_stderr,none": 0.019616577850947305,
      "map,none": 0.5156140350877202,
      "map_stderr,none": 0.013189696806115057,
      "map_2,none": 0.3705263157894737,
      "map_2_stderr,none": 0.018824831388299986,
      "map_3,none": 0.4519298245614042,
      "map_3_stderr,none": 0.01644304160028808,
      "map_4,none": 0.5156140350877202,
      "map_4_stderr,none": 0.013189696806115057,
      "map_norm,none": 0.5156140350877202,
      "map_norm_stderr,none": 0.013189696806115057,
      "map_2_norm,none": 0.3705263157894737,
      "map_2_norm_stderr,none": 0.018824831388299986,
      "map_3_norm,none": 0.4519298245614042,
      "map_3_norm_stderr,none": 0.01644304160028808,
      "map_4_norm,none": 0.5156140350877202,
      "map_4_norm_stderr,none": 0.013189696806115057,
      "alias": "fp2-1.0-0.2.1"
    },
    "cpa_audit-1.0-0.2.1": {
      "acc,none": 0.12562814070351758,
      "acc_stderr,none": 0.016633984738460367,
      "acc_norm,none": 0.12060301507537688,
      "acc_norm_stderr,none": 0.01634467597786587,
      "map,none": 0.38107202680066976,
      "map_stderr,none": 0.013004314748585969,
      "map_2,none": 0.21231155778894473,
      "map_2_stderr,none": 0.017665635832283127,
      "map_3,none": 0.27345058626465635,
      "map_3_stderr,none": 0.016988238802859025,
      "map_4,none": 0.32118927973199296,
      "map_4_stderr,none": 0.015721253031126783,
      "map_norm,none": 0.3781407035175877,
      "map_norm_stderr,none": 0.012819737508016479,
      "map_2_norm,none": 0.20854271356783918,
      "map_2_norm_stderr,none": 0.017464090609145905,
      "map_3_norm,none": 0.27051926298157425,
      "map_3_norm_stderr,none": 0.016800132127501047,
      "map_4_norm,none": 0.31825795644891086,
      "map_4_norm_stderr,none": 0.015540494000458819,
      "alias": "cpa_audit-1.0-0.2.1"
    },
    "cma_basics-1.0-0.2.1": {
      "acc,none": 0.21052631578947367,
      "acc_stderr,none": 0.06702258315442246,
      "acc_norm,none": 0.23684210526315788,
      "acc_norm_stderr,none": 0.06989334006042333,
      "map,none": 0.5109649122807017,
      "map_stderr,none": 0.04446739906376798,
      "map_2,none": 0.3815789473684211,
      "map_2_stderr,none": 0.0637669190064234,
      "map_3,none": 0.4517543859649124,
      "map_3_stderr,none": 0.055838187844711944,
      "map_4,none": 0.5109649122807017,
      "map_4_stderr,none": 0.04446739906376798,
      "map_norm,none": 0.5285087719298246,
      "map_norm_stderr,none": 0.04568424994845195,
      "map_2_norm,none": 0.39473684210526316,
      "map_2_norm_stderr,none": 0.06575390219002628,
      "map_3_norm,none": 0.48245614035087725,
      "map_3_norm_stderr,none": 0.05508355137911483,
      "map_4_norm,none": 0.5285087719298246,
      "map_4_norm_stderr,none": 0.04568424994845195,
      "alias": "cma_basics-1.0-0.2.1"
    },
    "chabsa-1.0-0.2": {
      "acc,none": 0.5611808882558591,
      "acc_stderr,none": 0.005647149750045238,
      "f1,none": 0.35975510159772817,
      "f1_stderr,none": "N/A",
      "acc_norm,none": 0.5611808882558591,
      "acc_norm_stderr,none": 0.005647149750045238,
      "f1_norm,none": 0.35975510159772817,
      "f1_norm_stderr,none": "N/A",
      "alias": "chabsa-1.0-0.2"
    }
  },
  "group_subtasks": {
    "chabsa-1.0-0.2": [],
    "cma_basics-1.0-0.2.1": [],
    "cpa_audit-1.0-0.2.1": [],
    "fp2-1.0-0.2.1": [],
    "security_sales_1-1.0-0.2.1": []
  },
  "configs": {
    "chabsa-1.0-0.2": {
      "task": "chabsa-1.0-0.2",
      "dataset_path": "jlm_fin_eval/datasets/chabsa/chabsa.py",
      "dataset_name": "chABSA",
      "test_split": "test",
      "doc_to_text": "センテンス: {{sentence}}\nターゲット: {{target}}\n回答:",
      "doc_to_target": "{{polarity}}",
      "doc_to_choice": [
        "positive",
        "negative"
      ],
      "description": "センテンスとターゲットを入力として受け取り、ターゲットに関するセンチメントをpositiveかnegativeから選択してください。\n\n\n",
      "target_delimiter": " ",
      "fewshot_delimiter": "\n\n",
      "num_fewshot": 0,
      "metric_list": [
        {
          "metric": "acc",
          "aggregation": "mean",
          "higher_is_better": true
        },
        {
          "metric": "acc_norm",
          "aggregation": "mean",
          "higher_is_better": true
        },
        {
          "metric": "f1",
          "aggregation": "2class_adjusted_macro_f1_score_for_chabsa",
          "higher_is_better": true
        },
        {
          "metric": "f1_norm",
          "aggregation": "2class_adjusted_macro_f1_score_for_chabsa",
          "higher_is_better": true
        }
      ],
      "output_type": "multiple_choice",
      "repeats": 1,
      "should_decontaminate": false,
      "doc_to_decontamination_query": "sentence",
      "metadata": {
        "version": 1.0
      }
    },
    "cma_basics-1.0-0.2.1": {
      "task": "cma_basics-1.0-0.2.1",
      "dataset_path": "jlm_fin_eval/datasets/cma_basics/cma_basics.py",
      "dataset_name": "cma_basics",
      "test_split": "test",
      "doc_to_text": "def doc_to_text_02_1(doc):\n    q_doc_text = doc[\"question\"] + \"\\n\"\n    if doc[\"context\"] and doc[\"context\"] != \"\":\n        q_doc_text += doc[\"context\"] + \"\\n\"\n    choices = \"\\n\".join([f\"- {choice}\" for choice in doc[\"choices\"][\"text\"]])\n    return f\"質問:{q_doc_text}選択肢:\\n{choices}\\n回答:\"\n",
      "doc_to_target": "def doc_to_target_01(doc):\n    return [\n        choice_text\n        for choice_id, choice_text in zip(doc[\"choices\"][\"id\"], doc[\"choices\"][\"text\"])\n        if choice_id == doc[\"answer\"]\n    ][0]\n",
      "doc_to_choice": "def doc_to_choices_01(doc):\n    choices = doc[\"choices\"][\"text\"]\n    return choices\n",
      "description": "与えられた選択肢の中から、最適な答えを選んでください。\n\n\n",
      "target_delimiter": "",
      "fewshot_delimiter": "\n\n",
      "num_fewshot": 0,
      "metric_list": [
        {
          "metric": "acc",
          "aggregation": "mean",
          "higher_is_better": true
        },
        {
          "metric": "acc_norm",
          "aggregation": "mean",
          "higher_is_better": true
        },
        {
          "metric": "map",
          "aggregation": "mean",
          "higher_is_better": true
        },
        {
          "metric": "map_2",
          "aggregation": "mean",
          "higher_is_better": true
        },
        {
          "metric": "map_3",
          "aggregation": "mean",
          "higher_is_better": true
        },
        {
          "metric": "map_4",
          "aggregation": "mean",
          "higher_is_better": true
        },
        {
          "metric": "map_norm",
          "aggregation": "mean",
          "higher_is_better": true
        },
        {
          "metric": "map_2_norm",
          "aggregation": "mean",
          "higher_is_better": true
        },
        {
          "metric": "map_3_norm",
          "aggregation": "mean",