{
  "results": {
    "security_sales_1-1.0-0.5": {
      "acc,none": 0.45614035087719296,
      "acc_stderr,none": 0.06655775300696491,
      "acc_norm,none": 0.42105263157894735,
      "acc_norm_stderr,none": 0.06597717584505354,
      "map,none": 0.706140350877193,
      "map_stderr,none": 0.03691029314621902,
      "map_2,none": 0.6754385964912281,
      "map_2_stderr,none": 0.044233991465470655,
      "map_3,none": 0.6929824561403509,
      "map_3_stderr,none": 0.0404026038725652,
      "map_4,none": 0.706140350877193,
      "map_4_stderr,none": 0.03691029314621902,
      "map_norm,none": 0.6725146198830408,
      "map_norm_stderr,none": 0.03873677860356246,
      "map_2_norm,none": 0.6228070175438597,
      "map_2_norm_stderr,none": 0.04892436645686707,
      "map_3_norm,none": 0.6461988304093567,
      "map_3_norm_stderr,none": 0.044752128260274755,
      "map_4_norm,none": 0.6725146198830408,
      "map_4_norm_stderr,none": 0.03873677860356246,
      "alias": "security_sales_1-1.0-0.5"
    },
    "fp2-1.0-0.5": {
      "acc,none": 0.24,
      "acc_stderr,none": 0.019616577850947305,
      "acc_norm,none": 0.24,
      "acc_norm_stderr,none": 0.019616577850947305,
      "map,none": 0.51842105263158,
      "map_stderr,none": 0.013137522166088884,
      "map_2,none": 0.3778947368421053,
      "map_2_stderr,none": 0.01872197969805895,
      "map_3,none": 0.45578947368421135,
      "map_3_stderr,none": 0.016379481631727574,
      "map_4,none": 0.51842105263158,
      "map_4_stderr,none": 0.013137522166088884,
      "map_norm,none": 0.51842105263158,
      "map_norm_stderr,none": 0.013137522166088884,
      "map_2_norm,none": 0.3778947368421053,
      "map_2_norm_stderr,none": 0.01872197969805895,
      "map_3_norm,none": 0.45578947368421135,
      "map_3_norm_stderr,none": 0.016379481631727574,
      "map_4_norm,none": 0.51842105263158,
      "map_4_norm_stderr,none": 0.013137522166088884,
      "alias": "fp2-1.0-0.5"
    },
    "cpa_audit-1.0-0.5": {
      "acc,none": 0.14321608040201006,
      "acc_stderr,none": 0.017580705212218512,
      "acc_norm,none": 0.12562814070351758,
      "acc_norm_stderr,none": 0.016633984738460363,
      "map,none": 0.38827470686767135,
      "map_stderr,none": 0.013708138947552276,
      "map_2,none": 0.22487437185929648,
      "map_2_stderr,none": 0.018336124412409425,
      "map_3,none": 0.2835008375209378,
      "map_3_stderr,none": 0.017617161348959815,
      "map_4,none": 0.3199329983249578,
      "map_4_stderr,none": 0.016671239366122116,
      "map_norm,none": 0.3786432160804017,
      "map_norm_stderr,none": 0.013097114893952546,
      "map_2_norm,none": 0.2135678391959799,
      "map_2_norm_stderr,none": 0.017672273179254277,
      "map_3_norm,none": 0.2738693467336681,
      "map_3_norm_stderr,none": 0.01699711587491996,
      "map_4_norm,none": 0.31030150753768815,
      "map_4_norm_stderr,none": 0.01606970859146156,
      "alias": "cpa_audit-1.0-0.5"
    },
    "cma_basics-1.0-0.5": {
      "acc,none": 0.21052631578947367,
      "acc_stderr,none": 0.06702258315442243,
      "acc_norm,none": 0.18421052631578946,
      "acc_norm_stderr,none": 0.06373021861834362,
      "map,none": 0.4912280701754385,
      "map_stderr,none": 0.04595515661332952,
      "map_2,none": 0.34210526315789475,
      "map_2_stderr,none": 0.06561142336130195,
      "map_3,none": 0.41228070175438597,
      "map_3_stderr,none": 0.059213818990687936,
      "map_4,none": 0.4912280701754385,
      "map_4_stderr,none": 0.04595515661332952,
      "map_norm,none": 0.5065789473684211,
      "map_norm_stderr,none": 0.04162297127387284,
      "map_2_norm,none": 0.3815789473684211,
      "map_2_norm_stderr,none": 0.060914704160000256,
      "map_3_norm,none": 0.4605263157894738,
      "map_3_norm_stderr,none": 0.05123502781463654,
      "map_4_norm,none": 0.5065789473684211,
      "map_4_norm_stderr,none": 0.04162297127387284,
      "alias": "cma_basics-1.0-0.5"
    },
    "chabsa-1.0-0.5": {
      "acc,none": 0.5620872717855756,
      "acc_stderr,none": 0.005645868531871259,
      "f1,none": 0.3627788017303813,
      "f1_stderr,none": "N/A",
      "acc_norm,none": 0.5620872717855756,
      "acc_norm_stderr,none": 0.005645868531871259,
      "f1_norm,none": 0.3627788017303813,
      "f1_norm_stderr,none": "N/A",
      "alias": "chabsa-1.0-0.5"
    }
  },
  "group_subtasks": {
    "chabsa-1.0-0.5": [],
    "cma_basics-1.0-0.5": [],
    "cpa_audit-1.0-0.5": [],
    "fp2-1.0-0.5": [],
    "security_sales_1-1.0-0.5": []
  },
  "configs": {
    "chabsa-1.0-0.5": {
      "task": "chabsa-1.0-0.5",
      "dataset_path": "jlm_fin_eval/datasets/chabsa/chabsa.py",
      "dataset_name": "chABSA",
      "test_split": "test",
      "doc_to_text": "センテンス: {{sentence}}\nターゲット: {{target}}\nシステム:",
      "doc_to_target": "{{polarity}}",
      "doc_to_choice": [
        "positive",
        "negative"
      ],
      "description": "ユーザー: センテンスにおける、ターゲットのセンチメントをpositiveかnegativeで答えてください。\nシステム: 分かりました。\n\n",
      "target_delimiter": " ",
      "fewshot_delimiter": "\n",
      "num_fewshot": 0,
      "metric_list": [
        {
          "metric": "acc",
          "aggregation": "mean",
          "higher_is_better": true
        },
        {
          "metric": "acc_norm",
          "aggregation": "mean",
          "higher_is_better": true
        },
        {
          "metric": "f1",
          "aggregation": "2class_adjusted_macro_f1_score_for_chabsa",
          "higher_is_better": true
        },
        {
          "metric": "f1_norm",
          "aggregation": "2class_adjusted_macro_f1_score_for_chabsa",
          "higher_is_better": true
        }
      ],
      "output_type": "multiple_choice",
      "repeats": 1,
      "should_decontaminate": false,
      "doc_to_decontamination_query": "sentence",
      "metadata": {
        "version": 1.0
      }
    },
    "cma_basics-1.0-0.5": {
      "task": "cma_basics-1.0-0.5",
      "dataset_path": "jlm_fin_eval/datasets/cma_basics/cma_basics.py",
      "dataset_name": "cma_basics",
      "test_split": "test",
      "doc_to_text": "def doc_to_text_05(doc):\n    return doc_to_text_04(doc, SEP=\"\\n\")\n",
      "doc_to_target": "def doc_to_target_01(doc):\n    return [\n        choice_text\n        for choice_id, choice_text in zip(doc[\"choices\"][\"id\"], doc[\"choices\"][\"text\"])\n        if choice_id == doc[\"answer\"]\n    ][0]\n",
      "doc_to_choice": "def doc_to_choices_01(doc):\n    choices = doc[\"choices\"][\"text\"]\n    return choices\n",
      "description": "ユーザー: 与えられた選択肢の中から、最適な答えを選んでください。\nシステム: 分かりました。\n\n",
      "target_delimiter": "",
      "fewshot_delimiter": "\n",
      "num_fewshot": 0,
      "metric_list": [
        {
          "metric": "acc",
          "aggregation": "mean",
          "higher_is_better": true
        },
        {
          "metric": "acc_norm",
          "aggregation": "mean",
          "higher_is_better": true
        },
        {
          "metric": "map",
          "aggregation": "mean",
          "higher_is_better": true
        },
        {
          "metric": "map_2",
          "aggregation": "mean",
          "higher_is_better": true
        },
        {
          "metric": "map_3",
          "aggregation": "mean",
          "higher_is_better": true
        },
        {
          "metric": "map_4",
          "aggregation": "mean",
          "higher_is_better": true
        },
        {
          "metric": "map_norm",
          "aggregation": "mean",
          "higher_is_better": true
        },
        {
          "metric": "map_2_norm",
          "aggregation": "mean",
          "higher_is_better": true
        },
        {
          "metric": "map_3_norm",
          "aggregation": "mean",
          "higher_is_better": true
        },
        {
          "metric": "map_4_norm",
          "aggregation": "mean",
          "higher_is_better": true
        }
      ],
      "output_type": "multiple_choice",
      "repeats": 1,
      "should_decontaminate": true,