{
  "results": {
    "chabsa": {
      "acc,none": 0.9185549656869092,
      "f1,none": 0.9315895978227680
    },
    "cma_basics": {
      "acc,none": 0.8157894736842105,
      "map,none": 0.8771929824561402,
      "map_2,none": 0.8289473684210527,
      "map_3,none": 0.8640350877192982,
      "map_4,none": 0.8771929824561402
    },
    "cpa_audit": {
      "acc,none": 0.3743718592964824,
      "map,none": 0.5631909547738688,
      "map_2,none": 0.4472361809045226,
      "map_3,none": 0.49329983249581283,
      "map_4,none": 0.5215661641541043
    },
    "fp2": {
      "acc,none": 0.5073684210526316,
      "map,none": 0.6621052631578945,
      "map_2,none": 0.5578947368421052,
      "map_3,none": 0.6168421052631579,
      "map_4,none": 0.6621052631578945
    },
    "security_sales_1": {
      "acc,none": 0.6842105263157895,
      "map,none": 0.8245614035087719,
      "map_2,none": 0.8070175438596491,
      "map_3,none": 0.8070175438596491,
      "map_4,none": 0.8245614035087719
    }
  },
  "versions": {
    "chabsa": 1.0,
    "cma_basics": 1.0,
    "cpa_audit": 1.0,
    "fp2": 1.0,
    "security_sales_1": 1.0
  },
  "config": {
    "model": "gpt-4-32k",
    "num_fewshot": 0
  }
}