{
  "results": {
    "security_sales_1-1.0-0.1": {
      "acc,none": 0.45614035087719296,
      "acc_stderr,none": 0.06655775300696491,
      "acc_norm,none": 0.42105263157894735,
      "acc_norm_stderr,none": 0.06597717584505354,
      "map,none": 0.7002923976608186,
      "map_stderr,none": 0.03771229527059314,
      "map_2,none": 0.6578947368421053,
      "map_2_stderr,none": 0.04709262512309165,
      "map_3,none": 0.6871345029239766,
      "map_3_stderr,none": 0.04110316016809453,
      "map_4,none": 0.7002923976608186,
      "map_4_stderr,none": 0.03771229527059314,
      "map_norm,none": 0.6769005847953216,
      "map_norm_stderr,none": 0.03812599293155532,
      "map_2_norm,none": 0.631578947368421,
      "map_2_norm_stderr,none": 0.04770141932499819,
      "map_3_norm,none": 0.6549707602339181,
      "map_3_norm_stderr,none": 0.04332731810372831,
      "map_4_norm,none": 0.6769005847953216,
      "map_4_norm_stderr,none": 0.03812599293155532,
      "alias": "security_sales_1-1.0-0.1"
    },
    "fp2-1.0-0.1": {
      "acc,none": 0.2505263157894737,
      "acc_stderr,none": 0.019902869674481148,
      "acc_norm,none": 0.2505263157894737,
      "acc_norm_stderr,none": 0.019902869674481148,
      "map,none": 0.5194736842105271,
      "map_stderr,none": 0.013406257675289385,
      "map_2,none": 0.37157894736842106,
      "map_2_stderr,none": 0.019103411532399438,
      "map_3,none": 0.45578947368421124,
      "map_3_stderr,none": 0.016648434924492136,
      "map_4,none": 0.5194736842105271,
      "map_4_stderr,none": 0.013406257675289385,
      "map_norm,none": 0.5194736842105271,
      "map_norm_stderr,none": 0.013406257675289385,
      "map_2_norm,none": 0.37157894736842106,
      "map_2_norm_stderr,none": 0.019103411532399438,
      "map_3_norm,none": 0.45578947368421124,
      "map_3_norm_stderr,none": 0.016648434924492136,
      "map_4_norm,none": 0.5194736842105271,
      "map_4_norm_stderr,none": 0.013406257675289385,
      "alias": "fp2-1.0-0.1"
    },
    "cpa_audit-1.0-0.1": {
      "acc,none": 0.18592964824120603,
      "acc_stderr,none": 0.019525854083701603,
      "acc_norm,none": 0.18592964824120603,
      "acc_norm_stderr,none": 0.019525854083701603,
      "map,none": 0.4178810720268003,
      "map_stderr,none": 0.014956339129068649,
      "map_2,none": 0.26256281407035176,
      "map_2_stderr,none": 0.019778814698807563,
      "map_3,none": 0.3178391959798991,
      "map_3_stderr,none": 0.018889172814071594,
      "map_4,none": 0.3523869346733666,
      "map_4_stderr,none": 0.017895025182717662,
      "map_norm,none": 0.4161641541038521,
      "map_norm_stderr,none": 0.014989493800534152,
      "map_2_norm,none": 0.2613065326633166,
      "map_2_norm_stderr,none": 0.01978072404966026,
      "map_3_norm,none": 0.3140703517587936,
      "map_3_norm_stderr,none": 0.018950143011155062,
      "map_4_norm,none": 0.34924623115577863,
      "map_4_norm_stderr,none": 0.017957904178307966,
      "alias": "cpa_audit-1.0-0.1"
    },
    "cma_basics-1.0-0.1": {
      "acc,none": 0.18421052631578946,
      "acc_stderr,none": 0.06373021861834362,
      "acc_norm,none": 0.15789473684210525,
      "acc_norm_stderr,none": 0.05994682078436839,
      "map,none": 0.46491228070175444,
      "map_stderr,none": 0.043960292305025794,
      "map_2,none": 0.27631578947368424,
      "map_2_stderr,none": 0.06449654136594844,
      "map_3,none": 0.39912280701754393,
      "map_3_stderr,none": 0.05499381177172208,
      "map_4,none": 0.46491228070175444,
      "map_4_stderr,none": 0.043960292305025794,
      "map_norm,none": 0.46929824561403516,
      "map_norm_stderr,none": 0.04066737360242154,
      "map_2_norm,none": 0.3026315789473684,
      "map_2_norm_stderr,none": 0.061221195172419224,
      "map_3_norm,none": 0.41666666666666674,
      "map_3_norm_stderr,none": 0.05058141488890703,
      "map_4_norm,none": 0.46929824561403516,
      "map_4_norm_stderr,none": 0.04066737360242154,
      "alias": "cma_basics-1.0-0.1"
    },
    "chabsa-1.0-0.1": {
      "acc,none": 0.7736630842936683,
      "acc_stderr,none": 0.004761992811498326,
      "f1,none": 0.7674232421363021,
      "f1_stderr,none": "N/A",
      "acc_norm,none": 0.7736630842936683,
      "acc_norm_stderr,none": 0.004761992811498326,
      "f1_norm,none": 0.7674232421363021,
      "f1_norm_stderr,none": "N/A",
      "alias": "chabsa-1.0-0.1"
    }
  },
  "group_subtasks": {
    "chabsa-1.0-0.1": [],
    "cma_basics-1.0-0.1": [],
    "cpa_audit-1.0-0.1": [],
    "fp2-1.0-0.1": [],
    "security_sales_1-1.0-0.1": []
  },
  "configs": {
    "chabsa-1.0-0.1": {
      "task": "chabsa-1.0-0.1",
      "dataset_path": "jlm_fin_eval/datasets/chabsa/chabsa.py",
      "dataset_name": "chABSA",
      "test_split": "test",
      "doc_to_text": "[センテンス]: {{sentence}}\nターゲット]: {{target}}\n[答え]:",
      "doc_to_target": "{{polarity}}",
      "doc_to_choice": [
        "positive",
        "negative"
      ],
      "description": "[センテンス]における、[ターゲット]のセンチメントをpositiveかnegativeで選んでください。\n\n\n",
      "target_delimiter": " ",
      "fewshot_delimiter": "\n\n",
      "num_fewshot": 0,
      "metric_list": [
        {
          "metric": "acc",
          "aggregation": "mean",
          "higher_is_better": true
        },
        {
          "metric": "acc_norm",
          "aggregation": "mean",
          "higher_is_better": true
        },
        {
          "metric": "f1",
          "aggregation": "2class_adjusted_macro_f1_score_for_chabsa",
          "higher_is_better": true
        },
        {
          "metric": "f1_norm",
          "aggregation": "2class_adjusted_macro_f1_score_for_chabsa",
          "higher_is_better": true
        }
      ],
      "output_type": "multiple_choice",
      "repeats": 1,
      "should_decontaminate": false,
      "doc_to_decontamination_query": "sentence",
      "metadata": {
        "version": 1.0
      }
    },
    "cma_basics-1.0-0.1": {
      "task": "cma_basics-1.0-0.1",
      "dataset_path": "jlm_fin_eval/datasets/cma_basics/cma_basics.py",
      "dataset_name": "cma_basics",
      "test_split": "test",
      "doc_to_text": "def doc_to_text_01(doc):\n    q_doc_text = doc[\"question\"] + \"\\n\"\n    if doc[\"context\"] and doc[\"context\"] != \"\":\n        q_doc_text += doc[\"context\"] + \"\\n\"\n    return f\"[問題]:{q_doc_text}[選択肢]:[{', '.join(doc['choices']['text'])}]\\n[答え]:\"\n",
      "doc_to_target": "def doc_to_target_01(doc):\n    return [\n        choice_text\n        for choice_id, choice_text in zip(doc[\"choices\"][\"id\"], doc[\"choices\"][\"text\"])\n        if choice_id == doc[\"answer\"]\n    ][0]\n",
      "doc_to_choice": "def doc_to_choices_01(doc):\n    choices = doc[\"choices\"][\"text\"]\n    return choices\n",
      "description": "[問題]に対する[答え]を[選択肢]の中から選んでください。\n\n\n",
      "target_delimiter": "",
      "fewshot_delimiter": "\n\n",
      "num_fewshot": 0,
      "metric_list": [
        {
          "metric": "acc",
          "aggregation": "mean",
          "higher_is_better": true
        },
        {
          "metric": "acc_norm",
          "aggregation": "mean",
          "higher_is_better": true
        },
        {
          "metric": "map",
          "aggregation": "mean",
          "higher_is_better": true
        },
        {
          "metric": "map_2",
          "aggregation": "mean",
          "higher_is_better": true
        },
        {
          "metric": "map_3",
          "aggregation": "mean",
          "higher_is_better": true
        },
        {
          "metric": "map_4",
          "aggregation": "mean",
          "higher_is_better": true
        },
        {
          "metric": "map_norm",
          "aggregation": "mean",
          "higher_is_better": true
        },
        {
          "metric": "map_2_norm",
          "aggregation": "mean",
          "higher_is_better": true
        },
        {
          "metric": "map_3_norm",
          "aggregation": "mean",