{
  "results": {
    "security_sales_1-1.0-0.3": {
      "acc,none": 0.40350877192982454,
      "acc_stderr,none": 0.06555933012294897,
      "acc_norm,none": 0.40350877192982454,
      "acc_norm_stderr,none": 0.06555933012294897,
      "map,none": 0.6681286549707601,
      "map_stderr,none": 0.037633269875981756,
      "map_2,none": 0.6140350877192983,
      "map_2_stderr,none": 0.04850125934928229,
      "map_3,none": 0.6549707602339181,
      "map_3_stderr,none": 0.040846064951819985,
      "map_4,none": 0.6681286549707601,
      "map_4_stderr,none": 0.037633269875981756,
      "map_norm,none": 0.6608187134502923,
      "map_norm_stderr,none": 0.03873677860356246,
      "map_2_norm,none": 0.6052631578947368,
      "map_2_norm_stderr,none": 0.04964921136756273,
      "map_3_norm,none": 0.6345029239766081,
      "map_3_norm_stderr,none": 0.04462914507987153,
      "map_4_norm,none": 0.6608187134502923,
      "map_4_norm_stderr,none": 0.03873677860356246,
      "alias": "security_sales_1-1.0-0.3"
    },
    "fp2-1.0-0.3": {
      "acc,none": 0.2336842105263158,
      "acc_stderr,none": 0.019437007433459805,
      "acc_norm,none": 0.2336842105263158,
      "acc_norm_stderr,none": 0.019437007433459805,
      "map,none": 0.5108771929824569,
      "map_stderr,none": 0.013026850089972676,
      "map_2,none": 0.3631578947368421,
      "map_2_stderr,none": 0.018684859534633412,
      "map_3,none": 0.44877192982456204,
      "map_3_stderr,none": 0.016207397107238536,
      "map_4,none": 0.5108771929824569,
      "map_4_stderr,none": 0.013026850089972676,
      "map_norm,none": 0.5108771929824569,
      "map_norm_stderr,none": 0.013026850089972676,
      "map_2_norm,none": 0.3631578947368421,
      "map_2_norm_stderr,none": 0.018684859534633412,
      "map_3_norm,none": 0.44877192982456204,
      "map_3_norm_stderr,none": 0.016207397107238536,
      "map_4_norm,none": 0.5108771929824569,
      "map_4_norm_stderr,none": 0.013026850089972676,
      "alias": "fp2-1.0-0.3"
    },
    "cpa_audit-1.0-0.3": {
      "acc,none": 0.1658291457286432,
      "acc_stderr,none": 0.018666490953652807,
      "acc_norm,none": 0.1658291457286432,
      "acc_norm_stderr,none": 0.018666490953652807,
      "map,none": 0.4057370184254604,
      "map_stderr,none": 0.014378680106527313,
      "map_2,none": 0.24874371859296482,
      "map_2_stderr,none": 0.019138432104775144,
      "map_3,none": 0.2998324958123952,
      "map_3_stderr,none": 0.018400559830369576,
      "map_4,none": 0.34317420435510876,
      "map_4_stderr,none": 0.017195198583556753,
      "map_norm,none": 0.4050251256281404,
      "map_norm_stderr,none": 0.014400547669079803,
      "map_2_norm,none": 0.24874371859296482,
      "map_2_norm_stderr,none": 0.019138432104775144,
      "map_3_norm,none": 0.29899497487437177,
      "map_3_norm_stderr,none": 0.018415772995328854,
      "map_4_norm,none": 0.3417085427135677,
      "map_4_norm_stderr,none": 0.0172367215872736,
      "alias": "cpa_audit-1.0-0.3"
    },
    "cma_basics-1.0-0.3": {
      "acc,none": 0.18421052631578946,
      "acc_stderr,none": 0.06373021861834362,
      "acc_norm,none": 0.21052631578947367,
      "acc_norm_stderr,none": 0.06702258315442244,
      "map,none": 0.4868421052631579,
      "map_stderr,none": 0.04349660079995858,
      "map_2,none": 0.35526315789473684,
      "map_2_stderr,none": 0.06228203739744135,
      "map_3,none": 0.4078947368421053,
      "map_3_stderr,none": 0.05716325256261859,
      "map_4,none": 0.4868421052631579,
      "map_4_stderr,none": 0.04349660079995858,
      "map_norm,none": 0.5021929824561403,
      "map_norm_stderr,none": 0.04494421252906304,
      "map_2_norm,none": 0.35526315789473684,
      "map_2_norm_stderr,none": 0.0650743494707991,
      "map_3_norm,none": 0.44298245614035087,
      "map_3_norm_stderr,none": 0.05596839032492544,
      "map_4_norm,none": 0.5021929824561403,
      "map_4_norm_stderr,none": 0.04494421252906304,
      "alias": "cma_basics-1.0-0.3"
    },
    "chabsa-1.0-0.3": {
      "acc,none": 0.5662307393499936,
      "acc_stderr,none": 0.00563976760637029,
      "f1,none": 0.37473085935771533,
      "f1_stderr,none": "N/A",
      "acc_norm,none": 0.5662307393499936,
      "acc_norm_stderr,none": 0.00563976760637029,
      "f1_norm,none": 0.37473085935771533,
      "f1_norm_stderr,none": "N/A",
      "alias": "chabsa-1.0-0.3"
    }
  },
  "group_subtasks": {
    "chabsa-1.0-0.3": [],
    "cma_basics-1.0-0.3": [],
    "cpa_audit-1.0-0.3": [],
    "fp2-1.0-0.3": [],
    "security_sales_1-1.0-0.3": []
  },
  "configs": {
    "chabsa-1.0-0.3": {
      "task": "chabsa-1.0-0.3",
      "dataset_path": "jlm_fin_eval/datasets/chabsa/chabsa.py",
      "dataset_name": "chABSA",
      "test_split": "test",
      "doc_to_text": "### 入力:\nセンテンス:{{sentence}}\nターゲット:{{target}}\n\n### 応答:\n\n",
      "doc_to_target": "{{polarity}}",
      "doc_to_choice": [
        "positive",
        "negative"
      ],
      "description": "以下は、タスクを説明する指示と、文脈のある入力の組み合わせです。要求を適切に満たす応答を書きなさい。\n\n### 指示:\n以下のセンテンスにおける、ターゲットのセンチメントをpositiveかnegativeで答えてください。\n\n\n",
      "target_delimiter": "",
      "fewshot_delimiter": "\n\n",
      "num_fewshot": 0,
      "metric_list": [
        {
          "metric": "acc",
          "aggregation": "mean",
          "higher_is_better": true
        },
        {
          "metric": "acc_norm",
          "aggregation": "mean",
          "higher_is_better": true
        },
        {
          "metric": "f1",
          "aggregation": "2class_adjusted_macro_f1_score_for_chabsa",
          "higher_is_better": true
        },
        {
          "metric": "f1_norm",
          "aggregation": "2class_adjusted_macro_f1_score_for_chabsa",
          "higher_is_better": true
        }
      ],
      "output_type": "multiple_choice",
      "repeats": 1,
      "should_decontaminate": false,
      "doc_to_decontamination_query": "sentence",
      "metadata": {
        "version": 1.0
      }
    },
    "cma_basics-1.0-0.3": {
      "task": "cma_basics-1.0-0.3",
      "dataset_path": "jlm_fin_eval/datasets/cma_basics/cma_basics.py",
      "dataset_name": "cma_basics",
      "test_split": "test",
      "doc_to_text": "def doc_to_text_03(doc):\n    q_doc_text = doc[\"question\"] + \"\\n\"\n    if doc[\"context\"] and doc[\"context\"] != \"\":\n        q_doc_text += doc[\"context\"] + \"\\n\"\n    choices = \"\\n\".join([f\"- {choice}\" for choice in doc[\"choices\"][\"text\"]])\n    input_text = f\"{q_doc_text}\" + f\"出力は以下から選択してください：\\n{choices}\"\n    return f\"### 入力:\\n{input_text}\\n\\n### 応答:\\n\"\n",
      "doc_to_target": "def doc_to_target_01(doc):\n    return [\n        choice_text\n        for choice_id, choice_text in zip(doc[\"choices\"][\"id\"], doc[\"choices\"][\"text\"])\n        if choice_id == doc[\"answer\"]\n    ][0]\n",
      "doc_to_choice": "def doc_to_choices_01(doc):\n    choices = doc[\"choices\"][\"text\"]\n    return choices\n",
      "description": "以下は、タスクを説明する指示と、文脈のある入力の組み合わせです。要求を適切に満たす応答を書きなさい。\n\n### 指示:\n与えられた選択肢の中から、最適な答えを選んでください。\n\n\n",
      "target_delimiter": "",
      "fewshot_delimiter": "\n\n",
      "num_fewshot": 0,
      "metric_list": [
        {
          "metric": "acc",
          "aggregation": "mean",
          "higher_is_better": true
        },
        {
          "metric": "acc_norm",
          "aggregation": "mean",
          "higher_is_better": true
        },
        {
          "metric": "map",
          "aggregation": "mean",
          "higher_is_better": true
        },
        {
          "metric": "map_2",
          "aggregation": "mean",
          "higher_is_better": true
        },
        {
          "metric": "map_3",
          "aggregation": "mean",
          "higher_is_better": true
        },
        {
          "metric": "map_4",
          "aggregation": "mean",
          "higher_is_better": true
        },
        {
          "metric": "map_norm",
          "aggregation": "mean",