{
  "results": {
    "security_sales_1-1.0-0.1.2": {
      "acc,none": 0.49122807017543857,
      "acc_stderr,none": 0.06680502724442025,
      "acc_norm,none": 0.49122807017543857,
      "acc_norm_stderr,none": 0.06680502724442025,
      "map,none": 0.7119883040935672,
      "map_stderr,none": 0.037493047684612264,
      "map_2,none": 0.6754385964912281,
      "map_2_stderr,none": 0.04597050799129106,
      "map_3,none": 0.698830409356725,
      "map_3_stderr,none": 0.04096922482230011,
      "map_4,none": 0.7119883040935672,
      "map_4_stderr,none": 0.037493047684612264,
      "map_norm,none": 0.7119883040935672,
      "map_norm_stderr,none": 0.037493047684612264,
      "map_2_norm,none": 0.6754385964912281,
      "map_2_norm_stderr,none": 0.04597050799129106,
      "map_3_norm,none": 0.698830409356725,
      "map_3_norm_stderr,none": 0.04096922482230011,
      "map_4_norm,none": 0.7119883040935672,
      "map_4_norm_stderr,none": 0.037493047684612264,
      "alias": "security_sales_1-1.0-0.1.2"
    },
    "fp2-1.0-0.1.2": {
      "acc,none": 0.25684210526315787,
      "acc_stderr,none": 0.020067094117036357,
      "acc_norm,none": 0.25684210526315787,
      "acc_norm_stderr,none": 0.020067094117036357,
      "map,none": 0.5217543859649133,
      "map_stderr,none": 0.013598786994649335,
      "map_2,none": 0.37157894736842106,
      "map_2_stderr,none": 0.019334510572733932,
      "map_3,none": 0.45649122807017617,
      "map_3_stderr,none": 0.016887753668260796,
      "map_4,none": 0.5217543859649133,
      "map_4_stderr,none": 0.013598786994649335,
      "map_norm,none": 0.5217543859649133,
      "map_norm_stderr,none": 0.013598786994649335,
      "map_2_norm,none": 0.37157894736842106,
      "map_2_norm_stderr,none": 0.019334510572733932,
      "map_3_norm,none": 0.45649122807017617,
      "map_3_norm_stderr,none": 0.016887753668260796,
      "map_4_norm,none": 0.5217543859649133,
      "map_4_norm_stderr,none": 0.013598786994649335,
      "alias": "fp2-1.0-0.1.2"
    },
    "cpa_audit-1.0-0.1.2": {
      "acc,none": 0.18090452261306533,
      "acc_stderr,none": 0.01931953738352343,
      "acc_norm,none": 0.18090452261306533,
      "acc_norm_stderr,none": 0.01931953738352343,
      "map,none": 0.4173366834170851,
      "map_stderr,none": 0.01486794792454581,
      "map_2,none": 0.2638190954773869,
      "map_2_stderr,none": 0.019696537518329647,
      "map_3,none": 0.3107202680066999,
      "map_3_stderr,none": 0.01895937122841057,
      "map_4,none": 0.35594639865996636,
      "map_4_stderr,none": 0.017663272784894362,
      "map_norm,none": 0.4173366834170851,
      "map_norm_stderr,none": 0.01486794792454581,
      "map_2_norm,none": 0.2638190954773869,
      "map_2_norm_stderr,none": 0.019696537518329647,
      "map_3_norm,none": 0.3107202680066999,
      "map_3_norm_stderr,none": 0.01895937122841057,
      "map_4_norm,none": 0.35594639865996636,
      "map_4_norm_stderr,none": 0.017663272784894362,
      "alias": "cpa_audit-1.0-0.1.2"
    },
    "cma_basics-1.0-0.1.2": {
      "acc,none": 0.21052631578947367,
      "acc_stderr,none": 0.06702258315442243,
      "acc_norm,none": 0.21052631578947367,
      "acc_norm_stderr,none": 0.06702258315442243,
      "map,none": 0.513157894736842,
      "map_stderr,none": 0.04417266210296657,
      "map_2,none": 0.3815789473684211,
      "map_2_stderr,none": 0.06376691900642338,
      "map_3,none": 0.4605263157894736,
      "map_3_stderr,none": 0.05459530063877282,
      "map_4,none": 0.513157894736842,
      "map_4_stderr,none": 0.04417266210296657,
      "map_norm,none": 0.513157894736842,
      "map_norm_stderr,none": 0.04417266210296657,
      "map_2_norm,none": 0.3815789473684211,
      "map_2_norm_stderr,none": 0.06376691900642338,
      "map_3_norm,none": 0.4605263157894736,
      "map_3_norm_stderr,none": 0.05459530063877282,
      "map_4_norm,none": 0.513157894736842,
      "map_4_norm_stderr,none": 0.04417266210296657,
      "alias": "cma_basics-1.0-0.1.2"
    },
    "chabsa-1.0-0.1": {
      "acc,none": 0.7736630842936683,
      "acc_stderr,none": 0.004761992811498326,
      "f1,none": 0.7674232421363021,
      "f1_stderr,none": "N/A",
      "acc_norm,none": 0.7736630842936683,
      "acc_norm_stderr,none": 0.004761992811498326,
      "f1_norm,none": 0.7674232421363021,
      "f1_norm_stderr,none": "N/A",
      "alias": "chabsa-1.0-0.1"
    }
  },
  "group_subtasks": {
    "chabsa-1.0-0.1": [],
    "cma_basics-1.0-0.1.2": [],
    "cpa_audit-1.0-0.1.2": [],
    "fp2-1.0-0.1.2": [],
    "security_sales_1-1.0-0.1.2": []
  },
  "configs": {
    "chabsa-1.0-0.1": {
      "task": "chabsa-1.0-0.1",
      "dataset_path": "jlm_fin_eval/datasets/chabsa/chabsa.py",
      "dataset_name": "chABSA",
      "test_split": "test",
      "doc_to_text": "[センテンス]: {{sentence}}\nターゲット]: {{target}}\n[答え]:",
      "doc_to_target": "{{polarity}}",
      "doc_to_choice": [
        "positive",
        "negative"
      ],
      "description": "[センテンス]における、[ターゲット]のセンチメントをpositiveかnegativeで選んでください。\n\n\n",
      "target_delimiter": " ",
      "fewshot_delimiter": "\n\n",
      "num_fewshot": 0,
      "metric_list": [
        {
          "metric": "acc",
          "aggregation": "mean",
          "higher_is_better": true
        },
        {
          "metric": "acc_norm",
          "aggregation": "mean",
          "higher_is_better": true
        },
        {
          "metric": "f1",
          "aggregation": "2class_adjusted_macro_f1_score_for_chabsa",
          "higher_is_better": true
        },
        {
          "metric": "f1_norm",
          "aggregation": "2class_adjusted_macro_f1_score_for_chabsa",
          "higher_is_better": true
        }
      ],
      "output_type": "multiple_choice",
      "repeats": 1,
      "should_decontaminate": false,
      "doc_to_decontamination_query": "sentence",
      "metadata": {
        "version": 1.0
      }
    },
    "cma_basics-1.0-0.1.2": {
      "task": "cma_basics-1.0-0.1.2",
      "dataset_path": "jlm_fin_eval/datasets/cma_basics/cma_basics.py",
      "dataset_name": "cma_basics",
      "test_split": "test",
      "doc_to_text": "def doc_to_text_01_2(doc):\n    q_doc_text = doc[\"question\"] + \"\\n\"\n    if doc[\"context\"] and doc[\"context\"] != \"\":\n        q_doc_text += doc[\"context\"] + \"\\n\"\n    choice_doc_text = []\n    for choice_id, choice_text in zip(doc[\"choices\"][\"id\"], doc[\"choices\"][\"text\"]):\n        choice_doc_text.append(chr(choice_id + 65) + \":\" + choice_text)\n    return f\"[問題]:{q_doc_text}[選択肢]:[{', '.join(choice_doc_text)}]\\n[答え]:\"\n",
      "doc_to_target": "def doc_to_target_alphabet(doc):\n    answer = chr(int(doc[\"answer\"]) + 65)\n    return answer\n",
      "doc_to_choice": "def doc_to_choices_alphabet(doc):\n    choices = [chr(choice_id + 65) for choice_id in doc[\"choices\"][\"id\"]]\n    return choices\n",
      "description": "[問題]に対する[答え]を[選択肢]の中からアルファベットで選んでください。\n\n\n",
      "target_delimiter": "",
      "fewshot_delimiter": "\n\n",
      "num_fewshot": 0,
      "metric_list": [
        {
          "metric": "acc",
          "aggregation": "mean",
          "higher_is_better": true
        },
        {
          "metric": "acc_norm",
          "aggregation": "mean",
          "higher_is_better": true
        },
        {
          "metric": "map",
          "aggregation": "mean",
          "higher_is_better": true
        },
        {
          "metric": "map_2",
          "aggregation": "mean",
          "higher_is_better": true
        },
        {
          "metric": "map_3",
          "aggregation": "mean",
          "higher_is_better": true
        },
        {
          "metric": "map_4",
          "aggregation": "mean",
          "higher_is_better": true
        },
        {
          "metric": "map_norm",
          "aggregation": "mean",
          "higher_is_better": true
        },
        {
          "metric": "map_2_norm",
          "aggregation": "mean",