{
  "results": {
    "security_sales_1-1.0-0.2.1": {
      "acc,none": 0.38596491228070173,
      "acc_stderr,none": 0.0650543726938216,
      "acc_norm,none": 0.38596491228070173,
      "acc_norm_stderr,none": 0.0650543726938216,
      "map,none": 0.6622807017543859,
      "map_stderr,none": 0.036928901815486005,
      "map_2,none": 0.6140350877192983,
      "map_2_stderr,none": 0.04685862305335399,
      "map_3,none": 0.6491228070175439,
      "map_3_stderr,none": 0.04016383586600839,
      "map_4,none": 0.6622807017543859,
      "map_4_stderr,none": 0.036928901815486005,
      "map_norm,none": 0.6578947368421053,
      "map_norm_stderr,none": 0.037528660873154575,
      "map_2_norm,none": 0.6052631578947368,
      "map_2_norm_stderr,none": 0.048045838377646144,
      "map_3_norm,none": 0.6403508771929824,
      "map_3_norm_stderr,none": 0.04167491014615511,
      "map_4_norm,none": 0.6578947368421053,
      "map_4_norm_stderr,none": 0.037528660873154575,
      "alias": "security_sales_1-1.0-0.2.1"
    },
    "fp2-1.0-0.2.1": {
      "acc,none": 0.22736842105263158,
      "acc_stderr,none": 0.01925139165119578,
      "acc_norm,none": 0.22736842105263158,
      "acc_norm_stderr,none": 0.01925139165119578,
      "map,none": 0.5105263157894746,
      "map_stderr,none": 0.013010874538764306,
      "map_2,none": 0.3589473684210526,
      "map_2_stderr,none": 0.01873758067447228,
      "map_3,none": 0.45157894736842163,
      "map_3_stderr,none": 0.016057439432234415,
      "map_4,none": 0.5105263157894746,
      "map_4_stderr,none": 0.013010874538764306,
      "map_norm,none": 0.5105263157894746,
      "map_norm_stderr,none": 0.013010874538764306,
      "map_2_norm,none": 0.3589473684210526,
      "map_2_norm_stderr,none": 0.01873758067447228,
      "map_3_norm,none": 0.45157894736842163,
      "map_3_norm_stderr,none": 0.016057439432234415,
      "map_4_norm,none": 0.5105263157894746,
      "map_4_norm_stderr,none": 0.013010874538764306,
      "alias": "fp2-1.0-0.2.1"
    },
    "cpa_audit-1.0-0.2.1": {
      "acc,none": 0.21105527638190955,
      "acc_stderr,none": 0.020479820300228033,
      "acc_norm,none": 0.21105527638190955,
      "acc_norm_stderr,none": 0.020479820300228033,
      "map,none": 0.4362646566164151,
      "map_stderr,none": 0.015503759385110952,
      "map_2,none": 0.29020100502512564,
      "map_2_stderr,none": 0.020396277873188727,
      "map_3,none": 0.3387772194304855,
      "map_3_stderr,none": 0.01948931932257104,
      "map_4,none": 0.3701842546063651,
      "map_4_stderr,none": 0.018534419421057005,
      "map_norm,none": 0.43484087102177515,
      "map_norm_stderr,none": 0.015537120913737192,
      "map_2_norm,none": 0.2889447236180904,
      "map_2_norm_stderr,none": 0.0204024165905928,
      "map_3_norm,none": 0.3366834170854269,
      "map_3_norm_stderr,none": 0.01952205321942318,
      "map_4_norm,none": 0.3680904522613065,
      "map_4_norm_stderr,none": 0.018577755052197928,
      "alias": "cpa_audit-1.0-0.2.1"
    },
    "cma_basics-1.0-0.2.1": {
      "acc,none": 0.21052631578947367,
      "acc_stderr,none": 0.06702258315442244,
      "acc_norm,none": 0.18421052631578946,
      "acc_norm_stderr,none": 0.06373021861834362,
      "map,none": 0.5043859649122806,
      "map_stderr,none": 0.0449947936617607,
      "map_2,none": 0.3684210526315789,
      "map_2_stderr,none": 0.06446025638903101,
      "map_3,none": 0.4385964912280703,
      "map_3_stderr,none": 0.057067673188954504,
      "map_4,none": 0.5043859649122806,
      "map_4_stderr,none": 0.0449947936617607,
      "map_norm,none": 0.5043859649122806,
      "map_norm_stderr,none": 0.0419263327058409,
      "map_2_norm,none": 0.3815789473684211,
      "map_2_norm_stderr,none": 0.060914704160000256,
      "map_3_norm,none": 0.4517543859649123,
      "map_3_norm_stderr,none": 0.05255743948395822,
      "map_4_norm,none": 0.5043859649122806,
      "map_4_norm_stderr,none": 0.0419263327058409,
      "alias": "cma_basics-1.0-0.2.1"
    },
    "chabsa-1.0-0.2": {
      "acc,none": 0.7775475851353101,
      "acc_stderr,none": 0.004732789100353247,
      "f1,none": 0.7886498098459152,
      "f1_stderr,none": "N/A",
      "acc_norm,none": 0.7775475851353101,
      "acc_norm_stderr,none": 0.004732789100353247,
      "f1_norm,none": 0.7886498098459152,
      "f1_norm_stderr,none": "N/A",
      "alias": "chabsa-1.0-0.2"
    }
  },
  "group_subtasks": {
    "chabsa-1.0-0.2": [],
    "cma_basics-1.0-0.2.1": [],
    "cpa_audit-1.0-0.2.1": [],
    "fp2-1.0-0.2.1": [],
    "security_sales_1-1.0-0.2.1": []
  },
  "configs": {
    "chabsa-1.0-0.2": {
      "task": "chabsa-1.0-0.2",
      "dataset_path": "jlm_fin_eval/datasets/chabsa/chabsa.py",
      "dataset_name": "chABSA",
      "test_split": "test",
      "doc_to_text": "センテンス: {{sentence}}\nターゲット: {{target}}\n回答:",
      "doc_to_target": "{{polarity}}",
      "doc_to_choice": [
        "positive",
        "negative"
      ],
      "description": "センテンスとターゲットを入力として受け取り、ターゲットに関するセンチメントをpositiveかnegativeから選択してください。\n\n\n",
      "target_delimiter": " ",
      "fewshot_delimiter": "\n\n",
      "num_fewshot": 0,
      "metric_list": [
        {
          "metric": "acc",
          "aggregation": "mean",
          "higher_is_better": true
        },
        {
          "metric": "acc_norm",
          "aggregation": "mean",
          "higher_is_better": true
        },
        {
          "metric": "f1",
          "aggregation": "2class_adjusted_macro_f1_score_for_chabsa",
          "higher_is_better": true
        },
        {
          "metric": "f1_norm",
          "aggregation": "2class_adjusted_macro_f1_score_for_chabsa",
          "higher_is_better": true
        }
      ],
      "output_type": "multiple_choice",
      "repeats": 1,
      "should_decontaminate": false,
      "doc_to_decontamination_query": "sentence",
      "metadata": {
        "version": 1.0
      }
    },
    "cma_basics-1.0-0.2.1": {
      "task": "cma_basics-1.0-0.2.1",
      "dataset_path": "jlm_fin_eval/datasets/cma_basics/cma_basics.py",
      "dataset_name": "cma_basics",
      "test_split": "test",
      "doc_to_text": "def doc_to_text_02_1(doc):\n    q_doc_text = doc[\"question\"] + \"\\n\"\n    if doc[\"context\"] and doc[\"context\"] != \"\":\n        q_doc_text += doc[\"context\"] + \"\\n\"\n    choices = \"\\n\".join([f\"- {choice}\" for choice in doc[\"choices\"][\"text\"]])\n    return f\"質問:{q_doc_text}選択肢:\\n{choices}\\n回答:\"\n",
      "doc_to_target": "def doc_to_target_01(doc):\n    return [\n        choice_text\n        for choice_id, choice_text in zip(doc[\"choices\"][\"id\"], doc[\"choices\"][\"text\"])\n        if choice_id == doc[\"answer\"]\n    ][0]\n",
      "doc_to_choice": "def doc_to_choices_01(doc):\n    choices = doc[\"choices\"][\"text\"]\n    return choices\n",
      "description": "与えられた選択肢の中から、最適な答えを選んでください。\n\n\n",
      "target_delimiter": "",
      "fewshot_delimiter": "\n\n",
      "num_fewshot": 0,
      "metric_list": [
        {
          "metric": "acc",
          "aggregation": "mean",
          "higher_is_better": true
        },
        {
          "metric": "acc_norm",
          "aggregation": "mean",
          "higher_is_better": true
        },
        {
          "metric": "map",
          "aggregation": "mean",
          "higher_is_better": true
        },
        {
          "metric": "map_2",
          "aggregation": "mean",
          "higher_is_better": true
        },
        {
          "metric": "map_3",
          "aggregation": "mean",
          "higher_is_better": true
        },
        {
          "metric": "map_4",
          "aggregation": "mean",
          "higher_is_better": true
        },
        {
          "metric": "map_norm",
          "aggregation": "mean",
          "higher_is_better": true
        },
        {
          "metric": "map_2_norm",
          "aggregation": "mean",
          "higher_is_better": true
        },
        {
          "metric": "map_3_norm",