{
  "results": {
    "security_sales_1-1.0-0.5": {
      "acc,none": 0.42105263157894735,
      "acc_stderr,none": 0.06597717584505354,
      "acc_norm,none": 0.42105263157894735,
      "acc_norm_stderr,none": 0.06597717584505354,
      "map,none": 0.6798245614035088,
      "map_stderr,none": 0.037592679593042876,
      "map_2,none": 0.631578947368421,
      "map_2_stderr,none": 0.04770141932499819,
      "map_3,none": 0.6666666666666666,
      "map_3_stderr,none": 0.040875955965664366,
      "map_4,none": 0.6798245614035088,
      "map_4_stderr,none": 0.037592679593042876,
      "map_norm,none": 0.6710526315789473,
      "map_norm_stderr,none": 0.03865589811796073,
      "map_2_norm,none": 0.6052631578947368,
      "map_2_norm_stderr,none": 0.051202400270211404,
      "map_3_norm,none": 0.6578947368421053,
      "map_3_norm_stderr,none": 0.041806584755920514,
      "map_4_norm,none": 0.6710526315789473,
      "map_4_norm_stderr,none": 0.03865589811796073,
      "alias": "security_sales_1-1.0-0.5"
    },
    "fp2-1.0-0.5": {
      "acc,none": 0.2231578947368421,
      "acc_stderr,none": 0.019124202570367614,
      "acc_norm,none": 0.2231578947368421,
      "acc_norm_stderr,none": 0.019124202570367614,
      "map,none": 0.5031578947368431,
      "map_stderr,none": 0.012919160754310897,
      "map_2,none": 0.3494736842105263,
      "map_2_stderr,none": 0.018611276328561382,
      "map_3,none": 0.44000000000000067,
      "map_3_stderr,none": 0.016101682962997316,
      "map_4,none": 0.5031578947368431,
      "map_4_stderr,none": 0.012919160754310897,
      "map_norm,none": 0.5031578947368431,
      "map_norm_stderr,none": 0.012919160754310897,
      "map_2_norm,none": 0.3494736842105263,
      "map_2_norm_stderr,none": 0.018611276328561382,
      "map_3_norm,none": 0.44000000000000067,
      "map_3_norm_stderr,none": 0.016101682962997316,
      "map_4_norm,none": 0.5031578947368431,
      "map_4_norm_stderr,none": 0.012919160754310897,
      "alias": "fp2-1.0-0.5"
    },
    "cpa_audit-1.0-0.5": {
      "acc,none": 0.15326633165829145,
      "acc_stderr,none": 0.01808012973627006,
      "acc_norm,none": 0.14824120603015076,
      "acc_norm_stderr,none": 0.01783394937441966,
      "map,none": 0.3991624790619762,
      "map_stderr,none": 0.014002885453952662,
      "map_2,none": 0.24246231155778894,
      "map_2_stderr,none": 0.018716790848129633,
      "map_3,none": 0.2943886097152427,
      "map_3_stderr,none": 0.01799163212510377,
      "map_4,none": 0.33458961474036836,
      "map_4_stderr,none": 0.016891499108359305,
      "map_norm,none": 0.39338358458961437,
      "map_norm_stderr,none": 0.013864494181491185,
      "map_2_norm,none": 0.23366834170854273,
      "map_2_norm_stderr,none": 0.01853269151505678,
      "map_3_norm,none": 0.28726968174204337,
      "map_3_norm_stderr,none": 0.017836227897350575,
      "map_4_norm,none": 0.3274706867671689,
      "map_4_norm_stderr,none": 0.016768920497630017,
      "alias": "cpa_audit-1.0-0.5"
    },
    "cma_basics-1.0-0.5": {
      "acc,none": 0.23684210526315788,
      "acc_stderr,none": 0.06989334006042333,
      "acc_norm,none": 0.2631578947368421,
      "acc_norm_stderr,none": 0.0723926637268818,
      "map,none": 0.5285087719298245,
      "map_stderr,none": 0.0460074514770008,
      "map_2,none": 0.40789473684210525,
      "map_2_stderr,none": 0.06493037949471836,
      "map_3,none": 0.46929824561403516,
      "map_3_stderr,none": 0.057562049710309766,
      "map_4,none": 0.5285087719298245,
      "map_4_stderr,none": 0.0460074514770008,
      "map_norm,none": 0.5460526315789472,
      "map_norm_stderr,none": 0.04732213506985988,
      "map_2_norm,none": 0.4342105263157895,
      "map_2_norm_stderr,none": 0.06578947368421051,
      "map_3_norm,none": 0.4868421052631579,
      "map_3_norm_stderr,none": 0.05909516711349831,
      "map_4_norm,none": 0.5460526315789472,
      "map_4_norm_stderr,none": 0.04732213506985988,
      "alias": "cma_basics-1.0-0.5"
    },
    "chabsa-1.0-0.5": {
      "acc,none": 0.5679140230480383,
      "acc_stderr,none": 0.005637174562362094,
      "f1,none": 0.3835287009441938,
      "f1_stderr,none": "N/A",
      "acc_norm,none": 0.5679140230480383,
      "acc_norm_stderr,none": 0.005637174562362094,
      "f1_norm,none": 0.3835287009441938,
      "f1_norm_stderr,none": "N/A",
      "alias": "chabsa-1.0-0.5"
    }
  },
  "group_subtasks": {
    "chabsa-1.0-0.5": [],
    "cma_basics-1.0-0.5": [],
    "cpa_audit-1.0-0.5": [],
    "fp2-1.0-0.5": [],
    "security_sales_1-1.0-0.5": []
  },
  "configs": {
    "chabsa-1.0-0.5": {
      "task": "chabsa-1.0-0.5",
      "dataset_path": "jlm_fin_eval/datasets/chabsa/chabsa.py",
      "dataset_name": "chABSA",
      "test_split": "test",
      "doc_to_text": "センテンス: {{sentence}}\nターゲット: {{target}}\nシステム:",
      "doc_to_target": "{{polarity}}",
      "doc_to_choice": [
        "positive",
        "negative"
      ],
      "description": "ユーザー: センテンスにおける、ターゲットのセンチメントをpositiveかnegativeで答えてください。\nシステム: 分かりました。\n\n",
      "target_delimiter": " ",
      "fewshot_delimiter": "\n",
      "num_fewshot": 0,
      "metric_list": [
        {
          "metric": "acc",
          "aggregation": "mean",
          "higher_is_better": true
        },
        {
          "metric": "acc_norm",
          "aggregation": "mean",
          "higher_is_better": true
        },
        {
          "metric": "f1",
          "aggregation": "2class_adjusted_macro_f1_score_for_chabsa",
          "higher_is_better": true
        },
        {
          "metric": "f1_norm",
          "aggregation": "2class_adjusted_macro_f1_score_for_chabsa",
          "higher_is_better": true
        }
      ],
      "output_type": "multiple_choice",
      "repeats": 1,
      "should_decontaminate": false,
      "doc_to_decontamination_query": "sentence",
      "metadata": {
        "version": 1.0
      }
    },
    "cma_basics-1.0-0.5": {
      "task": "cma_basics-1.0-0.5",
      "dataset_path": "jlm_fin_eval/datasets/cma_basics/cma_basics.py",
      "dataset_name": "cma_basics",
      "test_split": "test",
      "doc_to_text": "def doc_to_text_05(doc):\n    return doc_to_text_04(doc, SEP=\"\\n\")\n",
      "doc_to_target": "def doc_to_target_01(doc):\n    return [\n        choice_text\n        for choice_id, choice_text in zip(doc[\"choices\"][\"id\"], doc[\"choices\"][\"text\"])\n        if choice_id == doc[\"answer\"]\n    ][0]\n",
      "doc_to_choice": "def doc_to_choices_01(doc):\n    choices = doc[\"choices\"][\"text\"]\n    return choices\n",
      "description": "ユーザー: 与えられた選択肢の中から、最適な答えを選んでください。\nシステム: 分かりました。\n\n",
      "target_delimiter": "",
      "fewshot_delimiter": "\n",
      "num_fewshot": 0,
      "metric_list": [
        {
          "metric": "acc",
          "aggregation": "mean",
          "higher_is_better": true
        },
        {
          "metric": "acc_norm",
          "aggregation": "mean",
          "higher_is_better": true
        },
        {
          "metric": "map",
          "aggregation": "mean",
          "higher_is_better": true
        },
        {
          "metric": "map_2",
          "aggregation": "mean",
          "higher_is_better": true
        },
        {
          "metric": "map_3",
          "aggregation": "mean",
          "higher_is_better": true
        },
        {
          "metric": "map_4",
          "aggregation": "mean",
          "higher_is_better": true
        },
        {
          "metric": "map_norm",
          "aggregation": "mean",
          "higher_is_better": true
        },
        {
          "metric": "map_2_norm",
          "aggregation": "mean",
          "higher_is_better": true
        },
        {
          "metric": "map_3_norm",
          "aggregation": "mean",
          "higher_is_better": true
        },
        {
          "metric": "map_4_norm",
          "aggregation": "mean",
          "higher_is_better": true
        }
      ],
      "output_type": "multiple_choice",
      "repeats": 1,