{
  "results": {
    "security_sales_1-1.0-0.1.2": {
      "acc,none": 0.42105263157894735,
      "acc_stderr,none": 0.06597717584505354,
      "acc_norm,none": 0.42105263157894735,
      "acc_norm_stderr,none": 0.06597717584505354,
      "map,none": 0.6798245614035088,
      "map_stderr,none": 0.03776589765894646,
      "map_2,none": 0.6403508771929824,
      "map_2_stderr,none": 0.046416689667799826,
      "map_3,none": 0.6578947368421053,
      "map_3_stderr,none": 0.04303740541622658,
      "map_4,none": 0.6798245614035088,
      "map_4_stderr,none": 0.03776589765894646,
      "map_norm,none": 0.6798245614035088,
      "map_norm_stderr,none": 0.03776589765894646,
      "map_2_norm,none": 0.6403508771929824,
      "map_2_norm_stderr,none": 0.046416689667799826,
      "map_3_norm,none": 0.6578947368421053,
      "map_3_norm_stderr,none": 0.04303740541622658,
      "map_4_norm,none": 0.6798245614035088,
      "map_4_norm_stderr,none": 0.03776589765894646,
      "alias": "security_sales_1-1.0-0.1.2"
    },
    "fp2-1.0-0.1.2": {
      "acc,none": 0.25263157894736843,
      "acc_stderr,none": 0.019958229813034255,
      "acc_norm,none": 0.25263157894736843,
      "acc_norm_stderr,none": 0.019958229813034255,
      "map,none": 0.5170175438596499,
      "map_stderr,none": 0.013514106424858901,
      "map_2,none": 0.3642105263157895,
      "map_2_stderr,none": 0.019256855053880195,
      "map_3,none": 0.4512280701754392,
      "map_3_stderr,none": 0.016802408988837062,
      "map_4,none": 0.5170175438596499,
      "map_4_stderr,none": 0.013514106424858901,
      "map_norm,none": 0.5170175438596499,
      "map_norm_stderr,none": 0.013514106424858901,
      "map_2_norm,none": 0.3642105263157895,
      "map_2_norm_stderr,none": 0.019256855053880195,
      "map_3_norm,none": 0.4512280701754392,
      "map_3_norm_stderr,none": 0.016802408988837062,
      "map_4_norm,none": 0.5170175438596499,
      "map_4_norm_stderr,none": 0.013514106424858901,
      "alias": "fp2-1.0-0.1.2"
    },
    "cpa_audit-1.0-0.1.2": {
      "acc,none": 0.1407035175879397,
      "acc_stderr,none": 0.01745133844197704,
      "acc_norm,none": 0.1407035175879397,
      "acc_norm_stderr,none": 0.01745133844197704,
      "map,none": 0.3960217755443884,
      "map_stderr,none": 0.013668280287565586,
      "map_2,none": 0.24246231155778894,
      "map_2_stderr,none": 0.01837554114790831,
      "map_3,none": 0.28768844221105505,
      "map_3_stderr,none": 0.017754974687461157,
      "map_4,none": 0.33479899497487414,
      "map_4_stderr,none": 0.016463213248825378,
      "map_norm,none": 0.3960217755443884,
      "map_norm_stderr,none": 0.013668280287565586,
      "map_2_norm,none": 0.24246231155778894,
      "map_2_norm_stderr,none": 0.01837554114790831,
      "map_3_norm,none": 0.28768844221105505,
      "map_3_norm_stderr,none": 0.017754974687461157,
      "map_4_norm,none": 0.33479899497487414,
      "map_4_norm_stderr,none": 0.016463213248825378,
      "alias": "cpa_audit-1.0-0.1.2"
    },
    "cma_basics-1.0-0.1.2": {
      "acc,none": 0.2894736842105263,
      "acc_stderr,none": 0.07455791696866065,
      "acc_norm,none": 0.2894736842105263,
      "acc_norm_stderr,none": 0.07455791696866065,
      "map,none": 0.5548245614035089,
      "map_stderr,none": 0.04882007449719981,
      "map_2,none": 0.42105263157894735,
      "map_2_stderr,none": 0.0693556909988199,
      "map_3,none": 0.5087719298245613,
      "map_3_stderr,none": 0.05827568390944467,
      "map_4,none": 0.5548245614035089,
      "map_4_stderr,none": 0.04882007449719981,
      "map_norm,none": 0.5548245614035089,
      "map_norm_stderr,none": 0.04882007449719981,
      "map_2_norm,none": 0.42105263157894735,
      "map_2_norm_stderr,none": 0.0693556909988199,
      "map_3_norm,none": 0.5087719298245613,
      "map_3_norm_stderr,none": 0.05827568390944467,
      "map_4_norm,none": 0.5548245614035089,
      "map_4_norm_stderr,none": 0.04882007449719981,
      "alias": "cma_basics-1.0-0.1.2"
    },
    "chabsa-1.0-0.1": {
      "acc,none": 0.6431438560145022,
      "acc_stderr,none": 0.005451747751537649,
      "f1,none": 0.5766301335125443,
      "f1_stderr,none": "N/A",
      "acc_norm,none": 0.6431438560145022,
      "acc_norm_stderr,none": 0.005451747751537649,
      "f1_norm,none": 0.5766301335125443,
      "f1_norm_stderr,none": "N/A",
      "alias": "chabsa-1.0-0.1"
    }
  },
  "group_subtasks": {
    "chabsa-1.0-0.1": [],
    "cma_basics-1.0-0.1.2": [],
    "cpa_audit-1.0-0.1.2": [],
    "fp2-1.0-0.1.2": [],
    "security_sales_1-1.0-0.1.2": []
  },
  "configs": {
    "chabsa-1.0-0.1": {
      "task": "chabsa-1.0-0.1",
      "dataset_path": "jlm_fin_eval/datasets/chabsa/chabsa.py",
      "dataset_name": "chABSA",
      "test_split": "test",
      "doc_to_text": "[センテンス]: {{sentence}}\nターゲット]: {{target}}\n[答え]:",
      "doc_to_target": "{{polarity}}",
      "doc_to_choice": [
        "positive",
        "negative"
      ],
      "description": "[センテンス]における、[ターゲット]のセンチメントをpositiveかnegativeで選んでください。\n\n\n",
      "target_delimiter": " ",
      "fewshot_delimiter": "\n\n",
      "num_fewshot": 0,
      "metric_list": [
        {
          "metric": "acc",
          "aggregation": "mean",
          "higher_is_better": true
        },
        {
          "metric": "acc_norm",
          "aggregation": "mean",
          "higher_is_better": true
        },
        {
          "metric": "f1",
          "aggregation": "2class_adjusted_macro_f1_score_for_chabsa",
          "higher_is_better": true
        },
        {
          "metric": "f1_norm",
          "aggregation": "2class_adjusted_macro_f1_score_for_chabsa",
          "higher_is_better": true
        }
      ],
      "output_type": "multiple_choice",
      "repeats": 1,
      "should_decontaminate": false,
      "doc_to_decontamination_query": "sentence",
      "metadata": {
        "version": 1.0
      }
    },
    "cma_basics-1.0-0.1.2": {
      "task": "cma_basics-1.0-0.1.2",
      "dataset_path": "jlm_fin_eval/datasets/cma_basics/cma_basics.py",
      "dataset_name": "cma_basics",
      "test_split": "test",
      "doc_to_text": "def doc_to_text_01_2(doc):\n    q_doc_text = doc[\"question\"] + \"\\n\"\n    if doc[\"context\"] and doc[\"context\"] != \"\":\n        q_doc_text += doc[\"context\"] + \"\\n\"\n    choice_doc_text = []\n    for choice_id, choice_text in zip(doc[\"choices\"][\"id\"], doc[\"choices\"][\"text\"]):\n        choice_doc_text.append(chr(choice_id + 65) + \":\" + choice_text)\n    return f\"[問題]:{q_doc_text}[選択肢]:[{', '.join(choice_doc_text)}]\\n[答え]:\"\n",
      "doc_to_target": "def doc_to_target_alphabet(doc):\n    answer = chr(int(doc[\"answer\"]) + 65)\n    return answer\n",
      "doc_to_choice": "def doc_to_choices_alphabet(doc):\n    choices = [chr(choice_id + 65) for choice_id in doc[\"choices\"][\"id\"]]\n    return choices\n",
      "description": "[問題]に対する[答え]を[選択肢]の中からアルファベットで選んでください。\n\n\n",
      "target_delimiter": "",
      "fewshot_delimiter": "\n\n",
      "num_fewshot": 0,
      "metric_list": [
        {
          "metric": "acc",
          "aggregation": "mean",
          "higher_is_better": true
        },
        {
          "metric": "acc_norm",
          "aggregation": "mean",
          "higher_is_better": true
        },
        {
          "metric": "map",
          "aggregation": "mean",
          "higher_is_better": true
        },
        {
          "metric": "map_2",
          "aggregation": "mean",
          "higher_is_better": true
        },
        {
          "metric": "map_3",
          "aggregation": "mean",
          "higher_is_better": true
        },
        {
          "metric": "map_4",
          "aggregation": "mean",
          "higher_is_better": true
        },
        {
          "metric": "map_norm",
          "aggregation": "mean",
          "higher_is_better": true
        },
        {
          "metric": "map_2_norm",
          "aggregation": "mean",