{
  "results": {
    "security_sales_1-1.0-0.1": {
      "acc,none": 0.49122807017543857,
      "acc_stderr,none": 0.06680502724442025,
      "acc_norm,none": 0.47368421052631576,
      "acc_norm_stderr,none": 0.06672270432067237,
      "map,none": 0.7178362573099416,
      "map_stderr,none": 0.038050836156280174,
      "map_2,none": 0.6754385964912281,
      "map_2_stderr,none": 0.04764377408421146,
      "map_3,none": 0.7046783625730995,
      "map_3_stderr,none": 0.0415134073326631,
      "map_4,none": 0.7178362573099416,
      "map_4_stderr,none": 0.038050836156280174,
      "map_norm,none": 0.7090643274853802,
      "map_norm_stderr,none": 0.0379000754952048,
      "map_2_norm,none": 0.6666666666666666,
      "map_2_norm_stderr,none": 0.04738350265803162,
      "map_3_norm,none": 0.6959064327485381,
      "map_3_norm_stderr,none": 0.0413254211260309,
      "map_4_norm,none": 0.7090643274853802,
      "map_4_norm_stderr,none": 0.0379000754952048,
      "alias": "security_sales_1-1.0-0.1"
    },
    "fp2-1.0-0.1": {
      "acc,none": 0.2736842105263158,
      "acc_stderr,none": 0.02047851418222545,
      "acc_norm,none": 0.2736842105263158,
      "acc_norm_stderr,none": 0.02047851418222545,
      "map,none": 0.5303508771929835,
      "map_stderr,none": 0.013748073908829405,
      "map_2,none": 0.38,
      "map_2_stderr,none": 0.01956216282836974,
      "map_3,none": 0.46982456140350964,
      "map_3_stderr,none": 0.016876060720158546,
      "map_4,none": 0.5303508771929835,
      "map_4_stderr,none": 0.013748073908829405,
      "map_norm,none": 0.5303508771929835,
      "map_norm_stderr,none": 0.013748073908829405,
      "map_2_norm,none": 0.38,
      "map_2_norm_stderr,none": 0.01956216282836974,
      "map_3_norm,none": 0.46982456140350964,
      "map_3_norm_stderr,none": 0.016876060720158546,
      "map_4_norm,none": 0.5303508771929835,
      "map_4_norm_stderr,none": 0.013748073908829405,
      "alias": "fp2-1.0-0.1"
    },
    "cpa_audit-1.0-0.1": {
      "acc,none": 0.18341708542713567,
      "acc_stderr,none": 0.01942337902884328,
      "acc_norm,none": 0.18341708542713567,
      "acc_norm_stderr,none": 0.01942337902884328,
      "map,none": 0.4237018425460633,
      "map_stderr,none": 0.01484864585652558,
      "map_2,none": 0.2776381909547739,
      "map_2_stderr,none": 0.019659870590188575,
      "map_3,none": 0.32872696817420416,
      "map_3_stderr,none": 0.01874499503259083,
      "map_4,none": 0.3588777219430485,
      "map_4_stderr,none": 0.017836487927657685,
      "map_norm,none": 0.4208123953098823,
      "map_norm_stderr,none": 0.014900843056435428,
      "map_2_norm,none": 0.27386934673366836,
      "map_2_norm_stderr,none": 0.019672302576596898,
      "map_3_norm,none": 0.3249581239530985,
      "map_3_norm_stderr,none": 0.018783871247756524,
      "map_4_norm,none": 0.3544807370184254,
      "map_4_norm_stderr,none": 0.017913651608334805,
      "alias": "cpa_audit-1.0-0.1"
    },
    "cma_basics-1.0-0.1": {
      "acc,none": 0.3157894736842105,
      "acc_stderr,none": 0.07641750223933595,
      "acc_norm,none": 0.23684210526315788,
      "acc_norm_stderr,none": 0.06989334006042333,
      "map,none": 0.5679824561403507,
      "map_stderr,none": 0.05017505935125769,
      "map_2,none": 0.4342105263157895,
      "map_2_stderr,none": 0.07098938231164041,
      "map_3,none": 0.5219298245614036,
      "map_3_stderr,none": 0.0596904230435068,
      "map_4,none": 0.5679824561403507,
      "map_4_stderr,none": 0.05017505935125769,
      "map_norm,none": 0.5416666666666666,
      "map_norm_stderr,none": 0.04475293502793607,
      "map_2_norm,none": 0.4342105263157895,
      "map_2_norm_stderr,none": 0.06302885109990519,
      "map_3_norm,none": 0.4956140350877193,
      "map_3_norm_stderr,none": 0.05461434329740517,
      "map_4_norm,none": 0.5416666666666666,
      "map_4_norm_stderr,none": 0.04475293502793607,
      "alias": "cma_basics-1.0-0.1"
    },
    "chabsa-1.0-0.1": {
      "acc,none": 0.6431438560145022,
      "acc_stderr,none": 0.005451747751537649,
      "f1,none": 0.5766301335125443,
      "f1_stderr,none": "N/A",
      "acc_norm,none": 0.6431438560145022,
      "acc_norm_stderr,none": 0.005451747751537649,
      "f1_norm,none": 0.5766301335125443,
      "f1_norm_stderr,none": "N/A",
      "alias": "chabsa-1.0-0.1"
    }
  },
  "group_subtasks": {
    "chabsa-1.0-0.1": [],
    "cma_basics-1.0-0.1": [],
    "cpa_audit-1.0-0.1": [],
    "fp2-1.0-0.1": [],
    "security_sales_1-1.0-0.1": []
  },
  "configs": {
    "chabsa-1.0-0.1": {
      "task": "chabsa-1.0-0.1",
      "dataset_path": "jlm_fin_eval/datasets/chabsa/chabsa.py",
      "dataset_name": "chABSA",
      "test_split": "test",
      "doc_to_text": "[センテンス]: {{sentence}}\nターゲット]: {{target}}\n[答え]:",
      "doc_to_target": "{{polarity}}",
      "doc_to_choice": [
        "positive",
        "negative"
      ],
      "description": "[センテンス]における、[ターゲット]のセンチメントをpositiveかnegativeで選んでください。\n\n\n",
      "target_delimiter": " ",
      "fewshot_delimiter": "\n\n",
      "num_fewshot": 0,
      "metric_list": [
        {
          "metric": "acc",
          "aggregation": "mean",
          "higher_is_better": true
        },
        {
          "metric": "acc_norm",
          "aggregation": "mean",
          "higher_is_better": true
        },
        {
          "metric": "f1",
          "aggregation": "2class_adjusted_macro_f1_score_for_chabsa",
          "higher_is_better": true
        },
        {
          "metric": "f1_norm",
          "aggregation": "2class_adjusted_macro_f1_score_for_chabsa",
          "higher_is_better": true
        }
      ],
      "output_type": "multiple_choice",
      "repeats": 1,
      "should_decontaminate": false,
      "doc_to_decontamination_query": "sentence",
      "metadata": {
        "version": 1.0
      }
    },
    "cma_basics-1.0-0.1": {
      "task": "cma_basics-1.0-0.1",
      "dataset_path": "jlm_fin_eval/datasets/cma_basics/cma_basics.py",
      "dataset_name": "cma_basics",
      "test_split": "test",
      "doc_to_text": "def doc_to_text_01(doc):\n    q_doc_text = doc[\"question\"] + \"\\n\"\n    if doc[\"context\"] and doc[\"context\"] != \"\":\n        q_doc_text += doc[\"context\"] + \"\\n\"\n    return f\"[問題]:{q_doc_text}[選択肢]:[{', '.join(doc['choices']['text'])}]\\n[答え]:\"\n",
      "doc_to_target": "def doc_to_target_01(doc):\n    return [\n        choice_text\n        for choice_id, choice_text in zip(doc[\"choices\"][\"id\"], doc[\"choices\"][\"text\"])\n        if choice_id == doc[\"answer\"]\n    ][0]\n",
      "doc_to_choice": "def doc_to_choices_01(doc):\n    choices = doc[\"choices\"][\"text\"]\n    return choices\n",
      "description": "[問題]に対する[答え]を[選択肢]の中から選んでください。\n\n\n",
      "target_delimiter": "",
      "fewshot_delimiter": "\n\n",
      "num_fewshot": 0,
      "metric_list": [
        {
          "metric": "acc",
          "aggregation": "mean",
          "higher_is_better": true
        },
        {
          "metric": "acc_norm",
          "aggregation": "mean",
          "higher_is_better": true
        },
        {
          "metric": "map",
          "aggregation": "mean",
          "higher_is_better": true
        },
        {
          "metric": "map_2",
          "aggregation": "mean",
          "higher_is_better": true
        },
        {
          "metric": "map_3",
          "aggregation": "mean",
          "higher_is_better": true
        },
        {
          "metric": "map_4",
          "aggregation": "mean",
          "higher_is_better": true
        },
        {
          "metric": "map_norm",
          "aggregation": "mean",
          "higher_is_better": true
        },
        {
          "metric": "map_2_norm",
          "aggregation": "mean",
          "higher_is_better": true
        },
        {
          "metric": "map_3_norm",
          "aggregation": "mean",
          "higher_is_better": true
        },
        {
          "metric": "map_4_norm",