{
  "results": {
    "chabsa-1.0-0.6": {
      "acc": 0.756312313867668,
      "f1": 0.7548311660553979
    },
    "cma_basics-1.0-0.1": {
      "acc": 0.3684210526315789,
      "acc_stderr": 0.07930218984219832,
      "map": 0.5701754385964913,
      "map_stderr": 0.05043730800094184,
      "map_2": 0.4605263157894737,
      "map_2_stderr": 0.06898362657323136,
      "map_3": 0.5043859649122808,
      "map_3_stderr": 0.0633251105519218,
      "map_4": 0.5701754385964913,
      "map_4_stderr": 0.05043730800094184
    },
    "cpa_audit-1.0-0.1.2": {
      "acc": 0.1984924623115578,
      "acc_stderr": 0.02001845525820022,
      "map": 0.42303182579564447,
      "map_stderr": 0.01536137895345023,
      "map_2": 0.27261306532663315,
      "map_2_stderr": 0.020152746713075875,
      "map_3": 0.3178391959798992,
      "map_3_stderr": 0.0194124259850646,
      "map_4": 0.3592964824120601,
      "map_4_stderr": 0.01822739793168223
    },
    "fp2-1.0-0.2.1": {
      "acc": 0.24210526315789474,
      "acc_stderr": 0.01967512001202637,
      "map": 0.5166666666666676,
      "map_stderr": 0.013201005202526981,
      "map_2": 0.36736842105263157,
      "map_2_stderr": 0.018925642045447263,
      "map_3": 0.4571929824561411,
      "map_3_stderr": 0.016281602789027273,
      "map_4": 0.5166666666666676,
      "map_4_stderr": 0.013201005202526981
    },
    "security_sales_1-1.0-0.2.1": {
      "acc": 0.42105263157894735,
      "acc_stderr": 0.06597717584505354,
      "map": 0.6637426900584797,
      "map_stderr": 0.03974061945884112,
      "map_2": 0.5964912280701754,
      "map_2_stderr": 0.05226480389391662,
      "map_3": 0.6374269005847952,
      "map_3_stderr": 0.045533366966074386,
      "map_4": 0.6637426900584797,
      "map_4_stderr": 0.03974061945884112
    }
  },
  "versions": {
    "chabsa-1.0-0.6": 1.0,
    "cma_basics-1.0-0.1": 1.0,
    "cpa_audit-1.0-0.1.2": 1.0,
    "fp2-1.0-0.2.1": 1.0,
    "security_sales_1-1.0-0.2.1": 1.0
  },
  "config": {
    "model": "hf-causal-experimental",
    "model_args": "pretrained=llm-jp/llm-jp-1.3b-v1.0,trust_remote_code=True",
    "num_fewshot": [
      4,
      0,
      4,
      0,
      2
    ],
    "batch_size": null,
    "device": null,
    "no_cache": true,
    "limit": null,
    "bootstrap_iters": 100000,
    "description_dict": {}
  }
}