{
  "results": {
    "security_sales_1": {
      "acc,none": 0.42105263157894735,
      "acc_stderr,none": 0.06597717584505354,
      "acc_norm,none": 0.42105263157894735,
      "acc_norm_stderr,none": 0.06597717584505354,
      "map,none": 0.6842105263157895,
      "map_stderr,none": 0.03694750111246751,
      "map_2,none": 0.6403508771929824,
      "map_2_stderr,none": 0.046416689667799826,
      "map_3,none": 0.6754385964912281,
      "map_3_stderr,none": 0.03922926276315421,
      "map_4,none": 0.6842105263157895,
      "map_4_stderr,none": 0.03694750111246751,
      "map_norm,none": 0.6842105263157895,
      "map_norm_stderr,none": 0.03694750111246751,
      "map_2_norm,none": 0.6403508771929824,
      "map_2_norm_stderr,none": 0.046416689667799826,
      "map_3_norm,none": 0.6754385964912281,
      "map_3_norm_stderr,none": 0.03922926276315421,
      "map_4_norm,none": 0.6842105263157895,
      "map_4_norm_stderr,none": 0.03694750111246751,
      "alias": "security_sales_1"
    },
    "fp2": {
      "acc,none": 0.24,
      "acc_stderr,none": 0.019616577850947305,
      "acc_norm,none": 0.24,
      "acc_norm_stderr,none": 0.019616577850947305,
      "map,none": 0.5135087719298255,
      "map_stderr,none": 0.013215620898570039,
      "map_2,none": 0.3631578947368421,
      "map_2_stderr,none": 0.01892107139513853,
      "map_3,none": 0.45087719298245704,
      "map_3_stderr,none": 0.01640266459125321,
      "map_4,none": 0.5135087719298255,
      "map_4_stderr,none": 0.013215620898570039,
      "map_norm,none": 0.5135087719298255,
      "map_norm_stderr,none": 0.013215620898570039,
      "map_2_norm,none": 0.3631578947368421,
      "map_2_norm_stderr,none": 0.01892107139513853,
      "map_3_norm,none": 0.45087719298245704,
      "map_3_norm_stderr,none": 0.01640266459125321,
      "map_4_norm,none": 0.5135087719298255,
      "map_4_norm_stderr,none": 0.013215620898570039,
      "alias": "fp2"
    },
    "cpa_audit": {
      "acc,none": 0.13819095477386933,
      "acc_stderr,none": 0.01732008740419801,
      "acc_norm,none": 0.13819095477386933,
      "acc_norm_stderr,none": 0.01732008740419801,
      "map,none": 0.39007537688442206,
      "map_stderr,none": 0.013465716432359562,
      "map_2,none": 0.22738693467336685,
      "map_2_stderr,none": 0.018171040615122844,
      "map_3,none": 0.28350083752093774,
      "map_3_stderr,none": 0.017466834649492672,
      "map_4,none": 0.3280988274706865,
      "map_4_stderr,none": 0.01626250620523829,
      "map_norm,none": 0.39007537688442206,
      "map_norm_stderr,none": 0.013465716432359562,
      "map_2_norm,none": 0.22738693467336685,
      "map_2_norm_stderr,none": 0.018171040615122844,
      "map_3_norm,none": 0.28350083752093774,
      "map_3_norm_stderr,none": 0.017466834649492672,
      "map_4_norm,none": 0.3280988274706865,
      "map_4_norm_stderr,none": 0.01626250620523829,
      "alias": "cpa_audit"
    },
    "cma_basics": {
      "acc,none": 0.2631578947368421,
      "acc_stderr,none": 0.0723926637268818,
      "acc_norm,none": 0.2631578947368421,
      "acc_norm_stderr,none": 0.0723926637268818,
      "map,none": 0.517543859649123,
      "map_stderr,none": 0.04870679188729928,
      "map_2,none": 0.32894736842105265,
      "map_2_stderr,none": 0.07125255052576954,
      "map_3,none": 0.47807017543859653,
      "map_3_stderr,none": 0.05628334237617259,
      "map_4,none": 0.517543859649123,
      "map_4_stderr,none": 0.04870679188729928,
      "map_norm,none": 0.517543859649123,
      "map_norm_stderr,none": 0.04870679188729928,
      "map_2_norm,none": 0.32894736842105265,
      "map_2_norm_stderr,none": 0.07125255052576954,
      "map_3_norm,none": 0.47807017543859653,
      "map_3_norm_stderr,none": 0.05628334237617259,
      "map_4_norm,none": 0.517543859649123,
      "map_4_norm_stderr,none": 0.04870679188729928,
      "alias": "cma_basics"
    },
    "chabsa": {
      "acc,none": 0.5657128059044413,
      "acc_stderr,none": 0.005640552138796324,
      "f1,none": 0.37552135491665684,
      "f1_stderr,none": "N/A",
      "acc_norm,none": 0.5657128059044413,
      "acc_norm_stderr,none": 0.005640552138796324,
      "f1_norm,none": 0.37552135491665684,
      "f1_norm_stderr,none": "N/A",
      "alias": "chabsa"
    }
  },
  "group_subtasks": {
    "chabsa": [],
    "cma_basics": [],
    "cpa_audit": [],
    "fp2": [],
    "security_sales_1": []
  },
  "configs": {
    "chabsa": {
      "task": "chabsa",
      "dataset_path": "jlm_fin_eval/datasets/chabsa/chabsa.py",
      "dataset_name": "chABSA",
      "test_split": "test",
      "doc_to_text": "センテンス: {{sentence}}\nターゲット: {{target}}\n回答:",
      "doc_to_target": "{{polarity}}",
      "doc_to_choice": [
        "positive",
        "negative"
      ],
      "description": "以下のセンテンスにおける、ターゲットのセンチメントをpositiveかnegativeで答えてください。\n\n\n",
      "target_delimiter": " ",
      "fewshot_delimiter": "\n\n",
      "num_fewshot": 0,
      "metric_list": [
        {
          "metric": "acc",
          "aggregation": "mean",
          "higher_is_better": true
        },
        {
          "metric": "acc_norm",
          "aggregation": "mean",
          "higher_is_better": true
        },
        {
          "metric": "f1",
          "aggregation": "2class_adjusted_macro_f1_score_for_chabsa",
          "higher_is_better": true
        },
        {
          "metric": "f1_norm",
          "aggregation": "2class_adjusted_macro_f1_score_for_chabsa",
          "higher_is_better": true
        }
      ],
      "output_type": "multiple_choice",
      "repeats": 1,
      "should_decontaminate": false,
      "doc_to_decontamination_query": "sentence",
      "metadata": {
        "version": 1.0
      }
    },
    "cma_basics": {
      "task": "cma_basics",
      "dataset_path": "jlm_fin_eval/datasets/cma_basics/cma_basics.py",
      "dataset_name": "cma_basics",
      "test_split": "test",
      "doc_to_text": "def doc_to_text_00(doc):\n    doc_text = \"【問題】\\n\" + doc[\"question\"] + \"\\n\"\n    if doc[\"context\"] and doc[\"context\"] != \"\":\n        doc_text += doc[\"context\"] + \"\\n\"\n    doc_text += \"\\n【選択肢】\\n\"\n    for choice_id, choice_text in zip(doc[\"choices\"][\"id\"], doc[\"choices\"][\"text\"]):\n        doc_text += chr(choice_id + 65) + \": \" + choice_text + \"\\n\"\n    doc_text += \"\\n【答え】\\n\"\n    # doc_text += chr(int(doc[\"answer\"]) + 65)\n    return doc_text\n",
      "doc_to_target": "def doc_to_target_alphabet(doc):\n    answer = chr(int(doc[\"answer\"]) + 65)\n    return answer\n",
      "doc_to_choice": "def doc_to_choices_alphabet(doc):\n    choices = [chr(choice_id + 65) for choice_id in doc[\"choices\"][\"id\"]]\n    return choices\n",
      "description": "以下の問題の適切な答えを選択肢から選んでアルファベットで答えなさい。\n\n\n",
      "target_delimiter": "",
      "fewshot_delimiter": "\n\n",
      "num_fewshot": 0,
      "metric_list": [
        {
          "metric": "acc",
          "aggregation": "mean",
          "higher_is_better": true
        },
        {
          "metric": "acc_norm",
          "aggregation": "mean",
          "higher_is_better": true
        },
        {
          "metric": "map",
          "aggregation": "mean",
          "higher_is_better": true
        },
        {
          "metric": "map_2",
          "aggregation": "mean",
          "higher_is_better": true
        },
        {
          "metric": "map_3",
          "aggregation": "mean",
          "higher_is_better": true
        },
        {
          "metric": "map_4",
          "aggregation": "mean",
          "higher_is_better": true
        },
        {
          "metric": "map_norm",
          "aggregation": "mean",
          "higher_is_better": true
        },
        {
          "metric": "map_2_norm",
          "aggregation": "mean",
          "higher_is_better": true
        },
        {
          "metric": "map_3_norm",
          "aggregation": "mean",
          "higher_is_better": true
        },
        {
          "metric": "map_4_norm",