{
  "results": {
    "chabsa-1.0-0.1": {
      "acc": 0.6629548103068755,
      "f1": 0.650070934405717
    },
    "cma_basics-1.0-0.6": {
      "acc": 0.34210526315789475,
      "acc_stderr": 0.07799328662681834,
      "map": 0.5921052631578947,
      "map_stderr": 0.04967388847299003,
      "map_2": 0.4473684210526316,
      "map_2_stderr": 0.07252182112435494,
      "map_3": 0.5789473684210525,
      "map_3_stderr": 0.05286812656146554,
      "map_4": 0.5921052631578947,
      "map_4_stderr": 0.04967388847299003
    },
    "cpa_audit-1.0-0.2": {
      "acc": 0.20854271356783918,
      "acc_stderr": 0.020389942338769368,
      "map": 0.4353015075376882,
      "map_stderr": 0.015354596638442243,
      "map_2": 0.28266331658291455,
      "map_2_stderr": 0.020352571373862833,
      "map_3": 0.3337520938023449,
      "map_3_stderr": 0.019437030406574893,
      "map_4": 0.3770938023450586,
      "map_4_stderr": 0.01809657951199228
    },
    "fp2-1.0-0.5": {
      "acc": 0.26105263157894737,
      "acc_stderr": 0.020173517080623864,
      "map": 0.5242105263157903,
      "map_stderr": 0.013544559222231899,
      "map_2": 0.37684210526315787,
      "map_2_stderr": 0.019263045037039735,
      "map_3": 0.4610526315789481,
      "map_3_stderr": 0.016775722311150196,
      "map_4": 0.5242105263157903,
      "map_4_stderr": 0.013544559222231899
    },
    "security_sales_1-1.0-0.6": {
      "acc": 0.49122807017543857,
      "acc_stderr": 0.06680502724442024,
      "map": 0.7134502923976608,
      "map_stderr": 0.03891373161444737,
      "map_2": 0.6754385964912281,
      "map_2_stderr": 0.04764377408421147,
      "map_3": 0.6871345029239766,
      "map_3_stderr": 0.04533174221036981,
      "map_4": 0.7134502923976608,
      "map_4_stderr": 0.03891373161444737
    }
  },
  "versions": {
    "chabsa-1.0-0.1": 1.0,
    "cma_basics-1.0-0.6": 1.0,
    "cpa_audit-1.0-0.2": 1.0,
    "fp2-1.0-0.5": 1.0,
    "security_sales_1-1.0-0.6": 1.0
  },
  "config": {
    "model": "hf-causal-experimental",
    "model_args": "pretrained=line-corporation/japanese-large-lm-3.6b,trust_remote_code=True",
    "num_fewshot": [
      0,
      3,
      4,
      3,
      1
    ],
    "batch_size": null,
    "device": null,
    "no_cache": true,
    "limit": null,
    "bootstrap_iters": 100000,
    "description_dict": {}
  }
}