{
  "results": {
    "chabsa-1.0-0.1": {
      "acc": 0.8696102550822219,
      "f1": 0.8810678047800047
    },
    "cma_basics": {
      "acc": 0.5263157894736842,
      "acc_stderr": 0.08208556498579522,
      "map": 0.7214912280701753,
      "map_stderr": 0.04932333292339497,
      "map_2": 0.6447368421052632,
      "map_2_stderr": 0.06775167699562203,
      "map_3": 0.7149122807017543,
      "map_3_stderr": 0.05141735945073538,
      "map_4": 0.7214912280701753,
      "map_4_stderr": 0.04932333292339497
    },
    "cpa_audit-1.0-0.1.2": {
      "acc": 0.22110552763819097,
      "acc_stderr": 0.02082782200534224,
      "map": 0.44560301507537636,
      "map_stderr": 0.015708869496587254,
      "map_2": 0.29396984924623115,
      "map_2_stderr": 0.020761292710316098,
      "map_3": 0.353433835845896,
      "map_3_stderr": 0.019595631355784255,
      "map_4": 0.385469011725293,
      "map_4_stderr": 0.018561725759452495
    },
    "fp2-1.0-0.2": {
      "acc": 0.25684210526315787,
      "acc_stderr": 0.020067094117036357,
      "map": 0.5235087719298254,
      "map_stderr": 0.013501554994819543,
      "map_2": 0.37684210526315787,
      "map_2_stderr": 0.019205315992487187,
      "map_3": 0.4603508771929831,
      "map_3_stderr": 0.01673543402438984,
      "map_4": 0.5235087719298254,
      "map_4_stderr": 0.013501554994819543
    },
    "security_sales_1-1.0-0.2": {
      "acc": 0.49122807017543857,
      "acc_stderr": 0.06680502724442024,
      "map": 0.7251461988304094,
      "map_stderr": 0.03707846435096791,
      "map_2": 0.7017543859649122,
      "map_2_stderr": 0.04310121183438555,
      "map_3": 0.7076023391812866,
      "map_3_stderr": 0.04177735959697942,
      "map_4": 0.7251461988304094,
      "map_4_stderr": 0.03707846435096791
    }
  },
  "versions": {
    "chabsa-1.0-0.1": 1.0,
    "cma_basics": 1.0,
    "cpa_audit-1.0-0.1.2": 1.0,
    "fp2-1.0-0.2": 1.0,
    "security_sales_1-1.0-0.2": 1.0
  },
  "config": {
    "model": "hf-causal-experimental",
    "model_args": "pretrained=Xwin-LM/Xwin-LM-13B-V0.2,use_accelerate=True,device_map_option=auto",
    "num_fewshot": [
      4,
      1,
      2,
      3,
      2
    ],
    "batch_size": null,
    "device": null,
    "no_cache": true,
    "limit": null,
    "bootstrap_iters": 100000,
    "description_dict": {}
  }
}