{
  "results": {
    "security_sales_1-1.0-0.5": {
      "acc,none": 0.49122807017543857,
      "acc_stderr,none": 0.06680502724442025,
      "acc_norm,none": 0.47368421052631576,
      "acc_norm_stderr,none": 0.06672270432067237,
      "map,none": 0.7207602339181286,
      "map_stderr,none": 0.037459438524324436,
      "map_2,none": 0.6754385964912281,
      "map_2_stderr,none": 0.04764377408421146,
      "map_3,none": 0.7163742690058479,
      "map_3_stderr,none": 0.03868057472316652,
      "map_4,none": 0.7207602339181286,
      "map_4_stderr,none": 0.037459438524324436,
      "map_norm,none": 0.7046783625730995,
      "map_norm_stderr,none": 0.038748600611549874,
      "map_2_norm,none": 0.6666666666666666,
      "map_2_norm_stderr,none": 0.04738350265803164,
      "map_3_norm,none": 0.6783625730994153,
      "map_3_norm_stderr,none": 0.045098759385061686,
      "map_4_norm,none": 0.7046783625730995,
      "map_4_norm_stderr,none": 0.038748600611549874,
      "alias": "security_sales_1-1.0-0.5"
    },
    "fp2-1.0-0.5": {
      "acc,none": 0.27157894736842103,
      "acc_stderr,none": 0.020429141855467264,
      "acc_norm,none": 0.27157894736842103,
      "acc_norm_stderr,none": 0.020429141855467264,
      "map,none": 0.5352631578947377,
      "map_stderr,none": 0.013653469973098364,
      "map_2,none": 0.3936842105263158,
      "map_2_stderr,none": 0.019359159310741024,
      "map_3,none": 0.4757894736842112,
      "map_3_stderr,none": 0.016790115180890117,
      "map_4,none": 0.5352631578947377,
      "map_4_stderr,none": 0.013653469973098364,
      "map_norm,none": 0.5352631578947377,
      "map_norm_stderr,none": 0.013653469973098364,
      "map_2_norm,none": 0.3936842105263158,
      "map_2_norm_stderr,none": 0.019359159310741024,
      "map_3_norm,none": 0.4757894736842112,
      "map_3_norm_stderr,none": 0.016790115180890117,
      "map_4_norm,none": 0.5352631578947377,
      "map_4_norm_stderr,none": 0.013653469973098364,
      "alias": "fp2-1.0-0.5"
    },
    "cpa_audit-1.0-0.5": {
      "acc,none": 0.12814070351758794,
      "acc_stderr,none": 0.016775346521934957,
      "acc_norm,none": 0.12814070351758794,
      "acc_norm_stderr,none": 0.016775346521934957,
      "map,none": 0.38052763819095486,
      "map_stderr,none": 0.013080677473486516,
      "map_2,none": 0.20854271356783918,
      "map_2_stderr,none": 0.017733803066039628,
      "map_3,none": 0.2721943048576211,
      "map_3_stderr,none": 0.017054451692297093,
      "map_4,none": 0.3193048576214401,
      "map_4_stderr,none": 0.01582181573724108,
      "map_norm,none": 0.38052763819095486,
      "map_norm_stderr,none": 0.013080677473486516,
      "map_2_norm,none": 0.20854271356783918,
      "map_2_norm_stderr,none": 0.017733803066039628,
      "map_3_norm,none": 0.2721943048576211,
      "map_3_norm_stderr,none": 0.017054451692297093,
      "map_4_norm,none": 0.3193048576214401,
      "map_4_norm_stderr,none": 0.01582181573724108,
      "alias": "cpa_audit-1.0-0.5"
    },
    "cma_basics-1.0-0.5": {
      "acc,none": 0.2631578947368421,
      "acc_stderr,none": 0.0723926637268818,
      "acc_norm,none": 0.23684210526315788,
      "acc_norm_stderr,none": 0.0698933400604233,
      "map,none": 0.5263157894736842,
      "map_stderr,none": 0.04849819653096915,
      "map_2,none": 0.3684210526315789,
      "map_2_stderr,none": 0.06975931627447643,
      "map_3,none": 0.47368421052631576,
      "map_3_stderr,none": 0.05847162899022682,
      "map_4,none": 0.5263157894736842,
      "map_4_stderr,none": 0.04849819653096915,
      "map_norm,none": 0.5350877192982456,
      "map_norm_stderr,none": 0.04473986360067716,
      "map_2_norm,none": 0.39473684210526316,
      "map_2_norm_stderr,none": 0.06575390219002626,
      "map_3_norm,none": 0.5087719298245613,
      "map_3_norm_stderr,none": 0.05065844637912703,
      "map_4_norm,none": 0.5350877192982456,
      "map_4_norm_stderr,none": 0.04473986360067716,
      "alias": "cma_basics-1.0-0.5"
    },
    "chabsa-1.0-0.5": {
      "acc,none": 0.5918684449048297,
      "acc_stderr,none": 0.00559303814895432,
      "f1,none": 0.44499624067044885,
      "f1_stderr,none": "N/A",
      "acc_norm,none": 0.5918684449048297,
      "acc_norm_stderr,none": 0.00559303814895432,
      "f1_norm,none": 0.44499624067044885,
      "f1_norm_stderr,none": "N/A",
      "alias": "chabsa-1.0-0.5"
    }
  },
  "group_subtasks": {
    "chabsa-1.0-0.5": [],
    "cma_basics-1.0-0.5": [],
    "cpa_audit-1.0-0.5": [],
    "fp2-1.0-0.5": [],
    "security_sales_1-1.0-0.5": []
  },
  "configs": {
    "chabsa-1.0-0.5": {
      "task": "chabsa-1.0-0.5",
      "dataset_path": "jlm_fin_eval/datasets/chabsa/chabsa.py",
      "dataset_name": "chABSA",
      "test_split": "test",
      "doc_to_text": "センテンス: {{sentence}}\nターゲット: {{target}}\nシステム:",
      "doc_to_target": "{{polarity}}",
      "doc_to_choice": [
        "positive",
        "negative"
      ],
      "description": "ユーザー: センテンスにおける、ターゲットのセンチメントをpositiveかnegativeで答えてください。\nシステム: 分かりました。\n\n",
      "target_delimiter": " ",
      "fewshot_delimiter": "\n",
      "num_fewshot": 0,
      "metric_list": [
        {
          "metric": "acc",
          "aggregation": "mean",
          "higher_is_better": true
        },
        {
          "metric": "acc_norm",
          "aggregation": "mean",
          "higher_is_better": true
        },
        {
          "metric": "f1",
          "aggregation": "2class_adjusted_macro_f1_score_for_chabsa",
          "higher_is_better": true
        },
        {
          "metric": "f1_norm",
          "aggregation": "2class_adjusted_macro_f1_score_for_chabsa",
          "higher_is_better": true
        }
      ],
      "output_type": "multiple_choice",
      "repeats": 1,
      "should_decontaminate": false,
      "doc_to_decontamination_query": "sentence",
      "metadata": {
        "version": 1.0
      }
    },
    "cma_basics-1.0-0.5": {
      "task": "cma_basics-1.0-0.5",
      "dataset_path": "jlm_fin_eval/datasets/cma_basics/cma_basics.py",
      "dataset_name": "cma_basics",
      "test_split": "test",
      "doc_to_text": "def doc_to_text_05(doc):\n    return doc_to_text_04(doc, SEP=\"\\n\")\n",
      "doc_to_target": "def doc_to_target_01(doc):\n    return [\n        choice_text\n        for choice_id, choice_text in zip(doc[\"choices\"][\"id\"], doc[\"choices\"][\"text\"])\n        if choice_id == doc[\"answer\"]\n    ][0]\n",
      "doc_to_choice": "def doc_to_choices_01(doc):\n    choices = doc[\"choices\"][\"text\"]\n    return choices\n",
      "description": "ユーザー: 与えられた選択肢の中から、最適な答えを選んでください。\nシステム: 分かりました。\n\n",
      "target_delimiter": "",
      "fewshot_delimiter": "\n",
      "num_fewshot": 0,
      "metric_list": [
        {
          "metric": "acc",
          "aggregation": "mean",
          "higher_is_better": true
        },
        {
          "metric": "acc_norm",
          "aggregation": "mean",
          "higher_is_better": true
        },
        {
          "metric": "map",
          "aggregation": "mean",
          "higher_is_better": true
        },
        {
          "metric": "map_2",
          "aggregation": "mean",
          "higher_is_better": true
        },
        {
          "metric": "map_3",
          "aggregation": "mean",
          "higher_is_better": true
        },
        {
          "metric": "map_4",
          "aggregation": "mean",
          "higher_is_better": true
        },
        {
          "metric": "map_norm",
          "aggregation": "mean",
          "higher_is_better": true
        },
        {
          "metric": "map_2_norm",
          "aggregation": "mean",
          "higher_is_better": true
        },
        {
          "metric": "map_3_norm",
          "aggregation": "mean",
          "higher_is_better": true
        },
        {
          "metric": "map_4_norm",
          "aggregation": "mean",
          "higher_is_better": true
        }
      ],
      "output_type": "multiple_choice",
      "repeats": 1,