{
  "results": {
    "security_sales_1-1.0-0.4": {
      "acc,none": 0.40350877192982454,
      "acc_stderr,none": 0.06555933012294897,
      "acc_norm,none": 0.40350877192982454,
      "acc_norm_stderr,none": 0.06555933012294897,
      "map,none": 0.6681286549707601,
      "map_stderr,none": 0.0378063019688426,
      "map_2,none": 0.6228070175438597,
      "map_2_stderr,none": 0.04729642723500152,
      "map_3,none": 0.6461988304093567,
      "map_3_stderr,none": 0.04296639826438862,
      "map_4,none": 0.6681286549707601,
      "map_4_stderr,none": 0.0378063019688426,
      "map_norm,none": 0.6564327485380118,
      "map_norm_stderr,none": 0.03930605050145403,
      "map_2_norm,none": 0.5964912280701754,
      "map_2_norm_stderr,none": 0.05074414372180829,
      "map_3_norm,none": 0.6257309941520469,
      "map_3_norm_stderr,none": 0.04594393160057941,
      "map_4_norm,none": 0.6564327485380118,
      "map_4_norm_stderr,none": 0.03930605050145403,
      "alias": "security_sales_1-1.0-0.4"
    },
    "fp2-1.0-0.4": {
      "acc,none": 0.2673684210526316,
      "acc_stderr,none": 0.020328657645803418,
      "acc_norm,none": 0.2673684210526316,
      "acc_norm_stderr,none": 0.020328657645803418,
      "map,none": 0.5343859649122816,
      "map_stderr,none": 0.013543667490314772,
      "map_2,none": 0.39263157894736844,
      "map_2_stderr,none": 0.019260617829762634,
      "map_3,none": 0.4775438596491236,
      "map_3_stderr,none": 0.016577140714212464,
      "map_4,none": 0.5343859649122816,
      "map_4_stderr,none": 0.013543667490314772,
      "map_norm,none": 0.5343859649122816,
      "map_norm_stderr,none": 0.013543667490314772,
      "map_2_norm,none": 0.39263157894736844,
      "map_2_norm_stderr,none": 0.019260617829762634,
      "map_3_norm,none": 0.4775438596491236,
      "map_3_norm_stderr,none": 0.016577140714212464,
      "map_4_norm,none": 0.5343859649122816,
      "map_4_norm_stderr,none": 0.013543667490314772,
      "alias": "fp2-1.0-0.4"
    },
    "cpa_audit-1.0-0.4": {
      "acc,none": 0.12060301507537688,
      "acc_stderr,none": 0.01634467597786587,
      "acc_norm,none": 0.12060301507537688,
      "acc_norm_stderr,none": 0.01634467597786587,
      "map,none": 0.37650753768844225,
      "map_stderr,none": 0.01286852446510755,
      "map_2,none": 0.20854271356783918,
      "map_2_stderr,none": 0.017464090609145902,
      "map_3,none": 0.27051926298157425,
      "map_3_stderr,none": 0.016800132127501047,
      "map_4,none": 0.3100921273031822,
      "map_4_stderr,none": 0.015788894065019578,
      "map_norm,none": 0.37650753768844225,
      "map_norm_stderr,none": 0.01286852446510755,
      "map_2_norm,none": 0.20854271356783918,
      "map_2_norm_stderr,none": 0.017464090609145902,
      "map_3_norm,none": 0.27051926298157425,
      "map_3_norm_stderr,none": 0.016800132127501047,
      "map_4_norm,none": 0.3100921273031822,
      "map_4_norm_stderr,none": 0.015788894065019578,
      "alias": "cpa_audit-1.0-0.4"
    },
    "cma_basics-1.0-0.4": {
      "acc,none": 0.3157894736842105,
      "acc_stderr,none": 0.07641750223933595,
      "acc_norm,none": 0.23684210526315788,
      "acc_norm_stderr,none": 0.0698933400604233,
      "map,none": 0.5657894736842105,
      "map_stderr,none": 0.05049911845060651,
      "map_2,none": 0.4342105263157895,
      "map_2_stderr,none": 0.07098938231164041,
      "map_3,none": 0.5131578947368421,
      "map_3_stderr,none": 0.06106814194504283,
      "map_4,none": 0.5657894736842105,
      "map_4_stderr,none": 0.05049911845060651,
      "map_norm,none": 0.5307017543859649,
      "map_norm_stderr,none": 0.04537450329370294,
      "map_2_norm,none": 0.39473684210526316,
      "map_2_norm_stderr,none": 0.06575390219002629,
      "map_3_norm,none": 0.49122807017543874,
      "map_3_norm_stderr,none": 0.05368783632081258,
      "map_4_norm,none": 0.5307017543859649,
      "map_4_norm_stderr,none": 0.04537450329370294,
      "alias": "cma_basics-1.0-0.4"
    },
    "chabsa-1.0-0.4": {
      "acc,none": 0.5611808882558591,
      "acc_stderr,none": 0.0056471497500452305,
      "f1,none": 0.3594592352989964,
      "f1_stderr,none": "N/A",
      "acc_norm,none": 0.5611808882558591,
      "acc_norm_stderr,none": 0.0056471497500452305,
      "f1_norm,none": 0.3594592352989964,
      "f1_norm_stderr,none": "N/A",
      "alias": "chabsa-1.0-0.4"
    }
  },
  "group_subtasks": {
    "chabsa-1.0-0.4": [],
    "cma_basics-1.0-0.4": [],
    "cpa_audit-1.0-0.4": [],
    "fp2-1.0-0.4": [],
    "security_sales_1-1.0-0.4": []
  },
  "configs": {
    "chabsa-1.0-0.4": {
      "task": "chabsa-1.0-0.4",
      "dataset_path": "jlm_fin_eval/datasets/chabsa/chabsa.py",
      "dataset_name": "chABSA",
      "test_split": "test",
      "doc_to_text": "センテンス: {{sentence}}<NL>ターゲット: {{target}}<NL>システム:",
      "doc_to_target": "{{polarity}}",
      "doc_to_choice": [
        "positive",
        "negative"
      ],
      "description": "ユーザー: センテンスにおける、ターゲットのセンチメントをpositiveかnegativeで答えてください。<NL>システム: 分かりました。<NL>",
      "target_delimiter": " ",
      "fewshot_delimiter": "<NL>",
      "num_fewshot": 0,
      "metric_list": [
        {
          "metric": "acc",
          "aggregation": "mean",
          "higher_is_better": true
        },
        {
          "metric": "acc_norm",
          "aggregation": "mean",
          "higher_is_better": true
        },
        {
          "metric": "f1",
          "aggregation": "2class_adjusted_macro_f1_score_for_chabsa",
          "higher_is_better": true
        },
        {
          "metric": "f1_norm",
          "aggregation": "2class_adjusted_macro_f1_score_for_chabsa",
          "higher_is_better": true
        }
      ],
      "output_type": "multiple_choice",
      "repeats": 1,
      "should_decontaminate": false,
      "doc_to_decontamination_query": "sentence",
      "metadata": {
        "version": 1.0
      }
    },
    "cma_basics-1.0-0.4": {
      "task": "cma_basics-1.0-0.4",
      "dataset_path": "jlm_fin_eval/datasets/cma_basics/cma_basics.py",
      "dataset_name": "cma_basics",
      "test_split": "test",
      "doc_to_text": "def doc_to_text_04(doc, SEP=\"<NL>\"):\n    q_doc_text = doc[\"question\"]\n    if doc[\"context\"] and doc[\"context\"] != \"\":\n        q_doc_text += \"\\n\" + doc[\"context\"]\n    choices = SEP.join([f\"- {choice}\" for choice in doc[\"choices\"][\"text\"]])\n    input_text = f\"質問：{q_doc_text}{SEP}\" + f\"選択肢：{SEP}{choices}\"\n    return f\"ユーザー: {input_text}{SEP}システム: \"\n",
      "doc_to_target": "def doc_to_target_01(doc):\n    return [\n        choice_text\n        for choice_id, choice_text in zip(doc[\"choices\"][\"id\"], doc[\"choices\"][\"text\"])\n        if choice_id == doc[\"answer\"]\n    ][0]\n",
      "doc_to_choice": "def doc_to_choices_01(doc):\n    choices = doc[\"choices\"][\"text\"]\n    return choices\n",
      "description": "ユーザー: 与えられた選択肢の中から、最適な答えを選んでください。<NL>システム: 分かりました。<NL>",
      "target_delimiter": "",
      "fewshot_delimiter": "<NL>",
      "num_fewshot": 0,
      "metric_list": [
        {
          "metric": "acc",
          "aggregation": "mean",
          "higher_is_better": true
        },
        {
          "metric": "acc_norm",
          "aggregation": "mean",
          "higher_is_better": true
        },
        {
          "metric": "map",
          "aggregation": "mean",
          "higher_is_better": true
        },
        {
          "metric": "map_2",
          "aggregation": "mean",
          "higher_is_better": true
        },
        {
          "metric": "map_3",
          "aggregation": "mean",
          "higher_is_better": true
        },
        {
          "metric": "map_4",
          "aggregation": "mean",
          "higher_is_better": true
        },
        {
          "metric": "map_norm",
          "aggregation": "mean",
          "higher_is_better": true
        },
        {
          "metric": "map_2_norm",
          "aggregation": "mean",