{
  "results": {
    "chabsa": {
      "acc": 0.8723294056713712,
      "f1": 0.883730724070144
    },
    "cma_basics-1.0-0.6": {
      "acc": 0.47368421052631576,
      "acc_stderr": 0.08208556498579525,
      "map": 0.6776315789473683,
      "map_stderr": 0.05185158756334478,
      "map_2": 0.5921052631578947,
      "map_2_stderr": 0.0701939579641365,
      "map_3": 0.6447368421052629,
      "map_3_stderr": 0.06034876136200872,
      "map_4": 0.6776315789473683,
      "map_4_stderr": 0.05185158756334478
    },
    "cpa_audit": {
      "acc": 0.1934673366834171,
      "acc_stderr": 0.019825290206918044,
      "map": 0.4335845896147402,
      "map_stderr": 0.015010137395847006,
      "map_2": 0.27889447236180903,
      "map_2_stderr": 0.020053772751051635,
      "map_3": 0.3350083752093802,
      "map_3_stderr": 0.019039347349252726,
      "map_4": 0.38400335008375214,
      "map_4_stderr": 0.017453211367563767
    },
    "fp2-1.0-0.5": {
      "acc": 0.28842105263157897,
      "acc_stderr": 0.02080826419272103,
      "map": 0.5456140350877201,
      "map_stderr": 0.013823799153290685,
      "map_2": 0.40842105263157896,
      "map_2_stderr": 0.019517419722286947,
      "map_3": 0.4877192982456148,
      "map_3_stderr": 0.016934414047549973,
      "map_4": 0.5456140350877201,
      "map_4_stderr": 0.013823799153290685
    },
    "security_sales_1-1.0-0.1.2": {
      "acc": 0.5789473684210527,
      "acc_stderr": 0.06597717584505354,
      "map": 0.7543859649122807,
      "map_stderr": 0.038146009729769295,
      "map_2": 0.7192982456140351,
      "map_2_stderr": 0.04685862305335399,
      "map_3": 0.7368421052631579,
      "map_3_stderr": 0.042941518021755484,
      "map_4": 0.7543859649122807,
      "map_4_stderr": 0.038146009729769295
    }
  },
  "versions": {
    "chabsa": 1.0,
    "cma_basics-1.0-0.6": 1.0,
    "cpa_audit": 1.0,
    "fp2-1.0-0.5": 1.0,
    "security_sales_1-1.0-0.1.2": 1.0
  },
  "config": {
    "model": "hf-causal-experimental",
    "model_args": "pretrained=elyza/ELYZA-japanese-Llama-2-13b",
    "num_fewshot": [
      0,
      2,
      2,
      1,
      1
    ],
    "batch_size": null,
    "device": null,
    "no_cache": true,
    "limit": null,
    "bootstrap_iters": 100000,
    "description_dict": {}
  }
}