{
  "results": {
    "security_sales_1-1.0-0.2": {
      "acc,none": 0.40350877192982454,
      "acc_stderr,none": 0.06555933012294897,
      "acc_norm,none": 0.40350877192982454,
      "acc_norm_stderr,none": 0.06555933012294897,
      "map,none": 0.6608187134502925,
      "map_stderr,none": 0.03873677860356246,
      "map_2,none": 0.6052631578947368,
      "map_2_stderr,none": 0.04964921136756272,
      "map_3,none": 0.6345029239766082,
      "map_3_stderr,none": 0.04462914507987153,
      "map_4,none": 0.6608187134502925,
      "map_4_stderr,none": 0.03873677860356246,
      "map_norm,none": 0.6608187134502925,
      "map_norm_stderr,none": 0.03873677860356246,
      "map_2_norm,none": 0.6052631578947368,
      "map_2_norm_stderr,none": 0.04964921136756272,
      "map_3_norm,none": 0.6345029239766082,
      "map_3_norm_stderr,none": 0.04462914507987153,
      "map_4_norm,none": 0.6608187134502925,
      "map_4_norm_stderr,none": 0.03873677860356246,
      "alias": "security_sales_1-1.0-0.2"
    },
    "fp2-1.0-0.2": {
      "acc,none": 0.25263157894736843,
      "acc_stderr,none": 0.019958229813034255,
      "acc_norm,none": 0.25263157894736843,
      "acc_norm_stderr,none": 0.019958229813034255,
      "map,none": 0.5166666666666674,
      "map_stderr,none": 0.013519592510382936,
      "map_2,none": 0.3631578947368421,
      "map_2_stderr,none": 0.019269960900488402,
      "map_3,none": 0.4508771929824567,
      "map_3_stderr,none": 0.01680392382926006,
      "map_4,none": 0.5166666666666674,
      "map_4_stderr,none": 0.013519592510382936,
      "map_norm,none": 0.5166666666666674,
      "map_norm_stderr,none": 0.013519592510382936,
      "map_2_norm,none": 0.3631578947368421,
      "map_2_norm_stderr,none": 0.019269960900488402,
      "map_3_norm,none": 0.4508771929824567,
      "map_3_norm_stderr,none": 0.01680392382926006,
      "map_4_norm,none": 0.5166666666666674,
      "map_4_norm_stderr,none": 0.013519592510382936,
      "alias": "fp2-1.0-0.2"
    },
    "cpa_audit-1.0-0.2": {
      "acc,none": 0.1306532663316583,
      "acc_stderr,none": 0.016914586905916507,
      "acc_norm,none": 0.1306532663316583,
      "acc_norm_stderr,none": 0.016914586905916507,
      "map,none": 0.3845058626465661,
      "map_stderr,none": 0.013212017961653047,
      "map_2,none": 0.2198492462311558,
      "map_2_stderr,none": 0.01787992170096794,
      "map_3,none": 0.2768006700167502,
      "map_3_stderr,none": 0.01721229521358021,
      "map_4,none": 0.3220268006700165,
      "map_4_stderr,none": 0.016016390889874325,
      "map_norm,none": 0.3845058626465661,
      "map_norm_stderr,none": 0.013212017961653047,
      "map_2_norm,none": 0.2198492462311558,
      "map_2_norm_stderr,none": 0.01787992170096794,
      "map_3_norm,none": 0.2768006700167502,
      "map_3_norm_stderr,none": 0.01721229521358021,
      "map_4_norm,none": 0.3220268006700165,
      "map_4_norm_stderr,none": 0.016016390889874325,
      "alias": "cpa_audit-1.0-0.2"
    },
    "cma_basics-1.0-0.2": {
      "acc,none": 0.2894736842105263,
      "acc_stderr,none": 0.07455791696866065,
      "acc_norm,none": 0.2894736842105263,
      "acc_norm_stderr,none": 0.07455791696866065,
      "map,none": 0.5328947368421053,
      "map_stderr,none": 0.05063406575329393,
      "map_2,none": 0.3684210526315789,
      "map_2_stderr,none": 0.07226327548453529,
      "map_3,none": 0.47368421052631576,
      "map_3_stderr,none": 0.06143736789155392,
      "map_4,none": 0.5328947368421053,
      "map_4_stderr,none": 0.05063406575329393,
      "map_norm,none": 0.5328947368421053,
      "map_norm_stderr,none": 0.05063406575329393,
      "map_2_norm,none": 0.3684210526315789,
      "map_2_norm_stderr,none": 0.07226327548453529,
      "map_3_norm,none": 0.47368421052631576,
      "map_3_norm_stderr,none": 0.06143736789155392,
      "map_4_norm,none": 0.5328947368421053,
      "map_4_norm_stderr,none": 0.05063406575329393,
      "alias": "cma_basics-1.0-0.2"
    },
    "chabsa-1.0-0.2": {
      "acc,none": 0.6290301696232035,
      "acc_stderr,none": 0.005497182242191276,
      "f1,none": 0.5223044714496288,
      "f1_stderr,none": "N/A",
      "acc_norm,none": 0.6290301696232035,
      "acc_norm_stderr,none": 0.005497182242191276,
      "f1_norm,none": 0.5223044714496288,
      "f1_norm_stderr,none": "N/A",
      "alias": "chabsa-1.0-0.2"
    }
  },
  "group_subtasks": {
    "chabsa-1.0-0.2": [],
    "cma_basics-1.0-0.2": [],
    "cpa_audit-1.0-0.2": [],
    "fp2-1.0-0.2": [],
    "security_sales_1-1.0-0.2": []
  },
  "configs": {
    "chabsa-1.0-0.2": {
      "task": "chabsa-1.0-0.2",
      "dataset_path": "jlm_fin_eval/datasets/chabsa/chabsa.py",
      "dataset_name": "chABSA",
      "test_split": "test",
      "doc_to_text": "センテンス: {{sentence}}\nターゲット: {{target}}\n回答:",
      "doc_to_target": "{{polarity}}",
      "doc_to_choice": [
        "positive",
        "negative"
      ],
      "description": "センテンスとターゲットを入力として受け取り、ターゲットに関するセンチメントをpositiveかnegativeから選択してください。\n\n\n",
      "target_delimiter": " ",
      "fewshot_delimiter": "\n\n",
      "num_fewshot": 0,
      "metric_list": [
        {
          "metric": "acc",
          "aggregation": "mean",
          "higher_is_better": true
        },
        {
          "metric": "acc_norm",
          "aggregation": "mean",
          "higher_is_better": true
        },
        {
          "metric": "f1",
          "aggregation": "2class_adjusted_macro_f1_score_for_chabsa",
          "higher_is_better": true
        },
        {
          "metric": "f1_norm",
          "aggregation": "2class_adjusted_macro_f1_score_for_chabsa",
          "higher_is_better": true
        }
      ],
      "output_type": "multiple_choice",
      "repeats": 1,
      "should_decontaminate": false,
      "doc_to_decontamination_query": "sentence",
      "metadata": {
        "version": 1.0
      }
    },
    "cma_basics-1.0-0.2": {
      "task": "cma_basics-1.0-0.2",
      "dataset_path": "jlm_fin_eval/datasets/cma_basics/cma_basics.py",
      "dataset_name": "cma_basics",
      "test_split": "test",
      "doc_to_text": "def doc_to_text_02(doc):\n    q_doc_text = doc[\"question\"] + \"\\n\"\n    if doc[\"context\"] and doc[\"context\"] != \"\":\n        q_doc_text += doc[\"context\"] + \"\\n\"\n    choices = \",\".join(\n        [\n            f\"{idx}.{choice}\"\n            for idx, choice in zip(doc[\"choices\"][\"id\"], doc[\"choices\"][\"text\"])\n        ]\n    )\n    return f\"質問:{q_doc_text}\" f\"選択肢:{choices}\\n\" \"回答:\"\n",
      "doc_to_target": "def doc_to_target_02(doc):\n    return [\n        str(choice_id)\n        for choice_id in doc[\"choices\"][\"id\"]\n        if choice_id == doc[\"answer\"]\n    ][0]\n",
      "doc_to_choice": "def doc_to_choices_02(doc):\n    return [str(choice) for choice in doc[\"choices\"][\"id\"]]\n",
      "description": "質問と回答の選択肢を入力として受け取り、選択肢から回答を選択してください。なお、回答は選択肢の番号(例:0)でするものとします。\n\n\n",
      "target_delimiter": "",
      "fewshot_delimiter": "\n\n",
      "num_fewshot": 0,
      "metric_list": [
        {
          "metric": "acc",
          "aggregation": "mean",
          "higher_is_better": true
        },
        {
          "metric": "acc_norm",
          "aggregation": "mean",
          "higher_is_better": true
        },
        {
          "metric": "map",
          "aggregation": "mean",
          "higher_is_better": true
        },
        {
          "metric": "map_2",
          "aggregation": "mean",
          "higher_is_better": true
        },
        {
          "metric": "map_3",
          "aggregation": "mean",
          "higher_is_better": true
        },
        {
          "metric": "map_4",
          "aggregation": "mean",
          "higher_is_better": true
        },
        {
          "metric": "map_norm",
          "aggregation": "mean",
          "higher_is_better": true
        },
        {
          "metric": "map_2_norm",
          "aggregation": "mean",