{
  "results": {
    "security_sales_1-1.0-0.2.1": {
      "acc,none": 0.42105263157894735,
      "acc_stderr,none": 0.06597717584505354,
      "acc_norm,none": 0.38596491228070173,
      "acc_norm_stderr,none": 0.0650543726938216,
      "map,none": 0.6871345029239767,
      "map_stderr,none": 0.03674342980428353,
      "map_2,none": 0.6578947368421053,
      "map_2_stderr,none": 0.04363979987309741,
      "map_3,none": 0.6695906432748538,
      "map_3_stderr,none": 0.04119220846203733,
      "map_4,none": 0.6871345029239767,
      "map_4_stderr,none": 0.03674342980428353,
      "map_norm,none": 0.6549707602339181,
      "map_norm_stderr,none": 0.03803277643078527,
      "map_2_norm,none": 0.6052631578947368,
      "map_2_norm_stderr,none": 0.048045838377646144,
      "map_3_norm,none": 0.6286549707602338,
      "map_3_norm_stderr,none": 0.043957006954306745,
      "map_4_norm,none": 0.6549707602339181,
      "map_4_norm_stderr,none": 0.03803277643078527,
      "alias": "security_sales_1-1.0-0.2.1"
    },
    "fp2-1.0-0.2.1": {
      "acc,none": 0.25684210526315787,
      "acc_stderr,none": 0.020067094117036346,
      "acc_norm,none": 0.25684210526315787,
      "acc_norm_stderr,none": 0.020067094117036346,
      "map,none": 0.523684210526317,
      "map_stderr,none": 0.0134746100660872,
      "map_2,none": 0.3736842105263158,
      "map_2_stderr,none": 0.01924872008995385,
      "map_3,none": 0.46421052631579024,
      "map_3_stderr,none": 0.016557480988523814,
      "map_4,none": 0.523684210526317,
      "map_4_stderr,none": 0.0134746100660872,
      "map_norm,none": 0.523684210526317,
      "map_norm_stderr,none": 0.0134746100660872,
      "map_2_norm,none": 0.3736842105263158,
      "map_2_norm_stderr,none": 0.01924872008995385,
      "map_3_norm,none": 0.46421052631579024,
      "map_3_norm_stderr,none": 0.016557480988523814,
      "map_4_norm,none": 0.523684210526317,
      "map_4_norm_stderr,none": 0.0134746100660872,
      "alias": "fp2-1.0-0.2.1"
    },
    "cpa_audit-1.0-0.2.1": {
      "acc,none": 0.13819095477386933,
      "acc_stderr,none": 0.017320087404198006,
      "acc_norm,none": 0.12311557788944724,
      "acc_norm_stderr,none": 0.016490446999484466,
      "map,none": 0.38492462311557774,
      "map_stderr,none": 0.013483884000149814,
      "map_2,none": 0.21608040201005024,
      "map_2_stderr,none": 0.018126683940476274,
      "map_3,none": 0.2763819095477384,
      "map_3_stderr,none": 0.0174472375516743,
      "map_4,none": 0.32537688442211027,
      "map_4_stderr,none": 0.01615532351428077,
      "map_norm,none": 0.37738693467336665,
      "map_norm_stderr,none": 0.012954108114312114,
      "map_2_norm,none": 0.20854271356783918,
      "map_2_norm_stderr,none": 0.01755445520652799,
      "map_3_norm,none": 0.26884422110552736,
      "map_3_norm_stderr,none": 0.016919756759910306,
      "map_4_norm,none": 0.31783919597989924,
      "map_4_norm_stderr,none": 0.015643754232770965,
      "alias": "cpa_audit-1.0-0.2.1"
    },
    "cma_basics-1.0-0.2.1": {
      "acc,none": 0.39473684210526316,
      "acc_stderr,none": 0.0803572542664568,
      "acc_norm,none": 0.3157894736842105,
      "acc_norm_stderr,none": 0.07641750223933595,
      "map,none": 0.6140350877192983,
      "map_stderr,none": 0.0530056251722495,
      "map_2,none": 0.5,
      "map_2_stderr,none": 0.07303616672629475,
      "map_3,none": 0.5614035087719298,
      "map_3_stderr,none": 0.06423402265292023,
      "map_4,none": 0.6140350877192983,
      "map_4_stderr,none": 0.0530056251722495,
      "map_norm,none": 0.5789473684210525,
      "map_norm_stderr,none": 0.04908956234671256,
      "map_2_norm,none": 0.4605263157894737,
      "map_2_norm_stderr,none": 0.06898362657323134,
      "map_3_norm,none": 0.5394736842105262,
      "map_3_norm_stderr,none": 0.05776041575776091,
      "map_4_norm,none": 0.5789473684210525,
      "map_4_norm_stderr,none": 0.04908956234671256,
      "alias": "cma_basics-1.0-0.2.1"
    },
    "chabsa-1.0-0.2": {
      "acc,none": 0.674478829470413,
      "acc_stderr,none": 0.005332230097464388,
      "f1,none": 0.6095722421331328,
      "f1_stderr,none": "N/A",
      "acc_norm,none": 0.674478829470413,
      "acc_norm_stderr,none": 0.005332230097464388,
      "f1_norm,none": 0.6095722421331328,
      "f1_norm_stderr,none": "N/A",
      "alias": "chabsa-1.0-0.2"
    }
  },
  "group_subtasks": {
    "chabsa-1.0-0.2": [],
    "cma_basics-1.0-0.2.1": [],
    "cpa_audit-1.0-0.2.1": [],
    "fp2-1.0-0.2.1": [],
    "security_sales_1-1.0-0.2.1": []
  },
  "configs": {
    "chabsa-1.0-0.2": {
      "task": "chabsa-1.0-0.2",
      "dataset_path": "jlm_fin_eval/datasets/chabsa/chabsa.py",
      "dataset_name": "chABSA",
      "test_split": "test",
      "doc_to_text": "センテンス: {{sentence}}\nターゲット: {{target}}\n回答:",
      "doc_to_target": "{{polarity}}",
      "doc_to_choice": [
        "positive",
        "negative"
      ],
      "description": "センテンスとターゲットを入力として受け取り、ターゲットに関するセンチメントをpositiveかnegativeから選択してください。\n\n\n",
      "target_delimiter": " ",
      "fewshot_delimiter": "\n\n",
      "num_fewshot": 0,
      "metric_list": [
        {
          "metric": "acc",
          "aggregation": "mean",
          "higher_is_better": true
        },
        {
          "metric": "acc_norm",
          "aggregation": "mean",
          "higher_is_better": true
        },
        {
          "metric": "f1",
          "aggregation": "2class_adjusted_macro_f1_score_for_chabsa",
          "higher_is_better": true
        },
        {
          "metric": "f1_norm",
          "aggregation": "2class_adjusted_macro_f1_score_for_chabsa",
          "higher_is_better": true
        }
      ],
      "output_type": "multiple_choice",
      "repeats": 1,
      "should_decontaminate": false,
      "doc_to_decontamination_query": "sentence",
      "metadata": {
        "version": 1.0
      }
    },
    "cma_basics-1.0-0.2.1": {
      "task": "cma_basics-1.0-0.2.1",
      "dataset_path": "jlm_fin_eval/datasets/cma_basics/cma_basics.py",
      "dataset_name": "cma_basics",
      "test_split": "test",
      "doc_to_text": "def doc_to_text_02_1(doc):\n    q_doc_text = doc[\"question\"] + \"\\n\"\n    if doc[\"context\"] and doc[\"context\"] != \"\":\n        q_doc_text += doc[\"context\"] + \"\\n\"\n    choices = \"\\n\".join([f\"- {choice}\" for choice in doc[\"choices\"][\"text\"]])\n    return f\"質問:{q_doc_text}選択肢:\\n{choices}\\n回答:\"\n",
      "doc_to_target": "def doc_to_target_01(doc):\n    return [\n        choice_text\n        for choice_id, choice_text in zip(doc[\"choices\"][\"id\"], doc[\"choices\"][\"text\"])\n        if choice_id == doc[\"answer\"]\n    ][0]\n",
      "doc_to_choice": "def doc_to_choices_01(doc):\n    choices = doc[\"choices\"][\"text\"]\n    return choices\n",
      "description": "与えられた選択肢の中から、最適な答えを選んでください。\n\n\n",
      "target_delimiter": "",
      "fewshot_delimiter": "\n\n",
      "num_fewshot": 0,
      "metric_list": [
        {
          "metric": "acc",
          "aggregation": "mean",
          "higher_is_better": true
        },
        {
          "metric": "acc_norm",
          "aggregation": "mean",
          "higher_is_better": true
        },
        {
          "metric": "map",
          "aggregation": "mean",
          "higher_is_better": true
        },
        {
          "metric": "map_2",
          "aggregation": "mean",
          "higher_is_better": true
        },
        {
          "metric": "map_3",
          "aggregation": "mean",
          "higher_is_better": true
        },
        {
          "metric": "map_4",
          "aggregation": "mean",
          "higher_is_better": true
        },
        {
          "metric": "map_norm",
          "aggregation": "mean",
          "higher_is_better": true
        },
        {
          "metric": "map_2_norm",
          "aggregation": "mean",
          "higher_is_better": true
        },
        {
          "metric": "map_3_norm",
          "aggregation": "mean",