{
  "results": {
    "security_sales_1-1.0-0.3": {
      "acc,none": 0.40350877192982454,
      "acc_stderr,none": 0.06555933012294897,
      "acc_norm,none": 0.40350877192982454,
      "acc_norm_stderr,none": 0.06555933012294897,
      "map,none": 0.6637426900584794,
      "map_stderr,none": 0.038404284903715336,
      "map_2,none": 0.6140350877192983,
      "map_2_stderr,none": 0.04850125934928229,
      "map_3,none": 0.6374269005847952,
      "map_3_stderr,none": 0.04437183533797662,
      "map_4,none": 0.6637426900584794,
      "map_4_stderr,none": 0.038404284903715336,
      "map_norm,none": 0.6622807017543859,
      "map_norm_stderr,none": 0.03865589811796073,
      "map_2_norm,none": 0.6140350877192983,
      "map_2_norm_stderr,none": 0.04850125934928229,
      "map_3_norm,none": 0.631578947368421,
      "map_3_norm_stderr,none": 0.0454595417223485,
      "map_4_norm,none": 0.6622807017543859,
      "map_4_norm_stderr,none": 0.03865589811796073,
      "alias": "security_sales_1-1.0-0.3"
    },
    "fp2-1.0-0.3": {
      "acc,none": 0.25473684210526315,
      "acc_stderr,none": 0.020012969601671527,
      "acc_norm,none": 0.25473684210526315,
      "acc_norm_stderr,none": 0.020012969601671527,
      "map,none": 0.5256140350877202,
      "map_stderr,none": 0.013313985206042505,
      "map_2,none": 0.38105263157894737,
      "map_2_stderr,none": 0.019029235625792583,
      "map_3,none": 0.4687719298245621,
      "map_3_stderr,none": 0.016325716114557794,
      "map_4,none": 0.5256140350877202,
      "map_4_stderr,none": 0.013313985206042505,
      "map_norm,none": 0.5256140350877202,
      "map_norm_stderr,none": 0.013313985206042505,
      "map_2_norm,none": 0.38105263157894737,
      "map_2_norm_stderr,none": 0.019029235625792583,
      "map_3_norm,none": 0.4687719298245621,
      "map_3_norm_stderr,none": 0.016325716114557794,
      "map_4_norm,none": 0.5256140350877202,
      "map_4_norm_stderr,none": 0.013313985206042505,
      "alias": "fp2-1.0-0.3"
    },
    "cpa_audit-1.0-0.3": {
      "acc,none": 0.13819095477386933,
      "acc_stderr,none": 0.01732008740419801,
      "acc_norm,none": 0.13819095477386933,
      "acc_norm_stderr,none": 0.01732008740419801,
      "map,none": 0.39057788944723587,
      "map_stderr,none": 0.013534859181575458,
      "map_2,none": 0.23492462311557788,
      "map_2_stderr,none": 0.01819071997464057,
      "map_3,none": 0.2826633165829144,
      "map_3_stderr,none": 0.017571167720924694,
      "map_4,none": 0.3272613065326631,
      "map_4_stderr,none": 0.016380259476169848,
      "map_norm,none": 0.38710217755443854,
      "map_norm_stderr,none": 0.013540822777818604,
      "map_2_norm,none": 0.22738693467336685,
      "map_2_norm_stderr,none": 0.018171040615122844,
      "map_3_norm,none": 0.27680067001675024,
      "map_3_norm_stderr,none": 0.017576144449042118,
      "map_4_norm,none": 0.3232830820770517,
      "map_4_norm_stderr,none": 0.016368616043318785,
      "alias": "cpa_audit-1.0-0.3"
    },
    "cma_basics-1.0-0.3": {
      "acc,none": 0.34210526315789475,
      "acc_stderr,none": 0.07799328662681833,
      "acc_norm,none": 0.3157894736842105,
      "acc_norm_stderr,none": 0.07641750223933594,
      "map,none": 0.5833333333333334,
      "map_stderr,none": 0.05135665416457358,
      "map_2,none": 0.4605263157894737,
      "map_2_stderr,none": 0.07151475030975385,
      "map_3,none": 0.5307017543859649,
      "map_3_stderr,none": 0.06218178455595536,
      "map_4,none": 0.5833333333333334,
      "map_4_stderr,none": 0.05135665416457358,
      "map_norm,none": 0.5614035087719298,
      "map_norm_stderr,none": 0.050842845782533036,
      "map_2_norm,none": 0.42105263157894735,
      "map_2_norm_stderr,none": 0.07187371321001298,
      "map_3_norm,none": 0.5087719298245613,
      "map_3_norm_stderr,none": 0.06125091110983506,
      "map_4_norm,none": 0.5614035087719298,
      "map_4_norm_stderr,none": 0.050842845782533036,
      "alias": "cma_basics-1.0-0.3"
    },
    "chabsa-1.0-0.3": {
      "acc,none": 0.5772368250679788,
      "acc_stderr,none": 0.005621609719378917,
      "f1,none": 0.4036775384156177,
      "f1_stderr,none": "N/A",
      "acc_norm,none": 0.5772368250679788,
      "acc_norm_stderr,none": 0.005621609719378917,
      "f1_norm,none": 0.4036775384156177,
      "f1_norm_stderr,none": "N/A",
      "alias": "chabsa-1.0-0.3"
    }
  },
  "group_subtasks": {
    "chabsa-1.0-0.3": [],
    "cma_basics-1.0-0.3": [],
    "cpa_audit-1.0-0.3": [],
    "fp2-1.0-0.3": [],
    "security_sales_1-1.0-0.3": []
  },
  "configs": {
    "chabsa-1.0-0.3": {
      "task": "chabsa-1.0-0.3",
      "dataset_path": "jlm_fin_eval/datasets/chabsa/chabsa.py",
      "dataset_name": "chABSA",
      "test_split": "test",
      "doc_to_text": "### 入力:\nセンテンス:{{sentence}}\nターゲット:{{target}}\n\n### 応答:\n\n",
      "doc_to_target": "{{polarity}}",
      "doc_to_choice": [
        "positive",
        "negative"
      ],
      "description": "以下は、タスクを説明する指示と、文脈のある入力の組み合わせです。要求を適切に満たす応答を書きなさい。\n\n### 指示:\n以下のセンテンスにおける、ターゲットのセンチメントをpositiveかnegativeで答えてください。\n\n\n",
      "target_delimiter": "",
      "fewshot_delimiter": "\n\n",
      "num_fewshot": 0,
      "metric_list": [
        {
          "metric": "acc",
          "aggregation": "mean",
          "higher_is_better": true
        },
        {
          "metric": "acc_norm",
          "aggregation": "mean",
          "higher_is_better": true
        },
        {
          "metric": "f1",
          "aggregation": "2class_adjusted_macro_f1_score_for_chabsa",
          "higher_is_better": true
        },
        {
          "metric": "f1_norm",
          "aggregation": "2class_adjusted_macro_f1_score_for_chabsa",
          "higher_is_better": true
        }
      ],
      "output_type": "multiple_choice",
      "repeats": 1,
      "should_decontaminate": false,
      "doc_to_decontamination_query": "sentence",
      "metadata": {
        "version": 1.0
      }
    },
    "cma_basics-1.0-0.3": {
      "task": "cma_basics-1.0-0.3",
      "dataset_path": "jlm_fin_eval/datasets/cma_basics/cma_basics.py",
      "dataset_name": "cma_basics",
      "test_split": "test",
      "doc_to_text": "def doc_to_text_03(doc):\n    q_doc_text = doc[\"question\"] + \"\\n\"\n    if doc[\"context\"] and doc[\"context\"] != \"\":\n        q_doc_text += doc[\"context\"] + \"\\n\"\n    choices = \"\\n\".join([f\"- {choice}\" for choice in doc[\"choices\"][\"text\"]])\n    input_text = f\"{q_doc_text}\" + f\"出力は以下から選択してください：\\n{choices}\"\n    return f\"### 入力:\\n{input_text}\\n\\n### 応答:\\n\"\n",
      "doc_to_target": "def doc_to_target_01(doc):\n    return [\n        choice_text\n        for choice_id, choice_text in zip(doc[\"choices\"][\"id\"], doc[\"choices\"][\"text\"])\n        if choice_id == doc[\"answer\"]\n    ][0]\n",
      "doc_to_choice": "def doc_to_choices_01(doc):\n    choices = doc[\"choices\"][\"text\"]\n    return choices\n",
      "description": "以下は、タスクを説明する指示と、文脈のある入力の組み合わせです。要求を適切に満たす応答を書きなさい。\n\n### 指示:\n与えられた選択肢の中から、最適な答えを選んでください。\n\n\n",
      "target_delimiter": "",
      "fewshot_delimiter": "\n\n",
      "num_fewshot": 0,
      "metric_list": [
        {
          "metric": "acc",
          "aggregation": "mean",
          "higher_is_better": true
        },
        {
          "metric": "acc_norm",
          "aggregation": "mean",
          "higher_is_better": true
        },
        {
          "metric": "map",
          "aggregation": "mean",
          "higher_is_better": true
        },
        {
          "metric": "map_2",
          "aggregation": "mean",
          "higher_is_better": true
        },
        {
          "metric": "map_3",
          "aggregation": "mean",
          "higher_is_better": true
        },
        {
          "metric": "map_4",
          "aggregation": "mean",
          "higher_is_better": true
        },
        {
          "metric": "map_norm",
          "aggregation": "mean",