{
  "results": {
    "security_sales_1": {
      "acc,none": 0.43859649122807015,
      "acc_stderr,none": 0.0663095566682855,
      "acc_norm,none": 0.43859649122807015,
      "acc_norm_stderr,none": 0.0663095566682855,
      "map,none": 0.7002923976608186,
      "map_stderr,none": 0.036121129710584676,
      "map_2,none": 0.6666666666666666,
      "map_2_stderr,none": 0.04395353360224455,
      "map_3,none": 0.6959064327485379,
      "map_3_stderr,none": 0.03734310141409993,
      "map_4,none": 0.7002923976608186,
      "map_4_stderr,none": 0.036121129710584676,
      "map_norm,none": 0.7002923976608186,
      "map_norm_stderr,none": 0.036121129710584676,
      "map_2_norm,none": 0.6666666666666666,
      "map_2_norm_stderr,none": 0.04395353360224455,
      "map_3_norm,none": 0.6959064327485379,
      "map_3_norm_stderr,none": 0.03734310141409993,
      "map_4_norm,none": 0.7002923976608186,
      "map_4_norm_stderr,none": 0.036121129710584676,
      "alias": "security_sales_1"
    },
    "fp2": {
      "acc,none": 0.24842105263157896,
      "acc_stderr,none": 0.01984688399487186,
      "acc_norm,none": 0.24842105263157896,
      "acc_norm_stderr,none": 0.01984688399487186,
      "map,none": 0.518596491228071,
      "map_stderr,none": 0.01336164694836803,
      "map_2,none": 0.3705263157894737,
      "map_2_stderr,none": 0.01905930858422918,
      "map_3,none": 0.4554385964912288,
      "map_3_stderr,none": 0.016583344206506485,
      "map_4,none": 0.518596491228071,
      "map_4_stderr,none": 0.01336164694836803,
      "map_norm,none": 0.518596491228071,
      "map_norm_stderr,none": 0.01336164694836803,
      "map_2_norm,none": 0.3705263157894737,
      "map_2_norm_stderr,none": 0.01905930858422918,
      "map_3_norm,none": 0.4554385964912288,
      "map_3_norm_stderr,none": 0.016583344206506485,
      "map_4_norm,none": 0.518596491228071,
      "map_4_norm_stderr,none": 0.01336164694836803,
      "alias": "fp2"
    },
    "cpa_audit": {
      "acc,none": 0.16834170854271358,
      "acc_stderr,none": 0.018779026412908448,
      "acc_norm,none": 0.16834170854271358,
      "acc_norm_stderr,none": 0.018779026412908448,
      "map,none": 0.4021356783919595,
      "map_stderr,none": 0.014509921747764574,
      "map_2,none": 0.24246231155778894,
      "map_2_stderr,none": 0.019217306793977824,
      "map_3,none": 0.29355108877721925,
      "map_3_stderr,none": 0.01852626705840893,
      "map_4,none": 0.3368927973199328,
      "map_4_stderr,none": 0.017369177998641936,
      "map_norm,none": 0.4021356783919595,
      "map_norm_stderr,none": 0.014509921747764574,
      "map_2_norm,none": 0.24246231155778894,
      "map_2_norm_stderr,none": 0.019217306793977824,
      "map_3_norm,none": 0.29355108877721925,
      "map_3_norm_stderr,none": 0.01852626705840893,
      "map_4_norm,none": 0.3368927973199328,
      "map_4_norm_stderr,none": 0.017369177998641936,
      "alias": "cpa_audit"
    },
    "cma_basics": {
      "acc,none": 0.34210526315789475,
      "acc_stderr,none": 0.07799328662681834,
      "acc_norm,none": 0.34210526315789475,
      "acc_norm_stderr,none": 0.07799328662681834,
      "map,none": 0.5811403508771928,
      "map_stderr,none": 0.051114383503829935,
      "map_2,none": 0.4342105263157895,
      "map_2_stderr,none": 0.07345142052853472,
      "map_3,none": 0.5482456140350876,
      "map_3_stderr,none": 0.05826230002014064,
      "map_4,none": 0.5811403508771928,
      "map_4_stderr,none": 0.051114383503829935,
      "map_norm,none": 0.5811403508771928,
      "map_norm_stderr,none": 0.051114383503829935,
      "map_2_norm,none": 0.4342105263157895,
      "map_2_norm_stderr,none": 0.07345142052853472,
      "map_3_norm,none": 0.5482456140350876,
      "map_3_norm_stderr,none": 0.05826230002014064,
      "map_4_norm,none": 0.5811403508771928,
      "map_4_norm_stderr,none": 0.051114383503829935,
      "alias": "cma_basics"
    },
    "chabsa": {
      "acc,none": 0.7586430143726531,
      "acc_stderr,none": 0.004869493265373224,
      "f1,none": 0.7425588137921857,
      "f1_stderr,none": "N/A",
      "acc_norm,none": 0.7586430143726531,
      "acc_norm_stderr,none": 0.004869493265373224,
      "f1_norm,none": 0.7425588137921857,
      "f1_norm_stderr,none": "N/A",
      "alias": "chabsa"
    }
  },
  "group_subtasks": {
    "chabsa": [],
    "cma_basics": [],
    "cpa_audit": [],
    "fp2": [],
    "security_sales_1": []
  },
  "configs": {
    "chabsa": {
      "task": "chabsa",
      "dataset_path": "jlm_fin_eval/datasets/chabsa/chabsa.py",
      "dataset_name": "chABSA",
      "test_split": "test",
      "doc_to_text": "センテンス: {{sentence}}\nターゲット: {{target}}\n回答:",
      "doc_to_target": "{{polarity}}",
      "doc_to_choice": [
        "positive",
        "negative"
      ],
      "description": "以下のセンテンスにおける、ターゲットのセンチメントをpositiveかnegativeで答えてください。\n\n\n",
      "target_delimiter": " ",
      "fewshot_delimiter": "\n\n",
      "num_fewshot": 0,
      "metric_list": [
        {
          "metric": "acc",
          "aggregation": "mean",
          "higher_is_better": true
        },
        {
          "metric": "acc_norm",
          "aggregation": "mean",
          "higher_is_better": true
        },
        {
          "metric": "f1",
          "aggregation": "2class_adjusted_macro_f1_score_for_chabsa",
          "higher_is_better": true
        },
        {
          "metric": "f1_norm",
          "aggregation": "2class_adjusted_macro_f1_score_for_chabsa",
          "higher_is_better": true
        }
      ],
      "output_type": "multiple_choice",
      "repeats": 1,
      "should_decontaminate": false,
      "doc_to_decontamination_query": "sentence",
      "metadata": {
        "version": 1.0
      }
    },
    "cma_basics": {
      "task": "cma_basics",
      "dataset_path": "jlm_fin_eval/datasets/cma_basics/cma_basics.py",
      "dataset_name": "cma_basics",
      "test_split": "test",
      "doc_to_text": "def doc_to_text_00(doc):\n    doc_text = \"【問題】\\n\" + doc[\"question\"] + \"\\n\"\n    if doc[\"context\"] and doc[\"context\"] != \"\":\n        doc_text += doc[\"context\"] + \"\\n\"\n    doc_text += \"\\n【選択肢】\\n\"\n    for choice_id, choice_text in zip(doc[\"choices\"][\"id\"], doc[\"choices\"][\"text\"]):\n        doc_text += chr(choice_id + 65) + \": \" + choice_text + \"\\n\"\n    doc_text += \"\\n【答え】\\n\"\n    # doc_text += chr(int(doc[\"answer\"]) + 65)\n    return doc_text\n",
      "doc_to_target": "def doc_to_target_alphabet(doc):\n    answer = chr(int(doc[\"answer\"]) + 65)\n    return answer\n",
      "doc_to_choice": "def doc_to_choices_alphabet(doc):\n    choices = [chr(choice_id + 65) for choice_id in doc[\"choices\"][\"id\"]]\n    return choices\n",
      "description": "以下の問題の適切な答えを選択肢から選んでアルファベットで答えなさい。\n\n\n",
      "target_delimiter": "",
      "fewshot_delimiter": "\n\n",
      "num_fewshot": 0,
      "metric_list": [
        {
          "metric": "acc",
          "aggregation": "mean",
          "higher_is_better": true
        },
        {
          "metric": "acc_norm",
          "aggregation": "mean",
          "higher_is_better": true
        },
        {
          "metric": "map",
          "aggregation": "mean",
          "higher_is_better": true
        },
        {
          "metric": "map_2",
          "aggregation": "mean",
          "higher_is_better": true
        },
        {
          "metric": "map_3",
          "aggregation": "mean",
          "higher_is_better": true
        },
        {
          "metric": "map_4",
          "aggregation": "mean",
          "higher_is_better": true
        },
        {
          "metric": "map_norm",
          "aggregation": "mean",
          "higher_is_better": true
        },
        {
          "metric": "map_2_norm",
          "aggregation": "mean",
          "higher_is_better": true
        },
        {
          "metric": "map_3_norm",
          "aggregation": "mean",