{
  "results": {
    "security_sales_1-1.0-0.5": {
      "acc,none": 0.43859649122807015,
      "acc_stderr,none": 0.0663095566682855,
      "acc_norm,none": 0.43859649122807015,
      "acc_norm_stderr,none": 0.0663095566682855,
      "map,none": 0.685672514619883,
      "map_stderr,none": 0.038407266332801344,
      "map_2,none": 0.6403508771929824,
      "map_2_stderr,none": 0.04807442858450697,
      "map_3,none": 0.6637426900584794,
      "map_3_stderr,none": 0.043653791473287934,
      "map_4,none": 0.685672514619883,
      "map_4_stderr,none": 0.038407266332801344,
      "map_norm,none": 0.6798245614035088,
      "map_norm_stderr,none": 0.03929051067361605,
      "map_2_norm,none": 0.631578947368421,
      "map_2_norm_stderr,none": 0.049315991418903214,
      "map_3_norm,none": 0.6491228070175439,
      "map_3_norm_stderr,none": 0.046209007687950616,
      "map_4_norm,none": 0.6798245614035088,
      "map_4_norm_stderr,none": 0.03929051067361605,
      "alias": "security_sales_1-1.0-0.5"
    },
    "fp2-1.0-0.5": {
      "acc,none": 0.2736842105263158,
      "acc_stderr,none": 0.02047851418222545,
      "acc_norm,none": 0.2736842105263158,
      "acc_norm_stderr,none": 0.02047851418222545,
      "map,none": 0.5326315789473698,
      "map_stderr,none": 0.013818758074942988,
      "map_2,none": 0.3831578947368421,
      "map_2_stderr,none": 0.019630753445185122,
      "map_3,none": 0.471578947368422,
      "map_3_stderr,none": 0.016973587375581793,
      "map_4,none": 0.5326315789473698,
      "map_4_stderr,none": 0.013818758074942988,
      "map_norm,none": 0.5326315789473698,
      "map_norm_stderr,none": 0.013818758074942988,
      "map_2_norm,none": 0.3831578947368421,
      "map_2_norm_stderr,none": 0.019630753445185122,
      "map_3_norm,none": 0.471578947368422,
      "map_3_norm_stderr,none": 0.016973587375581793,
      "map_4_norm,none": 0.5326315789473698,
      "map_4_norm_stderr,none": 0.013818758074942988,
      "alias": "fp2-1.0-0.5"
    },
    "cpa_audit-1.0-0.5": {
      "acc,none": 0.13316582914572864,
      "acc_stderr,none": 0.0170517578589349,
      "acc_norm,none": 0.12060301507537688,
      "acc_norm_stderr,none": 0.01634467597786587,
      "map,none": 0.38387772194304837,
      "map_stderr,none": 0.01333694131685294,
      "map_2,none": 0.2198492462311558,
      "map_2_stderr,none": 0.017968195146599555,
      "map_3,none": 0.27596314907872666,
      "map_3_stderr,none": 0.017317345617852527,
      "map_4,none": 0.3180485762144049,
      "map_4_stderr,none": 0.016230287941287908,
      "map_norm,none": 0.3775963149078725,
      "map_norm_stderr,none": 0.01289142777334277,
      "map_2_norm,none": 0.2135678391959799,
      "map_2_norm_stderr,none": 0.017492294467425114,
      "map_3_norm,none": 0.2696817420435508,
      "map_3_norm_stderr,none": 0.016875736343786096,
      "map_4_norm,none": 0.31176716917922903,
      "map_4_norm_stderr,none": 0.015800444022081788,
      "alias": "cpa_audit-1.0-0.5"
    },
    "cma_basics-1.0-0.5": {
      "acc,none": 0.39473684210526316,
      "acc_stderr,none": 0.0803572542664568,
      "acc_norm,none": 0.2894736842105263,
      "acc_norm_stderr,none": 0.07455791696866065,
      "map,none": 0.6293859649122807,
      "map_stderr,none": 0.050941174350828136,
      "map_2,none": 0.5263157894736842,
      "map_2_stderr,none": 0.07042688475064172,
      "map_3,none": 0.5964912280701755,
      "map_3_stderr,none": 0.058843894144731325,
      "map_4,none": 0.6293859649122807,
      "map_4_stderr,none": 0.050941174350828136,
      "map_norm,none": 0.5723684210526315,
      "map_norm_stderr,none": 0.047057717368610204,
      "map_2_norm,none": 0.4605263157894737,
      "map_2_norm_stderr,none": 0.06635602428207724,
      "map_3_norm,none": 0.5394736842105263,
      "map_3_norm_stderr,none": 0.05459530063877282,
      "map_4_norm,none": 0.5723684210526315,
      "map_4_norm_stderr,none": 0.047057717368610204,
      "alias": "cma_basics-1.0-0.5"
    },
    "chabsa-1.0-0.5": {
      "acc,none": 0.5620872717855756,
      "acc_stderr,none": 0.0056458685318712615,
      "f1,none": 0.3618987699964827,
      "f1_stderr,none": "N/A",
      "acc_norm,none": 0.5620872717855756,
      "acc_norm_stderr,none": 0.0056458685318712615,
      "f1_norm,none": 0.3618987699964827,
      "f1_norm_stderr,none": "N/A",
      "alias": "chabsa-1.0-0.5"
    }
  },
  "group_subtasks": {
    "chabsa-1.0-0.5": [],
    "cma_basics-1.0-0.5": [],
    "cpa_audit-1.0-0.5": [],
    "fp2-1.0-0.5": [],
    "security_sales_1-1.0-0.5": []
  },
  "configs": {
    "chabsa-1.0-0.5": {
      "task": "chabsa-1.0-0.5",
      "dataset_path": "jlm_fin_eval/datasets/chabsa/chabsa.py",
      "dataset_name": "chABSA",
      "test_split": "test",
      "doc_to_text": "センテンス: {{sentence}}\nターゲット: {{target}}\nシステム:",
      "doc_to_target": "{{polarity}}",
      "doc_to_choice": [
        "positive",
        "negative"
      ],
      "description": "ユーザー: センテンスにおける、ターゲットのセンチメントをpositiveかnegativeで答えてください。\nシステム: 分かりました。\n\n",
      "target_delimiter": " ",
      "fewshot_delimiter": "\n",
      "num_fewshot": 0,
      "metric_list": [
        {
          "metric": "acc",
          "aggregation": "mean",
          "higher_is_better": true
        },
        {
          "metric": "acc_norm",
          "aggregation": "mean",
          "higher_is_better": true
        },
        {
          "metric": "f1",
          "aggregation": "2class_adjusted_macro_f1_score_for_chabsa",
          "higher_is_better": true
        },
        {
          "metric": "f1_norm",
          "aggregation": "2class_adjusted_macro_f1_score_for_chabsa",
          "higher_is_better": true
        }
      ],
      "output_type": "multiple_choice",
      "repeats": 1,
      "should_decontaminate": false,
      "doc_to_decontamination_query": "sentence",
      "metadata": {
        "version": 1.0
      }
    },
    "cma_basics-1.0-0.5": {
      "task": "cma_basics-1.0-0.5",
      "dataset_path": "jlm_fin_eval/datasets/cma_basics/cma_basics.py",
      "dataset_name": "cma_basics",
      "test_split": "test",
      "doc_to_text": "def doc_to_text_05(doc):\n    return doc_to_text_04(doc, SEP=\"\\n\")\n",
      "doc_to_target": "def doc_to_target_01(doc):\n    return [\n        choice_text\n        for choice_id, choice_text in zip(doc[\"choices\"][\"id\"], doc[\"choices\"][\"text\"])\n        if choice_id == doc[\"answer\"]\n    ][0]\n",
      "doc_to_choice": "def doc_to_choices_01(doc):\n    choices = doc[\"choices\"][\"text\"]\n    return choices\n",
      "description": "ユーザー: 与えられた選択肢の中から、最適な答えを選んでください。\nシステム: 分かりました。\n\n",
      "target_delimiter": "",
      "fewshot_delimiter": "\n",
      "num_fewshot": 0,
      "metric_list": [
        {
          "metric": "acc",
          "aggregation": "mean",
          "higher_is_better": true
        },
        {
          "metric": "acc_norm",
          "aggregation": "mean",
          "higher_is_better": true
        },
        {
          "metric": "map",
          "aggregation": "mean",
          "higher_is_better": true
        },
        {
          "metric": "map_2",
          "aggregation": "mean",
          "higher_is_better": true
        },
        {
          "metric": "map_3",
          "aggregation": "mean",
          "higher_is_better": true
        },
        {
          "metric": "map_4",
          "aggregation": "mean",
          "higher_is_better": true
        },
        {
          "metric": "map_norm",
          "aggregation": "mean",
          "higher_is_better": true
        },
        {
          "metric": "map_2_norm",
          "aggregation": "mean",
          "higher_is_better": true
        },
        {
          "metric": "map_3_norm",
          "aggregation": "mean",
          "higher_is_better": true
        },
        {
          "metric": "map_4_norm",
          "aggregation": "mean",
          "higher_is_better": true
        }
      ],
      "output_type": "multiple_choice",
      "repeats": 1,