{
  "results": {
    "security_sales_1-1.0-0.4": {
      "acc,none": 0.47368421052631576,
      "acc_stderr,none": 0.06672270432067237,
      "acc_norm,none": 0.45614035087719296,
      "acc_norm_stderr,none": 0.06655775300696491,
      "map,none": 0.706140350877193,
      "map_stderr,none": 0.038468830800368004,
      "map_2,none": 0.6666666666666666,
      "map_2_stderr,none": 0.04738350265803162,
      "map_3,none": 0.6842105263157895,
      "map_3_stderr,none": 0.043890966262907796,
      "map_4,none": 0.706140350877193,
      "map_4_stderr,none": 0.038468830800368004,
      "map_norm,none": 0.6929824561403509,
      "map_norm_stderr,none": 0.03892157752039222,
      "map_2_norm,none": 0.6491228070175439,
      "map_2_norm_stderr,none": 0.04841619422794863,
      "map_3_norm,none": 0.6666666666666666,
      "map_3_norm_stderr,none": 0.045125833533911856,
      "map_4_norm,none": 0.6929824561403509,
      "map_4_norm_stderr,none": 0.03892157752039222,
      "alias": "security_sales_1-1.0-0.4"
    },
    "fp2-1.0-0.4": {
      "acc,none": 0.25263157894736843,
      "acc_stderr,none": 0.01995822981303425,
      "acc_norm,none": 0.25263157894736843,
      "acc_norm_stderr,none": 0.01995822981303425,
      "map,none": 0.5203508771929833,
      "map_stderr,none": 0.013395452189309976,
      "map_2,none": 0.37473684210526315,
      "map_2_stderr,none": 0.019060412401639065,
      "map_3,none": 0.4561403508771937,
      "map_3_stderr,none": 0.01666890673804741,
      "map_4,none": 0.5203508771929833,
      "map_4_stderr,none": 0.013395452189309976,
      "map_norm,none": 0.5203508771929833,
      "map_norm_stderr,none": 0.013395452189309976,
      "map_2_norm,none": 0.37473684210526315,
      "map_2_norm_stderr,none": 0.019060412401639065,
      "map_3_norm,none": 0.4561403508771937,
      "map_3_norm_stderr,none": 0.01666890673804741,
      "map_4_norm,none": 0.5203508771929833,
      "map_4_norm_stderr,none": 0.013395452189309976,
      "alias": "fp2-1.0-0.4"
    },
    "cpa_audit-1.0-0.4": {
      "acc,none": 0.1507537688442211,
      "acc_stderr,none": 0.017957904178307886,
      "acc_norm,none": 0.1507537688442211,
      "acc_norm_stderr,none": 0.017957904178307886,
      "map,none": 0.3974036850921271,
      "map_stderr,none": 0.013861771851938764,
      "map_2,none": 0.23492462311557788,
      "map_2_stderr,none": 0.018620539121182427,
      "map_3,none": 0.29103852596314866,
      "map_3_stderr,none": 0.0178744858951008,
      "map_4,none": 0.3362646566164151,
      "map_4_stderr,none": 0.016628739320113297,
      "map_norm,none": 0.394556113902847,
      "map_norm_stderr,none": 0.013936094769693411,
      "map_2_norm,none": 0.23492462311557788,
      "map_2_norm_stderr,none": 0.018620539121182427,
      "map_3_norm,none": 0.2851758793969846,
      "map_3_norm_stderr,none": 0.017974536463687903,
      "map_4_norm,none": 0.3304020100502509,
      "map_4_norm_stderr,none": 0.01677609694209821,
      "alias": "cpa_audit-1.0-0.4"
    },
    "cma_basics-1.0-0.4": {
      "acc,none": 0.2894736842105263,
      "acc_stderr,none": 0.07455791696866065,
      "acc_norm,none": 0.23684210526315788,
      "acc_norm_stderr,none": 0.06989334006042332,
      "map,none": 0.5592105263157894,
      "map_stderr,none": 0.048478091984016036,
      "map_2,none": 0.4342105263157895,
      "map_2_stderr,none": 0.06843883126059967,
      "map_3,none": 0.5131578947368421,
      "map_3_stderr,none": 0.05808355347211886,
      "map_4,none": 0.5592105263157894,
      "map_4_stderr,none": 0.048478091984016036,
      "map_norm,none": 0.5285087719298245,
      "map_norm_stderr,none": 0.04535874552163763,
      "map_2_norm,none": 0.3815789473684211,
      "map_2_norm_stderr,none": 0.06649690771940579,
      "map_3_norm,none": 0.4956140350877193,
      "map_3_norm_stderr,none": 0.05239892469659295,
      "map_4_norm,none": 0.5285087719298245,
      "map_4_norm_stderr,none": 0.04535874552163763,
      "alias": "cma_basics-1.0-0.4"
    },
    "chabsa-1.0-0.4": {
      "acc,none": 0.5711511070827399,
      "acc_stderr,none": 0.005632001469671068,
      "f1,none": 0.3865914521912184,
      "f1_stderr,none": "N/A",
      "acc_norm,none": 0.5711511070827399,
      "acc_norm_stderr,none": 0.005632001469671068,
      "f1_norm,none": 0.3865914521912184,
      "f1_norm_stderr,none": "N/A",
      "alias": "chabsa-1.0-0.4"
    }
  },
  "group_subtasks": {
    "chabsa-1.0-0.4": [],
    "cma_basics-1.0-0.4": [],
    "cpa_audit-1.0-0.4": [],
    "fp2-1.0-0.4": [],
    "security_sales_1-1.0-0.4": []
  },
  "configs": {
    "chabsa-1.0-0.4": {
      "task": "chabsa-1.0-0.4",
      "dataset_path": "jlm_fin_eval/datasets/chabsa/chabsa.py",
      "dataset_name": "chABSA",
      "test_split": "test",
      "doc_to_text": "センテンス: {{sentence}}<NL>ターゲット: {{target}}<NL>システム:",
      "doc_to_target": "{{polarity}}",
      "doc_to_choice": [
        "positive",
        "negative"
      ],
      "description": "ユーザー: センテンスにおける、ターゲットのセンチメントをpositiveかnegativeで答えてください。<NL>システム: 分かりました。<NL>",
      "target_delimiter": " ",
      "fewshot_delimiter": "<NL>",
      "num_fewshot": 0,
      "metric_list": [
        {
          "metric": "acc",
          "aggregation": "mean",
          "higher_is_better": true
        },
        {
          "metric": "acc_norm",
          "aggregation": "mean",
          "higher_is_better": true
        },
        {
          "metric": "f1",
          "aggregation": "2class_adjusted_macro_f1_score_for_chabsa",
          "higher_is_better": true
        },
        {
          "metric": "f1_norm",
          "aggregation": "2class_adjusted_macro_f1_score_for_chabsa",
          "higher_is_better": true
        }
      ],
      "output_type": "multiple_choice",
      "repeats": 1,
      "should_decontaminate": false,
      "doc_to_decontamination_query": "sentence",
      "metadata": {
        "version": 1.0
      }
    },
    "cma_basics-1.0-0.4": {
      "task": "cma_basics-1.0-0.4",
      "dataset_path": "jlm_fin_eval/datasets/cma_basics/cma_basics.py",
      "dataset_name": "cma_basics",
      "test_split": "test",
      "doc_to_text": "def doc_to_text_04(doc, SEP=\"<NL>\"):\n    q_doc_text = doc[\"question\"]\n    if doc[\"context\"] and doc[\"context\"] != \"\":\n        q_doc_text += \"\\n\" + doc[\"context\"]\n    choices = SEP.join([f\"- {choice}\" for choice in doc[\"choices\"][\"text\"]])\n    input_text = f\"質問：{q_doc_text}{SEP}\" + f\"選択肢：{SEP}{choices}\"\n    return f\"ユーザー: {input_text}{SEP}システム: \"\n",
      "doc_to_target": "def doc_to_target_01(doc):\n    return [\n        choice_text\n        for choice_id, choice_text in zip(doc[\"choices\"][\"id\"], doc[\"choices\"][\"text\"])\n        if choice_id == doc[\"answer\"]\n    ][0]\n",
      "doc_to_choice": "def doc_to_choices_01(doc):\n    choices = doc[\"choices\"][\"text\"]\n    return choices\n",
      "description": "ユーザー: 与えられた選択肢の中から、最適な答えを選んでください。<NL>システム: 分かりました。<NL>",
      "target_delimiter": "",
      "fewshot_delimiter": "<NL>",
      "num_fewshot": 0,
      "metric_list": [
        {
          "metric": "acc",
          "aggregation": "mean",
          "higher_is_better": true
        },
        {
          "metric": "acc_norm",
          "aggregation": "mean",
          "higher_is_better": true
        },
        {
          "metric": "map",
          "aggregation": "mean",
          "higher_is_better": true
        },
        {
          "metric": "map_2",
          "aggregation": "mean",
          "higher_is_better": true
        },
        {
          "metric": "map_3",
          "aggregation": "mean",
          "higher_is_better": true
        },
        {
          "metric": "map_4",
          "aggregation": "mean",
          "higher_is_better": true
        },
        {
          "metric": "map_norm",
          "aggregation": "mean",
          "higher_is_better": true
        },
        {
          "metric": "map_2_norm",
          "aggregation": "mean",