{
  "results": {
    "security_sales_1-1.0-0.5": {
      "acc,none": 0.49122807017543857,
      "acc_stderr,none": 0.06680502724442025,
      "acc_norm,none": 0.45614035087719296,
      "acc_norm_stderr,none": 0.06655775300696491,
      "map,none": 0.7134502923976609,
      "map_stderr,none": 0.03891373161444737,
      "map_2,none": 0.6754385964912281,
      "map_2_stderr,none": 0.04764377408421146,
      "map_3,none": 0.6871345029239767,
      "map_3_stderr,none": 0.0453317422103698,
      "map_4,none": 0.7134502923976609,
      "map_4_stderr,none": 0.03891373161444737,
      "map_norm,none": 0.6842105263157895,
      "map_norm_stderr,none": 0.040163835866008364,
      "map_2_norm,none": 0.631578947368421,
      "map_2_norm_stderr,none": 0.05087935351043053,
      "map_3_norm,none": 0.6491228070175439,
      "map_3_norm_stderr,none": 0.0478739385836919,
      "map_4_norm,none": 0.6842105263157895,
      "map_4_norm_stderr,none": 0.040163835866008364,
      "alias": "security_sales_1-1.0-0.5"
    },
    "fp2-1.0-0.5": {
      "acc,none": 0.24842105263157896,
      "acc_stderr,none": 0.01984688399487186,
      "acc_norm,none": 0.24842105263157896,
      "acc_norm_stderr,none": 0.01984688399487186,
      "map,none": 0.514736842105264,
      "map_stderr,none": 0.013381023213590078,
      "map_2,none": 0.3631578947368421,
      "map_2_stderr,none": 0.01909631294054276,
      "map_3,none": 0.44947368421052697,
      "map_3_stderr,none": 0.016654986147388584,
      "map_4,none": 0.514736842105264,
      "map_4_stderr,none": 0.013381023213590078,
      "map_norm,none": 0.514736842105264,
      "map_norm_stderr,none": 0.013381023213590078,
      "map_2_norm,none": 0.3631578947368421,
      "map_2_norm_stderr,none": 0.01909631294054276,
      "map_3_norm,none": 0.44947368421052697,
      "map_3_norm_stderr,none": 0.016654986147388584,
      "map_4_norm,none": 0.514736842105264,
      "map_4_norm_stderr,none": 0.013381023213590078,
      "alias": "fp2-1.0-0.5"
    },
    "cpa_audit-1.0-0.5": {
      "acc,none": 0.15577889447236182,
      "acc_stderr,none": 0.018200660886313003,
      "acc_norm,none": 0.1507537688442211,
      "acc_norm_stderr,none": 0.017957904178307883,
      "map,none": 0.40058626465661656,
      "map_stderr,none": 0.014002038774630314,
      "map_2,none": 0.23492462311557788,
      "map_2_stderr,none": 0.01878971396138228,
      "map_3,none": 0.30192629815745364,
      "map_3_stderr,none": 0.01785233024291494,
      "map_4,none": 0.3383584589614738,
      "map_4_stderr,none": 0.01681932766747637,
      "map_norm,none": 0.39551926298157464,
      "map_norm_stderr,none": 0.013859608805566321,
      "map_2_norm,none": 0.22738693467336685,
      "map_2_norm_stderr,none": 0.018601314496673117,
      "map_3_norm,none": 0.2960636515912895,
      "map_3_norm_stderr,none": 0.017695215945271493,
      "map_4_norm,none": 0.3318676716917919,
      "map_4_norm_stderr,none": 0.016704382164036802,
      "alias": "cpa_audit-1.0-0.5"
    },
    "cma_basics-1.0-0.5": {
      "acc,none": 0.2894736842105263,
      "acc_stderr,none": 0.07455791696866065,
      "acc_norm,none": 0.3157894736842105,
      "acc_norm_stderr,none": 0.07641750223933595,
      "map,none": 0.5570175438596491,
      "map_stderr,none": 0.04849819653096913,
      "map_2,none": 0.42105263157894735,
      "map_2_stderr,none": 0.06935569099881989,
      "map_3,none": 0.5175438596491228,
      "map_3_stderr,none": 0.05684860261761283,
      "map_4,none": 0.5570175438596491,
      "map_4_stderr,none": 0.04849819653096913,
      "map_norm,none": 0.581140350877193,
      "map_norm_stderr,none": 0.048435174392924864,
      "map_2_norm,none": 0.4473684210526316,
      "map_2_norm_stderr,none": 0.07002710734081143,
      "map_3_norm,none": 0.5614035087719298,
      "map_3_norm_stderr,none": 0.053123197867918706,
      "map_4_norm,none": 0.581140350877193,
      "map_4_norm_stderr,none": 0.048435174392924864,
      "alias": "cma_basics-1.0-0.5"
    },
    "chabsa-1.0-0.5": {
      "acc,none": 0.5615693383400233,
      "acc_stderr,none": 0.005646602999216807,
      "f1,none": 0.3605059406675491,
      "f1_stderr,none": "N/A",
      "acc_norm,none": 0.5615693383400233,
      "acc_norm_stderr,none": 0.005646602999216807,
      "f1_norm,none": 0.3605059406675491,
      "f1_norm_stderr,none": "N/A",
      "alias": "chabsa-1.0-0.5"
    }
  },
  "group_subtasks": {
    "chabsa-1.0-0.5": [],
    "cma_basics-1.0-0.5": [],
    "cpa_audit-1.0-0.5": [],
    "fp2-1.0-0.5": [],
    "security_sales_1-1.0-0.5": []
  },
  "configs": {
    "chabsa-1.0-0.5": {
      "task": "chabsa-1.0-0.5",
      "dataset_path": "jlm_fin_eval/datasets/chabsa/chabsa.py",
      "dataset_name": "chABSA",
      "test_split": "test",
      "doc_to_text": "センテンス: {{sentence}}\nターゲット: {{target}}\nシステム:",
      "doc_to_target": "{{polarity}}",
      "doc_to_choice": [
        "positive",
        "negative"
      ],
      "description": "ユーザー: センテンスにおける、ターゲットのセンチメントをpositiveかnegativeで答えてください。\nシステム: 分かりました。\n\n",
      "target_delimiter": " ",
      "fewshot_delimiter": "\n",
      "num_fewshot": 0,
      "metric_list": [
        {
          "metric": "acc",
          "aggregation": "mean",
          "higher_is_better": true
        },
        {
          "metric": "acc_norm",
          "aggregation": "mean",
          "higher_is_better": true
        },
        {
          "metric": "f1",
          "aggregation": "2class_adjusted_macro_f1_score_for_chabsa",
          "higher_is_better": true
        },
        {
          "metric": "f1_norm",
          "aggregation": "2class_adjusted_macro_f1_score_for_chabsa",
          "higher_is_better": true
        }
      ],
      "output_type": "multiple_choice",
      "repeats": 1,
      "should_decontaminate": false,
      "doc_to_decontamination_query": "sentence",
      "metadata": {
        "version": 1.0
      }
    },
    "cma_basics-1.0-0.5": {
      "task": "cma_basics-1.0-0.5",
      "dataset_path": "jlm_fin_eval/datasets/cma_basics/cma_basics.py",
      "dataset_name": "cma_basics",
      "test_split": "test",
      "doc_to_text": "def doc_to_text_05(doc):\n    return doc_to_text_04(doc, SEP=\"\\n\")\n",
      "doc_to_target": "def doc_to_target_01(doc):\n    return [\n        choice_text\n        for choice_id, choice_text in zip(doc[\"choices\"][\"id\"], doc[\"choices\"][\"text\"])\n        if choice_id == doc[\"answer\"]\n    ][0]\n",
      "doc_to_choice": "def doc_to_choices_01(doc):\n    choices = doc[\"choices\"][\"text\"]\n    return choices\n",
      "description": "ユーザー: 与えられた選択肢の中から、最適な答えを選んでください。\nシステム: 分かりました。\n\n",
      "target_delimiter": "",
      "fewshot_delimiter": "\n",
      "num_fewshot": 0,
      "metric_list": [
        {
          "metric": "acc",
          "aggregation": "mean",
          "higher_is_better": true
        },
        {
          "metric": "acc_norm",
          "aggregation": "mean",
          "higher_is_better": true
        },
        {
          "metric": "map",
          "aggregation": "mean",
          "higher_is_better": true
        },
        {
          "metric": "map_2",
          "aggregation": "mean",
          "higher_is_better": true
        },
        {
          "metric": "map_3",
          "aggregation": "mean",
          "higher_is_better": true
        },
        {
          "metric": "map_4",
          "aggregation": "mean",
          "higher_is_better": true
        },
        {
          "metric": "map_norm",
          "aggregation": "mean",
          "higher_is_better": true
        },
        {
          "metric": "map_2_norm",
          "aggregation": "mean",
          "higher_is_better": true
        },
        {
          "metric": "map_3_norm",
          "aggregation": "mean",
          "higher_is_better": true
        },
        {
          "metric": "map_4_norm",
          "aggregation": "mean",
          "higher_is_better": true
        }
      ],
      "output_type": "multiple_choice",
      "repeats": 1,