{
  "results": {
    "security_sales_1-1.0-0.3": {
      "acc,none": 0.47368421052631576,
      "acc_stderr,none": 0.06672270432067237,
      "acc_norm,none": 0.40350877192982454,
      "acc_norm_stderr,none": 0.06555933012294897,
      "map,none": 0.7163742690058479,
      "map_stderr,none": 0.036777693292337967,
      "map_2,none": 0.6842105263157895,
      "map_2_stderr,none": 0.04448180288044822,
      "map_3,none": 0.7076023391812865,
      "map_3_stderr,none": 0.03919811606291763,
      "map_4,none": 0.7163742690058479,
      "map_4_stderr,none": 0.036777693292337967,
      "map_norm,none": 0.6666666666666666,
      "map_norm_stderr,none": 0.03806487668563674,
      "map_2_norm,none": 0.6228070175438597,
      "map_2_norm_stderr,none": 0.04729642723500154,
      "map_3_norm,none": 0.6403508771929824,
      "map_3_norm_stderr,none": 0.04410956367618556,
      "map_4_norm,none": 0.6666666666666666,
      "map_4_norm_stderr,none": 0.03806487668563674,
      "alias": "security_sales_1-1.0-0.3"
    },
    "fp2-1.0-0.3": {
      "acc,none": 0.24421052631578946,
      "acc_stderr,none": 0.019733014655901628,
      "acc_norm,none": 0.24421052631578946,
      "acc_norm_stderr,none": 0.019733014655901628,
      "map,none": 0.5087719298245623,
      "map_stderr,none": 0.013171458944755429,
      "map_2,none": 0.3526315789473684,
      "map_2_stderr,none": 0.018930335078139047,
      "map_3,none": 0.44666666666666754,
      "map_3_stderr,none": 0.01630694788919292,
      "map_4,none": 0.5087719298245623,
      "map_4_stderr,none": 0.013171458944755429,
      "map_norm,none": 0.5087719298245623,
      "map_norm_stderr,none": 0.013171458944755429,
      "map_2_norm,none": 0.3526315789473684,
      "map_2_norm_stderr,none": 0.018930335078139047,
      "map_3_norm,none": 0.44666666666666754,
      "map_3_norm_stderr,none": 0.01630694788919292,
      "map_4_norm,none": 0.5087719298245623,
      "map_4_norm_stderr,none": 0.013171458944755429,
      "alias": "fp2-1.0-0.3"
    },
    "cpa_audit-1.0-0.3": {
      "acc,none": 0.1306532663316583,
      "acc_stderr,none": 0.016914586905916507,
      "acc_norm,none": 0.12060301507537688,
      "acc_norm_stderr,none": 0.01634467597786587,
      "map,none": 0.3860971524288107,
      "map_stderr,none": 0.013195309759901687,
      "map_2,none": 0.22110552763819097,
      "map_2_stderr,none": 0.01788514592948005,
      "map_3,none": 0.2822445561139026,
      "map_3_stderr,none": 0.017137544307913474,
      "map_4,none": 0.3237018425460634,
      "map_4_stderr,none": 0.016016404679294587,
      "map_norm,none": 0.38023450586264657,
      "map_norm_stderr,none": 0.012833092491818604,
      "map_2_norm,none": 0.2135678391959799,
      "map_2_norm_stderr,none": 0.01749229446742511,
      "map_3_norm,none": 0.2763819095477384,
      "map_3_norm_stderr,none": 0.016769025862144293,
      "map_4_norm,none": 0.3178391959798991,
      "map_4_norm_stderr,none": 0.015660601924178893,
      "alias": "cpa_audit-1.0-0.3"
    },
    "cma_basics-1.0-0.3": {
      "acc,none": 0.18421052631578946,
      "acc_stderr,none": 0.06373021861834362,
      "acc_norm,none": 0.21052631578947367,
      "acc_norm_stderr,none": 0.06702258315442243,
      "map,none": 0.4736842105263157,
      "map_stderr,none": 0.04401348082091664,
      "map_2,none": 0.3157894736842105,
      "map_2_stderr,none": 0.06373021861834363,
      "map_3,none": 0.3947368421052632,
      "map_3_stderr,none": 0.057067673188954504,
      "map_4,none": 0.4736842105263157,
      "map_4_stderr,none": 0.04401348082091664,
      "map_norm,none": 0.519736842105263,
      "map_norm_stderr,none": 0.04393811142046873,
      "map_2_norm,none": 0.40789473684210525,
      "map_2_norm_stderr,none": 0.06213159747388389,
      "map_3_norm,none": 0.4605263157894737,
      "map_3_norm_stderr,none": 0.05567033720089894,
      "map_4_norm,none": 0.519736842105263,
      "map_4_norm_stderr,none": 0.04393811142046873,
      "alias": "cma_basics-1.0-0.3"
    },
    "chabsa-1.0-0.3": {
      "acc,none": 0.5607924381716949,
      "acc_stderr,none": 0.0056476929879950575,
      "f1,none": 0.3598904606628955,
      "f1_stderr,none": "N/A",
      "acc_norm,none": 0.5607924381716949,
      "acc_norm_stderr,none": 0.0056476929879950575,
      "f1_norm,none": 0.3598904606628955,
      "f1_norm_stderr,none": "N/A",
      "alias": "chabsa-1.0-0.3"
    }
  },
  "group_subtasks": {
    "chabsa-1.0-0.3": [],
    "cma_basics-1.0-0.3": [],
    "cpa_audit-1.0-0.3": [],
    "fp2-1.0-0.3": [],
    "security_sales_1-1.0-0.3": []
  },
  "configs": {
    "chabsa-1.0-0.3": {
      "task": "chabsa-1.0-0.3",
      "dataset_path": "jlm_fin_eval/datasets/chabsa/chabsa.py",
      "dataset_name": "chABSA",
      "test_split": "test",
      "doc_to_text": "### 入力:\nセンテンス:{{sentence}}\nターゲット:{{target}}\n\n### 応答:\n\n",
      "doc_to_target": "{{polarity}}",
      "doc_to_choice": [
        "positive",
        "negative"
      ],
      "description": "以下は、タスクを説明する指示と、文脈のある入力の組み合わせです。要求を適切に満たす応答を書きなさい。\n\n### 指示:\n以下のセンテンスにおける、ターゲットのセンチメントをpositiveかnegativeで答えてください。\n\n\n",
      "target_delimiter": "",
      "fewshot_delimiter": "\n\n",
      "num_fewshot": 0,
      "metric_list": [
        {
          "metric": "acc",
          "aggregation": "mean",
          "higher_is_better": true
        },
        {
          "metric": "acc_norm",
          "aggregation": "mean",
          "higher_is_better": true
        },
        {
          "metric": "f1",
          "aggregation": "2class_adjusted_macro_f1_score_for_chabsa",
          "higher_is_better": true
        },
        {
          "metric": "f1_norm",
          "aggregation": "2class_adjusted_macro_f1_score_for_chabsa",
          "higher_is_better": true
        }
      ],
      "output_type": "multiple_choice",
      "repeats": 1,
      "should_decontaminate": false,
      "doc_to_decontamination_query": "sentence",
      "metadata": {
        "version": 1.0
      }
    },
    "cma_basics-1.0-0.3": {
      "task": "cma_basics-1.0-0.3",
      "dataset_path": "jlm_fin_eval/datasets/cma_basics/cma_basics.py",
      "dataset_name": "cma_basics",
      "test_split": "test",
      "doc_to_text": "def doc_to_text_03(doc):\n    q_doc_text = doc[\"question\"] + \"\\n\"\n    if doc[\"context\"] and doc[\"context\"] != \"\":\n        q_doc_text += doc[\"context\"] + \"\\n\"\n    choices = \"\\n\".join([f\"- {choice}\" for choice in doc[\"choices\"][\"text\"]])\n    input_text = f\"{q_doc_text}\" + f\"出力は以下から選択してください：\\n{choices}\"\n    return f\"### 入力:\\n{input_text}\\n\\n### 応答:\\n\"\n",
      "doc_to_target": "def doc_to_target_01(doc):\n    return [\n        choice_text\n        for choice_id, choice_text in zip(doc[\"choices\"][\"id\"], doc[\"choices\"][\"text\"])\n        if choice_id == doc[\"answer\"]\n    ][0]\n",
      "doc_to_choice": "def doc_to_choices_01(doc):\n    choices = doc[\"choices\"][\"text\"]\n    return choices\n",
      "description": "以下は、タスクを説明する指示と、文脈のある入力の組み合わせです。要求を適切に満たす応答を書きなさい。\n\n### 指示:\n与えられた選択肢の中から、最適な答えを選んでください。\n\n\n",
      "target_delimiter": "",
      "fewshot_delimiter": "\n\n",
      "num_fewshot": 0,
      "metric_list": [
        {
          "metric": "acc",
          "aggregation": "mean",
          "higher_is_better": true
        },
        {
          "metric": "acc_norm",
          "aggregation": "mean",
          "higher_is_better": true
        },
        {
          "metric": "map",
          "aggregation": "mean",
          "higher_is_better": true
        },
        {
          "metric": "map_2",
          "aggregation": "mean",
          "higher_is_better": true
        },
        {
          "metric": "map_3",
          "aggregation": "mean",
          "higher_is_better": true
        },
        {
          "metric": "map_4",
          "aggregation": "mean",
          "higher_is_better": true
        },
        {
          "metric": "map_norm",
          "aggregation": "mean",