{
  "results": {
    "security_sales_1-1.0-0.1.2": {
      "acc,none": 0.40350877192982454,
      "acc_stderr,none": 0.06555933012294897,
      "acc_norm,none": 0.40350877192982454,
      "acc_norm_stderr,none": 0.06555933012294897,
      "map,none": 0.6666666666666666,
      "map_stderr,none": 0.03806487668563674,
      "map_2,none": 0.6228070175438597,
      "map_2_stderr,none": 0.047296427235001534,
      "map_3,none": 0.6403508771929824,
      "map_3_stderr,none": 0.04410956367618556,
      "map_4,none": 0.6666666666666666,
      "map_4_stderr,none": 0.03806487668563674,
      "map_norm,none": 0.6666666666666666,
      "map_norm_stderr,none": 0.03806487668563674,
      "map_2_norm,none": 0.6228070175438597,
      "map_2_norm_stderr,none": 0.047296427235001534,
      "map_3_norm,none": 0.6403508771929824,
      "map_3_norm_stderr,none": 0.04410956367618556,
      "map_4_norm,none": 0.6666666666666666,
      "map_4_norm_stderr,none": 0.03806487668563674,
      "alias": "security_sales_1-1.0-0.1.2"
    },
    "fp2-1.0-0.1.2": {
      "acc,none": 0.25894736842105265,
      "acc_stderr,none": 0.020120608324392136,
      "acc_norm,none": 0.25894736842105265,
      "acc_norm_stderr,none": 0.020120608324392136,
      "map,none": 0.523157894736843,
      "map_stderr,none": 0.013452487212583741,
      "map_2,none": 0.3778947368421053,
      "map_2_stderr,none": 0.019132634839684026,
      "map_3,none": 0.4600000000000008,
      "map_3_stderr,none": 0.01669307257506687,
      "map_4,none": 0.523157894736843,
      "map_4_stderr,none": 0.013452487212583741,
      "map_norm,none": 0.523157894736843,
      "map_norm_stderr,none": 0.013452487212583741,
      "map_2_norm,none": 0.3778947368421053,
      "map_2_norm_stderr,none": 0.019132634839684026,
      "map_3_norm,none": 0.4600000000000008,
      "map_3_norm_stderr,none": 0.01669307257506687,
      "map_4_norm,none": 0.523157894736843,
      "map_4_norm_stderr,none": 0.013452487212583741,
      "alias": "fp2-1.0-0.1.2"
    },
    "cpa_audit-1.0-0.1.2": {
      "acc,none": 0.17587939698492464,
      "acc_stderr,none": 0.01910766490676655,
      "acc_norm,none": 0.17587939698492464,
      "acc_norm_stderr,none": 0.01910766490676655,
      "map,none": 0.40883584589614713,
      "map_stderr,none": 0.014631461515747197,
      "map_2,none": 0.2449748743718593,
      "map_2_stderr,none": 0.019464780996883473,
      "map_3,none": 0.30025125628140675,
      "map_3_stderr,none": 0.01869156920205274,
      "map_4,none": 0.34861809045226116,
      "map_4_stderr,none": 0.017343015338322564,
      "map_norm,none": 0.40883584589614713,
      "map_norm_stderr,none": 0.014631461515747197,
      "map_2_norm,none": 0.2449748743718593,
      "map_2_norm_stderr,none": 0.019464780996883473,
      "map_3_norm,none": 0.30025125628140675,
      "map_3_norm_stderr,none": 0.01869156920205274,
      "map_4_norm,none": 0.34861809045226116,
      "map_4_norm_stderr,none": 0.017343015338322564,
      "alias": "cpa_audit-1.0-0.1.2"
    },
    "cma_basics-1.0-0.1.2": {
      "acc,none": 0.18421052631578946,
      "acc_stderr,none": 0.06373021861834362,
      "acc_norm,none": 0.18421052631578946,
      "acc_norm_stderr,none": 0.06373021861834362,
      "map,none": 0.4934210526315789,
      "map_stderr,none": 0.042328968021646166,
      "map_2,none": 0.34210526315789475,
      "map_2_stderr,none": 0.06284297970994526,
      "map_3,none": 0.4473684210526317,
      "map_3_stderr,none": 0.05149314041956727,
      "map_4,none": 0.4934210526315789,
      "map_4_stderr,none": 0.042328968021646166,
      "map_norm,none": 0.4934210526315789,
      "map_norm_stderr,none": 0.042328968021646166,
      "map_2_norm,none": 0.34210526315789475,
      "map_2_norm_stderr,none": 0.06284297970994526,
      "map_3_norm,none": 0.4473684210526317,
      "map_3_norm_stderr,none": 0.05149314041956727,
      "map_4_norm,none": 0.4934210526315789,
      "map_4_norm_stderr,none": 0.042328968021646166,
      "alias": "cma_basics-1.0-0.1.2"
    },
    "chabsa-1.0-0.1": {
      "acc,none": 0.40787258837239415,
      "acc_stderr,none": 0.005592486496127775,
      "f1,none": 0.3173677510681942,
      "f1_stderr,none": "N/A",
      "acc_norm,none": 0.40787258837239415,
      "acc_norm_stderr,none": 0.005592486496127775,
      "f1_norm,none": 0.3173677510681942,
      "f1_norm_stderr,none": "N/A",
      "alias": "chabsa-1.0-0.1"
    }
  },
  "group_subtasks": {
    "chabsa-1.0-0.1": [],
    "cma_basics-1.0-0.1.2": [],
    "cpa_audit-1.0-0.1.2": [],
    "fp2-1.0-0.1.2": [],
    "security_sales_1-1.0-0.1.2": []
  },
  "configs": {
    "chabsa-1.0-0.1": {
      "task": "chabsa-1.0-0.1",
      "dataset_path": "jlm_fin_eval/datasets/chabsa/chabsa.py",
      "dataset_name": "chABSA",
      "test_split": "test",
      "doc_to_text": "[センテンス]: {{sentence}}\nターゲット]: {{target}}\n[答え]:",
      "doc_to_target": "{{polarity}}",
      "doc_to_choice": [
        "positive",
        "negative"
      ],
      "description": "[センテンス]における、[ターゲット]のセンチメントをpositiveかnegativeで選んでください。\n\n\n",
      "target_delimiter": " ",
      "fewshot_delimiter": "\n\n",
      "num_fewshot": 0,
      "metric_list": [
        {
          "metric": "acc",
          "aggregation": "mean",
          "higher_is_better": true
        },
        {
          "metric": "acc_norm",
          "aggregation": "mean",
          "higher_is_better": true
        },
        {
          "metric": "f1",
          "aggregation": "2class_adjusted_macro_f1_score_for_chabsa",
          "higher_is_better": true
        },
        {
          "metric": "f1_norm",
          "aggregation": "2class_adjusted_macro_f1_score_for_chabsa",
          "higher_is_better": true
        }
      ],
      "output_type": "multiple_choice",
      "repeats": 1,
      "should_decontaminate": false,
      "doc_to_decontamination_query": "sentence",
      "metadata": {
        "version": 1.0
      }
    },
    "cma_basics-1.0-0.1.2": {
      "task": "cma_basics-1.0-0.1.2",
      "dataset_path": "jlm_fin_eval/datasets/cma_basics/cma_basics.py",
      "dataset_name": "cma_basics",
      "test_split": "test",
      "doc_to_text": "def doc_to_text_01_2(doc):\n    q_doc_text = doc[\"question\"] + \"\\n\"\n    if doc[\"context\"] and doc[\"context\"] != \"\":\n        q_doc_text += doc[\"context\"] + \"\\n\"\n    choice_doc_text = []\n    for choice_id, choice_text in zip(doc[\"choices\"][\"id\"], doc[\"choices\"][\"text\"]):\n        choice_doc_text.append(chr(choice_id + 65) + \":\" + choice_text)\n    return f\"[問題]:{q_doc_text}[選択肢]:[{', '.join(choice_doc_text)}]\\n[答え]:\"\n",
      "doc_to_target": "def doc_to_target_alphabet(doc):\n    answer = chr(int(doc[\"answer\"]) + 65)\n    return answer\n",
      "doc_to_choice": "def doc_to_choices_alphabet(doc):\n    choices = [chr(choice_id + 65) for choice_id in doc[\"choices\"][\"id\"]]\n    return choices\n",
      "description": "[問題]に対する[答え]を[選択肢]の中からアルファベットで選んでください。\n\n\n",
      "target_delimiter": "",
      "fewshot_delimiter": "\n\n",
      "num_fewshot": 0,
      "metric_list": [
        {
          "metric": "acc",
          "aggregation": "mean",
          "higher_is_better": true
        },
        {
          "metric": "acc_norm",
          "aggregation": "mean",
          "higher_is_better": true
        },
        {
          "metric": "map",
          "aggregation": "mean",
          "higher_is_better": true
        },
        {
          "metric": "map_2",
          "aggregation": "mean",
          "higher_is_better": true
        },
        {
          "metric": "map_3",
          "aggregation": "mean",
          "higher_is_better": true
        },
        {
          "metric": "map_4",
          "aggregation": "mean",
          "higher_is_better": true
        },
        {
          "metric": "map_norm",
          "aggregation": "mean",
          "higher_is_better": true
        },
        {
          "metric": "map_2_norm",
          "aggregation": "mean",