{
  "results": {
    "security_sales_1": {
      "acc,none": 0.3684210526315789,
      "acc_stderr,none": 0.06446025638903097,
      "acc_norm,none": 0.3684210526315789,
      "acc_norm_stderr,none": 0.06446025638903097,
      "map,none": 0.6403508771929824,
      "map_stderr,none": 0.038244938602023645,
      "map_2,none": 0.5789473684210527,
      "map_2_stderr,none": 0.04973216750121411,
      "map_3,none": 0.6140350877192983,
      "map_3_stderr,none": 0.043984783896702385,
      "map_4,none": 0.6403508771929824,
      "map_4_stderr,none": 0.038244938602023645,
      "map_norm,none": 0.6403508771929824,
      "map_norm_stderr,none": 0.038244938602023645,
      "map_2_norm,none": 0.5789473684210527,
      "map_2_norm_stderr,none": 0.04973216750121411,
      "map_3_norm,none": 0.6140350877192983,
      "map_3_norm_stderr,none": 0.043984783896702385,
      "map_4_norm,none": 0.6403508771929824,
      "map_4_norm_stderr,none": 0.038244938602023645,
      "alias": "security_sales_1"
    },
    "fp2": {
      "acc,none": 0.26526315789473687,
      "acc_stderr,none": 0.020277537142625805,
      "acc_norm,none": 0.26526315789473687,
      "acc_norm_stderr,none": 0.020277537142625805,
      "map,none": 0.5336842105263165,
      "map_stderr,none": 0.013460593981670491,
      "map_2,none": 0.3968421052631579,
      "map_2_stderr,none": 0.01907769720302383,
      "map_3,none": 0.47473684210526373,
      "map_3_stderr,none": 0.016598373352551276,
      "map_4,none": 0.5336842105263165,
      "map_4_stderr,none": 0.013460593981670491,
      "map_norm,none": 0.5336842105263165,
      "map_norm_stderr,none": 0.013460593981670491,
      "map_2_norm,none": 0.3968421052631579,
      "map_2_norm_stderr,none": 0.01907769720302383,
      "map_3_norm,none": 0.47473684210526373,
      "map_3_norm_stderr,none": 0.016598373352551276,
      "map_4_norm,none": 0.5336842105263165,
      "map_4_norm_stderr,none": 0.013460593981670491,
      "alias": "fp2"
    },
    "cpa_audit": {
      "acc,none": 0.15829145728643215,
      "acc_stderr,none": 0.01831953107292637,
      "acc_norm,none": 0.15829145728643215,
      "acc_norm_stderr,none": 0.01831953107292637,
      "map,none": 0.40041876046901176,
      "map_stderr,none": 0.014081804995561876,
      "map_2,none": 0.23492462311557788,
      "map_2_stderr,none": 0.018873732740083606,
      "map_3,none": 0.29438860971524256,
      "map_3_stderr,none": 0.018079360146825003,
      "map_4,none": 0.33961474036850914,
      "map_4_stderr,none": 0.016826101968195038,
      "map_norm,none": 0.40041876046901176,
      "map_norm_stderr,none": 0.014081804995561876,
      "map_2_norm,none": 0.23492462311557788,
      "map_2_norm_stderr,none": 0.018873732740083606,
      "map_3_norm,none": 0.29438860971524256,
      "map_3_norm_stderr,none": 0.018079360146825003,
      "map_4_norm,none": 0.33961474036850914,
      "map_4_norm_stderr,none": 0.016826101968195038,
      "alias": "cpa_audit"
    },
    "cma_basics": {
      "acc,none": 0.2631578947368421,
      "acc_stderr,none": 0.0723926637268818,
      "acc_norm,none": 0.2631578947368421,
      "acc_norm_stderr,none": 0.0723926637268818,
      "map,none": 0.5504385964912281,
      "map_stderr,none": 0.04667499266182624,
      "map_2,none": 0.4342105263157895,
      "map_2_stderr,none": 0.06578947368421051,
      "map_3,none": 0.5043859649122807,
      "map_3_stderr,none": 0.0563940819665193,
      "map_4,none": 0.5504385964912281,
      "map_4_stderr,none": 0.04667499266182624,
      "map_norm,none": 0.5504385964912281,
      "map_norm_stderr,none": 0.04667499266182624,
      "map_2_norm,none": 0.4342105263157895,
      "map_2_norm_stderr,none": 0.06578947368421051,
      "map_3_norm,none": 0.5043859649122807,
      "map_3_norm_stderr,none": 0.0563940819665193,
      "map_4_norm,none": 0.5504385964912281,
      "map_4_norm_stderr,none": 0.04667499266182624,
      "alias": "cma_basics"
    },
    "chabsa": {
      "acc,none": 0.41123915576848374,
      "acc_stderr,none": 0.005599532768684554,
      "f1,none": 0.30777778132660044,
      "f1_stderr,none": "N/A",
      "acc_norm,none": 0.41123915576848374,
      "acc_norm_stderr,none": 0.005599532768684554,
      "f1_norm,none": 0.30777778132660044,
      "f1_norm_stderr,none": "N/A",
      "alias": "chabsa"
    }
  },
  "group_subtasks": {
    "chabsa": [],
    "cma_basics": [],
    "cpa_audit": [],
    "fp2": [],
    "security_sales_1": []
  },
  "configs": {
    "chabsa": {
      "task": "chabsa",
      "dataset_path": "jlm_fin_eval/datasets/chabsa/chabsa.py",
      "dataset_name": "chABSA",
      "test_split": "test",
      "doc_to_text": "センテンス: {{sentence}}\nターゲット: {{target}}\n回答:",
      "doc_to_target": "{{polarity}}",
      "doc_to_choice": [
        "positive",
        "negative"
      ],
      "description": "以下のセンテンスにおける、ターゲットのセンチメントをpositiveかnegativeで答えてください。\n\n\n",
      "target_delimiter": " ",
      "fewshot_delimiter": "\n\n",
      "num_fewshot": 0,
      "metric_list": [
        {
          "metric": "acc",
          "aggregation": "mean",
          "higher_is_better": true
        },
        {
          "metric": "acc_norm",
          "aggregation": "mean",
          "higher_is_better": true
        },
        {
          "metric": "f1",
          "aggregation": "2class_adjusted_macro_f1_score_for_chabsa",
          "higher_is_better": true
        },
        {
          "metric": "f1_norm",
          "aggregation": "2class_adjusted_macro_f1_score_for_chabsa",
          "higher_is_better": true
        }
      ],
      "output_type": "multiple_choice",
      "repeats": 1,
      "should_decontaminate": false,
      "doc_to_decontamination_query": "sentence",
      "metadata": {
        "version": 1.0
      }
    },
    "cma_basics": {
      "task": "cma_basics",
      "dataset_path": "jlm_fin_eval/datasets/cma_basics/cma_basics.py",
      "dataset_name": "cma_basics",
      "test_split": "test",
      "doc_to_text": "def doc_to_text_00(doc):\n    doc_text = \"【問題】\\n\" + doc[\"question\"] + \"\\n\"\n    if doc[\"context\"] and doc[\"context\"] != \"\":\n        doc_text += doc[\"context\"] + \"\\n\"\n    doc_text += \"\\n【選択肢】\\n\"\n    for choice_id, choice_text in zip(doc[\"choices\"][\"id\"], doc[\"choices\"][\"text\"]):\n        doc_text += chr(choice_id + 65) + \": \" + choice_text + \"\\n\"\n    doc_text += \"\\n【答え】\\n\"\n    # doc_text += chr(int(doc[\"answer\"]) + 65)\n    return doc_text\n",
      "doc_to_target": "def doc_to_target_alphabet(doc):\n    answer = chr(int(doc[\"answer\"]) + 65)\n    return answer\n",
      "doc_to_choice": "def doc_to_choices_alphabet(doc):\n    choices = [chr(choice_id + 65) for choice_id in doc[\"choices\"][\"id\"]]\n    return choices\n",
      "description": "以下の問題の適切な答えを選択肢から選んでアルファベットで答えなさい。\n\n\n",
      "target_delimiter": "",
      "fewshot_delimiter": "\n\n",
      "num_fewshot": 0,
      "metric_list": [
        {
          "metric": "acc",
          "aggregation": "mean",
          "higher_is_better": true
        },
        {
          "metric": "acc_norm",
          "aggregation": "mean",
          "higher_is_better": true
        },
        {
          "metric": "map",
          "aggregation": "mean",
          "higher_is_better": true
        },
        {
          "metric": "map_2",
          "aggregation": "mean",
          "higher_is_better": true
        },
        {
          "metric": "map_3",
          "aggregation": "mean",
          "higher_is_better": true
        },
        {
          "metric": "map_4",
          "aggregation": "mean",
          "higher_is_better": true
        },
        {
          "metric": "map_norm",
          "aggregation": "mean",
          "higher_is_better": true
        },
        {
          "metric": "map_2_norm",
          "aggregation": "mean",
          "higher_is_better": true
        },
        {
          "metric": "map_3_norm",
          "aggregation": "mean",