{
  "results": {
    "security_sales_1-1.0-0.4": {
      "acc,none": 0.40350877192982454,
      "acc_stderr,none": 0.06555933012294897,
      "acc_norm,none": 0.42105263157894735,
      "acc_norm_stderr,none": 0.06597717584505354,
      "map,none": 0.6842105263157895,
      "map_stderr,none": 0.03712372968138604,
      "map_2,none": 0.6491228070175439,
      "map_2_stderr,none": 0.0450648938254424,
      "map_3,none": 0.6666666666666666,
      "map_3_stderr,none": 0.04150972951140822,
      "map_4,none": 0.6842105263157895,
      "map_4_stderr,none": 0.03712372968138604,
      "map_norm,none": 0.6783625730994153,
      "map_norm_stderr,none": 0.03938171935099811,
      "map_2_norm,none": 0.6228070175438597,
      "map_2_norm_stderr,none": 0.050499853833608714,
      "map_3_norm,none": 0.6520467836257311,
      "map_3_norm_stderr,none": 0.045372138839990556,
      "map_4_norm,none": 0.6783625730994153,
      "map_4_norm_stderr,none": 0.03938171935099811,
      "alias": "security_sales_1-1.0-0.4"
    },
    "fp2-1.0-0.4": {
      "acc,none": 0.23578947368421052,
      "acc_stderr,none": 0.01949752758230241,
      "acc_norm,none": 0.23578947368421052,
      "acc_norm_stderr,none": 0.01949752758230241,
      "map,none": 0.5103508771929834,
      "map_stderr,none": 0.013165526939883992,
      "map_2,none": 0.36,
      "map_2_stderr,none": 0.018842828541134712,
      "map_3,none": 0.44561403508772013,
      "map_3_stderr,none": 0.01642402790287877,
      "map_4,none": 0.5103508771929834,
      "map_4_stderr,none": 0.013165526939883992,
      "map_norm,none": 0.5103508771929834,
      "map_norm_stderr,none": 0.013165526939883992,
      "map_2_norm,none": 0.36,
      "map_2_norm_stderr,none": 0.018842828541134712,
      "map_3_norm,none": 0.44561403508772013,
      "map_3_norm_stderr,none": 0.01642402790287877,
      "map_4_norm,none": 0.5103508771929834,
      "map_4_norm_stderr,none": 0.013165526939883992,
      "alias": "fp2-1.0-0.4"
    },
    "cpa_audit-1.0-0.4": {
      "acc,none": 0.1457286432160804,
      "acc_stderr,none": 0.017708229011297996,
      "acc_norm,none": 0.13819095477386933,
      "acc_norm_stderr,none": 0.01732008740419801,
      "map,none": 0.39325795644891126,
      "map_stderr,none": 0.013698058709882515,
      "map_2,none": 0.22738693467336685,
      "map_2_stderr,none": 0.018430410397412812,
      "map_3,none": 0.28852596314907847,
      "map_3_stderr,none": 0.01765112748499831,
      "map_4,none": 0.331867671691792,
      "map_4_stderr,none": 0.01646588265166316,
      "map_norm,none": 0.3867671691792292,
      "map_norm_stderr,none": 0.01352558873452782,
      "map_2_norm,none": 0.2236180904522613,
      "map_2_norm_stderr,none": 0.01815823759435009,
      "map_3_norm,none": 0.28140703517587917,
      "map_3_norm_stderr,none": 0.017456501155652428,
      "map_4_norm,none": 0.32160804020100475,
      "map_4_norm_stderr,none": 0.016400683766690922,
      "alias": "cpa_audit-1.0-0.4"
    },
    "cma_basics-1.0-0.4": {
      "acc,none": 0.23684210526315788,
      "acc_stderr,none": 0.06989334006042333,
      "acc_norm,none": 0.21052631578947367,
      "acc_norm_stderr,none": 0.06702258315442244,
      "map,none": 0.5,
      "map_stderr,none": 0.047769102464963714,
      "map_2,none": 0.32894736842105265,
      "map_2_stderr,none": 0.06871176885916949,
      "map_3,none": 0.43421052631578955,
      "map_3_stderr,none": 0.05914793066607496,
      "map_4,none": 0.5,
      "map_4_stderr,none": 0.047769102464963714,
      "map_norm,none": 0.5021929824561404,
      "map_norm_stderr,none": 0.044279932743238055,
      "map_2_norm,none": 0.32894736842105265,
      "map_2_norm_stderr,none": 0.0660733562268826,
      "map_3_norm,none": 0.46929824561403505,
      "map_3_norm_stderr,none": 0.05101129299977953,
      "map_4_norm,none": 0.5021929824561404,
      "map_4_norm_stderr,none": 0.044279932743238055,
      "alias": "cma_basics-1.0-0.4"
    },
    "chabsa-1.0-0.4": {
      "acc,none": 0.5614398549786352,
      "acc_stderr,none": 0.005646785639875803,
      "f1,none": 0.3601572376210059,
      "f1_stderr,none": "N/A",
      "acc_norm,none": 0.5614398549786352,
      "acc_norm_stderr,none": 0.005646785639875803,
      "f1_norm,none": 0.3601572376210059,
      "f1_norm_stderr,none": "N/A",
      "alias": "chabsa-1.0-0.4"
    }
  },
  "group_subtasks": {
    "chabsa-1.0-0.4": [],
    "cma_basics-1.0-0.4": [],
    "cpa_audit-1.0-0.4": [],
    "fp2-1.0-0.4": [],
    "security_sales_1-1.0-0.4": []
  },
  "configs": {
    "chabsa-1.0-0.4": {
      "task": "chabsa-1.0-0.4",
      "dataset_path": "jlm_fin_eval/datasets/chabsa/chabsa.py",
      "dataset_name": "chABSA",
      "test_split": "test",
      "doc_to_text": "センテンス: {{sentence}}<NL>ターゲット: {{target}}<NL>システム:",
      "doc_to_target": "{{polarity}}",
      "doc_to_choice": [
        "positive",
        "negative"
      ],
      "description": "ユーザー: センテンスにおける、ターゲットのセンチメントをpositiveかnegativeで答えてください。<NL>システム: 分かりました。<NL>",
      "target_delimiter": " ",
      "fewshot_delimiter": "<NL>",
      "num_fewshot": 0,
      "metric_list": [
        {
          "metric": "acc",
          "aggregation": "mean",
          "higher_is_better": true
        },
        {
          "metric": "acc_norm",
          "aggregation": "mean",
          "higher_is_better": true
        },
        {
          "metric": "f1",
          "aggregation": "2class_adjusted_macro_f1_score_for_chabsa",
          "higher_is_better": true
        },
        {
          "metric": "f1_norm",
          "aggregation": "2class_adjusted_macro_f1_score_for_chabsa",
          "higher_is_better": true
        }
      ],
      "output_type": "multiple_choice",
      "repeats": 1,
      "should_decontaminate": false,
      "doc_to_decontamination_query": "sentence",
      "metadata": {
        "version": 1.0
      }
    },
    "cma_basics-1.0-0.4": {
      "task": "cma_basics-1.0-0.4",
      "dataset_path": "jlm_fin_eval/datasets/cma_basics/cma_basics.py",
      "dataset_name": "cma_basics",
      "test_split": "test",
      "doc_to_text": "def doc_to_text_04(doc, SEP=\"<NL>\"):\n    q_doc_text = doc[\"question\"]\n    if doc[\"context\"] and doc[\"context\"] != \"\":\n        q_doc_text += \"\\n\" + doc[\"context\"]\n    choices = SEP.join([f\"- {choice}\" for choice in doc[\"choices\"][\"text\"]])\n    input_text = f\"質問：{q_doc_text}{SEP}\" + f\"選択肢：{SEP}{choices}\"\n    return f\"ユーザー: {input_text}{SEP}システム: \"\n",
      "doc_to_target": "def doc_to_target_01(doc):\n    return [\n        choice_text\n        for choice_id, choice_text in zip(doc[\"choices\"][\"id\"], doc[\"choices\"][\"text\"])\n        if choice_id == doc[\"answer\"]\n    ][0]\n",
      "doc_to_choice": "def doc_to_choices_01(doc):\n    choices = doc[\"choices\"][\"text\"]\n    return choices\n",
      "description": "ユーザー: 与えられた選択肢の中から、最適な答えを選んでください。<NL>システム: 分かりました。<NL>",
      "target_delimiter": "",
      "fewshot_delimiter": "<NL>",
      "num_fewshot": 0,
      "metric_list": [
        {
          "metric": "acc",
          "aggregation": "mean",
          "higher_is_better": true
        },
        {
          "metric": "acc_norm",
          "aggregation": "mean",
          "higher_is_better": true
        },
        {
          "metric": "map",
          "aggregation": "mean",
          "higher_is_better": true
        },
        {
          "metric": "map_2",
          "aggregation": "mean",
          "higher_is_better": true
        },
        {
          "metric": "map_3",
          "aggregation": "mean",
          "higher_is_better": true
        },
        {
          "metric": "map_4",
          "aggregation": "mean",
          "higher_is_better": true
        },
        {
          "metric": "map_norm",
          "aggregation": "mean",
          "higher_is_better": true
        },
        {
          "metric": "map_2_norm",
          "aggregation": "mean",
          "higher_is_better": true
        },
        {
          "metric": "map_3_norm",