{
  "results": {
    "security_sales_1-1.0-0.2.1": {
      "acc,none": 0.43859649122807015,
      "acc_stderr,none": 0.0663095566682855,
      "acc_norm,none": 0.42105263157894735,
      "acc_norm_stderr,none": 0.06597717584505354,
      "map,none": 0.6842105263157895,
      "map_stderr,none": 0.03867366686085173,
      "map_2,none": 0.6403508771929824,
      "map_2_stderr,none": 0.04807442858450697,
      "map_3,none": 0.6578947368421053,
      "map_3_stderr,none": 0.044820306435483855,
      "map_4,none": 0.6842105263157895,
      "map_4_stderr,none": 0.03867366686085173,
      "map_norm,none": 0.6710526315789473,
      "map_norm_stderr,none": 0.03882437283855331,
      "map_2_norm,none": 0.6140350877192983,
      "map_2_norm_stderr,none": 0.050090056522990346,
      "map_3_norm,none": 0.6491228070175439,
      "map_3_norm_stderr,none": 0.04389096626290782,
      "map_4_norm,none": 0.6710526315789473,
      "map_4_norm_stderr,none": 0.03882437283855331,
      "alias": "security_sales_1-1.0-0.2.1"
    },
    "fp2-1.0-0.2.1": {
      "acc,none": 0.2336842105263158,
      "acc_stderr,none": 0.019437007433459805,
      "acc_norm,none": 0.2336842105263158,
      "acc_norm_stderr,none": 0.019437007433459805,
      "map,none": 0.5042105263157904,
      "map_stderr,none": 0.01317385958703221,
      "map_2,none": 0.34,
      "map_2_stderr,none": 0.01900711088693558,
      "map_3,none": 0.443157894736843,
      "map_3_stderr,none": 0.01622879340088557,
      "map_4,none": 0.5042105263157904,
      "map_4_stderr,none": 0.01317385958703221,
      "map_norm,none": 0.5042105263157904,
      "map_norm_stderr,none": 0.01317385958703221,
      "map_2_norm,none": 0.34,
      "map_2_norm_stderr,none": 0.01900711088693558,
      "map_3_norm,none": 0.443157894736843,
      "map_3_norm_stderr,none": 0.01622879340088557,
      "map_4_norm,none": 0.5042105263157904,
      "map_4_norm_stderr,none": 0.01317385958703221,
      "alias": "fp2-1.0-0.2.1"
    },
    "cpa_audit-1.0-0.2.1": {
      "acc,none": 0.16080402010050251,
      "acc_stderr,none": 0.018436772423078934,
      "acc_norm,none": 0.15326633165829145,
      "acc_norm_stderr,none": 0.018080129736270063,
      "map,none": 0.40054438860971514,
      "map_stderr,none": 0.014242980946258957,
      "map_2,none": 0.2399497487437186,
      "map_2_stderr,none": 0.018965765425793937,
      "map_3,none": 0.2977386934673365,
      "map_3_stderr,none": 0.018164621994804595,
      "map_4,none": 0.3310301507537688,
      "map_4_stderr,none": 0.017268203596242954,
      "map_norm,none": 0.3959380234505862,
      "map_norm_stderr,none": 0.0140037871237578,
      "map_2_norm,none": 0.23366834170854273,
      "map_2_norm_stderr,none": 0.018702660997284223,
      "map_3_norm,none": 0.2931323283082075,
      "map_3_norm_stderr,none": 0.01791120722363555,
      "map_4_norm,none": 0.3264237855946397,
      "map_4_norm_stderr,none": 0.01702413770676959,
      "alias": "cpa_audit-1.0-0.2.1"
    },
    "cma_basics-1.0-0.2.1": {
      "acc,none": 0.2631578947368421,
      "acc_stderr,none": 0.0723926637268818,
      "acc_norm,none": 0.23684210526315788,
      "acc_norm_stderr,none": 0.0698933400604233,
      "map,none": 0.5372807017543858,
      "map_stderr,none": 0.047944282909247536,
      "map_2,none": 0.40789473684210525,
      "map_2_stderr,none": 0.06761340812294223,
      "map_3,none": 0.47807017543859653,
      "map_3_stderr,none": 0.05935851586507933,
      "map_4,none": 0.5372807017543858,
      "map_4_stderr,none": 0.047944282909247536,
      "map_norm,none": 0.5263157894736842,
      "map_norm_stderr,none": 0.04566575285980678,
      "map_2_norm,none": 0.3815789473684211,
      "map_2_norm_stderr,none": 0.06649690771940578,
      "map_3_norm,none": 0.4868421052631579,
      "map_3_norm_stderr,none": 0.053847384477366034,
      "map_4_norm,none": 0.5263157894736842,
      "map_4_norm_stderr,none": 0.04566575285980678,
      "alias": "cma_basics-1.0-0.2.1"
    },
    "chabsa-1.0-0.2": {
      "acc,none": 0.5611808882558591,
      "acc_stderr,none": 0.005647149750045243,
      "f1,none": 0.3594592352989964,
      "f1_stderr,none": "N/A",
      "acc_norm,none": 0.5611808882558591,
      "acc_norm_stderr,none": 0.005647149750045243,
      "f1_norm,none": 0.3594592352989964,
      "f1_norm_stderr,none": "N/A",
      "alias": "chabsa-1.0-0.2"
    }
  },
  "group_subtasks": {
    "chabsa-1.0-0.2": [],
    "cma_basics-1.0-0.2.1": [],
    "cpa_audit-1.0-0.2.1": [],
    "fp2-1.0-0.2.1": [],
    "security_sales_1-1.0-0.2.1": []
  },
  "configs": {
    "chabsa-1.0-0.2": {
      "task": "chabsa-1.0-0.2",
      "dataset_path": "jlm_fin_eval/datasets/chabsa/chabsa.py",
      "dataset_name": "chABSA",
      "test_split": "test",
      "doc_to_text": "センテンス: {{sentence}}\nターゲット: {{target}}\n回答:",
      "doc_to_target": "{{polarity}}",
      "doc_to_choice": [
        "positive",
        "negative"
      ],
      "description": "センテンスとターゲットを入力として受け取り、ターゲットに関するセンチメントをpositiveかnegativeから選択してください。\n\n\n",
      "target_delimiter": " ",
      "fewshot_delimiter": "\n\n",
      "num_fewshot": 0,
      "metric_list": [
        {
          "metric": "acc",
          "aggregation": "mean",
          "higher_is_better": true
        },
        {
          "metric": "acc_norm",
          "aggregation": "mean",
          "higher_is_better": true
        },
        {
          "metric": "f1",
          "aggregation": "2class_adjusted_macro_f1_score_for_chabsa",
          "higher_is_better": true
        },
        {
          "metric": "f1_norm",
          "aggregation": "2class_adjusted_macro_f1_score_for_chabsa",
          "higher_is_better": true
        }
      ],
      "output_type": "multiple_choice",
      "repeats": 1,
      "should_decontaminate": false,
      "doc_to_decontamination_query": "sentence",
      "metadata": {
        "version": 1.0
      }
    },
    "cma_basics-1.0-0.2.1": {
      "task": "cma_basics-1.0-0.2.1",
      "dataset_path": "jlm_fin_eval/datasets/cma_basics/cma_basics.py",
      "dataset_name": "cma_basics",
      "test_split": "test",
      "doc_to_text": "def doc_to_text_02_1(doc):\n    q_doc_text = doc[\"question\"] + \"\\n\"\n    if doc[\"context\"] and doc[\"context\"] != \"\":\n        q_doc_text += doc[\"context\"] + \"\\n\"\n    choices = \"\\n\".join([f\"- {choice}\" for choice in doc[\"choices\"][\"text\"]])\n    return f\"質問:{q_doc_text}選択肢:\\n{choices}\\n回答:\"\n",
      "doc_to_target": "def doc_to_target_01(doc):\n    return [\n        choice_text\n        for choice_id, choice_text in zip(doc[\"choices\"][\"id\"], doc[\"choices\"][\"text\"])\n        if choice_id == doc[\"answer\"]\n    ][0]\n",
      "doc_to_choice": "def doc_to_choices_01(doc):\n    choices = doc[\"choices\"][\"text\"]\n    return choices\n",
      "description": "与えられた選択肢の中から、最適な答えを選んでください。\n\n\n",
      "target_delimiter": "",
      "fewshot_delimiter": "\n\n",
      "num_fewshot": 0,
      "metric_list": [
        {
          "metric": "acc",
          "aggregation": "mean",
          "higher_is_better": true
        },
        {
          "metric": "acc_norm",
          "aggregation": "mean",
          "higher_is_better": true
        },
        {
          "metric": "map",
          "aggregation": "mean",
          "higher_is_better": true
        },
        {
          "metric": "map_2",
          "aggregation": "mean",
          "higher_is_better": true
        },
        {
          "metric": "map_3",
          "aggregation": "mean",
          "higher_is_better": true
        },
        {
          "metric": "map_4",
          "aggregation": "mean",
          "higher_is_better": true
        },
        {
          "metric": "map_norm",
          "aggregation": "mean",
          "higher_is_better": true
        },
        {
          "metric": "map_2_norm",
          "aggregation": "mean",
          "higher_is_better": true
        },
        {
          "metric": "map_3_norm",
          "aggregation": "mean",