{
  "results": {
    "chabsa-1.0-0.1": {
      "acc": 0.8456558332254306,
      "f1": 0.8580657315595651
    },
    "cma_basics": {
      "acc": 0.5263157894736842,
      "acc_stderr": 0.08208556498579522,
      "map": 0.7105263157894736,
      "map_stderr": 0.05404976462230051,
      "map_2": 0.618421052631579,
      "map_2_stderr": 0.07408572781755873,
      "map_3": 0.6710526315789472,
      "map_3_stderr": 0.06425425447888194,
      "map_4": 0.7105263157894736,
      "map_4_stderr": 0.05404976462230051
    },
    "cpa_audit-1.0-0.2": {
      "acc": 0.19095477386934673,
      "acc_stderr": 0.01972678932678125,
      "map": 0.4262144053601336,
      "map_stderr": 0.015115033133619367,
      "map_2": 0.2675879396984925,
      "map_2_stderr": 0.02008675228715695,
      "map_3": 0.32286432160803985,
      "map_3_stderr": 0.019174921309405166,
      "map_4": 0.36809045226130627,
      "map_4_stderr": 0.017816962727580543
    },
    "fp2-1.0-0.2": {
      "acc": 0.28210526315789475,
      "acc_stderr": 0.02067030135061237,
      "map": 0.5454385964912288,
      "map_stderr": 0.013756804208052581,
      "map_2": 0.4073684210526316,
      "map_2_stderr": 0.019478455219795264,
      "map_3": 0.49017543859649165,
      "map_3_stderr": 0.01675838805415036,
      "map_4": 0.5454385964912288,
      "map_4_stderr": 0.013756804208052581
    },
    "security_sales_1-1.0-0.1.2": {
      "acc": 0.42105263157894735,
      "acc_stderr": 0.06597717584505354,
      "map": 0.6871345029239766,
      "map_stderr": 0.03674342980428355,
      "map_2": 0.6578947368421053,
      "map_2_stderr": 0.04363979987309739,
      "map_3": 0.6695906432748537,
      "map_3_stderr": 0.04119220846203733,
      "map_4": 0.6871345029239766,
      "map_4_stderr": 0.03674342980428355
    }
  },
  "versions": {
    "chabsa-1.0-0.1": 1.0,
    "cma_basics": 1.0,
    "cpa_audit-1.0-0.2": 1.0,
    "fp2-1.0-0.2": 1.0,
    "security_sales_1-1.0-0.1.2": 1.0
  },
  "config": {
    "model": "hf-causal-experimental",
    "model_args": "pretrained=lmsys/vicuna-13b-v1.5-16k",
    "num_fewshot": [
      4,
      1,
      1,
      3,
      2
    ],
    "batch_size": null,
    "device": null,
    "no_cache": true,
    "limit": null,
    "bootstrap_iters": 100000,
    "description_dict": {}
  }
}