{
  "results": {
    "security_sales_1-1.0-0.4": {
      "acc,none": 0.40350877192982454,
      "acc_stderr,none": 0.06555933012294897,
      "acc_norm,none": 0.38596491228070173,
      "acc_norm_stderr,none": 0.0650543726938216,
      "map,none": 0.6812865497076024,
      "map_stderr,none": 0.03589535387576071,
      "map_2,none": 0.6491228070175439,
      "map_2_stderr,none": 0.0432920668424178,
      "map_3,none": 0.672514619883041,
      "map_3_stderr,none": 0.03822796902241745,
      "map_4,none": 0.6812865497076024,
      "map_4_stderr,none": 0.03589535387576071,
      "map_norm,none": 0.6564327485380117,
      "map_norm_stderr,none": 0.037954418320087224,
      "map_2_norm,none": 0.6140350877192983,
      "map_2_norm_stderr,none": 0.04685862305335397,
      "map_3_norm,none": 0.6257309941520467,
      "map_3_norm_stderr,none": 0.04479304761804041,
      "map_4_norm,none": 0.6564327485380117,
      "map_4_norm_stderr,none": 0.037954418320087224,
      "alias": "security_sales_1-1.0-0.4"
    },
    "fp2-1.0-0.4": {
      "acc,none": 0.19789473684210526,
      "acc_stderr,none": 0.01829968584569866,
      "acc_norm,none": 0.19789473684210526,
      "acc_norm_stderr,none": 0.01829968584569866,
      "map,none": 0.5035087719298256,
      "map_stderr,none": 0.012719266338365278,
      "map_2,none": 0.35368421052631577,
      "map_2_stderr,none": 0.01838240290435976,
      "map_3,none": 0.4435087719298252,
      "map_3_stderr,none": 0.015811698360051817,
      "map_4,none": 0.5035087719298256,
      "map_4_stderr,none": 0.012719266338365278,
      "map_norm,none": 0.5035087719298256,
      "map_norm_stderr,none": 0.012719266338365278,
      "map_2_norm,none": 0.35368421052631577,
      "map_2_norm_stderr,none": 0.01838240290435976,
      "map_3_norm,none": 0.4435087719298252,
      "map_3_norm_stderr,none": 0.015811698360051817,
      "map_4_norm,none": 0.5035087719298256,
      "map_4_norm_stderr,none": 0.012719266338365278,
      "alias": "fp2-1.0-0.4"
    },
    "cpa_audit-1.0-0.4": {
      "acc,none": 0.135678391959799,
      "acc_stderr,none": 0.01718690893025358,
      "acc_norm,none": 0.135678391959799,
      "acc_norm_stderr,none": 0.01718690893025358,
      "map,none": 0.3866415410385256,
      "map_stderr,none": 0.01343614237894786,
      "map_2,none": 0.22613065326633167,
      "map_2_stderr,none": 0.018079689974884235,
      "map_3,none": 0.27805695142378534,
      "map_3_stderr,none": 0.01745073096348257,
      "map_4,none": 0.3213986599664989,
      "map_4_stderr,none": 0.016321056015261928,
      "map_norm,none": 0.3866415410385256,
      "map_norm_stderr,none": 0.01343614237894786,
      "map_2_norm,none": 0.22613065326633167,
      "map_2_norm_stderr,none": 0.018079689974884235,
      "map_3_norm,none": 0.27805695142378534,
      "map_3_norm_stderr,none": 0.01745073096348257,
      "map_4_norm,none": 0.3213986599664989,
      "map_4_norm_stderr,none": 0.016321056015261928,
      "alias": "cpa_audit-1.0-0.4"
    },
    "cma_basics-1.0-0.4": {
      "acc,none": 0.15789473684210525,
      "acc_stderr,none": 0.05994682078436841,
      "acc_norm,none": 0.18421052631578946,
      "acc_norm_stderr,none": 0.06373021861834362,
      "map,none": 0.449561403508772,
      "map_stderr,none": 0.04176014569531883,
      "map_2,none": 0.2631578947368421,
      "map_2_stderr,none": 0.061791768503480726,
      "map_3,none": 0.37719298245614047,
      "map_3_stderr,none": 0.05359090929407869,
      "map_4,none": 0.449561403508772,
      "map_4_stderr,none": 0.04176014569531883,
      "map_norm,none": 0.47807017543859653,
      "map_norm_stderr,none": 0.043514526455283725,
      "map_2_norm,none": 0.3157894736842105,
      "map_2_norm_stderr,none": 0.06373021861834362,
      "map_3_norm,none": 0.412280701754386,
      "map_3_norm_stderr,none": 0.0550646709839144,
      "map_4_norm,none": 0.47807017543859653,
      "map_4_norm_stderr,none": 0.043514526455283725,
      "alias": "cma_basics-1.0-0.4"
    },
    "chabsa-1.0-0.4": {
      "acc,none": 0.6277353360093229,
      "acc_stderr,none": 0.005501096920759947,
      "f1,none": 0.6373291377327837,
      "f1_stderr,none": "N/A",
      "acc_norm,none": 0.6277353360093229,
      "acc_norm_stderr,none": 0.005501096920759947,
      "f1_norm,none": 0.6373291377327837,
      "f1_norm_stderr,none": "N/A",
      "alias": "chabsa-1.0-0.4"
    }
  },
  "group_subtasks": {
    "chabsa-1.0-0.4": [],
    "cma_basics-1.0-0.4": [],
    "cpa_audit-1.0-0.4": [],
    "fp2-1.0-0.4": [],
    "security_sales_1-1.0-0.4": []
  },
  "configs": {
    "chabsa-1.0-0.4": {
      "task": "chabsa-1.0-0.4",
      "dataset_path": "jlm_fin_eval/datasets/chabsa/chabsa.py",
      "dataset_name": "chABSA",
      "test_split": "test",
      "doc_to_text": "センテンス: {{sentence}}<NL>ターゲット: {{target}}<NL>システム:",
      "doc_to_target": "{{polarity}}",
      "doc_to_choice": [
        "positive",
        "negative"
      ],
      "description": "ユーザー: センテンスにおける、ターゲットのセンチメントをpositiveかnegativeで答えてください。<NL>システム: 分かりました。<NL>",
      "target_delimiter": " ",
      "fewshot_delimiter": "<NL>",
      "num_fewshot": 0,
      "metric_list": [
        {
          "metric": "acc",
          "aggregation": "mean",
          "higher_is_better": true
        },
        {
          "metric": "acc_norm",
          "aggregation": "mean",
          "higher_is_better": true
        },
        {
          "metric": "f1",
          "aggregation": "2class_adjusted_macro_f1_score_for_chabsa",
          "higher_is_better": true
        },
        {
          "metric": "f1_norm",
          "aggregation": "2class_adjusted_macro_f1_score_for_chabsa",
          "higher_is_better": true
        }
      ],
      "output_type": "multiple_choice",
      "repeats": 1,
      "should_decontaminate": false,
      "doc_to_decontamination_query": "sentence",
      "metadata": {
        "version": 1.0
      }
    },
    "cma_basics-1.0-0.4": {
      "task": "cma_basics-1.0-0.4",
      "dataset_path": "jlm_fin_eval/datasets/cma_basics/cma_basics.py",
      "dataset_name": "cma_basics",
      "test_split": "test",
      "doc_to_text": "def doc_to_text_04(doc, SEP=\"<NL>\"):\n    q_doc_text = doc[\"question\"]\n    if doc[\"context\"] and doc[\"context\"] != \"\":\n        q_doc_text += \"\\n\" + doc[\"context\"]\n    choices = SEP.join([f\"- {choice}\" for choice in doc[\"choices\"][\"text\"]])\n    input_text = f\"質問：{q_doc_text}{SEP}\" + f\"選択肢：{SEP}{choices}\"\n    return f\"ユーザー: {input_text}{SEP}システム: \"\n",
      "doc_to_target": "def doc_to_target_01(doc):\n    return [\n        choice_text\n        for choice_id, choice_text in zip(doc[\"choices\"][\"id\"], doc[\"choices\"][\"text\"])\n        if choice_id == doc[\"answer\"]\n    ][0]\n",
      "doc_to_choice": "def doc_to_choices_01(doc):\n    choices = doc[\"choices\"][\"text\"]\n    return choices\n",
      "description": "ユーザー: 与えられた選択肢の中から、最適な答えを選んでください。<NL>システム: 分かりました。<NL>",
      "target_delimiter": "",
      "fewshot_delimiter": "<NL>",
      "num_fewshot": 0,
      "metric_list": [
        {
          "metric": "acc",
          "aggregation": "mean",
          "higher_is_better": true
        },
        {
          "metric": "acc_norm",
          "aggregation": "mean",
          "higher_is_better": true
        },
        {
          "metric": "map",
          "aggregation": "mean",
          "higher_is_better": true
        },
        {
          "metric": "map_2",
          "aggregation": "mean",
          "higher_is_better": true
        },
        {
          "metric": "map_3",
          "aggregation": "mean",
          "higher_is_better": true
        },
        {
          "metric": "map_4",
          "aggregation": "mean",
          "higher_is_better": true
        },
        {
          "metric": "map_norm",
          "aggregation": "mean",
          "higher_is_better": true
        },
        {
          "metric": "map_2_norm",
          "aggregation": "mean",