{
  "results": {
    "security_sales_1-1.0-0.2.1": {
      "acc,none": 0.42105263157894735,
      "acc_stderr,none": 0.06597717584505354,
      "acc_norm,none": 0.38596491228070173,
      "acc_norm_stderr,none": 0.0650543726938216,
      "map,none": 0.7192982456140351,
      "map_stderr,none": 0.03792926928386392,
      "map_2,none": 0.6842105263157895,
      "map_2_stderr,none": 0.046209007687950596,
      "map_3,none": 0.7017543859649122,
      "map_3_stderr,none": 0.0424911825393132,
      "map_4,none": 0.7192982456140351,
      "map_4_stderr,none": 0.03792926928386392,
      "map_norm,none": 0.6885964912280702,
      "map_norm_stderr,none": 0.03938656496017951,
      "map_2_norm,none": 0.631578947368421,
      "map_2_norm_stderr,none": 0.05087935351043054,
      "map_3_norm,none": 0.6666666666666666,
      "map_3_norm_stderr,none": 0.044543540318737376,
      "map_4_norm,none": 0.6885964912280702,
      "map_4_norm_stderr,none": 0.03938656496017951,
      "alias": "security_sales_1-1.0-0.2.1"
    },
    "fp2-1.0-0.2.1": {
      "acc,none": 0.23789473684210527,
      "acc_stderr,none": 0.019557382357921756,
      "acc_norm,none": 0.23789473684210527,
      "acc_norm_stderr,none": 0.019557382357921756,
      "map,none": 0.5063157894736852,
      "map_stderr,none": 0.013325733893320755,
      "map_2,none": 0.3526315789473684,
      "map_2_stderr,none": 0.018988900123449975,
      "map_3,none": 0.43473684210526375,
      "map_3_stderr,none": 0.016790811297143108,
      "map_4,none": 0.5063157894736852,
      "map_4_stderr,none": 0.013325733893320755,
      "map_norm,none": 0.5063157894736852,
      "map_norm_stderr,none": 0.013325733893320755,
      "map_2_norm,none": 0.3526315789473684,
      "map_2_norm_stderr,none": 0.018988900123449975,
      "map_3_norm,none": 0.43473684210526375,
      "map_3_norm_stderr,none": 0.016790811297143108,
      "map_4_norm,none": 0.5063157894736852,
      "map_4_norm_stderr,none": 0.013325733893320755,
      "alias": "fp2-1.0-0.2.1"
    },
    "cpa_audit-1.0-0.2.1": {
      "acc,none": 0.135678391959799,
      "acc_stderr,none": 0.017186908930253573,
      "acc_norm,none": 0.12814070351758794,
      "acc_norm_stderr,none": 0.01677534652193495,
      "map,none": 0.3871021775544387,
      "map_stderr,none": 0.013407085425122702,
      "map_2,none": 0.2236180904522613,
      "map_2_stderr,none": 0.018070892499800043,
      "map_3,none": 0.2814070351758791,
      "map_3_stderr,none": 0.017365626847417708,
      "map_4,none": 0.3241206030150751,
      "map_4_stderr,none": 0.01622693669993688,
      "map_norm,none": 0.3804020100502512,
      "map_norm_stderr,none": 0.013136733643914496,
      "map_2_norm,none": 0.21231155778894473,
      "map_2_norm_stderr,none": 0.017754974687461112,
      "map_3_norm,none": 0.2734505862646563,
      "map_3_norm_stderr,none": 0.01708112099414159,
      "map_4_norm,none": 0.31742043551088744,
      "map_4_norm_stderr,none": 0.015937735921578593,
      "alias": "cpa_audit-1.0-0.2.1"
    },
    "cma_basics-1.0-0.2.1": {
      "acc,none": 0.21052631578947367,
      "acc_stderr,none": 0.06702258315442243,
      "acc_norm,none": 0.10526315789473684,
      "acc_norm_stderr,none": 0.050452767712569555,
      "map,none": 0.4912280701754386,
      "map_stderr,none": 0.045305701884461994,
      "map_2,none": 0.3157894736842105,
      "map_2_stderr,none": 0.06646171485760265,
      "map_3,none": 0.4385964912280703,
      "map_3_stderr,none": 0.05495125238567099,
      "map_4,none": 0.4912280701754386,
      "map_4_stderr,none": 0.045305701884461994,
      "map_norm,none": 0.45394736842105265,
      "map_norm_stderr,none": 0.03509697898206825,
      "map_2_norm,none": 0.3157894736842105,
      "map_2_norm_stderr,none": 0.05472370999053014,
      "map_3_norm,none": 0.3947368421052632,
      "map_3_norm_stderr,none": 0.046795971976090985,
      "map_4_norm,none": 0.45394736842105265,
      "map_4_norm_stderr,none": 0.03509697898206825,
      "alias": "cma_basics-1.0-0.2.1"
    },
    "chabsa-1.0-0.2": {
      "acc,none": 0.5611808882558591,
      "acc_stderr,none": 0.0056471497500452305,
      "f1,none": 0.3615798758964281,
      "f1_stderr,none": "N/A",
      "acc_norm,none": 0.5611808882558591,
      "acc_norm_stderr,none": 0.0056471497500452305,
      "f1_norm,none": 0.3615798758964281,
      "f1_norm_stderr,none": "N/A",
      "alias": "chabsa-1.0-0.2"
    }
  },
  "group_subtasks": {
    "chabsa-1.0-0.2": [],
    "cma_basics-1.0-0.2.1": [],
    "cpa_audit-1.0-0.2.1": [],
    "fp2-1.0-0.2.1": [],
    "security_sales_1-1.0-0.2.1": []
  },
  "configs": {
    "chabsa-1.0-0.2": {
      "task": "chabsa-1.0-0.2",
      "dataset_path": "jlm_fin_eval/datasets/chabsa/chabsa.py",
      "dataset_name": "chABSA",
      "test_split": "test",
      "doc_to_text": "センテンス: {{sentence}}\nターゲット: {{target}}\n回答:",
      "doc_to_target": "{{polarity}}",
      "doc_to_choice": [
        "positive",
        "negative"
      ],
      "description": "センテンスとターゲットを入力として受け取り、ターゲットに関するセンチメントをpositiveかnegativeから選択してください。\n\n\n",
      "target_delimiter": " ",
      "fewshot_delimiter": "\n\n",
      "num_fewshot": 0,
      "metric_list": [
        {
          "metric": "acc",
          "aggregation": "mean",
          "higher_is_better": true
        },
        {
          "metric": "acc_norm",
          "aggregation": "mean",
          "higher_is_better": true
        },
        {
          "metric": "f1",
          "aggregation": "2class_adjusted_macro_f1_score_for_chabsa",
          "higher_is_better": true
        },
        {
          "metric": "f1_norm",
          "aggregation": "2class_adjusted_macro_f1_score_for_chabsa",
          "higher_is_better": true
        }
      ],
      "output_type": "multiple_choice",
      "repeats": 1,
      "should_decontaminate": false,
      "doc_to_decontamination_query": "sentence",
      "metadata": {
        "version": 1.0
      }
    },
    "cma_basics-1.0-0.2.1": {
      "task": "cma_basics-1.0-0.2.1",
      "dataset_path": "jlm_fin_eval/datasets/cma_basics/cma_basics.py",
      "dataset_name": "cma_basics",
      "test_split": "test",
      "doc_to_text": "def doc_to_text_02_1(doc):\n    q_doc_text = doc[\"question\"] + \"\\n\"\n    if doc[\"context\"] and doc[\"context\"] != \"\":\n        q_doc_text += doc[\"context\"] + \"\\n\"\n    choices = \"\\n\".join([f\"- {choice}\" for choice in doc[\"choices\"][\"text\"]])\n    return f\"質問:{q_doc_text}選択肢:\\n{choices}\\n回答:\"\n",
      "doc_to_target": "def doc_to_target_01(doc):\n    return [\n        choice_text\n        for choice_id, choice_text in zip(doc[\"choices\"][\"id\"], doc[\"choices\"][\"text\"])\n        if choice_id == doc[\"answer\"]\n    ][0]\n",
      "doc_to_choice": "def doc_to_choices_01(doc):\n    choices = doc[\"choices\"][\"text\"]\n    return choices\n",
      "description": "与えられた選択肢の中から、最適な答えを選んでください。\n\n\n",
      "target_delimiter": "",
      "fewshot_delimiter": "\n\n",
      "num_fewshot": 0,
      "metric_list": [
        {
          "metric": "acc",
          "aggregation": "mean",
          "higher_is_better": true
        },
        {
          "metric": "acc_norm",
          "aggregation": "mean",
          "higher_is_better": true
        },
        {
          "metric": "map",
          "aggregation": "mean",
          "higher_is_better": true
        },
        {
          "metric": "map_2",
          "aggregation": "mean",
          "higher_is_better": true
        },
        {
          "metric": "map_3",
          "aggregation": "mean",
          "higher_is_better": true
        },
        {
          "metric": "map_4",
          "aggregation": "mean",
          "higher_is_better": true
        },
        {
          "metric": "map_norm",
          "aggregation": "mean",
          "higher_is_better": true
        },
        {
          "metric": "map_2_norm",
          "aggregation": "mean",
          "higher_is_better": true
        },
        {
          "metric": "map_3_norm",