{
  "results": {
    "security_sales_1-1.0-0.1.2": {
      "acc,none": 0.38596491228070173,
      "acc_stderr,none": 0.06505437269382161,
      "acc_norm,none": 0.38596491228070173,
      "acc_norm_stderr,none": 0.06505437269382161,
      "map,none": 0.6622807017543859,
      "map_stderr,none": 0.037105218720533656,
      "map_2,none": 0.6228070175438597,
      "map_2_stderr,none": 0.045610420138229045,
      "map_3,none": 0.6403508771929824,
      "map_3_stderr,none": 0.04229671386400419,
      "map_4,none": 0.6622807017543859,
      "map_4_stderr,none": 0.037105218720533656,
      "map_norm,none": 0.6622807017543859,
      "map_norm_stderr,none": 0.037105218720533656,
      "map_2_norm,none": 0.6228070175438597,
      "map_2_norm_stderr,none": 0.045610420138229045,
      "map_3_norm,none": 0.6403508771929824,
      "map_3_norm_stderr,none": 0.04229671386400419,
      "map_4_norm,none": 0.6622807017543859,
      "map_4_norm_stderr,none": 0.037105218720533656,
      "alias": "security_sales_1-1.0-0.1.2"
    },
    "fp2-1.0-0.1.2": {
      "acc,none": 0.24210526315789474,
      "acc_stderr,none": 0.019675120012026353,
      "acc_norm,none": 0.24210526315789474,
      "acc_norm_stderr,none": 0.019675120012026353,
      "map,none": 0.5154385964912289,
      "map_stderr,none": 0.013265912385949066,
      "map_2,none": 0.3705263157894737,
      "map_2_stderr,none": 0.01888372364036452,
      "map_3,none": 0.4491228070175445,
      "map_3_stderr,none": 0.01661193486494637,
      "map_4,none": 0.5154385964912289,
      "map_4_stderr,none": 0.013265912385949066,
      "map_norm,none": 0.5154385964912289,
      "map_norm_stderr,none": 0.013265912385949066,
      "map_2_norm,none": 0.3705263157894737,
      "map_2_norm_stderr,none": 0.01888372364036452,
      "map_3_norm,none": 0.4491228070175445,
      "map_3_norm_stderr,none": 0.01661193486494637,
      "map_4_norm,none": 0.5154385964912289,
      "map_4_norm_stderr,none": 0.013265912385949066,
      "alias": "fp2-1.0-0.1.2"
    },
    "cpa_audit-1.0-0.1.2": {
      "acc,none": 0.13819095477386933,
      "acc_stderr,none": 0.01732008740419801,
      "acc_norm,none": 0.13819095477386933,
      "acc_norm_stderr,none": 0.01732008740419801,
      "map,none": 0.3902010050251255,
      "map_stderr,none": 0.0134859731842511,
      "map_2,none": 0.23115577889447236,
      "map_2_stderr,none": 0.01818186689875614,
      "map_3,none": 0.2788944723618088,
      "map_3_stderr,none": 0.01758778901038054,
      "map_4,none": 0.32788944723618063,
      "map_4_stderr,none": 0.01628798747345473,
      "map_norm,none": 0.3902010050251255,
      "map_norm_stderr,none": 0.0134859731842511,
      "map_2_norm,none": 0.23115577889447236,
      "map_2_norm_stderr,none": 0.01818186689875614,
      "map_3_norm,none": 0.2788944723618088,
      "map_3_norm_stderr,none": 0.01758778901038054,
      "map_4_norm,none": 0.32788944723618063,
      "map_4_norm_stderr,none": 0.01628798747345473,
      "alias": "cpa_audit-1.0-0.1.2"
    },
    "cma_basics-1.0-0.1.2": {
      "acc,none": 0.3157894736842105,
      "acc_stderr,none": 0.07641750223933595,
      "acc_norm,none": 0.3157894736842105,
      "acc_norm_stderr,none": 0.07641750223933595,
      "map,none": 0.5635964912280703,
      "map_stderr,none": 0.05282016356298128,
      "map_2,none": 0.39473684210526316,
      "map_2_stderr,none": 0.0758027094496046,
      "map_3,none": 0.517543859649123,
      "map_3_stderr,none": 0.0618422313689785,
      "map_4,none": 0.5635964912280703,
      "map_4_stderr,none": 0.05282016356298128,
      "map_norm,none": 0.5635964912280703,
      "map_norm_stderr,none": 0.05282016356298128,
      "map_2_norm,none": 0.39473684210526316,
      "map_2_norm_stderr,none": 0.0758027094496046,
      "map_3_norm,none": 0.517543859649123,
      "map_3_norm_stderr,none": 0.0618422313689785,
      "map_4_norm,none": 0.5635964912280703,
      "map_4_norm_stderr,none": 0.05282016356298128,
      "alias": "cma_basics-1.0-0.1.2"
    },
    "chabsa-1.0-0.1": {
      "acc,none": 0.5597565712805904,
      "acc_stderr,none": 0.005649124456148776,
      "f1,none": 0.3591689462640378,
      "f1_stderr,none": "N/A",
      "acc_norm,none": 0.5597565712805904,
      "acc_norm_stderr,none": 0.005649124456148776,
      "f1_norm,none": 0.3591689462640378,
      "f1_norm_stderr,none": "N/A",
      "alias": "chabsa-1.0-0.1"
    }
  },
  "group_subtasks": {
    "chabsa-1.0-0.1": [],
    "cma_basics-1.0-0.1.2": [],
    "cpa_audit-1.0-0.1.2": [],
    "fp2-1.0-0.1.2": [],
    "security_sales_1-1.0-0.1.2": []
  },
  "configs": {
    "chabsa-1.0-0.1": {
      "task": "chabsa-1.0-0.1",
      "dataset_path": "jlm_fin_eval/datasets/chabsa/chabsa.py",
      "dataset_name": "chABSA",
      "test_split": "test",
      "doc_to_text": "[センテンス]: {{sentence}}\nターゲット]: {{target}}\n[答え]:",
      "doc_to_target": "{{polarity}}",
      "doc_to_choice": [
        "positive",
        "negative"
      ],
      "description": "[センテンス]における、[ターゲット]のセンチメントをpositiveかnegativeで選んでください。\n\n\n",
      "target_delimiter": " ",
      "fewshot_delimiter": "\n\n",
      "num_fewshot": 0,
      "metric_list": [
        {
          "metric": "acc",
          "aggregation": "mean",
          "higher_is_better": true
        },
        {
          "metric": "acc_norm",
          "aggregation": "mean",
          "higher_is_better": true
        },
        {
          "metric": "f1",
          "aggregation": "2class_adjusted_macro_f1_score_for_chabsa",
          "higher_is_better": true
        },
        {
          "metric": "f1_norm",
          "aggregation": "2class_adjusted_macro_f1_score_for_chabsa",
          "higher_is_better": true
        }
      ],
      "output_type": "multiple_choice",
      "repeats": 1,
      "should_decontaminate": false,
      "doc_to_decontamination_query": "sentence",
      "metadata": {
        "version": 1.0
      }
    },
    "cma_basics-1.0-0.1.2": {
      "task": "cma_basics-1.0-0.1.2",
      "dataset_path": "jlm_fin_eval/datasets/cma_basics/cma_basics.py",
      "dataset_name": "cma_basics",
      "test_split": "test",
      "doc_to_text": "def doc_to_text_01_2(doc):\n    q_doc_text = doc[\"question\"] + \"\\n\"\n    if doc[\"context\"] and doc[\"context\"] != \"\":\n        q_doc_text += doc[\"context\"] + \"\\n\"\n    choice_doc_text = []\n    for choice_id, choice_text in zip(doc[\"choices\"][\"id\"], doc[\"choices\"][\"text\"]):\n        choice_doc_text.append(chr(choice_id + 65) + \":\" + choice_text)\n    return f\"[問題]:{q_doc_text}[選択肢]:[{', '.join(choice_doc_text)}]\\n[答え]:\"\n",
      "doc_to_target": "def doc_to_target_alphabet(doc):\n    answer = chr(int(doc[\"answer\"]) + 65)\n    return answer\n",
      "doc_to_choice": "def doc_to_choices_alphabet(doc):\n    choices = [chr(choice_id + 65) for choice_id in doc[\"choices\"][\"id\"]]\n    return choices\n",
      "description": "[問題]に対する[答え]を[選択肢]の中からアルファベットで選んでください。\n\n\n",
      "target_delimiter": "",
      "fewshot_delimiter": "\n\n",
      "num_fewshot": 0,
      "metric_list": [
        {
          "metric": "acc",
          "aggregation": "mean",
          "higher_is_better": true
        },
        {
          "metric": "acc_norm",
          "aggregation": "mean",
          "higher_is_better": true
        },
        {
          "metric": "map",
          "aggregation": "mean",
          "higher_is_better": true
        },
        {
          "metric": "map_2",
          "aggregation": "mean",
          "higher_is_better": true
        },
        {
          "metric": "map_3",
          "aggregation": "mean",
          "higher_is_better": true
        },
        {
          "metric": "map_4",
          "aggregation": "mean",
          "higher_is_better": true
        },
        {
          "metric": "map_norm",
          "aggregation": "mean",
          "higher_is_better": true
        },
        {
          "metric": "map_2_norm",
          "aggregation": "mean",