{
  "results": {
    "security_sales_1-1.0-0.2": {
      "acc,none": 0.3684210526315789,
      "acc_stderr,none": 0.06446025638903097,
      "acc_norm,none": 0.3684210526315789,
      "acc_norm_stderr,none": 0.06446025638903097,
      "map,none": 0.6447368421052632,
      "map_stderr,none": 0.0378658196313631,
      "map_2,none": 0.5964912280701754,
      "map_2_stderr,none": 0.047557175210892054,
      "map_3,none": 0.6140350877192983,
      "map_3_stderr,none": 0.04457437697201107,
      "map_4,none": 0.6447368421052632,
      "map_4_stderr,none": 0.0378658196313631,
      "map_norm,none": 0.6447368421052632,
      "map_norm_stderr,none": 0.0378658196313631,
      "map_2_norm,none": 0.5964912280701754,
      "map_2_norm_stderr,none": 0.047557175210892054,
      "map_3_norm,none": 0.6140350877192983,
      "map_3_norm_stderr,none": 0.04457437697201107,
      "map_4_norm,none": 0.6447368421052632,
      "map_4_norm_stderr,none": 0.0378658196313631,
      "alias": "security_sales_1-1.0-0.2"
    },
    "fp2-1.0-0.2": {
      "acc,none": 0.2463157894736842,
      "acc_stderr,none": 0.019790267465333897,
      "acc_norm,none": 0.2463157894736842,
      "acc_norm_stderr,none": 0.019790267465333897,
      "map,none": 0.5254385964912291,
      "map_stderr,none": 0.013208873042648903,
      "map_2,none": 0.38526315789473686,
      "map_2_stderr,none": 0.018849526537839126,
      "map_3,none": 0.46807017543859736,
      "map_3_stderr,none": 0.016262272568475903,
      "map_4,none": 0.5254385964912291,
      "map_4_stderr,none": 0.013208873042648903,
      "map_norm,none": 0.5254385964912291,
      "map_norm_stderr,none": 0.013208873042648903,
      "map_2_norm,none": 0.38526315789473686,
      "map_2_norm_stderr,none": 0.018849526537839126,
      "map_3_norm,none": 0.46807017543859736,
      "map_3_norm_stderr,none": 0.016262272568475903,
      "map_4_norm,none": 0.5254385964912291,
      "map_4_norm_stderr,none": 0.013208873042648903,
      "alias": "fp2-1.0-0.2"
    },
    "cpa_audit-1.0-0.2": {
      "acc,none": 0.13316582914572864,
      "acc_stderr,none": 0.017051757858934893,
      "acc_norm,none": 0.13316582914572864,
      "acc_norm_stderr,none": 0.017051757858934893,
      "map,none": 0.3810301507537688,
      "map_stderr,none": 0.013311530964538753,
      "map_2,none": 0.21105527638190955,
      "map_2_stderr,none": 0.017925554354884243,
      "map_3,none": 0.2721943048576212,
      "map_3_stderr,none": 0.01726956885323103,
      "map_4,none": 0.31553601340033466,
      "map_4_stderr,none": 0.016166847339866824,
      "map_norm,none": 0.3810301507537688,
      "map_norm_stderr,none": 0.013311530964538753,
      "map_2_norm,none": 0.21105527638190955,
      "map_2_norm_stderr,none": 0.017925554354884243,
      "map_3_norm,none": 0.2721943048576212,
      "map_3_norm_stderr,none": 0.01726956885323103,
      "map_4_norm,none": 0.31553601340033466,
      "map_4_norm_stderr,none": 0.016166847339866824,
      "alias": "cpa_audit-1.0-0.2"
    },
    "cma_basics-1.0-0.2": {
      "acc,none": 0.23684210526315788,
      "acc_stderr,none": 0.0698933400604233,
      "acc_norm,none": 0.23684210526315788,
      "acc_norm_stderr,none": 0.0698933400604233,
      "map,none": 0.537280701754386,
      "map_stderr,none": 0.04507704716569629,
      "map_2,none": 0.42105263157894735,
      "map_2_stderr,none": 0.06402323266269025,
      "map_3,none": 0.4912280701754386,
      "map_3_stderr,none": 0.05478068419647719,
      "map_4,none": 0.537280701754386,
      "map_4_stderr,none": 0.04507704716569629,
      "map_norm,none": 0.537280701754386,
      "map_norm_stderr,none": 0.04507704716569629,
      "map_2_norm,none": 0.42105263157894735,
      "map_2_norm_stderr,none": 0.06402323266269025,
      "map_3_norm,none": 0.4912280701754386,
      "map_3_norm_stderr,none": 0.05478068419647719,
      "map_4_norm,none": 0.537280701754386,
      "map_4_norm_stderr,none": 0.04507704716569629,
      "alias": "cma_basics-1.0-0.2"
    },
    "chabsa-1.0-0.2": {
      "acc,none": 0.7567007639518322,
      "acc_stderr,none": 0.004882784532921916,
      "f1,none": 0.7696489983588866,
      "f1_stderr,none": "N/A",
      "acc_norm,none": 0.7567007639518322,
      "acc_norm_stderr,none": 0.004882784532921916,
      "f1_norm,none": 0.7696489983588866,
      "f1_norm_stderr,none": "N/A",
      "alias": "chabsa-1.0-0.2"
    }
  },
  "group_subtasks": {
    "chabsa-1.0-0.2": [],
    "cma_basics-1.0-0.2": [],
    "cpa_audit-1.0-0.2": [],
    "fp2-1.0-0.2": [],
    "security_sales_1-1.0-0.2": []
  },
  "configs": {
    "chabsa-1.0-0.2": {
      "task": "chabsa-1.0-0.2",
      "dataset_path": "jlm_fin_eval/datasets/chabsa/chabsa.py",
      "dataset_name": "chABSA",
      "test_split": "test",
      "doc_to_text": "センテンス: {{sentence}}\nターゲット: {{target}}\n回答:",
      "doc_to_target": "{{polarity}}",
      "doc_to_choice": [
        "positive",
        "negative"
      ],
      "description": "センテンスとターゲットを入力として受け取り、ターゲットに関するセンチメントをpositiveかnegativeから選択してください。\n\n\n",
      "target_delimiter": " ",
      "fewshot_delimiter": "\n\n",
      "num_fewshot": 0,
      "metric_list": [
        {
          "metric": "acc",
          "aggregation": "mean",
          "higher_is_better": true
        },
        {
          "metric": "acc_norm",
          "aggregation": "mean",
          "higher_is_better": true
        },
        {
          "metric": "f1",
          "aggregation": "2class_adjusted_macro_f1_score_for_chabsa",
          "higher_is_better": true
        },
        {
          "metric": "f1_norm",
          "aggregation": "2class_adjusted_macro_f1_score_for_chabsa",
          "higher_is_better": true
        }
      ],
      "output_type": "multiple_choice",
      "repeats": 1,
      "should_decontaminate": false,
      "doc_to_decontamination_query": "sentence",
      "metadata": {
        "version": 1.0
      }
    },
    "cma_basics-1.0-0.2": {
      "task": "cma_basics-1.0-0.2",
      "dataset_path": "jlm_fin_eval/datasets/cma_basics/cma_basics.py",
      "dataset_name": "cma_basics",
      "test_split": "test",
      "doc_to_text": "def doc_to_text_02(doc):\n    q_doc_text = doc[\"question\"] + \"\\n\"\n    if doc[\"context\"] and doc[\"context\"] != \"\":\n        q_doc_text += doc[\"context\"] + \"\\n\"\n    choices = \",\".join(\n        [\n            f\"{idx}.{choice}\"\n            for idx, choice in zip(doc[\"choices\"][\"id\"], doc[\"choices\"][\"text\"])\n        ]\n    )\n    return f\"質問:{q_doc_text}\" f\"選択肢:{choices}\\n\" \"回答:\"\n",
      "doc_to_target": "def doc_to_target_02(doc):\n    return [\n        str(choice_id)\n        for choice_id in doc[\"choices\"][\"id\"]\n        if choice_id == doc[\"answer\"]\n    ][0]\n",
      "doc_to_choice": "def doc_to_choices_02(doc):\n    return [str(choice) for choice in doc[\"choices\"][\"id\"]]\n",
      "description": "質問と回答の選択肢を入力として受け取り、選択肢から回答を選択してください。なお、回答は選択肢の番号(例:0)でするものとします。\n\n\n",
      "target_delimiter": "",
      "fewshot_delimiter": "\n\n",
      "num_fewshot": 0,
      "metric_list": [
        {
          "metric": "acc",
          "aggregation": "mean",
          "higher_is_better": true
        },
        {
          "metric": "acc_norm",
          "aggregation": "mean",
          "higher_is_better": true
        },
        {
          "metric": "map",
          "aggregation": "mean",
          "higher_is_better": true
        },
        {
          "metric": "map_2",
          "aggregation": "mean",
          "higher_is_better": true
        },
        {
          "metric": "map_3",
          "aggregation": "mean",
          "higher_is_better": true
        },
        {
          "metric": "map_4",
          "aggregation": "mean",
          "higher_is_better": true
        },
        {
          "metric": "map_norm",
          "aggregation": "mean",
          "higher_is_better": true
        },
        {
          "metric": "map_2_norm",
          "aggregation": "mean",