{
  "results": {
    "security_sales_1": {
      "acc,none": 0.5087719298245614,
      "acc_stderr,none": 0.06680502724442024,
      "acc_norm,none": 0.5087719298245614,
      "acc_norm_stderr,none": 0.06680502724442024,
      "map,none": 0.7295321637426901,
      "map_stderr,none": 0.03773657748286639,
      "map_2,none": 0.6929824561403509,
      "map_2_stderr,none": 0.04641668966779986,
      "map_3,none": 0.7163742690058479,
      "map_3_stderr,none": 0.04129215824981586,
      "map_4,none": 0.7295321637426901,
      "map_4_stderr,none": 0.03773657748286639,
      "map_norm,none": 0.7295321637426901,
      "map_norm_stderr,none": 0.03773657748286639,
      "map_2_norm,none": 0.6929824561403509,
      "map_2_norm_stderr,none": 0.04641668966779986,
      "map_3_norm,none": 0.7163742690058479,
      "map_3_norm_stderr,none": 0.04129215824981586,
      "map_4_norm,none": 0.7295321637426901,
      "map_4_norm_stderr,none": 0.03773657748286639,
      "alias": "security_sales_1"
    },
    "fp2": {
      "acc,none": 0.2336842105263158,
      "acc_stderr,none": 0.019437007433459805,
      "acc_norm,none": 0.2336842105263158,
      "acc_norm_stderr,none": 0.019437007433459805,
      "map,none": 0.5149122807017552,
      "map_stderr,none": 0.012988771714097421,
      "map_2,none": 0.3684210526315789,
      "map_2_stderr,none": 0.0186754740876446,
      "map_3,none": 0.4575438596491235,
      "map_3_stderr,none": 0.016004604454525194,
      "map_4,none": 0.5149122807017552,
      "map_4_stderr,none": 0.012988771714097421,
      "map_norm,none": 0.5149122807017552,
      "map_norm_stderr,none": 0.012988771714097421,
      "map_2_norm,none": 0.3684210526315789,
      "map_2_norm_stderr,none": 0.0186754740876446,
      "map_3_norm,none": 0.4575438596491235,
      "map_3_norm_stderr,none": 0.016004604454525194,
      "map_4_norm,none": 0.5149122807017552,
      "map_4_norm_stderr,none": 0.012988771714097421,
      "alias": "fp2"
    },
    "cpa_audit": {
      "acc,none": 0.1984924623115578,
      "acc_stderr,none": 0.020018455258200223,
      "acc_norm,none": 0.1984924623115578,
      "acc_norm_stderr,none": 0.020018455258200223,
      "map,none": 0.4335845896147405,
      "map_stderr,none": 0.015168007780751006,
      "map_2,none": 0.2851758793969849,
      "map_2_stderr,none": 0.02010732467167027,
      "map_3,none": 0.33542713567839183,
      "map_3_stderr,none": 0.01918183086749131,
      "map_4,none": 0.3756281407035175,
      "map_4_stderr,none": 0.01792359524356129,
      "map_norm,none": 0.4335845896147405,
      "map_norm_stderr,none": 0.015168007780751006,
      "map_2_norm,none": 0.2851758793969849,
      "map_2_norm_stderr,none": 0.02010732467167027,
      "map_3_norm,none": 0.33542713567839183,
      "map_3_norm_stderr,none": 0.01918183086749131,
      "map_4_norm,none": 0.3756281407035175,
      "map_4_norm_stderr,none": 0.01792359524356129,
      "alias": "cpa_audit"
    },
    "cma_basics": {
      "acc,none": 0.2894736842105263,
      "acc_stderr,none": 0.07455791696866065,
      "acc_norm,none": 0.2894736842105263,
      "acc_norm_stderr,none": 0.07455791696866065,
      "map,none": 0.5548245614035087,
      "map_stderr,none": 0.04912264825890486,
      "map_2,none": 0.4342105263157895,
      "map_2_stderr,none": 0.06843883126059967,
      "map_3,none": 0.4956140350877192,
      "map_3_stderr,none": 0.060777989824850616,
      "map_4,none": 0.5548245614035087,
      "map_4_stderr,none": 0.04912264825890486,
      "map_norm,none": 0.5548245614035087,
      "map_norm_stderr,none": 0.04912264825890486,
      "map_2_norm,none": 0.4342105263157895,
      "map_2_norm_stderr,none": 0.06843883126059967,
      "map_3_norm,none": 0.4956140350877192,
      "map_3_norm_stderr,none": 0.060777989824850616,
      "map_4_norm,none": 0.5548245614035087,
      "map_4_norm_stderr,none": 0.04912264825890486,
      "alias": "cma_basics"
    },
    "chabsa": {
      "acc,none": 0.7972290560662955,
      "acc_stderr,none": 0.004575404786475903,
      "f1,none": 0.8031744331133173,
      "f1_stderr,none": "N/A",
      "acc_norm,none": 0.7972290560662955,
      "acc_norm_stderr,none": 0.004575404786475903,
      "f1_norm,none": 0.8031744331133173,
      "f1_norm_stderr,none": "N/A",
      "alias": "chabsa"
    }
  },
  "group_subtasks": {
    "chabsa": [],
    "cma_basics": [],
    "cpa_audit": [],
    "fp2": [],
    "security_sales_1": []
  },
  "configs": {
    "chabsa": {
      "task": "chabsa",
      "dataset_path": "jlm_fin_eval/datasets/chabsa/chabsa.py",
      "dataset_name": "chABSA",
      "test_split": "test",
      "doc_to_text": "センテンス: {{sentence}}\nターゲット: {{target}}\n回答:",
      "doc_to_target": "{{polarity}}",
      "doc_to_choice": [
        "positive",
        "negative"
      ],
      "description": "以下のセンテンスにおける、ターゲットのセンチメントをpositiveかnegativeで答えてください。\n\n\n",
      "target_delimiter": " ",
      "fewshot_delimiter": "\n\n",
      "num_fewshot": 0,
      "metric_list": [
        {
          "metric": "acc",
          "aggregation": "mean",
          "higher_is_better": true
        },
        {
          "metric": "acc_norm",
          "aggregation": "mean",
          "higher_is_better": true
        },
        {
          "metric": "f1",
          "aggregation": "2class_adjusted_macro_f1_score_for_chabsa",
          "higher_is_better": true
        },
        {
          "metric": "f1_norm",
          "aggregation": "2class_adjusted_macro_f1_score_for_chabsa",
          "higher_is_better": true
        }
      ],
      "output_type": "multiple_choice",
      "repeats": 1,
      "should_decontaminate": false,
      "doc_to_decontamination_query": "sentence",
      "metadata": {
        "version": 1.0
      }
    },
    "cma_basics": {
      "task": "cma_basics",
      "dataset_path": "jlm_fin_eval/datasets/cma_basics/cma_basics.py",
      "dataset_name": "cma_basics",
      "test_split": "test",
      "doc_to_text": "def doc_to_text_00(doc):\n    doc_text = \"【問題】\\n\" + doc[\"question\"] + \"\\n\"\n    if doc[\"context\"] and doc[\"context\"] != \"\":\n        doc_text += doc[\"context\"] + \"\\n\"\n    doc_text += \"\\n【選択肢】\\n\"\n    for choice_id, choice_text in zip(doc[\"choices\"][\"id\"], doc[\"choices\"][\"text\"]):\n        doc_text += chr(choice_id + 65) + \": \" + choice_text + \"\\n\"\n    doc_text += \"\\n【答え】\\n\"\n    # doc_text += chr(int(doc[\"answer\"]) + 65)\n    return doc_text\n",
      "doc_to_target": "def doc_to_target_alphabet(doc):\n    answer = chr(int(doc[\"answer\"]) + 65)\n    return answer\n",
      "doc_to_choice": "def doc_to_choices_alphabet(doc):\n    choices = [chr(choice_id + 65) for choice_id in doc[\"choices\"][\"id\"]]\n    return choices\n",
      "description": "以下の問題の適切な答えを選択肢から選んでアルファベットで答えなさい。\n\n\n",
      "target_delimiter": "",
      "fewshot_delimiter": "\n\n",
      "num_fewshot": 0,
      "metric_list": [
        {
          "metric": "acc",
          "aggregation": "mean",
          "higher_is_better": true
        },
        {
          "metric": "acc_norm",
          "aggregation": "mean",
          "higher_is_better": true
        },
        {
          "metric": "map",
          "aggregation": "mean",
          "higher_is_better": true
        },
        {
          "metric": "map_2",
          "aggregation": "mean",
          "higher_is_better": true
        },
        {
          "metric": "map_3",
          "aggregation": "mean",
          "higher_is_better": true
        },
        {
          "metric": "map_4",
          "aggregation": "mean",
          "higher_is_better": true
        },
        {
          "metric": "map_norm",
          "aggregation": "mean",
          "higher_is_better": true
        },
        {
          "metric": "map_2_norm",
          "aggregation": "mean",
          "higher_is_better": true
        },
        {
          "metric": "map_3_norm",
          "aggregation": "mean",