{
  "results": {
    "security_sales_1-1.0-0.1": {
      "acc,none": 0.45614035087719296,
      "acc_stderr,none": 0.06655775300696491,
      "acc_norm,none": 0.45614035087719296,
      "acc_norm_stderr,none": 0.06655775300696491,
      "map,none": 0.7134502923976608,
      "map_stderr,none": 0.03576752859992151,
      "map_2,none": 0.6929824561403509,
      "map_2_stderr,none": 0.041043687306171237,
      "map_3,none": 0.7046783625730993,
      "map_3_stderr,none": 0.03823994833091301,
      "map_4,none": 0.7134502923976608,
      "map_4_stderr,none": 0.03576752859992151,
      "map_norm,none": 0.6959064327485381,
      "map_norm_stderr,none": 0.0385471333853712,
      "map_2_norm,none": 0.6578947368421053,
      "map_2_norm_stderr,none": 0.04709262512309164,
      "map_3_norm,none": 0.6695906432748538,
      "map_3_norm_stderr,none": 0.04483392962924385,
      "map_4_norm,none": 0.6959064327485381,
      "map_4_norm_stderr,none": 0.0385471333853712,
      "alias": "security_sales_1-1.0-0.1"
    },
    "fp2-1.0-0.1": {
      "acc,none": 0.2631578947368421,
      "acc_stderr,none": 0.0202258251371329,
      "acc_norm,none": 0.2631578947368421,
      "acc_norm_stderr,none": 0.0202258251371329,
      "map,none": 0.5282456140350887,
      "map_stderr,none": 0.013601961987307027,
      "map_2,none": 0.37684210526315787,
      "map_2_stderr,none": 0.019435203350678682,
      "map_3,none": 0.47087719298245684,
      "map_3_stderr,none": 0.01660361469640449,
      "map_4,none": 0.5282456140350887,
      "map_4_stderr,none": 0.013601961987307027,
      "map_norm,none": 0.5282456140350887,
      "map_norm_stderr,none": 0.013601961987307027,
      "map_2_norm,none": 0.37684210526315787,
      "map_2_norm_stderr,none": 0.019435203350678682,
      "map_3_norm,none": 0.47087719298245684,
      "map_3_norm_stderr,none": 0.01660361469640449,
      "map_4_norm,none": 0.5282456140350887,
      "map_4_norm_stderr,none": 0.013601961987307027,
      "alias": "fp2-1.0-0.1"
    },
    "cpa_audit-1.0-0.1": {
      "acc,none": 0.12562814070351758,
      "acc_stderr,none": 0.016633984738460363,
      "acc_norm,none": 0.12311557788944724,
      "acc_norm_stderr,none": 0.016490446999484463,
      "map,none": 0.37629815745393624,
      "map_stderr,none": 0.013059113258131175,
      "map_2,none": 0.20477386934673367,
      "map_2_stderr,none": 0.01762102215560415,
      "map_3,none": 0.2709380234505861,
      "map_3_stderr,none": 0.016934330898902804,
      "map_4,none": 0.3111390284757116,
      "map_4_stderr,none": 0.01591052431783913,
      "map_norm,none": 0.3750418760469011,
      "map_norm_stderr,none": 0.012968089756971042,
      "map_2_norm,none": 0.20351758793969849,
      "map_2_norm_stderr,none": 0.017522721795654648,
      "map_3_norm,none": 0.2696817420435509,
      "map_3_norm_stderr,none": 0.016844455018802766,
      "map_4_norm,none": 0.3098827470686764,
      "map_4_norm_stderr,none": 0.015822873096702876,
      "alias": "cpa_audit-1.0-0.1"
    },
    "cma_basics-1.0-0.1": {
      "acc,none": 0.2894736842105263,
      "acc_stderr,none": 0.07455791696866065,
      "acc_norm,none": 0.2894736842105263,
      "acc_norm_stderr,none": 0.07455791696866065,
      "map,none": 0.557017543859649,
      "map_stderr,none": 0.0488027659545282,
      "map_2,none": 0.4342105263157895,
      "map_2_stderr,none": 0.06843883126059969,
      "map_3,none": 0.5043859649122806,
      "map_3_stderr,none": 0.05946352880142506,
      "map_4,none": 0.557017543859649,
      "map_4_stderr,none": 0.0488027659545282,
      "map_norm,none": 0.5657894736842105,
      "map_norm_stderr,none": 0.04778542541178043,
      "map_2_norm,none": 0.4473684210526316,
      "map_2_norm_stderr,none": 0.0674401733824144,
      "map_3_norm,none": 0.5263157894736842,
      "map_3_norm_stderr,none": 0.05640790912915606,
      "map_4_norm,none": 0.5657894736842105,
      "map_4_norm_stderr,none": 0.04778542541178043,
      "alias": "cma_basics-1.0-0.1"
    },
    "chabsa-1.0-0.1": {
      "acc,none": 0.7403858604169364,
      "acc_stderr,none": 0.0049891703245405076,
      "f1,none": 0.7307063017509824,
      "f1_stderr,none": "N/A",
      "acc_norm,none": 0.7403858604169364,
      "acc_norm_stderr,none": 0.0049891703245405076,
      "f1_norm,none": 0.7307063017509824,
      "f1_norm_stderr,none": "N/A",
      "alias": "chabsa-1.0-0.1"
    }
  },
  "group_subtasks": {
    "chabsa-1.0-0.1": [],
    "cma_basics-1.0-0.1": [],
    "cpa_audit-1.0-0.1": [],
    "fp2-1.0-0.1": [],
    "security_sales_1-1.0-0.1": []
  },
  "configs": {
    "chabsa-1.0-0.1": {
      "task": "chabsa-1.0-0.1",
      "dataset_path": "jlm_fin_eval/datasets/chabsa/chabsa.py",
      "dataset_name": "chABSA",
      "test_split": "test",
      "doc_to_text": "[センテンス]: {{sentence}}\nターゲット]: {{target}}\n[答え]:",
      "doc_to_target": "{{polarity}}",
      "doc_to_choice": [
        "positive",
        "negative"
      ],
      "description": "[センテンス]における、[ターゲット]のセンチメントをpositiveかnegativeで選んでください。\n\n\n",
      "target_delimiter": " ",
      "fewshot_delimiter": "\n\n",
      "num_fewshot": 0,
      "metric_list": [
        {
          "metric": "acc",
          "aggregation": "mean",
          "higher_is_better": true
        },
        {
          "metric": "acc_norm",
          "aggregation": "mean",
          "higher_is_better": true
        },
        {
          "metric": "f1",
          "aggregation": "2class_adjusted_macro_f1_score_for_chabsa",
          "higher_is_better": true
        },
        {
          "metric": "f1_norm",
          "aggregation": "2class_adjusted_macro_f1_score_for_chabsa",
          "higher_is_better": true
        }
      ],
      "output_type": "multiple_choice",
      "repeats": 1,
      "should_decontaminate": false,
      "doc_to_decontamination_query": "sentence",
      "metadata": {
        "version": 1.0
      }
    },
    "cma_basics-1.0-0.1": {
      "task": "cma_basics-1.0-0.1",
      "dataset_path": "jlm_fin_eval/datasets/cma_basics/cma_basics.py",
      "dataset_name": "cma_basics",
      "test_split": "test",
      "doc_to_text": "def doc_to_text_01(doc):\n    q_doc_text = doc[\"question\"] + \"\\n\"\n    if doc[\"context\"] and doc[\"context\"] != \"\":\n        q_doc_text += doc[\"context\"] + \"\\n\"\n    return f\"[問題]:{q_doc_text}[選択肢]:[{', '.join(doc['choices']['text'])}]\\n[答え]:\"\n",
      "doc_to_target": "def doc_to_target_01(doc):\n    return [\n        choice_text\n        for choice_id, choice_text in zip(doc[\"choices\"][\"id\"], doc[\"choices\"][\"text\"])\n        if choice_id == doc[\"answer\"]\n    ][0]\n",
      "doc_to_choice": "def doc_to_choices_01(doc):\n    choices = doc[\"choices\"][\"text\"]\n    return choices\n",
      "description": "[問題]に対する[答え]を[選択肢]の中から選んでください。\n\n\n",
      "target_delimiter": "",
      "fewshot_delimiter": "\n\n",
      "num_fewshot": 0,
      "metric_list": [
        {
          "metric": "acc",
          "aggregation": "mean",
          "higher_is_better": true
        },
        {
          "metric": "acc_norm",
          "aggregation": "mean",
          "higher_is_better": true
        },
        {
          "metric": "map",
          "aggregation": "mean",
          "higher_is_better": true
        },
        {
          "metric": "map_2",
          "aggregation": "mean",
          "higher_is_better": true
        },
        {
          "metric": "map_3",
          "aggregation": "mean",
          "higher_is_better": true
        },
        {
          "metric": "map_4",
          "aggregation": "mean",
          "higher_is_better": true
        },
        {
          "metric": "map_norm",
          "aggregation": "mean",
          "higher_is_better": true
        },
        {
          "metric": "map_2_norm",
          "aggregation": "mean",
          "higher_is_better": true
        },
        {
          "metric": "map_3_norm",
          "aggregation": "mean",