{
  "results": {
    "cma_basics-1.0-0.1": {
      "acc": 0.42105263157894735,
      "acc_stderr": 0.08116837904800629,
      "map": 0.6249999999999999,
      "map_stderr": 0.053959510134888686,
      "map_2": 0.5,
      "map_2_stderr": 0.07543142864047142,
      "map_3": 0.5789473684210525,
      "map_3_stderr": 0.06402323266269028,
      "map_4": 0.6249999999999999,
      "map_4_stderr": 0.053959510134888686
    },
    "fp2-1.0-0.2": {
      "acc": 0.2905263157894737,
      "acc_stderr": 0.020853152208026325,
      "map": 0.5471929824561412,
      "map_stderr": 0.013829350199210472,
      "map_2": 0.40842105263157896,
      "map_2_stderr": 0.019574228320515027,
      "map_3": 0.4919298245614043,
      "map_3_stderr": 0.016830149110738084,
      "map_4": 0.5471929824561412,
      "map_4_stderr": 0.013829350199210472
    },
    "chabsa": {
      "acc": 0.8283050627994303,
      "f1": 0.5577342285896187
    },
    "cpa_audit": {
      "acc": 0.1934673366834171,
      "acc_stderr": 0.019825290206918044,
      "map": 0.4269681742043548,
      "map_stderr": 0.015078034191122783,
      "map_2": 0.27386934673366836,
      "map_2_stderr": 0.019991429059457937,
      "map_3": 0.32830820770519226,
      "map_3_stderr": 0.019047094587437995,
      "map_4": 0.3672529313232828,
      "map_4_stderr": 0.01786290458736494
    },
    "security_sales_1": {
      "acc": 0.49122807017543857,
      "acc_stderr": 0.06680502724442024,
      "map": 0.726608187134503,
      "map_stderr": 0.03677146594194044,
      "map_2": 0.7017543859649122,
      "map_2_stderr": 0.04310121183438555,
      "map_3": 0.7134502923976609,
      "map_3_stderr": 0.04039504562652157,
      "map_4": 0.726608187134503,
      "map_4_stderr": 0.03677146594194044
    }
  },
  "versions": {
    "cma_basics-1.0-0.1": 1.0,
    "fp2-1.0-0.2": 1.0,
    "chabsa": 1.0,
    "cpa_audit": 1.0,
    "security_sales_1": 1.0
  },
  "config": {
    "model": "hf",
    "model_args": "pretrained=meta-llama/Llama-2-7b-chat-hf,load_in_8bit=True",
    "num_fewshot": [
      0,
      0,
      0,
      0,
      0
    ],
    "batch_size": null,
    "device": "cuda",
    "no_cache": false,
    "limit": null,
    "bootstrap_iters": 100000,
    "description_dict": {}
  }
}