{
  "results": {
    "security_sales_1-1.0-0.2.1": {
      "acc,none": 0.45614035087719296,
      "acc_stderr,none": 0.06655775300696491,
      "acc_norm,none": 0.45614035087719296,
      "acc_norm_stderr,none": 0.06655775300696491,
      "map,none": 0.698830409356725,
      "map_stderr,none": 0.038165015963916075,
      "map_2,none": 0.6666666666666666,
      "map_2_stderr,none": 0.04570070809225679,
      "map_3,none": 0.6725146198830408,
      "map_3_stderr,none": 0.044536684829613496,
      "map_4,none": 0.698830409356725,
      "map_4_stderr,none": 0.038165015963916075,
      "map_norm,none": 0.698830409356725,
      "map_norm_stderr,none": 0.038165015963916075,
      "map_2_norm,none": 0.6666666666666666,
      "map_2_norm_stderr,none": 0.04570070809225679,
      "map_3_norm,none": 0.6725146198830408,
      "map_3_norm_stderr,none": 0.044536684829613496,
      "map_4_norm,none": 0.698830409356725,
      "map_4_norm_stderr,none": 0.038165015963916075,
      "alias": "security_sales_1-1.0-0.2.1"
    },
    "fp2-1.0-0.2.1": {
      "acc,none": 0.25684210526315787,
      "acc_stderr,none": 0.020067094117036346,
      "acc_norm,none": 0.25684210526315787,
      "acc_norm_stderr,none": 0.020067094117036346,
      "map,none": 0.5200000000000012,
      "map_stderr,none": 0.013545393369911281,
      "map_2,none": 0.3642105263157895,
      "map_2_stderr,none": 0.019371833935423494,
      "map_3,none": 0.4589473684210535,
      "map_3_stderr,none": 0.016654377928085076,
      "map_4,none": 0.5200000000000012,
      "map_4_stderr,none": 0.013545393369911281,
      "map_norm,none": 0.5200000000000012,
      "map_norm_stderr,none": 0.013545393369911281,
      "map_2_norm,none": 0.3642105263157895,
      "map_2_norm_stderr,none": 0.019371833935423494,
      "map_3_norm,none": 0.4589473684210535,
      "map_3_norm_stderr,none": 0.016654377928085076,
      "map_4_norm,none": 0.5200000000000012,
      "map_4_norm_stderr,none": 0.013545393369911281,
      "alias": "fp2-1.0-0.2.1"
    },
    "cpa_audit-1.0-0.2.1": {
      "acc,none": 0.135678391959799,
      "acc_stderr,none": 0.017186908930253573,
      "acc_norm,none": 0.12060301507537688,
      "acc_norm_stderr,none": 0.01634467597786587,
      "map,none": 0.3867671691792293,
      "map_stderr,none": 0.013387760361067912,
      "map_2,none": 0.22236180904522612,
      "map_2_stderr,none": 0.018066162086777367,
      "map_3,none": 0.2784757118927971,
      "map_3_stderr,none": 0.017398573486708167,
      "map_4,none": 0.3224455611390282,
      "map_4_stderr,none": 0.016243274694216263,
      "map_norm,none": 0.3788107202680066,
      "map_norm_stderr,none": 0.012853655671459761,
      "map_2_norm,none": 0.2135678391959799,
      "map_2_norm_stderr,none": 0.01749229446742511,
      "map_3_norm,none": 0.2705192629815743,
      "map_3_norm_stderr,none": 0.01686280119169171,
      "map_4_norm,none": 0.3144891122278054,
      "map_4_norm_stderr,none": 0.015724188851179044,
      "alias": "cpa_audit-1.0-0.2.1"
    },
    "cma_basics-1.0-0.2.1": {
      "acc,none": 0.3157894736842105,
      "acc_stderr,none": 0.07641750223933594,
      "acc_norm,none": 0.3157894736842105,
      "acc_norm_stderr,none": 0.07641750223933594,
      "map,none": 0.5548245614035088,
      "map_stderr,none": 0.05119061299066211,
      "map_2,none": 0.39473684210526316,
      "map_2_stderr,none": 0.07341956131188586,
      "map_3,none": 0.5087719298245613,
      "map_3_stderr,none": 0.060275488546847236,
      "map_4,none": 0.5548245614035088,
      "map_4_stderr,none": 0.05119061299066211,
      "map_norm,none": 0.5635964912280702,
      "map_norm_stderr,none": 0.05081855362393188,
      "map_2_norm,none": 0.4342105263157895,
      "map_2_norm_stderr,none": 0.07098938231164041,
      "map_3_norm,none": 0.5043859649122807,
      "map_3_norm_stderr,none": 0.06238212912516945,
      "map_4_norm,none": 0.5635964912280702,
      "map_4_norm_stderr,none": 0.05081855362393188,
      "alias": "cma_basics-1.0-0.2.1"
    },
    "chabsa-1.0-0.2": {
      "acc,none": 0.7567007639518322,
      "acc_stderr,none": 0.004882784532921916,
      "f1,none": 0.7696489983588866,
      "f1_stderr,none": "N/A",
      "acc_norm,none": 0.7567007639518322,
      "acc_norm_stderr,none": 0.004882784532921916,
      "f1_norm,none": 0.7696489983588866,
      "f1_norm_stderr,none": "N/A",
      "alias": "chabsa-1.0-0.2"
    }
  },
  "group_subtasks": {
    "chabsa-1.0-0.2": [],
    "cma_basics-1.0-0.2.1": [],
    "cpa_audit-1.0-0.2.1": [],
    "fp2-1.0-0.2.1": [],
    "security_sales_1-1.0-0.2.1": []
  },
  "configs": {
    "chabsa-1.0-0.2": {
      "task": "chabsa-1.0-0.2",
      "dataset_path": "jlm_fin_eval/datasets/chabsa/chabsa.py",
      "dataset_name": "chABSA",
      "test_split": "test",
      "doc_to_text": "センテンス: {{sentence}}\nターゲット: {{target}}\n回答:",
      "doc_to_target": "{{polarity}}",
      "doc_to_choice": [
        "positive",
        "negative"
      ],
      "description": "センテンスとターゲットを入力として受け取り、ターゲットに関するセンチメントをpositiveかnegativeから選択してください。\n\n\n",
      "target_delimiter": " ",
      "fewshot_delimiter": "\n\n",
      "num_fewshot": 0,
      "metric_list": [
        {
          "metric": "acc",
          "aggregation": "mean",
          "higher_is_better": true
        },
        {
          "metric": "acc_norm",
          "aggregation": "mean",
          "higher_is_better": true
        },
        {
          "metric": "f1",
          "aggregation": "2class_adjusted_macro_f1_score_for_chabsa",
          "higher_is_better": true
        },
        {
          "metric": "f1_norm",
          "aggregation": "2class_adjusted_macro_f1_score_for_chabsa",
          "higher_is_better": true
        }
      ],
      "output_type": "multiple_choice",
      "repeats": 1,
      "should_decontaminate": false,
      "doc_to_decontamination_query": "sentence",
      "metadata": {
        "version": 1.0
      }
    },
    "cma_basics-1.0-0.2.1": {
      "task": "cma_basics-1.0-0.2.1",
      "dataset_path": "jlm_fin_eval/datasets/cma_basics/cma_basics.py",
      "dataset_name": "cma_basics",
      "test_split": "test",
      "doc_to_text": "def doc_to_text_02_1(doc):\n    q_doc_text = doc[\"question\"] + \"\\n\"\n    if doc[\"context\"] and doc[\"context\"] != \"\":\n        q_doc_text += doc[\"context\"] + \"\\n\"\n    choices = \"\\n\".join([f\"- {choice}\" for choice in doc[\"choices\"][\"text\"]])\n    return f\"質問:{q_doc_text}選択肢:\\n{choices}\\n回答:\"\n",
      "doc_to_target": "def doc_to_target_01(doc):\n    return [\n        choice_text\n        for choice_id, choice_text in zip(doc[\"choices\"][\"id\"], doc[\"choices\"][\"text\"])\n        if choice_id == doc[\"answer\"]\n    ][0]\n",
      "doc_to_choice": "def doc_to_choices_01(doc):\n    choices = doc[\"choices\"][\"text\"]\n    return choices\n",
      "description": "与えられた選択肢の中から、最適な答えを選んでください。\n\n\n",
      "target_delimiter": "",
      "fewshot_delimiter": "\n\n",
      "num_fewshot": 0,
      "metric_list": [
        {
          "metric": "acc",
          "aggregation": "mean",
          "higher_is_better": true
        },
        {
          "metric": "acc_norm",
          "aggregation": "mean",
          "higher_is_better": true
        },
        {
          "metric": "map",
          "aggregation": "mean",
          "higher_is_better": true
        },
        {
          "metric": "map_2",
          "aggregation": "mean",
          "higher_is_better": true
        },
        {
          "metric": "map_3",
          "aggregation": "mean",
          "higher_is_better": true
        },
        {
          "metric": "map_4",
          "aggregation": "mean",
          "higher_is_better": true
        },
        {
          "metric": "map_norm",
          "aggregation": "mean",
          "higher_is_better": true
        },
        {
          "metric": "map_2_norm",
          "aggregation": "mean",
          "higher_is_better": true
        },
        {
          "metric": "map_3_norm",