{
  "results": {
    "security_sales_1-1.0-0.4": {
      "acc,none": 0.40350877192982454,
      "acc_stderr,none": 0.06555933012294897,
      "acc_norm,none": 0.40350877192982454,
      "acc_norm_stderr,none": 0.06555933012294897,
      "map,none": 0.6608187134502925,
      "map_stderr,none": 0.03873677860356246,
      "map_2,none": 0.6052631578947368,
      "map_2_stderr,none": 0.04964921136756272,
      "map_3,none": 0.6345029239766082,
      "map_3_stderr,none": 0.04462914507987152,
      "map_4,none": 0.6608187134502925,
      "map_4_stderr,none": 0.03873677860356246,
      "map_norm,none": 0.6578947368421053,
      "map_norm_stderr,none": 0.039062534351213866,
      "map_2_norm,none": 0.5964912280701754,
      "map_2_norm_stderr,none": 0.05074414372180829,
      "map_3_norm,none": 0.631578947368421,
      "map_3_norm_stderr,none": 0.0448815782432236,
      "map_4_norm,none": 0.6578947368421053,
      "map_4_norm_stderr,none": 0.039062534351213866,
      "alias": "security_sales_1-1.0-0.4"
    },
    "fp2-1.0-0.4": {
      "acc,none": 0.26105263157894737,
      "acc_stderr,none": 0.020173517080623874,
      "acc_norm,none": 0.26105263157894737,
      "acc_norm_stderr,none": 0.020173517080623874,
      "map,none": 0.5240350877192993,
      "map_stderr,none": 0.01359862464427843,
      "map_2,none": 0.3736842105263158,
      "map_2_stderr,none": 0.01936374727569193,
      "map_3,none": 0.46140350877193076,
      "map_3_stderr,none": 0.016795807018159473,
      "map_4,none": 0.5240350877192993,
      "map_4_stderr,none": 0.01359862464427843,
      "map_norm,none": 0.5240350877192993,
      "map_norm_stderr,none": 0.01359862464427843,
      "map_2_norm,none": 0.3736842105263158,
      "map_2_norm_stderr,none": 0.01936374727569193,
      "map_3_norm,none": 0.46140350877193076,
      "map_3_norm_stderr,none": 0.016795807018159473,
      "map_4_norm,none": 0.5240350877192993,
      "map_4_norm_stderr,none": 0.01359862464427843,
      "alias": "fp2-1.0-0.4"
    },
    "cpa_audit-1.0-0.4": {
      "acc,none": 0.12562814070351758,
      "acc_stderr,none": 0.016633984738460367,
      "acc_norm,none": 0.12060301507537688,
      "acc_norm_stderr,none": 0.01634467597786587,
      "map,none": 0.3813651591289782,
      "map_stderr,none": 0.01304809427545769,
      "map_2,none": 0.21608040201005024,
      "map_2_stderr,none": 0.0176848660359705,
      "map_3,none": 0.27554438860971503,
      "map_3_stderr,none": 0.017001325339435207,
      "map_4,none": 0.31888609715242855,
      "map_4_stderr,none": 0.01585693948968782,
      "map_norm,none": 0.37885259631490786,
      "map_norm_stderr,none": 0.012867430820232518,
      "map_2_norm,none": 0.2135678391959799,
      "map_2_norm_stderr,none": 0.01749229446742511,
      "map_3_norm,none": 0.27303182579564467,
      "map_3_norm_stderr,none": 0.01682330593048092,
      "map_4_norm,none": 0.3163735343383582,
      "map_4_norm_stderr,none": 0.015683421103244038,
      "alias": "cpa_audit-1.0-0.4"
    },
    "cma_basics-1.0-0.4": {
      "acc,none": 0.3684210526315789,
      "acc_stderr,none": 0.0793021898421983,
      "acc_norm,none": 0.2631578947368421,
      "acc_norm_stderr,none": 0.0723926637268818,
      "map,none": 0.5942982456140351,
      "map_stderr,none": 0.05251414312642923,
      "map_2,none": 0.4605263157894737,
      "map_2_stderr,none": 0.07395930156875366,
      "map_3,none": 0.5482456140350876,
      "map_3_stderr,none": 0.06219850458437157,
      "map_4,none": 0.5942982456140351,
      "map_4_stderr,none": 0.05251414312642923,
      "map_norm,none": 0.537280701754386,
      "map_norm_stderr,none": 0.04763422472997765,
      "map_2_norm,none": 0.39473684210526316,
      "map_2_norm_stderr,none": 0.06840463748816268,
      "map_3_norm,none": 0.4912280701754386,
      "map_3_norm_stderr,none": 0.056903449328505315,
      "map_4_norm,none": 0.537280701754386,
      "map_4_norm_stderr,none": 0.04763422472997765,
      "alias": "cma_basics-1.0-0.4"
    },
    "chabsa-1.0-0.4": {
      "acc,none": 0.5611808882558591,
      "acc_stderr,none": 0.005647149750045237,
      "f1,none": 0.35975510159772817,
      "f1_stderr,none": "N/A",
      "acc_norm,none": 0.5611808882558591,
      "acc_norm_stderr,none": 0.005647149750045237,
      "f1_norm,none": 0.35975510159772817,
      "f1_norm_stderr,none": "N/A",
      "alias": "chabsa-1.0-0.4"
    }
  },
  "group_subtasks": {
    "chabsa-1.0-0.4": [],
    "cma_basics-1.0-0.4": [],
    "cpa_audit-1.0-0.4": [],
    "fp2-1.0-0.4": [],
    "security_sales_1-1.0-0.4": []
  },
  "configs": {
    "chabsa-1.0-0.4": {
      "task": "chabsa-1.0-0.4",
      "dataset_path": "jlm_fin_eval/datasets/chabsa/chabsa.py",
      "dataset_name": "chABSA",
      "test_split": "test",
      "doc_to_text": "センテンス: {{sentence}}<NL>ターゲット: {{target}}<NL>システム:",
      "doc_to_target": "{{polarity}}",
      "doc_to_choice": [
        "positive",
        "negative"
      ],
      "description": "ユーザー: センテンスにおける、ターゲットのセンチメントをpositiveかnegativeで答えてください。<NL>システム: 分かりました。<NL>",
      "target_delimiter": " ",
      "fewshot_delimiter": "<NL>",
      "num_fewshot": 0,
      "metric_list": [
        {
          "metric": "acc",
          "aggregation": "mean",
          "higher_is_better": true
        },
        {
          "metric": "acc_norm",
          "aggregation": "mean",
          "higher_is_better": true
        },
        {
          "metric": "f1",
          "aggregation": "2class_adjusted_macro_f1_score_for_chabsa",
          "higher_is_better": true
        },
        {
          "metric": "f1_norm",
          "aggregation": "2class_adjusted_macro_f1_score_for_chabsa",
          "higher_is_better": true
        }
      ],
      "output_type": "multiple_choice",
      "repeats": 1,
      "should_decontaminate": false,
      "doc_to_decontamination_query": "sentence",
      "metadata": {
        "version": 1.0
      }
    },
    "cma_basics-1.0-0.4": {
      "task": "cma_basics-1.0-0.4",
      "dataset_path": "jlm_fin_eval/datasets/cma_basics/cma_basics.py",
      "dataset_name": "cma_basics",
      "test_split": "test",
      "doc_to_text": "def doc_to_text_04(doc, SEP=\"<NL>\"):\n    q_doc_text = doc[\"question\"]\n    if doc[\"context\"] and doc[\"context\"] != \"\":\n        q_doc_text += \"\\n\" + doc[\"context\"]\n    choices = SEP.join([f\"- {choice}\" for choice in doc[\"choices\"][\"text\"]])\n    input_text = f\"質問：{q_doc_text}{SEP}\" + f\"選択肢：{SEP}{choices}\"\n    return f\"ユーザー: {input_text}{SEP}システム: \"\n",
      "doc_to_target": "def doc_to_target_01(doc):\n    return [\n        choice_text\n        for choice_id, choice_text in zip(doc[\"choices\"][\"id\"], doc[\"choices\"][\"text\"])\n        if choice_id == doc[\"answer\"]\n    ][0]\n",
      "doc_to_choice": "def doc_to_choices_01(doc):\n    choices = doc[\"choices\"][\"text\"]\n    return choices\n",
      "description": "ユーザー: 与えられた選択肢の中から、最適な答えを選んでください。<NL>システム: 分かりました。<NL>",
      "target_delimiter": "",
      "fewshot_delimiter": "<NL>",
      "num_fewshot": 0,
      "metric_list": [
        {
          "metric": "acc",
          "aggregation": "mean",
          "higher_is_better": true
        },
        {
          "metric": "acc_norm",
          "aggregation": "mean",
          "higher_is_better": true
        },
        {
          "metric": "map",
          "aggregation": "mean",
          "higher_is_better": true
        },
        {
          "metric": "map_2",
          "aggregation": "mean",
          "higher_is_better": true
        },
        {
          "metric": "map_3",
          "aggregation": "mean",
          "higher_is_better": true
        },
        {
          "metric": "map_4",
          "aggregation": "mean",
          "higher_is_better": true
        },
        {
          "metric": "map_norm",
          "aggregation": "mean",
          "higher_is_better": true
        },
        {
          "metric": "map_2_norm",
          "aggregation": "mean",