{
  "results": {
    "security_sales_1-1.0-0.5": {
      "acc,none": 0.42105263157894735,
      "acc_stderr,none": 0.06597717584505354,
      "acc_norm,none": 0.42105263157894735,
      "acc_norm_stderr,none": 0.06597717584505354,
      "map,none": 0.6783625730994153,
      "map_stderr,none": 0.03803277643078527,
      "map_2,none": 0.6403508771929824,
      "map_2_stderr,none": 0.04641668966779984,
      "map_3,none": 0.6520467836257311,
      "map_3_stderr,none": 0.044206371112190335,
      "map_4,none": 0.6783625730994153,
      "map_4_stderr,none": 0.03803277643078527,
      "map_norm,none": 0.6710526315789473,
      "map_norm_stderr,none": 0.03899211963086684,
      "map_2_norm,none": 0.6228070175438597,
      "map_2_norm_stderr,none": 0.04892436645686707,
      "map_3_norm,none": 0.6403508771929824,
      "map_3_norm_stderr,none": 0.045850792923497995,
      "map_4_norm,none": 0.6710526315789473,
      "map_4_norm_stderr,none": 0.03899211963086684,
      "alias": "security_sales_1-1.0-0.5"
    },
    "fp2-1.0-0.5": {
      "acc,none": 0.23789473684210527,
      "acc_stderr,none": 0.019557382357921746,
      "acc_norm,none": 0.23789473684210527,
      "acc_norm_stderr,none": 0.019557382357921746,
      "map,none": 0.5105263157894745,
      "map_stderr,none": 0.013229503860442105,
      "map_2,none": 0.36,
      "map_2_stderr,none": 0.018901664719234067,
      "map_3,none": 0.4442105263157901,
      "map_3_stderr,none": 0.016541378378801225,
      "map_4,none": 0.5105263157894745,
      "map_4_stderr,none": 0.013229503860442105,
      "map_norm,none": 0.5105263157894745,
      "map_norm_stderr,none": 0.013229503860442105,
      "map_2_norm,none": 0.36,
      "map_2_norm_stderr,none": 0.018901664719234067,
      "map_3_norm,none": 0.4442105263157901,
      "map_3_norm_stderr,none": 0.016541378378801225,
      "map_4_norm,none": 0.5105263157894745,
      "map_4_norm_stderr,none": 0.013229503860442105,
      "alias": "fp2-1.0-0.5"
    },
    "cpa_audit-1.0-0.5": {
      "acc,none": 0.1884422110552764,
      "acc_stderr,none": 0.019626983953553247,
      "acc_norm,none": 0.18592964824120603,
      "acc_norm_stderr,none": 0.0195258540837016,
      "map,none": 0.4182998324958121,
      "map_stderr,none": 0.014991460527754073,
      "map_2,none": 0.2600502512562814,
      "map_2_stderr,none": 0.019862252211548803,
      "map_3,none": 0.3119765494137349,
      "map_3_stderr,none": 0.019060134839796905,
      "map_4,none": 0.3565745393634838,
      "map_4_stderr,none": 0.017783974656780104,
      "map_norm,none": 0.41373534338358414,
      "map_norm_stderr,none": 0.014962027241409057,
      "map_2_norm,none": 0.2537688442211055,
      "map_2_norm_stderr,none": 0.01978795781258255,
      "map_3_norm,none": 0.30485762144053563,
      "map_3_norm_stderr,none": 0.01904129605314474,
      "map_4_norm,none": 0.3500837520938021,
      "map_4_norm_stderr,none": 0.01778876459017097,
      "alias": "cpa_audit-1.0-0.5"
    },
    "cma_basics-1.0-0.5": {
      "acc,none": 0.2631578947368421,
      "acc_stderr,none": 0.0723926637268818,
      "acc_norm,none": 0.2631578947368421,
      "acc_norm_stderr,none": 0.0723926637268818,
      "map,none": 0.530701754385965,
      "map_stderr,none": 0.04853034648248213,
      "map_2,none": 0.39473684210526316,
      "map_2_stderr,none": 0.06840463748816267,
      "map_3,none": 0.4649122807017545,
      "map_3_stderr,none": 0.06067096739664204,
      "map_4,none": 0.530701754385965,
      "map_4_stderr,none": 0.04853034648248213,
      "map_norm,none": 0.5416666666666666,
      "map_norm_stderr,none": 0.04763968173821299,
      "map_2_norm,none": 0.42105263157894735,
      "map_2_norm_stderr,none": 0.06674273816118409,
      "map_3_norm,none": 0.48245614035087725,
      "map_3_norm_stderr,none": 0.05923137683213851,
      "map_4_norm,none": 0.5416666666666666,
      "map_4_norm_stderr,none": 0.04763968173821299,
      "alias": "cma_basics-1.0-0.5"
    },
    "chabsa-1.0-0.5": {
      "acc,none": 0.5602745047261427,
      "acc_stderr,none": 0.005648411842537407,
      "f1,none": 0.36172804081385,
      "f1_stderr,none": "N/A",
      "acc_norm,none": 0.5602745047261427,
      "acc_norm_stderr,none": 0.005648411842537407,
      "f1_norm,none": 0.36172804081385,
      "f1_norm_stderr,none": "N/A",
      "alias": "chabsa-1.0-0.5"
    }
  },
  "group_subtasks": {
    "chabsa-1.0-0.5": [],
    "cma_basics-1.0-0.5": [],
    "cpa_audit-1.0-0.5": [],
    "fp2-1.0-0.5": [],
    "security_sales_1-1.0-0.5": []
  },
  "configs": {
    "chabsa-1.0-0.5": {
      "task": "chabsa-1.0-0.5",
      "dataset_path": "jlm_fin_eval/datasets/chabsa/chabsa.py",
      "dataset_name": "chABSA",
      "test_split": "test",
      "doc_to_text": "センテンス: {{sentence}}\nターゲット: {{target}}\nシステム:",
      "doc_to_target": "{{polarity}}",
      "doc_to_choice": [
        "positive",
        "negative"
      ],
      "description": "ユーザー: センテンスにおける、ターゲットのセンチメントをpositiveかnegativeで答えてください。\nシステム: 分かりました。\n\n",
      "target_delimiter": " ",
      "fewshot_delimiter": "\n",
      "num_fewshot": 0,
      "metric_list": [
        {
          "metric": "acc",
          "aggregation": "mean",
          "higher_is_better": true
        },
        {
          "metric": "acc_norm",
          "aggregation": "mean",
          "higher_is_better": true
        },
        {
          "metric": "f1",
          "aggregation": "2class_adjusted_macro_f1_score_for_chabsa",
          "higher_is_better": true
        },
        {
          "metric": "f1_norm",
          "aggregation": "2class_adjusted_macro_f1_score_for_chabsa",
          "higher_is_better": true
        }
      ],
      "output_type": "multiple_choice",
      "repeats": 1,
      "should_decontaminate": false,
      "doc_to_decontamination_query": "sentence",
      "metadata": {
        "version": 1.0
      }
    },
    "cma_basics-1.0-0.5": {
      "task": "cma_basics-1.0-0.5",
      "dataset_path": "jlm_fin_eval/datasets/cma_basics/cma_basics.py",
      "dataset_name": "cma_basics",
      "test_split": "test",
      "doc_to_text": "def doc_to_text_05(doc):\n    return doc_to_text_04(doc, SEP=\"\\n\")\n",
      "doc_to_target": "def doc_to_target_01(doc):\n    return [\n        choice_text\n        for choice_id, choice_text in zip(doc[\"choices\"][\"id\"], doc[\"choices\"][\"text\"])\n        if choice_id == doc[\"answer\"]\n    ][0]\n",
      "doc_to_choice": "def doc_to_choices_01(doc):\n    choices = doc[\"choices\"][\"text\"]\n    return choices\n",
      "description": "ユーザー: 与えられた選択肢の中から、最適な答えを選んでください。\nシステム: 分かりました。\n\n",
      "target_delimiter": "",
      "fewshot_delimiter": "\n",
      "num_fewshot": 0,
      "metric_list": [
        {
          "metric": "acc",
          "aggregation": "mean",
          "higher_is_better": true
        },
        {
          "metric": "acc_norm",
          "aggregation": "mean",
          "higher_is_better": true
        },
        {
          "metric": "map",
          "aggregation": "mean",
          "higher_is_better": true
        },
        {
          "metric": "map_2",
          "aggregation": "mean",
          "higher_is_better": true
        },
        {
          "metric": "map_3",
          "aggregation": "mean",
          "higher_is_better": true
        },
        {
          "metric": "map_4",
          "aggregation": "mean",
          "higher_is_better": true
        },
        {
          "metric": "map_norm",
          "aggregation": "mean",
          "higher_is_better": true
        },
        {
          "metric": "map_2_norm",
          "aggregation": "mean",
          "higher_is_better": true
        },
        {
          "metric": "map_3_norm",
          "aggregation": "mean",
          "higher_is_better": true
        },
        {
          "metric": "map_4_norm",
          "aggregation": "mean",
          "higher_is_better": true
        }
      ],
      "output_type": "multiple_choice",
      "repeats": 1,
      "should_decontaminate": true,