{
  "results": {
    "security_sales_1-1.0-0.2.1": {
      "acc,none": 0.47368421052631576,
      "acc_stderr,none": 0.06672270432067239,
      "acc_norm,none": 0.45614035087719296,
      "acc_norm_stderr,none": 0.06655775300696491,
      "map,none": 0.7119883040935672,
      "map_stderr,none": 0.037493047684612264,
      "map_2,none": 0.6754385964912281,
      "map_2_stderr,none": 0.045970507991291064,
      "map_3,none": 0.698830409356725,
      "map_3_stderr,none": 0.0409692248223001,
      "map_4,none": 0.7119883040935672,
      "map_4_stderr,none": 0.037493047684612264,
      "map_norm,none": 0.698830409356725,
      "map_norm_stderr,none": 0.037993617576181575,
      "map_2_norm,none": 0.6578947368421053,
      "map_2_norm_stderr,none": 0.04709262512309165,
      "map_3_norm,none": 0.6812865497076023,
      "map_3_norm_stderr,none": 0.042397660818713434,
      "map_4_norm,none": 0.698830409356725,
      "map_4_norm_stderr,none": 0.037993617576181575,
      "alias": "security_sales_1-1.0-0.2.1"
    },
    "fp2-1.0-0.2.1": {
      "acc,none": 0.23578947368421052,
      "acc_stderr,none": 0.01949752758230241,
      "acc_norm,none": 0.23578947368421052,
      "acc_norm_stderr,none": 0.01949752758230241,
      "map,none": 0.5096491228070187,
      "map_stderr,none": 0.01317601831265329,
      "map_2,none": 0.35789473684210527,
      "map_2_stderr,none": 0.01886849128307082,
      "map_3,none": 0.44491228070175526,
      "map_3_stderr,none": 0.01642660544512038,
      "map_4,none": 0.5096491228070187,
      "map_4_stderr,none": 0.01317601831265329,
      "map_norm,none": 0.5096491228070187,
      "map_norm_stderr,none": 0.01317601831265329,
      "map_2_norm,none": 0.35789473684210527,
      "map_2_norm_stderr,none": 0.01886849128307082,
      "map_3_norm,none": 0.44491228070175526,
      "map_3_norm_stderr,none": 0.01642660544512038,
      "map_4_norm,none": 0.5096491228070187,
      "map_4_norm_stderr,none": 0.01317601831265329,
      "alias": "fp2-1.0-0.2.1"
    },
    "cpa_audit-1.0-0.2.1": {
      "acc,none": 0.18341708542713567,
      "acc_stderr,none": 0.019423379028843276,
      "acc_norm,none": 0.17336683417085427,
      "acc_norm_stderr,none": 0.01899958735999144,
      "map,none": 0.41909547738693437,
      "map_stderr,none": 0.01489253328661035,
      "map_2,none": 0.2701005025125628,
      "map_2_stderr,none": 0.01968290903528906,
      "map_3,none": 0.3161641541038523,
      "map_3_stderr,none": 0.018922723146651606,
      "map_4,none": 0.356365159128978,
      "map_4_stderr,none": 0.017756218559148468,
      "map_norm,none": 0.40946398659966465,
      "map_norm_stderr,none": 0.014639781587287804,
      "map_2_norm,none": 0.2550251256281407,
      "map_2_norm_stderr,none": 0.019383324339831223,
      "map_3_norm,none": 0.30611390284757084,
      "map_3_norm_stderr,none": 0.018611759966250203,
      "map_4_norm,none": 0.34380234505862634,
      "map_4_norm_stderr,none": 0.017562241268273736,
      "alias": "cpa_audit-1.0-0.2.1"
    },
    "cma_basics-1.0-0.2.1": {
      "acc,none": 0.34210526315789475,
      "acc_stderr,none": 0.07799328662681834,
      "acc_norm,none": 0.2894736842105263,
      "acc_norm_stderr,none": 0.07455791696866067,
      "map,none": 0.5789473684210525,
      "map_stderr,none": 0.05144768523305383,
      "map_2,none": 0.4342105263157895,
      "map_2_stderr,none": 0.07345142052853472,
      "map_3,none": 0.5394736842105264,
      "map_3_stderr,none": 0.059777460743636504,
      "map_4,none": 0.5789473684210525,
      "map_4_stderr,none": 0.05144768523305383,
      "map_norm,none": 0.5570175438596491,
      "map_norm_stderr,none": 0.048191702280585155,
      "map_2_norm,none": 0.40789473684210525,
      "map_2_norm_stderr,none": 0.07019395796413647,
      "map_3_norm,none": 0.5307017543859649,
      "map_3_norm_stderr,none": 0.054020899592406156,
      "map_4_norm,none": 0.5570175438596491,
      "map_4_norm_stderr,none": 0.048191702280585155,
      "alias": "cma_basics-1.0-0.2.1"
    },
    "chabsa-1.0-0.2": {
      "acc,none": 0.5666191894341577,
      "acc_stderr,none": 0.005639175092722322,
      "f1,none": 0.4157988935893264,
      "f1_stderr,none": "N/A",
      "acc_norm,none": 0.5666191894341577,
      "acc_norm_stderr,none": 0.005639175092722322,
      "f1_norm,none": 0.4157988935893264,
      "f1_norm_stderr,none": "N/A",
      "alias": "chabsa-1.0-0.2"
    }
  },
  "group_subtasks": {
    "chabsa-1.0-0.2": [],
    "cma_basics-1.0-0.2.1": [],
    "cpa_audit-1.0-0.2.1": [],
    "fp2-1.0-0.2.1": [],
    "security_sales_1-1.0-0.2.1": []
  },
  "configs": {
    "chabsa-1.0-0.2": {
      "task": "chabsa-1.0-0.2",
      "dataset_path": "jlm_fin_eval/datasets/chabsa/chabsa.py",
      "dataset_name": "chABSA",
      "test_split": "test",
      "doc_to_text": "センテンス: {{sentence}}\nターゲット: {{target}}\n回答:",
      "doc_to_target": "{{polarity}}",
      "doc_to_choice": [
        "positive",
        "negative"
      ],
      "description": "センテンスとターゲットを入力として受け取り、ターゲットに関するセンチメントをpositiveかnegativeから選択してください。\n\n\n",
      "target_delimiter": " ",
      "fewshot_delimiter": "\n\n",
      "num_fewshot": 0,
      "metric_list": [
        {
          "metric": "acc",
          "aggregation": "mean",
          "higher_is_better": true
        },
        {
          "metric": "acc_norm",
          "aggregation": "mean",
          "higher_is_better": true
        },
        {
          "metric": "f1",
          "aggregation": "2class_adjusted_macro_f1_score_for_chabsa",
          "higher_is_better": true
        },
        {
          "metric": "f1_norm",
          "aggregation": "2class_adjusted_macro_f1_score_for_chabsa",
          "higher_is_better": true
        }
      ],
      "output_type": "multiple_choice",
      "repeats": 1,
      "should_decontaminate": false,
      "doc_to_decontamination_query": "sentence",
      "metadata": {
        "version": 1.0
      }
    },
    "cma_basics-1.0-0.2.1": {
      "task": "cma_basics-1.0-0.2.1",
      "dataset_path": "jlm_fin_eval/datasets/cma_basics/cma_basics.py",
      "dataset_name": "cma_basics",
      "test_split": "test",
      "doc_to_text": "def doc_to_text_02_1(doc):\n    q_doc_text = doc[\"question\"] + \"\\n\"\n    if doc[\"context\"] and doc[\"context\"] != \"\":\n        q_doc_text += doc[\"context\"] + \"\\n\"\n    choices = \"\\n\".join([f\"- {choice}\" for choice in doc[\"choices\"][\"text\"]])\n    return f\"質問:{q_doc_text}選択肢:\\n{choices}\\n回答:\"\n",
      "doc_to_target": "def doc_to_target_01(doc):\n    return [\n        choice_text\n        for choice_id, choice_text in zip(doc[\"choices\"][\"id\"], doc[\"choices\"][\"text\"])\n        if choice_id == doc[\"answer\"]\n    ][0]\n",
      "doc_to_choice": "def doc_to_choices_01(doc):\n    choices = doc[\"choices\"][\"text\"]\n    return choices\n",
      "description": "与えられた選択肢の中から、最適な答えを選んでください。\n\n\n",
      "target_delimiter": "",
      "fewshot_delimiter": "\n\n",
      "num_fewshot": 0,
      "metric_list": [
        {
          "metric": "acc",
          "aggregation": "mean",
          "higher_is_better": true
        },
        {
          "metric": "acc_norm",
          "aggregation": "mean",
          "higher_is_better": true
        },
        {
          "metric": "map",
          "aggregation": "mean",
          "higher_is_better": true
        },
        {
          "metric": "map_2",
          "aggregation": "mean",
          "higher_is_better": true
        },
        {
          "metric": "map_3",
          "aggregation": "mean",
          "higher_is_better": true
        },
        {
          "metric": "map_4",
          "aggregation": "mean",
          "higher_is_better": true
        },
        {
          "metric": "map_norm",
          "aggregation": "mean",
          "higher_is_better": true
        },
        {
          "metric": "map_2_norm",
          "aggregation": "mean",
          "higher_is_better": true
        },
        {
          "metric": "map_3_norm",