{
  "results": {
    "security_sales_1-1.0-0.6": {
      "acc,none": 0.47368421052631576,
      "acc_stderr,none": 0.06672270432067237,
      "acc_norm,none": 0.43859649122807015,
      "acc_norm_stderr,none": 0.0663095566682855,
      "map,none": 0.7090643274853801,
      "map_stderr,none": 0.038071895008563186,
      "map_2,none": 0.6754385964912281,
      "map_2_stderr,none": 0.04597050799129106,
      "map_3,none": 0.6871345029239766,
      "map_3_stderr,none": 0.04356977447517257,
      "map_4,none": 0.7090643274853801,
      "map_4_stderr,none": 0.038071895008563186,
      "map_norm,none": 0.6783625730994152,
      "map_norm_stderr,none": 0.03954710211939195,
      "map_2_norm,none": 0.631578947368421,
      "map_2_norm_stderr,none": 0.04931599141890322,
      "map_3_norm,none": 0.6432748538011696,
      "map_3_norm_stderr,none": 0.04728028455825058,
      "map_4_norm,none": 0.6783625730994152,
      "map_4_norm_stderr,none": 0.03954710211939195,
      "alias": "security_sales_1-1.0-0.6"
    },
    "fp2-1.0-0.6": {
      "acc,none": 0.24,
      "acc_stderr,none": 0.019616577850947305,
      "acc_norm,none": 0.24,
      "acc_norm_stderr,none": 0.019616577850947305,
      "map,none": 0.5177192982456148,
      "map_stderr,none": 0.013127816189434103,
      "map_2,none": 0.3726315789473684,
      "map_2_stderr,none": 0.018796124468394647,
      "map_3,none": 0.4582456140350884,
      "map_3_stderr,none": 0.016230457797318566,
      "map_4,none": 0.5177192982456148,
      "map_4_stderr,none": 0.013127816189434103,
      "map_norm,none": 0.5177192982456148,
      "map_norm_stderr,none": 0.013127816189434103,
      "map_2_norm,none": 0.3726315789473684,
      "map_2_norm_stderr,none": 0.018796124468394647,
      "map_3_norm,none": 0.4582456140350884,
      "map_3_norm_stderr,none": 0.016230457797318566,
      "map_4_norm,none": 0.5177192982456148,
      "map_4_norm_stderr,none": 0.013127816189434103,
      "alias": "fp2-1.0-0.6"
    },
    "cpa_audit-1.0-0.6": {
      "acc,none": 0.11306532663316583,
      "acc_stderr,none": 0.015893344023461924,
      "acc_norm,none": 0.11306532663316583,
      "acc_norm_stderr,none": 0.015893344023461924,
      "map,none": 0.36938860971524284,
      "map_stderr,none": 0.012605458950319507,
      "map_2,none": 0.1984924623115578,
      "map_2_stderr,none": 0.017121556586485398,
      "map_3,none": 0.2629815745393632,
      "map_3_stderr,none": 0.01650249631278712,
      "map_4,none": 0.3025544388609711,
      "map_4_stderr,none": 0.01552030382380109,
      "map_norm,none": 0.36938860971524284,
      "map_norm_stderr,none": 0.012605458950319507,
      "map_2_norm,none": 0.1984924623115578,
      "map_2_norm_stderr,none": 0.017121556586485398,
      "map_3_norm,none": 0.2629815745393632,
      "map_3_norm_stderr,none": 0.01650249631278712,
      "map_4_norm,none": 0.3025544388609711,
      "map_4_norm_stderr,none": 0.01552030382380109,
      "alias": "cpa_audit-1.0-0.6"
    },
    "cma_basics-1.0-0.6": {
      "acc,none": 0.23684210526315788,
      "acc_stderr,none": 0.0698933400604233,
      "acc_norm,none": 0.23684210526315788,
      "acc_norm_stderr,none": 0.0698933400604233,
      "map,none": 0.4999999999999999,
      "map_stderr,none": 0.04838550347387226,
      "map_2,none": 0.35526315789473684,
      "map_2_stderr,none": 0.06775167699562201,
      "map_3,none": 0.40789473684210525,
      "map_3_stderr,none": 0.06307832430304833,
      "map_4,none": 0.4999999999999999,
      "map_4_stderr,none": 0.04838550347387226,
      "map_norm,none": 0.5394736842105263,
      "map_norm_stderr,none": 0.04475148283567389,
      "map_2_norm,none": 0.42105263157894735,
      "map_2_norm_stderr,none": 0.06402323266269028,
      "map_3_norm,none": 0.5000000000000001,
      "map_3_norm_stderr,none": 0.0533380747062665,
      "map_4_norm,none": 0.5394736842105263,
      "map_4_norm_stderr,none": 0.04475148283567389,
      "alias": "cma_basics-1.0-0.6"
    },
    "chabsa-1.0-0.6": {
      "acc,none": 0.7614916483231905,
      "acc_stderr,none": 0.004849751311417505,
      "f1,none": 0.7621744966560791,
      "f1_stderr,none": "N/A",
      "acc_norm,none": 0.7614916483231905,
      "acc_norm_stderr,none": 0.004849751311417505,
      "f1_norm,none": 0.7621744966560791,
      "f1_norm_stderr,none": "N/A",
      "alias": "chabsa-1.0-0.6"
    }
  },
  "group_subtasks": {
    "chabsa-1.0-0.6": [],
    "cma_basics-1.0-0.6": [],
    "cpa_audit-1.0-0.6": [],
    "fp2-1.0-0.6": [],
    "security_sales_1-1.0-0.6": []
  },
  "configs": {
    "chabsa-1.0-0.6": {
      "task": "chabsa-1.0-0.6",
      "dataset_path": "jlm_fin_eval/datasets/chabsa/chabsa.py",
      "dataset_name": "chABSA",
      "test_split": "test",
      "doc_to_text": "与えられたセンテンスにおける、ターゲットのセンチメントをpositiveかnegativeで答えてください。\n\nセンテンス: {{sentence}}\nターゲット: {{target}} [/INST]",
      "doc_to_target": "{{polarity}}",
      "doc_to_choice": [
        "positive",
        "negative"
      ],
      "description": "<s>[INST] <<SYS>>\nYou are a helpful, respectful and honest assistant. Always answer as helpfully as possible, while being safe. Your answers should not include any harmful, unethical, racist, sexist, toxic, dangerous, or illegal content. Please ensure that your responses are socially unbiased and positive in nature.\n\nIf a question does not make any sense, or is not factually coherent, explain why instead of answering something not correct. If you don't know the answer to a question, please don't share false information.\n<</SYS>>\n\n\n",
      "target_delimiter": " ",
      "fewshot_delimiter": " </s><s>[INST] ",
      "num_fewshot": 0,
      "metric_list": [
        {
          "metric": "acc",
          "aggregation": "mean",
          "higher_is_better": true
        },
        {
          "metric": "acc_norm",
          "aggregation": "mean",
          "higher_is_better": true
        },
        {
          "metric": "f1",
          "aggregation": "2class_adjusted_macro_f1_score_for_chabsa",
          "higher_is_better": true
        },
        {
          "metric": "f1_norm",
          "aggregation": "2class_adjusted_macro_f1_score_for_chabsa",
          "higher_is_better": true
        }
      ],
      "output_type": "multiple_choice",
      "repeats": 1,
      "should_decontaminate": false,
      "doc_to_decontamination_query": "sentence",
      "metadata": {
        "version": 1.0
      }
    },
    "cma_basics-1.0-0.6": {
      "task": "cma_basics-1.0-0.6",
      "dataset_path": "jlm_fin_eval/datasets/cma_basics/cma_basics.py",
      "dataset_name": "cma_basics",
      "test_split": "test",
      "doc_to_text": "def doc_to_text_06(doc):\n    INSTRUCTION = \"与えられた選択肢の中から、最適な答えを選んでください。\"\n    q_doc_text = doc[\"question\"]\n    if doc[\"context\"] and doc[\"context\"] != \"\":\n        q_doc_text += \"\\n\" + doc[\"context\"]\n    choices = \"\\n\".join([f\"- {choice}\" for choice in doc[\"choices\"][\"text\"]])\n    input_text = f\"質問：{q_doc_text}\" + f\"出力は以下から選択してください：\\n{choices}\"\n    return f\"{INSTRUCTION}\\n\\n{input_text} [/INST] \"\n",
      "doc_to_target": "def doc_to_target_01(doc):\n    return [\n        choice_text\n        for choice_id, choice_text in zip(doc[\"choices\"][\"id\"], doc[\"choices\"][\"text\"])\n        if choice_id == doc[\"answer\"]\n    ][0]\n",
      "doc_to_choice": "def doc_to_choices_01(doc):\n    choices = doc[\"choices\"][\"text\"]\n    return choices\n",
      "description": "<s>[INST] <<SYS>>\nYou are a helpful, respectful and honest assistant. Always answer as helpfully as possible, while being safe. Your answers should not include any harmful, unethical, racist, sexist, toxic, dangerous, or illegal content. Please ensure that your responses are socially unbiased and positive in nature.\n\nIf a question does not make any sense, or is not factually coherent, explain why instead of answering something not correct. If you don't know the answer to a question, please don't share false information.\n<</SYS>>\n\n\n",