{
  "results": {
    "cma_basics-1.0-0.1": {
      "acc": 0.2631578947368421,
      "acc_stderr": 0.0723926637268818,
      "map": 0.5131578947368421,
      "map_stderr": 0.04709499081395403,
      "map_2": 0.3684210526315789,
      "map_2_stderr": 0.06716206838991057,
      "map_3": 0.4473684210526317,
      "map_3_stderr": 0.059002717359761425,
      "map_4": 0.5131578947368421,
      "map_4_stderr": 0.04709499081395403
    },
    "cpa_audit-1.0-0.2.1": {
      "acc": 0.16080402010050251,
      "acc_stderr": 0.018436772423078937,
      "map": 0.3920435510887772,
      "map_stderr": 0.01392358521852239,
      "map_2": 0.22738693467336685,
      "map_2_stderr": 0.018601314496673117,
      "map_3": 0.28266331658291427,
      "map_3_stderr": 0.017927735000580078,
      "map_4": 0.32663316582914553,
      "map_4_stderr": 0.016781230495566554
    },
    "fp2-1.0-0.2": {
      "acc": 0.25473684210526315,
      "acc_stderr": 0.020012969601671527,
      "map": 0.5287719298245622,
      "map_stderr": 0.01356216130733474,
      "map_2": 0.38421052631578945,
      "map_2_stderr": 0.019272993391009973,
      "map_3": 0.46771929824561476,
      "map_3_stderr": 0.016735666824508205,
      "map_4": 0.5287719298245622,
      "map_4_stderr": 0.01356216130733474
    },
    "security_sales_1-1.0-0.1.2": {
      "acc": 0.43859649122807015,
      "acc_stderr": 0.0663095566682855,
      "map": 0.703216374269006,
      "map_stderr": 0.04017903792403422,
      "map_2": 0.6403508771929824,
      "map_2_stderr": 0.05273590328947572,
      "map_3": 0.6812865497076024,
      "map_3_stderr": 0.04537213883999054,
      "map_4": 0.703216374269006,
      "map_4_stderr": 0.04017903792403422
    },
    "chabsa-1.0-0.1": {
      "acc": 0.7678363330312055,
      "f1": 0.5090672328464831
    }
  },
  "versions": {
    "cma_basics-1.0-0.1": 1.0,
    "cpa_audit-1.0-0.2.1": 1.0,
    "fp2-1.0-0.2": 1.0,
    "security_sales_1-1.0-0.1.2": 1.0,
    "chabsa-1.0-0.1": 1.0
  },
  "config": {
    "model": "hf",
    "model_args": "pretrained=cyberagent/calm2-7b,use_fast=True,load_in_8bit=True",
    "num_fewshot": [
      0,
      0,
      0,
      0,
      0
    ],
    "batch_size": null,
    "device": "cuda",
    "no_cache": false,
    "limit": null,
    "bootstrap_iters": 100000,
    "description_dict": {}
  }
}