{
  "results": {
    "security_sales_1-1.0-0.1": {
      "acc,none": 0.45614035087719296,
      "acc_stderr,none": 0.06655775300696491,
      "acc_norm,none": 0.42105263157894735,
      "acc_norm_stderr,none": 0.06597717584505354,
      "map,none": 0.6959064327485381,
      "map_stderr,none": 0.036991894912562676,
      "map_2,none": 0.6666666666666666,
      "map_2_stderr,none": 0.04395353360224455,
      "map_3,none": 0.6783625730994153,
      "map_3_stderr,none": 0.041480295202079256,
      "map_4,none": 0.6959064327485381,
      "map_4_stderr,none": 0.036991894912562676,
      "map_norm,none": 0.6783625730994153,
      "map_norm_stderr,none": 0.036455601490396186,
      "map_2_norm,none": 0.6491228070175439,
      "map_2_norm_stderr,none": 0.0432920668424178,
      "map_3_norm,none": 0.6608187134502925,
      "map_3_norm_stderr,none": 0.04086848526177933,
      "map_4_norm,none": 0.6783625730994153,
      "map_4_norm_stderr,none": 0.036455601490396186,
      "alias": "security_sales_1-1.0-0.1"
    },
    "fp2-1.0-0.1": {
      "acc,none": 0.2694736842105263,
      "acc_stderr,none": 0.020379191097956495,
      "acc_norm,none": 0.2694736842105263,
      "acc_norm_stderr,none": 0.020379191097956495,
      "map,none": 0.5261403508771939,
      "map_stderr,none": 0.013692175356576809,
      "map_2,none": 0.37894736842105264,
      "map_2_stderr,none": 0.019405953843261006,
      "map_3,none": 0.4603508771929832,
      "map_3_stderr,none": 0.01702051603619092,
      "map_4,none": 0.5261403508771939,
      "map_4_stderr,none": 0.013692175356576809,
      "map_norm,none": 0.5261403508771939,
      "map_norm_stderr,none": 0.013692175356576809,
      "map_2_norm,none": 0.37894736842105264,
      "map_2_norm_stderr,none": 0.019405953843261006,
      "map_3_norm,none": 0.4603508771929832,
      "map_3_norm_stderr,none": 0.01702051603619092,
      "map_4_norm,none": 0.5261403508771939,
      "map_4_norm_stderr,none": 0.013692175356576809,
      "alias": "fp2-1.0-0.1"
    },
    "cpa_audit-1.0-0.1": {
      "acc,none": 0.1658291457286432,
      "acc_stderr,none": 0.01866649095365282,
      "acc_norm,none": 0.1658291457286432,
      "acc_norm_stderr,none": 0.01866649095365282,
      "map,none": 0.4069095477386934,
      "map_stderr,none": 0.014356701549735283,
      "map_2,none": 0.24874371859296482,
      "map_2_stderr,none": 0.01913843210477513,
      "map_3,none": 0.3048576214405356,
      "map_3_stderr,none": 0.01830698873398252,
      "map_4,none": 0.344430485762144,
      "map_4_stderr,none": 0.017185601363060677,
      "map_norm,none": 0.4059045226130652,
      "map_norm_stderr,none": 0.014386210075113096,
      "map_2_norm,none": 0.24874371859296482,
      "map_2_norm_stderr,none": 0.01913843210477513,
      "map_3_norm,none": 0.3031825795644887,
      "map_3_norm_stderr,none": 0.018338617537830577,
      "map_4_norm,none": 0.3427554438860971,
      "map_4_norm_stderr,none": 0.01722898390630521,
      "alias": "cpa_audit-1.0-0.1"
    },
    "cma_basics-1.0-0.1": {
      "acc,none": 0.3157894736842105,
      "acc_stderr,none": 0.07641750223933594,
      "acc_norm,none": 0.3157894736842105,
      "acc_norm_stderr,none": 0.07641750223933594,
      "map,none": 0.5504385964912281,
      "map_stderr,none": 0.05207670405266299,
      "map_2,none": 0.40789473684210525,
      "map_2_stderr,none": 0.07268294512017498,
      "map_3,none": 0.47807017543859653,
      "map_3_stderr,none": 0.0650743494707991,
      "map_4,none": 0.5504385964912281,
      "map_4_stderr,none": 0.05207670405266299,
      "map_norm,none": 0.5701754385964911,
      "map_norm_stderr,none": 0.049846286143202,
      "map_2_norm,none": 0.4342105263157895,
      "map_2_norm_stderr,none": 0.07098938231164041,
      "map_3_norm,none": 0.5307017543859649,
      "map_3_norm_stderr,none": 0.058244450050352774,
      "map_4_norm,none": 0.5701754385964911,
      "map_4_norm_stderr,none": 0.049846286143202,
      "alias": "cma_basics-1.0-0.1"
    },
    "chabsa-1.0-0.1": {
      "acc,none": 0.7708144503431309,
      "acc_stderr,none": 0.00478303590450501,
      "f1,none": 0.7827179312614636,
      "f1_stderr,none": "N/A",
      "acc_norm,none": 0.7708144503431309,
      "acc_norm_stderr,none": 0.00478303590450501,
      "f1_norm,none": 0.7827179312614636,
      "f1_norm_stderr,none": "N/A",
      "alias": "chabsa-1.0-0.1"
    }
  },
  "group_subtasks": {
    "chabsa-1.0-0.1": [],
    "cma_basics-1.0-0.1": [],
    "cpa_audit-1.0-0.1": [],
    "fp2-1.0-0.1": [],
    "security_sales_1-1.0-0.1": []
  },
  "configs": {
    "chabsa-1.0-0.1": {
      "task": "chabsa-1.0-0.1",
      "dataset_path": "jlm_fin_eval/datasets/chabsa/chabsa.py",
      "dataset_name": "chABSA",
      "test_split": "test",
      "doc_to_text": "[センテンス]: {{sentence}}\nターゲット]: {{target}}\n[答え]:",
      "doc_to_target": "{{polarity}}",
      "doc_to_choice": [
        "positive",
        "negative"
      ],
      "description": "[センテンス]における、[ターゲット]のセンチメントをpositiveかnegativeで選んでください。\n\n\n",
      "target_delimiter": " ",
      "fewshot_delimiter": "\n\n",
      "num_fewshot": 0,
      "metric_list": [
        {
          "metric": "acc",
          "aggregation": "mean",
          "higher_is_better": true
        },
        {
          "metric": "acc_norm",
          "aggregation": "mean",
          "higher_is_better": true
        },
        {
          "metric": "f1",
          "aggregation": "2class_adjusted_macro_f1_score_for_chabsa",
          "higher_is_better": true
        },
        {
          "metric": "f1_norm",
          "aggregation": "2class_adjusted_macro_f1_score_for_chabsa",
          "higher_is_better": true
        }
      ],
      "output_type": "multiple_choice",
      "repeats": 1,
      "should_decontaminate": false,
      "doc_to_decontamination_query": "sentence",
      "metadata": {
        "version": 1.0
      }
    },
    "cma_basics-1.0-0.1": {
      "task": "cma_basics-1.0-0.1",
      "dataset_path": "jlm_fin_eval/datasets/cma_basics/cma_basics.py",
      "dataset_name": "cma_basics",
      "test_split": "test",
      "doc_to_text": "def doc_to_text_01(doc):\n    q_doc_text = doc[\"question\"] + \"\\n\"\n    if doc[\"context\"] and doc[\"context\"] != \"\":\n        q_doc_text += doc[\"context\"] + \"\\n\"\n    return f\"[問題]:{q_doc_text}[選択肢]:[{', '.join(doc['choices']['text'])}]\\n[答え]:\"\n",
      "doc_to_target": "def doc_to_target_01(doc):\n    return [\n        choice_text\n        for choice_id, choice_text in zip(doc[\"choices\"][\"id\"], doc[\"choices\"][\"text\"])\n        if choice_id == doc[\"answer\"]\n    ][0]\n",
      "doc_to_choice": "def doc_to_choices_01(doc):\n    choices = doc[\"choices\"][\"text\"]\n    return choices\n",
      "description": "[問題]に対する[答え]を[選択肢]の中から選んでください。\n\n\n",
      "target_delimiter": "",
      "fewshot_delimiter": "\n\n",
      "num_fewshot": 0,
      "metric_list": [
        {
          "metric": "acc",
          "aggregation": "mean",
          "higher_is_better": true
        },
        {
          "metric": "acc_norm",
          "aggregation": "mean",
          "higher_is_better": true
        },
        {
          "metric": "map",
          "aggregation": "mean",
          "higher_is_better": true
        },
        {
          "metric": "map_2",
          "aggregation": "mean",
          "higher_is_better": true
        },
        {
          "metric": "map_3",
          "aggregation": "mean",
          "higher_is_better": true
        },
        {
          "metric": "map_4",
          "aggregation": "mean",
          "higher_is_better": true
        },
        {
          "metric": "map_norm",
          "aggregation": "mean",
          "higher_is_better": true
        },
        {
          "metric": "map_2_norm",
          "aggregation": "mean",
          "higher_is_better": true
        },
        {
          "metric": "map_3_norm",
          "aggregation": "mean",