{
  "results": {
    "security_sales_1": {
      "acc,none": 0.42105263157894735,
      "acc_stderr,none": 0.06597717584505354,
      "acc_norm,none": 0.42105263157894735,
      "acc_norm_stderr,none": 0.06597717584505354,
      "map,none": 0.6798245614035087,
      "map_stderr,none": 0.03759267959304287,
      "map_2,none": 0.631578947368421,
      "map_2_stderr,none": 0.04770141932499819,
      "map_3,none": 0.6666666666666665,
      "map_3_stderr,none": 0.040875955965664394,
      "map_4,none": 0.6798245614035087,
      "map_4_stderr,none": 0.03759267959304287,
      "map_norm,none": 0.6798245614035087,
      "map_norm_stderr,none": 0.03759267959304287,
      "map_2_norm,none": 0.631578947368421,
      "map_2_norm_stderr,none": 0.04770141932499819,
      "map_3_norm,none": 0.6666666666666665,
      "map_3_norm_stderr,none": 0.040875955965664394,
      "map_4_norm,none": 0.6798245614035087,
      "map_4_norm_stderr,none": 0.03759267959304287,
      "alias": "security_sales_1"
    },
    "fp2": {
      "acc,none": 0.24,
      "acc_stderr,none": 0.019616577850947305,
      "acc_norm,none": 0.24,
      "acc_norm_stderr,none": 0.019616577850947305,
      "map,none": 0.5133333333333341,
      "map_stderr,none": 0.013242808396990269,
      "map_2,none": 0.3663157894736842,
      "map_2_stderr,none": 0.018880628627831627,
      "map_3,none": 0.4470175438596498,
      "map_3_stderr,none": 0.016575730505814013,
      "map_4,none": 0.5133333333333341,
      "map_4_stderr,none": 0.013242808396990269,
      "map_norm,none": 0.5133333333333341,
      "map_norm_stderr,none": 0.013242808396990269,
      "map_2_norm,none": 0.3663157894736842,
      "map_2_norm_stderr,none": 0.018880628627831627,
      "map_3_norm,none": 0.4470175438596498,
      "map_3_norm_stderr,none": 0.016575730505814013,
      "map_4_norm,none": 0.5133333333333341,
      "map_4_norm_stderr,none": 0.013242808396990269,
      "alias": "fp2"
    },
    "cpa_audit": {
      "acc,none": 0.135678391959799,
      "acc_stderr,none": 0.017186908930253576,
      "acc_norm,none": 0.135678391959799,
      "acc_norm_stderr,none": 0.017186908930253576,
      "map,none": 0.3906197654941371,
      "map_stderr,none": 0.01348737496391452,
      "map_2,none": 0.22989949748743718,
      "map_2_stderr,none": 0.018178477543726056,
      "map_3,none": 0.2851758793969847,
      "map_3_stderr,none": 0.017468604769348983,
      "map_4,none": 0.330402010050251,
      "map_4_stderr,none": 0.01623285619088499,
      "map_norm,none": 0.3906197654941371,
      "map_norm_stderr,none": 0.01348737496391452,
      "map_2_norm,none": 0.22989949748743718,
      "map_2_norm_stderr,none": 0.018178477543726056,
      "map_3_norm,none": 0.2851758793969847,
      "map_3_norm_stderr,none": 0.017468604769348983,
      "map_4_norm,none": 0.330402010050251,
      "map_4_norm_stderr,none": 0.01623285619088499,
      "alias": "cpa_audit"
    },
    "cma_basics": {
      "acc,none": 0.2631578947368421,
      "acc_stderr,none": 0.0723926637268818,
      "acc_norm,none": 0.2631578947368421,
      "acc_norm_stderr,none": 0.0723926637268818,
      "map,none": 0.5197368421052633,
      "map_stderr,none": 0.049339141684353265,
      "map_2,none": 0.3684210526315789,
      "map_2_stderr,none": 0.06975931627447642,
      "map_3,none": 0.4473684210526317,
      "map_3_stderr,none": 0.061943033768998595,
      "map_4,none": 0.5197368421052633,
      "map_4_stderr,none": 0.049339141684353265,
      "map_norm,none": 0.5197368421052633,
      "map_norm_stderr,none": 0.049339141684353265,
      "map_2_norm,none": 0.3684210526315789,
      "map_2_norm_stderr,none": 0.06975931627447642,
      "map_3_norm,none": 0.4473684210526317,
      "map_3_norm_stderr,none": 0.061943033768998595,
      "map_4_norm,none": 0.5197368421052633,
      "map_4_norm_stderr,none": 0.049339141684353265,
      "alias": "cma_basics"
    },
    "chabsa": {
      "acc,none": 0.6371876213906513,
      "acc_stderr,none": 0.0054715429733619,
      "f1,none": 0.5488992505629756,
      "f1_stderr,none": "N/A",
      "acc_norm,none": 0.6371876213906513,
      "acc_norm_stderr,none": 0.0054715429733619,
      "f1_norm,none": 0.5488992505629756,
      "f1_norm_stderr,none": "N/A",
      "alias": "chabsa"
    }
  },
  "group_subtasks": {
    "chabsa": [],
    "cma_basics": [],
    "cpa_audit": [],
    "fp2": [],
    "security_sales_1": []
  },
  "configs": {
    "chabsa": {
      "task": "chabsa",
      "dataset_path": "jlm_fin_eval/datasets/chabsa/chabsa.py",
      "dataset_name": "chABSA",
      "test_split": "test",
      "doc_to_text": "センテンス: {{sentence}}\nターゲット: {{target}}\n回答:",
      "doc_to_target": "{{polarity}}",
      "doc_to_choice": [
        "positive",
        "negative"
      ],
      "description": "以下のセンテンスにおける、ターゲットのセンチメントをpositiveかnegativeで答えてください。\n\n\n",
      "target_delimiter": " ",
      "fewshot_delimiter": "\n\n",
      "num_fewshot": 0,
      "metric_list": [
        {
          "metric": "acc",
          "aggregation": "mean",
          "higher_is_better": true
        },
        {
          "metric": "acc_norm",
          "aggregation": "mean",
          "higher_is_better": true
        },
        {
          "metric": "f1",
          "aggregation": "2class_adjusted_macro_f1_score_for_chabsa",
          "higher_is_better": true
        },
        {
          "metric": "f1_norm",
          "aggregation": "2class_adjusted_macro_f1_score_for_chabsa",
          "higher_is_better": true
        }
      ],
      "output_type": "multiple_choice",
      "repeats": 1,
      "should_decontaminate": false,
      "doc_to_decontamination_query": "sentence",
      "metadata": {
        "version": 1.0
      }
    },
    "cma_basics": {
      "task": "cma_basics",
      "dataset_path": "jlm_fin_eval/datasets/cma_basics/cma_basics.py",
      "dataset_name": "cma_basics",
      "test_split": "test",
      "doc_to_text": "def doc_to_text_00(doc):\n    doc_text = \"【問題】\\n\" + doc[\"question\"] + \"\\n\"\n    if doc[\"context\"] and doc[\"context\"] != \"\":\n        doc_text += doc[\"context\"] + \"\\n\"\n    doc_text += \"\\n【選択肢】\\n\"\n    for choice_id, choice_text in zip(doc[\"choices\"][\"id\"], doc[\"choices\"][\"text\"]):\n        doc_text += chr(choice_id + 65) + \": \" + choice_text + \"\\n\"\n    doc_text += \"\\n【答え】\\n\"\n    # doc_text += chr(int(doc[\"answer\"]) + 65)\n    return doc_text\n",
      "doc_to_target": "def doc_to_target_alphabet(doc):\n    answer = chr(int(doc[\"answer\"]) + 65)\n    return answer\n",
      "doc_to_choice": "def doc_to_choices_alphabet(doc):\n    choices = [chr(choice_id + 65) for choice_id in doc[\"choices\"][\"id\"]]\n    return choices\n",
      "description": "以下の問題の適切な答えを選択肢から選んでアルファベットで答えなさい。\n\n\n",
      "target_delimiter": "",
      "fewshot_delimiter": "\n\n",
      "num_fewshot": 0,
      "metric_list": [
        {
          "metric": "acc",
          "aggregation": "mean",
          "higher_is_better": true
        },
        {
          "metric": "acc_norm",
          "aggregation": "mean",
          "higher_is_better": true
        },
        {
          "metric": "map",
          "aggregation": "mean",
          "higher_is_better": true
        },
        {
          "metric": "map_2",
          "aggregation": "mean",
          "higher_is_better": true
        },
        {
          "metric": "map_3",
          "aggregation": "mean",
          "higher_is_better": true
        },
        {
          "metric": "map_4",
          "aggregation": "mean",
          "higher_is_better": true
        },
        {
          "metric": "map_norm",
          "aggregation": "mean",
          "higher_is_better": true
        },
        {
          "metric": "map_2_norm",
          "aggregation": "mean",
          "higher_is_better": true
        },
        {
          "metric": "map_3_norm",
          "aggregation": "mean",
          "higher_is_better": true
        },
        {
          "metric": "map_4_norm",