{
  "results": {
    "chabsa-1.0-0.1": {
      "acc": 0.7906254046355043,
      "f1": 0.800173273539309
    },
    "cma_basics-1.0-0.2.1": {
      "acc": 0.42105263157894735,
      "acc_stderr": 0.08116837904800629,
      "map": 0.6359649122807016,
      "map_stderr": 0.052631578947368425,
      "map_2": 0.5263157894736842,
      "map_2_stderr": 0.07290792050491893,
      "map_3": 0.5964912280701753,
      "map_3_stderr": 0.061791768503480726,
      "map_4": 0.6359649122807016,
      "map_4_stderr": 0.052631578947368425
    },
    "cpa_audit-1.0-0.2": {
      "acc": 0.17839195979899497,
      "acc_stderr": 0.019214306990983244,
      "map": 0.41850921273031816,
      "map_stderr": 0.01474039547881984,
      "map_2": 0.2638190954773869,
      "map_2_stderr": 0.019616043266097973,
      "map_3": 0.31407035175879366,
      "map_3_stderr": 0.018810472052042265,
      "map_4": 0.3592964824120601,
      "map_4_stderr": 0.017481533848061965
    },
    "fp2-1.0-0.5": {
      "acc": 0.24210526315789474,
      "acc_stderr": 0.01967512001202637,
      "map": 0.5154385964912289,
      "map_stderr": 0.013244970592634126,
      "map_2": 0.36736842105263157,
      "map_2_stderr": 0.018925642045447263,
      "map_3": 0.4522807017543867,
      "map_3_stderr": 0.01646394234880318,
      "map_4": 0.5154385964912289,
      "map_4_stderr": 0.013244970592634126
    },
    "security_sales_1-1.0-0.2.1": {
      "acc": 0.45614035087719296,
      "acc_stderr": 0.06655775300696491,
      "map": 0.7222222222222222,
      "map_stderr": 0.03590811137665245,
      "map_2": 0.7017543859649122,
      "map_2_stderr": 0.04124406451336425,
      "map_3": 0.7134502923976608,
      "map_3_stderr": 0.038407266332801324,
      "map_4": 0.7222222222222222,
      "map_4_stderr": 0.03590811137665245
    }
  },
  "versions": {
    "chabsa-1.0-0.1": 1.0,
    "cma_basics-1.0-0.2.1": 1.0,
    "cpa_audit-1.0-0.2": 1.0,
    "fp2-1.0-0.5": 1.0,
    "security_sales_1-1.0-0.2.1": 1.0
  },
  "config": {
    "model": "hf-causal-experimental",
    "model_args": "pretrained=cyberagent/calm2-7b,use_fast=True",
    "num_fewshot": [
      4,
      4,
      4,
      0,
      2
    ],
    "batch_size": null,
    "device": null,
    "no_cache": true,
    "limit": null,
    "bootstrap_iters": 100000,
    "description_dict": {}
  }
}