{
  "results": {
    "chabsa-1.0-0.6": {
      "acc": 0.7423281108377573,
      "f1": 0.48393735808915567
    },
    "fp2-1.0-0.1": {
      "acc": 0.26105263157894737,
      "acc_stderr": 0.020173517080623864,
      "map": 0.5310526315789483,
      "map_stderr": 0.013627578310006258,
      "map_2": 0.3863157894736842,
      "map_2_stderr": 0.019356864920475707,
      "map_3": 0.47052631578947446,
      "map_3_stderr": 0.016783384568574495,
      "map_4": 0.5310526315789483,
      "map_4_stderr": 0.013627578310006258
    },
    "cma_basics-1.0-0.1.2": {
      "acc": 0.2894736842105263,
      "acc_stderr": 0.07455791696866067,
      "map": 0.5570175438596492,
      "map_stderr": 0.04849819653096915,
      "map_2": 0.42105263157894735,
      "map_2_stderr": 0.0693556909988199,
      "map_3": 0.517543859649123,
      "map_3_stderr": 0.05684860261761281,
      "map_4": 0.5570175438596492,
      "map_4_stderr": 0.04849819653096915
    },
    "security_sales_1-1.0-0.6": {
      "acc": 0.47368421052631576,
      "acc_stderr": 0.06672270432067237,
      "map": 0.7119883040935673,
      "map_stderr": 0.03749304768461227,
      "map_2": 0.6754385964912281,
      "map_2_stderr": 0.045970507991291064,
      "map_3": 0.6988304093567251,
      "map_3_stderr": 0.0409692248223001,
      "map_4": 0.7119883040935673,
      "map_4_stderr": 0.03749304768461227
    },
    "cpa_audit-1.0-0.4": {
      "acc": 0.18090452261306533,
      "acc_stderr": 0.019319537383523402,
      "map": 0.4139447236180899,
      "map_stderr": 0.014875810592843144,
      "map_2": 0.2638190954773869,
      "map_2_stderr": 0.01961604326609796,
      "map_3": 0.3065326633165826,
      "map_3_stderr": 0.018954897502336934,
      "map_4": 0.3498743718592962,
      "map_4_stderr": 0.01774596956712981
    }
  },
  "versions": {
    "chabsa-1.0-0.6": 1.0,
    "fp2-1.0-0.1": 1.0,
    "cma_basics-1.0-0.1.2": 1.0,
    "security_sales_1-1.0-0.6": 1.0,
    "cpa_audit-1.0-0.4": 1.0
  },
  "config": {
    "model": "hf",
    "model_args": "pretrained=stabilityai/japanese-stablelm-instruct-alpha-7b,trust_remote_code=True,load_in_8bit=True,tokenizer=novelai/nerdstash-tokenizer-v1",
    "num_fewshot": [
      0,
      0,
      0,
      0,
      0
    ],
    "batch_size": null,
    "device": "cuda",
    "no_cache": false,
    "limit": null,
    "bootstrap_iters": 100000,
    "description_dict": {}
  }
}