{
  "results": {
    "security_sales_1-1.0-0.5": {
      "acc,none": 0.42105263157894735,
      "acc_stderr,none": 0.06597717584505354,
      "acc_norm,none": 0.42105263157894735,
      "acc_norm_stderr,none": 0.06597717584505354,
      "map,none": 0.6754385964912281,
      "map_stderr,none": 0.038217983397029004,
      "map_2,none": 0.6228070175438597,
      "map_2_stderr,none": 0.04892436645686707,
      "map_3,none": 0.6578947368421053,
      "map_3_stderr,none": 0.042426458689800016,
      "map_4,none": 0.6754385964912281,
      "map_4_stderr,none": 0.038217983397029004,
      "map_norm,none": 0.6681286549707601,
      "map_norm_stderr,none": 0.039329348730519686,
      "map_2_norm,none": 0.6140350877192983,
      "map_2_norm_stderr,none": 0.050090056522990346,
      "map_3_norm,none": 0.6374269005847953,
      "map_3_norm_stderr,none": 0.046103160144078364,
      "map_4_norm,none": 0.6681286549707601,
      "map_4_norm_stderr,none": 0.039329348730519686,
      "alias": "security_sales_1-1.0-0.5"
    },
    "fp2-1.0-0.5": {
      "acc,none": 0.23789473684210527,
      "acc_stderr,none": 0.019557382357921746,
      "acc_norm,none": 0.23789473684210527,
      "acc_norm_stderr,none": 0.019557382357921746,
      "map,none": 0.5189473684210535,
      "map_stderr,none": 0.013068852614418204,
      "map_2,none": 0.38105263157894737,
      "map_2_stderr,none": 0.018616299750696286,
      "map_3,none": 0.45684210526315877,
      "map_3_stderr,none": 0.01630615147339786,
      "map_4,none": 0.5189473684210535,
      "map_4_stderr,none": 0.013068852614418204,
      "map_norm,none": 0.5189473684210535,
      "map_norm_stderr,none": 0.013068852614418204,
      "map_2_norm,none": 0.38105263157894737,
      "map_2_norm_stderr,none": 0.018616299750696286,
      "map_3_norm,none": 0.45684210526315877,
      "map_3_norm_stderr,none": 0.01630615147339786,
      "map_4_norm,none": 0.5189473684210535,
      "map_4_norm_stderr,none": 0.013068852614418204,
      "alias": "fp2-1.0-0.5"
    },
    "cpa_audit-1.0-0.5": {
      "acc,none": 0.17839195979899497,
      "acc_stderr,none": 0.01921430699098326,
      "acc_norm,none": 0.16331658291457288,
      "acc_norm_stderr,none": 0.018552415816923462,
      "map,none": 0.40665829145728616,
      "map_stderr,none": 0.014799928528901992,
      "map_2,none": 0.2449748743718593,
      "map_2_stderr,none": 0.019545898189906125,
      "map_3,none": 0.2994137353433834,
      "map_3_stderr,none": 0.018790983365110304,
      "map_4,none": 0.34024288107202655,
      "map_4_stderr,none": 0.017692572862032966,
      "map_norm,none": 0.3974455611390283,
      "map_norm_stderr,none": 0.014342309498877102,
      "map_2_norm,none": 0.23241206030150754,
      "map_2_norm_stderr,none": 0.019035228896170237,
      "map_3_norm,none": 0.29020100502512536,
      "map_3_norm_stderr,none": 0.01829720215532459,
      "map_4_norm,none": 0.33103015075376857,
      "map_4_norm_stderr,none": 0.017222329605617488,
      "alias": "cpa_audit-1.0-0.5"
    },
    "cma_basics-1.0-0.5": {
      "acc,none": 0.23684210526315788,
      "acc_stderr,none": 0.06989334006042333,
      "acc_norm,none": 0.18421052631578946,
      "acc_norm_stderr,none": 0.06373021861834362,
      "map,none": 0.46929824561403516,
      "map_stderr,none": 0.049537637440935776,
      "map_2,none": 0.2631578947368421,
      "map_2_stderr,none": 0.06989334006042335,
      "map_3,none": 0.3771929824561404,
      "map_3_stderr,none": 0.06276019350655632,
      "map_4,none": 0.46929824561403516,
      "map_4_stderr,none": 0.049537637440935776,
      "map_norm,none": 0.49561403508771934,
      "map_norm_stderr,none": 0.04204397309380796,
      "map_2_norm,none": 0.34210526315789475,
      "map_2_norm_stderr,none": 0.06284297970994525,
      "map_3_norm,none": 0.45614035087719307,
      "map_3_norm_stderr,none": 0.05016340082465265,
      "map_4_norm,none": 0.49561403508771934,
      "map_4_norm_stderr,none": 0.04204397309380796,
      "alias": "cma_basics-1.0-0.5"
    },
    "chabsa-1.0-0.5": {
      "acc,none": 0.5611808882558591,
      "acc_stderr,none": 0.005647149750045243,
      "f1,none": 0.3594592352989964,
      "f1_stderr,none": "N/A",
      "acc_norm,none": 0.5611808882558591,
      "acc_norm_stderr,none": 0.005647149750045243,
      "f1_norm,none": 0.3594592352989964,
      "f1_norm_stderr,none": "N/A",
      "alias": "chabsa-1.0-0.5"
    }
  },
  "group_subtasks": {
    "chabsa-1.0-0.5": [],
    "cma_basics-1.0-0.5": [],
    "cpa_audit-1.0-0.5": [],
    "fp2-1.0-0.5": [],
    "security_sales_1-1.0-0.5": []
  },
  "configs": {
    "chabsa-1.0-0.5": {
      "task": "chabsa-1.0-0.5",
      "dataset_path": "jlm_fin_eval/datasets/chabsa/chabsa.py",
      "dataset_name": "chABSA",
      "test_split": "test",
      "doc_to_text": "センテンス: {{sentence}}\nターゲット: {{target}}\nシステム:",
      "doc_to_target": "{{polarity}}",
      "doc_to_choice": [
        "positive",
        "negative"
      ],
      "description": "ユーザー: センテンスにおける、ターゲットのセンチメントをpositiveかnegativeで答えてください。\nシステム: 分かりました。\n\n",
      "target_delimiter": " ",
      "fewshot_delimiter": "\n",
      "num_fewshot": 0,
      "metric_list": [
        {
          "metric": "acc",
          "aggregation": "mean",
          "higher_is_better": true
        },
        {
          "metric": "acc_norm",
          "aggregation": "mean",
          "higher_is_better": true
        },
        {
          "metric": "f1",
          "aggregation": "2class_adjusted_macro_f1_score_for_chabsa",
          "higher_is_better": true
        },
        {
          "metric": "f1_norm",
          "aggregation": "2class_adjusted_macro_f1_score_for_chabsa",
          "higher_is_better": true
        }
      ],
      "output_type": "multiple_choice",
      "repeats": 1,
      "should_decontaminate": false,
      "doc_to_decontamination_query": "sentence",
      "metadata": {
        "version": 1.0
      }
    },
    "cma_basics-1.0-0.5": {
      "task": "cma_basics-1.0-0.5",
      "dataset_path": "jlm_fin_eval/datasets/cma_basics/cma_basics.py",
      "dataset_name": "cma_basics",
      "test_split": "test",
      "doc_to_text": "def doc_to_text_05(doc):\n    return doc_to_text_04(doc, SEP=\"\\n\")\n",
      "doc_to_target": "def doc_to_target_01(doc):\n    return [\n        choice_text\n        for choice_id, choice_text in zip(doc[\"choices\"][\"id\"], doc[\"choices\"][\"text\"])\n        if choice_id == doc[\"answer\"]\n    ][0]\n",
      "doc_to_choice": "def doc_to_choices_01(doc):\n    choices = doc[\"choices\"][\"text\"]\n    return choices\n",
      "description": "ユーザー: 与えられた選択肢の中から、最適な答えを選んでください。\nシステム: 分かりました。\n\n",
      "target_delimiter": "",
      "fewshot_delimiter": "\n",
      "num_fewshot": 0,
      "metric_list": [
        {
          "metric": "acc",
          "aggregation": "mean",
          "higher_is_better": true
        },
        {
          "metric": "acc_norm",
          "aggregation": "mean",
          "higher_is_better": true
        },
        {
          "metric": "map",
          "aggregation": "mean",
          "higher_is_better": true
        },
        {
          "metric": "map_2",
          "aggregation": "mean",
          "higher_is_better": true
        },
        {
          "metric": "map_3",
          "aggregation": "mean",
          "higher_is_better": true
        },
        {
          "metric": "map_4",
          "aggregation": "mean",
          "higher_is_better": true
        },
        {
          "metric": "map_norm",
          "aggregation": "mean",
          "higher_is_better": true
        },
        {
          "metric": "map_2_norm",
          "aggregation": "mean",
          "higher_is_better": true
        },
        {
          "metric": "map_3_norm",
          "aggregation": "mean",
          "higher_is_better": true
        },
        {
          "metric": "map_4_norm",
          "aggregation": "mean",
          "higher_is_better": true
        }
      ],
      "output_type": "multiple_choice",