{
  "results": {
    "security_sales_1-1.0-0.2.1": {
      "acc,none": 0.5087719298245614,
      "acc_stderr,none": 0.06680502724442024,
      "acc_norm,none": 0.5263157894736842,
      "acc_norm_stderr,none": 0.06672270432067237,
      "map,none": 0.7295321637426901,
      "map_stderr,none": 0.03790913804244584,
      "map_2,none": 0.7017543859649122,
      "map_2_stderr,none": 0.0448815782432236,
      "map_3,none": 0.7076023391812866,
      "map_3_stderr,none": 0.043611803206303604,
      "map_4,none": 0.7295321637426901,
      "map_4_stderr,none": 0.03790913804244584,
      "map_norm,none": 0.7353801169590644,
      "map_norm_stderr,none": 0.03841322849676567,
      "map_2_norm,none": 0.7017543859649122,
      "map_2_norm_stderr,none": 0.046593966021499254,
      "map_3_norm,none": 0.7134502923976609,
      "map_3_norm_stderr,none": 0.044102640728065357,
      "map_4_norm,none": 0.7353801169590644,
      "map_4_norm_stderr,none": 0.03841322849676567,
      "alias": "security_sales_1-1.0-0.2.1"
    },
    "fp2-1.0-0.2.1": {
      "acc,none": 0.21473684210526317,
      "acc_stderr,none": 0.018861304277442002,
      "acc_norm,none": 0.21473684210526317,
      "acc_norm_stderr,none": 0.018861304277442002,
      "map,none": 0.5028070175438606,
      "map_stderr,none": 0.012692932155549935,
      "map_2,none": 0.3568421052631579,
      "map_2_stderr,none": 0.018283583376562055,
      "map_3,none": 0.4396491228070182,
      "map_3_stderr,none": 0.015917804541948934,
      "map_4,none": 0.5028070175438606,
      "map_4_stderr,none": 0.012692932155549935,
      "map_norm,none": 0.5028070175438606,
      "map_norm_stderr,none": 0.012692932155549935,
      "map_2_norm,none": 0.3568421052631579,
      "map_2_norm_stderr,none": 0.018283583376562055,
      "map_3_norm,none": 0.4396491228070182,
      "map_3_norm_stderr,none": 0.015917804541948934,
      "map_4_norm,none": 0.5028070175438606,
      "map_4_norm_stderr,none": 0.012692932155549935,
      "alias": "fp2-1.0-0.2.1"
    },
    "cpa_audit-1.0-0.2.1": {
      "acc,none": 0.16834170854271358,
      "acc_stderr,none": 0.01877902641290842,
      "acc_norm,none": 0.16331658291457288,
      "acc_norm_stderr,none": 0.018552415816923466,
      "map,none": 0.4017587939698491,
      "map_stderr,none": 0.014573458399165152,
      "map_2,none": 0.2449748743718593,
      "map_2_stderr,none": 0.019219375350828065,
      "map_3,none": 0.29941373534338334,
      "map_3_stderr,none": 0.0184511058924308,
      "map_4,none": 0.3333333333333331,
      "map_4_stderr,none": 0.017542561904457275,
      "map_norm,none": 0.39556113902847556,
      "map_norm_stderr,none": 0.01443858336478328,
      "map_2_norm,none": 0.23492462311557788,
      "map_2_norm_stderr,none": 0.019040658106567195,
      "map_3_norm,none": 0.2910385259631488,
      "map_3_norm_stderr,none": 0.018311729300692893,
      "map_4_norm,none": 0.3262144053601337,
      "map_4_norm_stderr,none": 0.0174005536321764,
      "alias": "cpa_audit-1.0-0.2.1"
    },
    "cma_basics-1.0-0.2.1": {
      "acc,none": 0.2631578947368421,
      "acc_stderr,none": 0.0723926637268818,
      "acc_norm,none": 0.2631578947368421,
      "acc_norm_stderr,none": 0.0723926637268818,
      "map,none": 0.5219298245614036,
      "map_stderr,none": 0.04936416186857305,
      "map_2,none": 0.3815789473684211,
      "map_2_stderr,none": 0.06911915445746265,
      "map_3,none": 0.4429824561403509,
      "map_3_stderr,none": 0.06294630935273195,
      "map_4,none": 0.5219298245614036,
      "map_4_stderr,none": 0.04936416186857305,
      "map_norm,none": 0.5416666666666666,
      "map_norm_stderr,none": 0.04732762806292191,
      "map_2_norm,none": 0.40789473684210525,
      "map_2_norm_stderr,none": 0.06761340812294223,
      "map_3_norm,none": 0.49561403508771934,
      "map_3_norm_stderr,none": 0.056743331575211844,
      "map_4_norm,none": 0.5416666666666666,
      "map_4_norm_stderr,none": 0.04732762806292191,
      "alias": "cma_basics-1.0-0.2.1"
    },
    "chabsa-1.0-0.2": {
      "acc,none": 0.5611808882558591,
      "acc_stderr,none": 0.005647149750045243,
      "f1,none": 0.3594592352989964,
      "f1_stderr,none": "N/A",
      "acc_norm,none": 0.5611808882558591,
      "acc_norm_stderr,none": 0.005647149750045243,
      "f1_norm,none": 0.3594592352989964,
      "f1_norm_stderr,none": "N/A",
      "alias": "chabsa-1.0-0.2"
    }
  },
  "group_subtasks": {
    "chabsa-1.0-0.2": [],
    "cma_basics-1.0-0.2.1": [],
    "cpa_audit-1.0-0.2.1": [],
    "fp2-1.0-0.2.1": [],
    "security_sales_1-1.0-0.2.1": []
  },
  "configs": {
    "chabsa-1.0-0.2": {
      "task": "chabsa-1.0-0.2",
      "dataset_path": "jlm_fin_eval/datasets/chabsa/chabsa.py",
      "dataset_name": "chABSA",
      "test_split": "test",
      "doc_to_text": "センテンス: {{sentence}}\nターゲット: {{target}}\n回答:",
      "doc_to_target": "{{polarity}}",
      "doc_to_choice": [
        "positive",
        "negative"
      ],
      "description": "センテンスとターゲットを入力として受け取り、ターゲットに関するセンチメントをpositiveかnegativeから選択してください。\n\n\n",
      "target_delimiter": " ",
      "fewshot_delimiter": "\n\n",
      "num_fewshot": 0,
      "metric_list": [
        {
          "metric": "acc",
          "aggregation": "mean",
          "higher_is_better": true
        },
        {
          "metric": "acc_norm",
          "aggregation": "mean",
          "higher_is_better": true
        },
        {
          "metric": "f1",
          "aggregation": "2class_adjusted_macro_f1_score_for_chabsa",
          "higher_is_better": true
        },
        {
          "metric": "f1_norm",
          "aggregation": "2class_adjusted_macro_f1_score_for_chabsa",
          "higher_is_better": true
        }
      ],
      "output_type": "multiple_choice",
      "repeats": 1,
      "should_decontaminate": false,
      "doc_to_decontamination_query": "sentence",
      "metadata": {
        "version": 1.0
      }
    },
    "cma_basics-1.0-0.2.1": {
      "task": "cma_basics-1.0-0.2.1",
      "dataset_path": "jlm_fin_eval/datasets/cma_basics/cma_basics.py",
      "dataset_name": "cma_basics",
      "test_split": "test",
      "doc_to_text": "def doc_to_text_02_1(doc):\n    q_doc_text = doc[\"question\"] + \"\\n\"\n    if doc[\"context\"] and doc[\"context\"] != \"\":\n        q_doc_text += doc[\"context\"] + \"\\n\"\n    choices = \"\\n\".join([f\"- {choice}\" for choice in doc[\"choices\"][\"text\"]])\n    return f\"質問:{q_doc_text}選択肢:\\n{choices}\\n回答:\"\n",
      "doc_to_target": "def doc_to_target_01(doc):\n    return [\n        choice_text\n        for choice_id, choice_text in zip(doc[\"choices\"][\"id\"], doc[\"choices\"][\"text\"])\n        if choice_id == doc[\"answer\"]\n    ][0]\n",
      "doc_to_choice": "def doc_to_choices_01(doc):\n    choices = doc[\"choices\"][\"text\"]\n    return choices\n",
      "description": "与えられた選択肢の中から、最適な答えを選んでください。\n\n\n",
      "target_delimiter": "",
      "fewshot_delimiter": "\n\n",
      "num_fewshot": 0,
      "metric_list": [
        {
          "metric": "acc",
          "aggregation": "mean",
          "higher_is_better": true
        },
        {
          "metric": "acc_norm",
          "aggregation": "mean",
          "higher_is_better": true
        },
        {
          "metric": "map",
          "aggregation": "mean",
          "higher_is_better": true
        },
        {
          "metric": "map_2",
          "aggregation": "mean",
          "higher_is_better": true
        },
        {
          "metric": "map_3",
          "aggregation": "mean",
          "higher_is_better": true
        },
        {
          "metric": "map_4",
          "aggregation": "mean",
          "higher_is_better": true
        },
        {
          "metric": "map_norm",
          "aggregation": "mean",
          "higher_is_better": true
        },
        {
          "metric": "map_2_norm",
          "aggregation": "mean",
          "higher_is_better": true
        },
        {
          "metric": "map_3_norm",