{
  "results": {
    "security_sales_1-1.0-0.1": {
      "acc,none": 0.45614035087719296,
      "acc_stderr,none": 0.0665577530069649,
      "acc_norm,none": 0.47368421052631576,
      "acc_norm_stderr,none": 0.06672270432067237,
      "map,none": 0.6988304093567251,
      "map_stderr,none": 0.038165015963916075,
      "map_2,none": 0.6666666666666666,
      "map_2_stderr,none": 0.045700708092256785,
      "map_3,none": 0.672514619883041,
      "map_3_stderr,none": 0.044536684829613496,
      "map_4,none": 0.6988304093567251,
      "map_4_stderr,none": 0.038165015963916075,
      "map_norm,none": 0.7046783625730995,
      "map_norm_stderr,none": 0.03874860061154988,
      "map_2_norm,none": 0.6666666666666666,
      "map_2_norm_stderr,none": 0.04738350265803162,
      "map_3_norm,none": 0.6783625730994153,
      "map_3_norm_stderr,none": 0.045098759385061686,
      "map_4_norm,none": 0.7046783625730995,
      "map_4_norm_stderr,none": 0.03874860061154988,
      "alias": "security_sales_1-1.0-0.1"
    },
    "fp2-1.0-0.1": {
      "acc,none": 0.2694736842105263,
      "acc_stderr,none": 0.0203791910979565,
      "acc_norm,none": 0.2694736842105263,
      "acc_norm_stderr,none": 0.0203791910979565,
      "map,none": 0.536842105263159,
      "map_stderr,none": 0.013518631885636385,
      "map_2,none": 0.39263157894736844,
      "map_2_stderr,none": 0.019318181615046164,
      "map_3,none": 0.48526315789473773,
      "map_3_stderr,none": 0.01633312831297948,
      "map_4,none": 0.536842105263159,
      "map_4_stderr,none": 0.013518631885636385,
      "map_norm,none": 0.536842105263159,
      "map_norm_stderr,none": 0.013518631885636385,
      "map_2_norm,none": 0.39263157894736844,
      "map_2_norm_stderr,none": 0.019318181615046164,
      "map_3_norm,none": 0.48526315789473773,
      "map_3_norm_stderr,none": 0.01633312831297948,
      "map_4_norm,none": 0.536842105263159,
      "map_4_norm_stderr,none": 0.013518631885636385,
      "alias": "fp2-1.0-0.1"
    },
    "cpa_audit-1.0-0.1": {
      "acc,none": 0.16331658291457288,
      "acc_stderr,none": 0.01855241581692347,
      "acc_norm,none": 0.15577889447236182,
      "acc_norm_stderr,none": 0.018200660886313003,
      "map,none": 0.40330820770519216,
      "map_stderr,none": 0.014278653631305668,
      "map_2,none": 0.24120603015075376,
      "map_2_stderr,none": 0.019050572860845737,
      "map_3,none": 0.29899497487437154,
      "map_3_stderr,none": 0.018243130801164707,
      "map_4,none": 0.34359296482412044,
      "map_4_stderr,none": 0.01699145289049766,
      "map_norm,none": 0.39493299832495754,
      "map_norm_stderr,none": 0.014073966694851506,
      "map_2_norm,none": 0.228643216080402,
      "map_2_norm_stderr,none": 0.01877436854863514,
      "map_3_norm,none": 0.2881072026800667,
      "map_3_norm_stderr,none": 0.018027869825504892,
      "map_4_norm,none": 0.3327051926298155,
      "map_4_norm_stderr,none": 0.016832942425466516,
      "alias": "cpa_audit-1.0-0.1"
    },
    "cma_basics-1.0-0.1": {
      "acc,none": 0.21052631578947367,
      "acc_stderr,none": 0.06702258315442243,
      "acc_norm,none": 0.23684210526315788,
      "acc_norm_stderr,none": 0.0698933400604233,
      "map,none": 0.5021929824561403,
      "map_stderr,none": 0.04527269748881259,
      "map_2,none": 0.3684210526315789,
      "map_2_stderr,none": 0.06446025638903102,
      "map_3,none": 0.42982456140350883,
      "map_3_stderr,none": 0.05816852656979094,
      "map_4,none": 0.5021929824561403,
      "map_4_stderr,none": 0.04527269748881259,
      "map_norm,none": 0.5372807017543859,
      "map_norm_stderr,none": 0.04474712597611669,
      "map_2_norm,none": 0.40789473684210525,
      "map_2_norm_stderr,none": 0.06493037949471836,
      "map_3_norm,none": 0.5043859649122806,
      "map_3_norm_stderr,none": 0.05202051625994581,
      "map_4_norm,none": 0.5372807017543859,
      "map_4_norm_stderr,none": 0.04474712597611669,
      "alias": "cma_basics-1.0-0.1"
    },
    "chabsa-1.0-0.1": {
      "acc,none": 0.5667486727955457,
      "acc_stderr,none": 0.005638976804272557,
      "f1,none": 0.374293370609735,
      "f1_stderr,none": "N/A",
      "acc_norm,none": 0.5667486727955457,
      "acc_norm_stderr,none": 0.005638976804272557,
      "f1_norm,none": 0.374293370609735,
      "f1_norm_stderr,none": "N/A",
      "alias": "chabsa-1.0-0.1"
    }
  },
  "group_subtasks": {
    "chabsa-1.0-0.1": [],
    "cma_basics-1.0-0.1": [],
    "cpa_audit-1.0-0.1": [],
    "fp2-1.0-0.1": [],
    "security_sales_1-1.0-0.1": []
  },
  "configs": {
    "chabsa-1.0-0.1": {
      "task": "chabsa-1.0-0.1",
      "dataset_path": "jlm_fin_eval/datasets/chabsa/chabsa.py",
      "dataset_name": "chABSA",
      "test_split": "test",
      "doc_to_text": "[センテンス]: {{sentence}}\nターゲット]: {{target}}\n[答え]:",
      "doc_to_target": "{{polarity}}",
      "doc_to_choice": [
        "positive",
        "negative"
      ],
      "description": "[センテンス]における、[ターゲット]のセンチメントをpositiveかnegativeで選んでください。\n\n\n",
      "target_delimiter": " ",
      "fewshot_delimiter": "\n\n",
      "num_fewshot": 0,
      "metric_list": [
        {
          "metric": "acc",
          "aggregation": "mean",
          "higher_is_better": true
        },
        {
          "metric": "acc_norm",
          "aggregation": "mean",
          "higher_is_better": true
        },
        {
          "metric": "f1",
          "aggregation": "2class_adjusted_macro_f1_score_for_chabsa",
          "higher_is_better": true
        },
        {
          "metric": "f1_norm",
          "aggregation": "2class_adjusted_macro_f1_score_for_chabsa",
          "higher_is_better": true
        }
      ],
      "output_type": "multiple_choice",
      "repeats": 1,
      "should_decontaminate": false,
      "doc_to_decontamination_query": "sentence",
      "metadata": {
        "version": 1.0
      }
    },
    "cma_basics-1.0-0.1": {
      "task": "cma_basics-1.0-0.1",
      "dataset_path": "jlm_fin_eval/datasets/cma_basics/cma_basics.py",
      "dataset_name": "cma_basics",
      "test_split": "test",
      "doc_to_text": "def doc_to_text_01(doc):\n    q_doc_text = doc[\"question\"] + \"\\n\"\n    if doc[\"context\"] and doc[\"context\"] != \"\":\n        q_doc_text += doc[\"context\"] + \"\\n\"\n    return f\"[問題]:{q_doc_text}[選択肢]:[{', '.join(doc['choices']['text'])}]\\n[答え]:\"\n",
      "doc_to_target": "def doc_to_target_01(doc):\n    return [\n        choice_text\n        for choice_id, choice_text in zip(doc[\"choices\"][\"id\"], doc[\"choices\"][\"text\"])\n        if choice_id == doc[\"answer\"]\n    ][0]\n",
      "doc_to_choice": "def doc_to_choices_01(doc):\n    choices = doc[\"choices\"][\"text\"]\n    return choices\n",
      "description": "[問題]に対する[答え]を[選択肢]の中から選んでください。\n\n\n",
      "target_delimiter": "",
      "fewshot_delimiter": "\n\n",
      "num_fewshot": 0,
      "metric_list": [
        {
          "metric": "acc",
          "aggregation": "mean",
          "higher_is_better": true
        },
        {
          "metric": "acc_norm",
          "aggregation": "mean",
          "higher_is_better": true
        },
        {
          "metric": "map",
          "aggregation": "mean",
          "higher_is_better": true
        },
        {
          "metric": "map_2",
          "aggregation": "mean",
          "higher_is_better": true
        },
        {
          "metric": "map_3",
          "aggregation": "mean",
          "higher_is_better": true
        },
        {
          "metric": "map_4",
          "aggregation": "mean",
          "higher_is_better": true
        },
        {
          "metric": "map_norm",
          "aggregation": "mean",
          "higher_is_better": true
        },
        {
          "metric": "map_2_norm",
          "aggregation": "mean",
          "higher_is_better": true
        },
        {
          "metric": "map_3_norm",
          "aggregation": "mean",