{
  "results": {
    "chabsa-1.0-0.1": {
      "acc": 0.7823384695066684,
      "f1": 0.7893571104043616
    },
    "cma_basics-1.0-0.3": {
      "acc": 0.34210526315789475,
      "acc_stderr": 0.07799328662681833,
      "map": 0.5986842105263157,
      "map_stderr": 0.04948119324994444,
      "map_2": 0.4868421052631579,
      "map_2_stderr": 0.06925441712002293,
      "map_3": 0.5657894736842104,
      "map_3_stderr": 0.05710865536528771,
      "map_4": 0.5986842105263157,
      "map_4_stderr": 0.04948119324994444
    },
    "cpa_audit-1.0-0.1.2": {
      "acc": 0.1934673366834171,
      "acc_stderr": 0.019825290206918044,
      "map": 0.41955611390284725,
      "map_stderr": 0.01524679858763094,
      "map_2": 0.271356783919598,
      "map_2_stderr": 0.019998586607634886,
      "map_3": 0.30904522613065305,
      "map_3_stderr": 0.01940331079916645,
      "map_4": 0.35364321608040195,
      "map_4_stderr": 0.018169427056063416
    },
    "fp2-1.0-0.3": {
      "acc": 0.23789473684210527,
      "acc_stderr": 0.019557382357921767,
      "map": 0.516140350877194,
      "map_stderr": 0.013128587787792915,
      "map_2": 0.37473684210526315,
      "map_2_stderr": 0.018707615309123016,
      "map_3": 0.4519298245614044,
      "map_3_stderr": 0.016420516734446135,
      "map_4": 0.516140350877194,
      "map_4_stderr": 0.013128587787792915
    },
    "security_sales_1-1.0-0.6": {
      "acc": 0.5087719298245614,
      "acc_stderr": 0.06680502724442025,
      "map": 0.7309941520467838,
      "map_stderr": 0.03760587624057579,
      "map_2": 0.7017543859649122,
      "map_2_stderr": 0.04488157824322359,
      "map_3": 0.7134502923976609,
      "map_3_stderr": 0.042289494146641016,
      "map_4": 0.7309941520467838,
      "map_4_stderr": 0.03760587624057579
    }
  },
  "versions": {
    "chabsa-1.0-0.1": 1.0,
    "cma_basics-1.0-0.3": 1.0,
    "cpa_audit-1.0-0.1.2": 1.0,
    "fp2-1.0-0.3": 1.0,
    "security_sales_1-1.0-0.6": 1.0
  },
  "config": {
    "model": "hf-causal-experimental",
    "model_args": "pretrained=stabilityai/japanese-stablelm-instruct-alpha-7b,trust_remote_code=True,tokenizer=novelai/nerdstash-tokenizer-v1",
    "num_fewshot": [
      4,
      1,
      2,
      0,
      2
    ],
    "batch_size": null,
    "device": null,
    "no_cache": true,
    "limit": null,
    "bootstrap_iters": 100000,
    "description_dict": {}
  }
}