{
  "results": {
    "security_sales_1-1.0-0.1.2": {
      "acc,none": 0.6140350877192983,
      "acc_stderr,none": 0.06505437269382158,
      "acc_norm,none": 0.6140350877192983,
      "acc_norm_stderr,none": 0.06505437269382158,
      "map,none": 0.7675438596491229,
      "map_stderr,none": 0.040326011189708556,
      "map_2,none": 0.7192982456140351,
      "map_2_stderr,none": 0.05162998514900417,
      "map_3,none": 0.7368421052631579,
      "map_3_stderr,none": 0.048103001798669755,
      "map_4,none": 0.7675438596491229,
      "map_4_stderr,none": 0.040326011189708556,
      "map_norm,none": 0.7675438596491229,
      "map_norm_stderr,none": 0.040326011189708556,
      "map_2_norm,none": 0.7192982456140351,
      "map_2_norm_stderr,none": 0.05162998514900417,
      "map_3_norm,none": 0.7368421052631579,
      "map_3_norm_stderr,none": 0.048103001798669755,
      "map_4_norm,none": 0.7675438596491229,
      "map_4_norm_stderr,none": 0.040326011189708556,
      "alias": "security_sales_1-1.0-0.1.2"
    },
    "fp2-1.0-0.1.2": {
      "acc,none": 0.29473684210526313,
      "acc_stderr,none": 0.02094130011857642,
      "acc_norm,none": 0.29473684210526313,
      "acc_norm_stderr,none": 0.02094130011857642,
      "map,none": 0.55421052631579,
      "map_stderr,none": 0.013812977129168468,
      "map_2,none": 0.41789473684210526,
      "map_2_stderr,none": 0.019577810697724424,
      "map_3,none": 0.5042105263157903,
      "map_3_stderr,none": 0.016615499376065553,
      "map_4,none": 0.55421052631579,
      "map_4_stderr,none": 0.013812977129168468,
      "map_norm,none": 0.55421052631579,
      "map_norm_stderr,none": 0.013812977129168468,
      "map_2_norm,none": 0.41789473684210526,
      "map_2_norm_stderr,none": 0.019577810697724424,
      "map_3_norm,none": 0.5042105263157903,
      "map_3_norm_stderr,none": 0.016615499376065553,
      "map_4_norm,none": 0.55421052631579,
      "map_4_norm_stderr,none": 0.013812977129168468,
      "alias": "fp2-1.0-0.1.2"
    },
    "cpa_audit-1.0-0.1.2": {
      "acc,none": 0.20100502512562815,
      "acc_stderr,none": 0.020113156276807865,
      "acc_norm,none": 0.20100502512562815,
      "acc_norm_stderr,none": 0.020113156276807865,
      "map,none": 0.43701842546063646,
      "map_stderr,none": 0.015296730328357796,
      "map_2,none": 0.29020100502512564,
      "map_2_stderr,none": 0.020240535504112766,
      "map_3,none": 0.3404522613065326,
      "map_3_stderr,none": 0.01928847511017762,
      "map_4,none": 0.3768844221105528,
      "map_4_stderr,none": 0.018142723268369812,
      "map_norm,none": 0.43701842546063646,
      "map_norm_stderr,none": 0.015296730328357796,
      "map_2_norm,none": 0.29020100502512564,
      "map_2_norm_stderr,none": 0.020240535504112766,
      "map_3_norm,none": 0.3404522613065326,
      "map_3_norm_stderr,none": 0.01928847511017762,
      "map_4_norm,none": 0.3768844221105528,
      "map_4_norm_stderr,none": 0.018142723268369812,
      "alias": "cpa_audit-1.0-0.1.2"
    },
    "cma_basics-1.0-0.1.2": {
      "acc,none": 0.2631578947368421,
      "acc_stderr,none": 0.0723926637268818,
      "acc_norm,none": 0.2631578947368421,
      "acc_norm_stderr,none": 0.0723926637268818,
      "map,none": 0.5263157894736842,
      "map_stderr,none": 0.046310158500752874,
      "map_2,none": 0.40789473684210525,
      "map_2_stderr,none": 0.06493037949471836,
      "map_3,none": 0.4605263157894737,
      "map_3_stderr,none": 0.058777591144357044,
      "map_4,none": 0.5263157894736842,
      "map_4_stderr,none": 0.046310158500752874,
      "map_norm,none": 0.5263157894736842,
      "map_norm_stderr,none": 0.046310158500752874,
      "map_2_norm,none": 0.40789473684210525,
      "map_2_norm_stderr,none": 0.06493037949471836,
      "map_3_norm,none": 0.4605263157894737,
      "map_3_norm_stderr,none": 0.058777591144357044,
      "map_4_norm,none": 0.5263157894736842,
      "map_4_norm_stderr,none": 0.046310158500752874,
      "alias": "cma_basics-1.0-0.1.2"
    },
    "chabsa-1.0-0.1": {
      "acc,none": 0.8820406577754758,
      "acc_stderr,none": 0.003670671963111501,
      "f1,none": 0.893900630486471,
      "f1_stderr,none": "N/A",
      "acc_norm,none": 0.8820406577754758,
      "acc_norm_stderr,none": 0.003670671963111501,
      "f1_norm,none": 0.893900630486471,
      "f1_norm_stderr,none": "N/A",
      "alias": "chabsa-1.0-0.1"
    }
  },
  "group_subtasks": {
    "chabsa-1.0-0.1": [],
    "cma_basics-1.0-0.1.2": [],
    "cpa_audit-1.0-0.1.2": [],
    "fp2-1.0-0.1.2": [],
    "security_sales_1-1.0-0.1.2": []
  },
  "configs": {
    "chabsa-1.0-0.1": {
      "task": "chabsa-1.0-0.1",
      "dataset_path": "jlm_fin_eval/datasets/chabsa/chabsa.py",
      "dataset_name": "chABSA",
      "test_split": "test",
      "doc_to_text": "[センテンス]: {{sentence}}\nターゲット]: {{target}}\n[答え]:",
      "doc_to_target": "{{polarity}}",
      "doc_to_choice": [
        "positive",
        "negative"
      ],
      "description": "[センテンス]における、[ターゲット]のセンチメントをpositiveかnegativeで選んでください。\n\n\n",
      "target_delimiter": " ",
      "fewshot_delimiter": "\n\n",
      "num_fewshot": 0,
      "metric_list": [
        {
          "metric": "acc",
          "aggregation": "mean",
          "higher_is_better": true
        },
        {
          "metric": "acc_norm",
          "aggregation": "mean",
          "higher_is_better": true
        },
        {
          "metric": "f1",
          "aggregation": "2class_adjusted_macro_f1_score_for_chabsa",
          "higher_is_better": true
        },
        {
          "metric": "f1_norm",
          "aggregation": "2class_adjusted_macro_f1_score_for_chabsa",
          "higher_is_better": true
        }
      ],
      "output_type": "multiple_choice",
      "repeats": 1,
      "should_decontaminate": false,
      "doc_to_decontamination_query": "sentence",
      "metadata": {
        "version": 1.0
      }
    },
    "cma_basics-1.0-0.1.2": {
      "task": "cma_basics-1.0-0.1.2",
      "dataset_path": "jlm_fin_eval/datasets/cma_basics/cma_basics.py",
      "dataset_name": "cma_basics",
      "test_split": "test",
      "doc_to_text": "def doc_to_text_01_2(doc):\n    q_doc_text = doc[\"question\"] + \"\\n\"\n    if doc[\"context\"] and doc[\"context\"] != \"\":\n        q_doc_text += doc[\"context\"] + \"\\n\"\n    choice_doc_text = []\n    for choice_id, choice_text in zip(doc[\"choices\"][\"id\"], doc[\"choices\"][\"text\"]):\n        choice_doc_text.append(chr(choice_id + 65) + \":\" + choice_text)\n    return f\"[問題]:{q_doc_text}[選択肢]:[{', '.join(choice_doc_text)}]\\n[答え]:\"\n",
      "doc_to_target": "def doc_to_target_alphabet(doc):\n    answer = chr(int(doc[\"answer\"]) + 65)\n    return answer\n",
      "doc_to_choice": "def doc_to_choices_alphabet(doc):\n    choices = [chr(choice_id + 65) for choice_id in doc[\"choices\"][\"id\"]]\n    return choices\n",
      "description": "[問題]に対する[答え]を[選択肢]の中からアルファベットで選んでください。\n\n\n",
      "target_delimiter": "",
      "fewshot_delimiter": "\n\n",
      "num_fewshot": 0,
      "metric_list": [
        {
          "metric": "acc",
          "aggregation": "mean",
          "higher_is_better": true
        },
        {
          "metric": "acc_norm",
          "aggregation": "mean",
          "higher_is_better": true
        },
        {
          "metric": "map",
          "aggregation": "mean",
          "higher_is_better": true
        },
        {
          "metric": "map_2",
          "aggregation": "mean",
          "higher_is_better": true
        },
        {
          "metric": "map_3",
          "aggregation": "mean",
          "higher_is_better": true
        },
        {
          "metric": "map_4",
          "aggregation": "mean",
          "higher_is_better": true
        },
        {
          "metric": "map_norm",
          "aggregation": "mean",
          "higher_is_better": true
        },
        {
          "metric": "map_2_norm",
          "aggregation": "mean",