{
  "results": {
    "security_sales_1-1.0-0.5": {
      "acc,none": 0.45614035087719296,
      "acc_stderr,none": 0.06655775300696491,
      "acc_norm,none": 0.43859649122807015,
      "acc_norm_stderr,none": 0.0663095566682855,
      "map,none": 0.6900584795321637,
      "map_stderr,none": 0.0391220920946725,
      "map_2,none": 0.631578947368421,
      "map_2_stderr,none": 0.05087935351043054,
      "map_3,none": 0.6725146198830408,
      "map_3_stderr,none": 0.04334845510056432,
      "map_4,none": 0.6900584795321637,
      "map_4_stderr,none": 0.0391220920946725,
      "map_norm,none": 0.6842105263157895,
      "map_norm_stderr,none": 0.03850453273918938,
      "map_2_norm,none": 0.631578947368421,
      "map_2_norm_stderr,none": 0.04931599141890322,
      "map_3_norm,none": 0.6666666666666666,
      "map_3_norm_stderr,none": 0.042749098003548064,
      "map_4_norm,none": 0.6842105263157895,
      "map_4_norm_stderr,none": 0.03850453273918938,
      "alias": "security_sales_1-1.0-0.5"
    },
    "fp2-1.0-0.5": {
      "acc,none": 0.3094736842105263,
      "acc_stderr,none": 0.021233070843635016,
      "acc_norm,none": 0.3094736842105263,
      "acc_norm_stderr,none": 0.021233070843635016,
      "map,none": 0.558596491228071,
      "map_stderr,none": 0.014432309181988488,
      "map_2,none": 0.4189473684210526,
      "map_2_stderr,none": 0.02022848321377456,
      "map_3,none": 0.49543859649122907,
      "map_3_stderr,none": 0.017760202828692232,
      "map_4,none": 0.558596491228071,
      "map_4_stderr,none": 0.014432309181988488,
      "map_norm,none": 0.558596491228071,
      "map_norm_stderr,none": 0.014432309181988488,
      "map_2_norm,none": 0.4189473684210526,
      "map_2_norm_stderr,none": 0.02022848321377456,
      "map_3_norm,none": 0.49543859649122907,
      "map_3_norm_stderr,none": 0.017760202828692232,
      "map_4_norm,none": 0.558596491228071,
      "map_4_norm_stderr,none": 0.014432309181988488,
      "alias": "fp2-1.0-0.5"
    },
    "cpa_audit-1.0-0.5": {
      "acc,none": 0.18592964824120603,
      "acc_stderr,none": 0.019525854083701603,
      "acc_norm,none": 0.18592964824120603,
      "acc_norm_stderr,none": 0.019525854083701603,
      "map,none": 0.4316164154103848,
      "map_stderr,none": 0.014853007573461793,
      "map_2,none": 0.2851758793969849,
      "map_2_stderr,none": 0.01979006716203363,
      "map_3,none": 0.33458961474036836,
      "map_3_stderr,none": 0.018867834105961524,
      "map_4,none": 0.3754187604690116,
      "map_4_stderr,none": 0.017569461358988674,
      "map_norm,none": 0.4316164154103848,
      "map_norm_stderr,none": 0.014853007573461793,
      "map_2_norm,none": 0.2851758793969849,
      "map_2_norm_stderr,none": 0.01979006716203363,
      "map_3_norm,none": 0.33458961474036836,
      "map_3_norm_stderr,none": 0.018867834105961524,
      "map_4_norm,none": 0.3754187604690116,
      "map_4_norm_stderr,none": 0.017569461358988674,
      "alias": "cpa_audit-1.0-0.5"
    },
    "cma_basics-1.0-0.5": {
      "acc,none": 0.2894736842105263,
      "acc_stderr,none": 0.07455791696866065,
      "acc_norm,none": 0.2894736842105263,
      "acc_norm_stderr,none": 0.07455791696866065,
      "map,none": 0.5307017543859649,
      "map_stderr,none": 0.05120457608664799,
      "map_2,none": 0.3815789473684211,
      "map_2_stderr,none": 0.07164549036461391,
      "map_3,none": 0.4517543859649123,
      "map_3_stderr,none": 0.06468971751210208,
      "map_4,none": 0.5307017543859649,
      "map_4_stderr,none": 0.05120457608664799,
      "map_norm,none": 0.5526315789473684,
      "map_norm_stderr,none": 0.04943783190915252,
      "map_2_norm,none": 0.4342105263157895,
      "map_2_norm_stderr,none": 0.06843883126059969,
      "map_3_norm,none": 0.4868421052631579,
      "map_3_norm_stderr,none": 0.062031101496295406,
      "map_4_norm,none": 0.5526315789473684,
      "map_4_norm_stderr,none": 0.04943783190915252,
      "alias": "cma_basics-1.0-0.5"
    },
    "chabsa-1.0-0.5": {
      "acc,none": 0.804609607665415,
      "acc_stderr,none": 0.004512106178380155,
      "f1,none": 0.8035555785588135,
      "f1_stderr,none": "N/A",
      "acc_norm,none": 0.804609607665415,
      "acc_norm_stderr,none": 0.004512106178380155,
      "f1_norm,none": 0.8035555785588135,
      "f1_norm_stderr,none": "N/A",
      "alias": "chabsa-1.0-0.5"
    }
  },
  "group_subtasks": {
    "chabsa-1.0-0.5": [],
    "cma_basics-1.0-0.5": [],
    "cpa_audit-1.0-0.5": [],
    "fp2-1.0-0.5": [],
    "security_sales_1-1.0-0.5": []
  },
  "configs": {
    "chabsa-1.0-0.5": {
      "task": "chabsa-1.0-0.5",
      "dataset_path": "jlm_fin_eval/datasets/chabsa/chabsa.py",
      "dataset_name": "chABSA",
      "test_split": "test",
      "doc_to_text": "センテンス: {{sentence}}\nターゲット: {{target}}\nシステム:",
      "doc_to_target": "{{polarity}}",
      "doc_to_choice": [
        "positive",
        "negative"
      ],
      "description": "ユーザー: センテンスにおける、ターゲットのセンチメントをpositiveかnegativeで答えてください。\nシステム: 分かりました。\n\n",
      "target_delimiter": " ",
      "fewshot_delimiter": "\n",
      "num_fewshot": 0,
      "metric_list": [
        {
          "metric": "acc",
          "aggregation": "mean",
          "higher_is_better": true
        },
        {
          "metric": "acc_norm",
          "aggregation": "mean",
          "higher_is_better": true
        },
        {
          "metric": "f1",
          "aggregation": "2class_adjusted_macro_f1_score_for_chabsa",
          "higher_is_better": true
        },
        {
          "metric": "f1_norm",
          "aggregation": "2class_adjusted_macro_f1_score_for_chabsa",
          "higher_is_better": true
        }
      ],
      "output_type": "multiple_choice",
      "repeats": 1,
      "should_decontaminate": false,
      "doc_to_decontamination_query": "sentence",
      "metadata": {
        "version": 1.0
      }
    },
    "cma_basics-1.0-0.5": {
      "task": "cma_basics-1.0-0.5",
      "dataset_path": "jlm_fin_eval/datasets/cma_basics/cma_basics.py",
      "dataset_name": "cma_basics",
      "test_split": "test",
      "doc_to_text": "def doc_to_text_05(doc):\n    return doc_to_text_04(doc, SEP=\"\\n\")\n",
      "doc_to_target": "def doc_to_target_01(doc):\n    return [\n        choice_text\n        for choice_id, choice_text in zip(doc[\"choices\"][\"id\"], doc[\"choices\"][\"text\"])\n        if choice_id == doc[\"answer\"]\n    ][0]\n",
      "doc_to_choice": "def doc_to_choices_01(doc):\n    choices = doc[\"choices\"][\"text\"]\n    return choices\n",
      "description": "ユーザー: 与えられた選択肢の中から、最適な答えを選んでください。\nシステム: 分かりました。\n\n",
      "target_delimiter": "",
      "fewshot_delimiter": "\n",
      "num_fewshot": 0,
      "metric_list": [
        {
          "metric": "acc",
          "aggregation": "mean",
          "higher_is_better": true
        },
        {
          "metric": "acc_norm",
          "aggregation": "mean",
          "higher_is_better": true
        },
        {
          "metric": "map",
          "aggregation": "mean",
          "higher_is_better": true
        },
        {
          "metric": "map_2",
          "aggregation": "mean",
          "higher_is_better": true
        },
        {
          "metric": "map_3",
          "aggregation": "mean",
          "higher_is_better": true
        },
        {
          "metric": "map_4",
          "aggregation": "mean",
          "higher_is_better": true
        },
        {
          "metric": "map_norm",
          "aggregation": "mean",
          "higher_is_better": true
        },
        {
          "metric": "map_2_norm",
          "aggregation": "mean",
          "higher_is_better": true
        },
        {
          "metric": "map_3_norm",
          "aggregation": "mean",
          "higher_is_better": true
        },
        {
          "metric": "map_4_norm",
          "aggregation": "mean",
          "higher_is_better": true
        }
      ],
      "output_type": "multiple_choice",
      "repeats": 1,