{
  "results": {
    "chabsa": {
      "acc": 0.8351676809529975,
      "f1": 0.8478277116584707
    },
    "cma_basics-1.0-0.1.2": {
      "acc": 0.39473684210526316,
      "acc_stderr": 0.08035725426645682,
      "map": 0.6118421052631579,
      "map_stderr": 0.05308526015194252,
      "map_2": 0.4868421052631579,
      "map_2_stderr": 0.07421193868898011,
      "map_3": 0.5657894736842105,
      "map_3_stderr": 0.0630288510999052,
      "map_4": 0.6118421052631579,
      "map_4_stderr": 0.05308526015194252
    },
    "cpa_audit": {
      "acc": 0.19597989949748743,
      "acc_stderr": 0.019922505943002544,
      "map": 0.42629815745393596,
      "map_stderr": 0.015171436729674229,
      "map_2": 0.27261306532663315,
      "map_2_stderr": 0.020074081879076097,
      "map_3": 0.32453936348408674,
      "map_3_stderr": 0.019195366386581043,
      "map_4": 0.36599664991624764,
      "map_4_stderr": 0.017957129350637827
    },
    "fp2-1.0-0.2.1": {
      "acc": 0.24842105263157896,
      "acc_stderr": 0.01984688399487186,
      "map": 0.5257894736842116,
      "map_stderr": 0.013118395075273449,
      "map_2": 0.38421052631578945,
      "map_2_stderr": 0.018806444119716464,
      "map_3": 0.4726315789473692,
      "map_3_stderr": 0.01600080645956627,
      "map_4": 0.5257894736842116,
      "map_4_stderr": 0.013118395075273449
    },
    "security_sales_1": {
      "acc": 0.47368421052631576,
      "acc_stderr": 0.06672270432067239,
      "map": 0.7076023391812866,
      "map_stderr": 0.038186011848279584,
      "map_2": 0.6666666666666666,
      "map_2_stderr": 0.04738350265803164,
      "map_3": 0.6900584795321638,
      "map_3_stderr": 0.042634661531228524,
      "map_4": 0.7076023391812866,
      "map_4_stderr": 0.038186011848279584
    }
  },
  "versions": {
    "chabsa": 1.0,
    "cma_basics-1.0-0.1.2": 1.0,
    "cpa_audit": 1.0,
    "fp2-1.0-0.2.1": 1.0,
    "security_sales_1": 1.0
  },
  "config": {
    "model": "hf-causal-experimental",
    "model_args": "pretrained=lmsys/vicuna-7b-v1.5-16k",
    "num_fewshot": [
      0,
      1,
      0,
      1,
      3
    ],
    "batch_size": null,
    "device": null,
    "no_cache": true,
    "limit": null,
    "bootstrap_iters": 100000,
    "description_dict": {}
  }
}