{
  "results": {
    "security_sales_1-1.0-0.2.1": {
      "acc,none": 0.38596491228070173,
      "acc_stderr,none": 0.06505437269382162,
      "acc_norm,none": 0.40350877192982454,
      "acc_norm_stderr,none": 0.06555933012294897,
      "map,none": 0.6666666666666666,
      "map_stderr,none": 0.036309780598130545,
      "map_2,none": 0.6228070175438597,
      "map_2_stderr,none": 0.045610420138229045,
      "map_3,none": 0.6578947368421053,
      "map_3_stderr,none": 0.038558023664825664,
      "map_4,none": 0.6666666666666666,
      "map_4_stderr,none": 0.036309780598130545,
      "map_norm,none": 0.6769005847953216,
      "map_norm_stderr,none": 0.03655284030016666,
      "map_2_norm,none": 0.6403508771929824,
      "map_2_norm_stderr,none": 0.044697510844641124,
      "map_3_norm,none": 0.6637426900584794,
      "map_3_norm_stderr,none": 0.03990451480688942,
      "map_4_norm,none": 0.6769005847953216,
      "map_4_norm_stderr,none": 0.03655284030016666,
      "alias": "security_sales_1-1.0-0.2.1"
    },
    "fp2-1.0-0.2.1": {
      "acc,none": 0.28210526315789475,
      "acc_stderr,none": 0.02067030135061237,
      "acc_norm,none": 0.28210526315789475,
      "acc_norm_stderr,none": 0.02067030135061237,
      "map,none": 0.539298245614036,
      "map_stderr,none": 0.013770910178750104,
      "map_2,none": 0.3936842105263158,
      "map_2_stderr,none": 0.019587241156671344,
      "map_3,none": 0.4835087719298254,
      "map_3_stderr,none": 0.01675102447889774,
      "map_4,none": 0.539298245614036,
      "map_4_stderr,none": 0.013770910178750104,
      "map_norm,none": 0.539298245614036,
      "map_norm_stderr,none": 0.013770910178750104,
      "map_2_norm,none": 0.3936842105263158,
      "map_2_norm_stderr,none": 0.019587241156671344,
      "map_3_norm,none": 0.4835087719298254,
      "map_3_norm_stderr,none": 0.01675102447889774,
      "map_4_norm,none": 0.539298245614036,
      "map_4_norm_stderr,none": 0.013770910178750104,
      "alias": "fp2-1.0-0.2.1"
    },
    "cpa_audit-1.0-0.2.1": {
      "acc,none": 0.18592964824120603,
      "acc_stderr,none": 0.01952585408370161,
      "acc_norm,none": 0.18341708542713567,
      "acc_norm_stderr,none": 0.019423379028843266,
      "map,none": 0.4159128978224451,
      "map_stderr,none": 0.014881647619265243,
      "map_2,none": 0.25,
      "map_2_stderr,none": 0.019788861847021708,
      "map_3,none": 0.3144891122278053,
      "map_3_stderr,none": 0.018816212605343868,
      "map_4,none": 0.3546901172529311,
      "map_4_stderr,none": 0.017652278582384107,
      "map_norm,none": 0.4114740368509206,
      "map_norm_stderr,none": 0.014872795662944563,
      "map_2_norm,none": 0.24623115577889448,
      "map_2_norm_stderr,none": 0.019707836958910676,
      "map_3_norm,none": 0.30737018425460605,
      "map_3_norm_stderr,none": 0.018827559425924383,
      "map_4_norm,none": 0.3475711892797318,
      "map_4_norm_stderr,none": 0.017705135687824624,
      "alias": "cpa_audit-1.0-0.2.1"
    },
    "cma_basics-1.0-0.2.1": {
      "acc,none": 0.2631578947368421,
      "acc_stderr,none": 0.0723926637268818,
      "acc_norm,none": 0.2894736842105263,
      "acc_norm_stderr,none": 0.07455791696866065,
      "map,none": 0.5219298245614034,
      "map_stderr,none": 0.049063077552582574,
      "map_2,none": 0.3684210526315789,
      "map_2_stderr,none": 0.06975931627447643,
      "map_3,none": 0.45614035087719296,
      "map_3_stderr,none": 0.06084211291969393,
      "map_4,none": 0.5219298245614034,
      "map_4_stderr,none": 0.049063077552582574,
      "map_norm,none": 0.5526315789473684,
      "map_norm_stderr,none": 0.04943783190915252,
      "map_2_norm,none": 0.4342105263157895,
      "map_2_norm_stderr,none": 0.06843883126059967,
      "map_3_norm,none": 0.4868421052631579,
      "map_3_norm_stderr,none": 0.062031101496295385,
      "map_4_norm,none": 0.5526315789473684,
      "map_4_norm_stderr,none": 0.04943783190915252,
      "alias": "cma_basics-1.0-0.2.1"
    },
    "chabsa-1.0-0.2": {
      "acc,none": 0.7691311666450861,
      "acc_stderr,none": 0.004795324051176828,
      "f1,none": 0.7821537935345351,
      "f1_stderr,none": "N/A",
      "acc_norm,none": 0.7691311666450861,
      "acc_norm_stderr,none": 0.004795324051176828,
      "f1_norm,none": 0.7821537935345351,
      "f1_norm_stderr,none": "N/A",
      "alias": "chabsa-1.0-0.2"
    }
  },
  "group_subtasks": {
    "chabsa-1.0-0.2": [],
    "cma_basics-1.0-0.2.1": [],
    "cpa_audit-1.0-0.2.1": [],
    "fp2-1.0-0.2.1": [],
    "security_sales_1-1.0-0.2.1": []
  },
  "configs": {
    "chabsa-1.0-0.2": {
      "task": "chabsa-1.0-0.2",
      "dataset_path": "jlm_fin_eval/datasets/chabsa/chabsa.py",
      "dataset_name": "chABSA",
      "test_split": "test",
      "doc_to_text": "センテンス: {{sentence}}\nターゲット: {{target}}\n回答:",
      "doc_to_target": "{{polarity}}",
      "doc_to_choice": [
        "positive",
        "negative"
      ],
      "description": "センテンスとターゲットを入力として受け取り、ターゲットに関するセンチメントをpositiveかnegativeから選択してください。\n\n\n",
      "target_delimiter": " ",
      "fewshot_delimiter": "\n\n",
      "num_fewshot": 0,
      "metric_list": [
        {
          "metric": "acc",
          "aggregation": "mean",
          "higher_is_better": true
        },
        {
          "metric": "acc_norm",
          "aggregation": "mean",
          "higher_is_better": true
        },
        {
          "metric": "f1",
          "aggregation": "2class_adjusted_macro_f1_score_for_chabsa",
          "higher_is_better": true
        },
        {
          "metric": "f1_norm",
          "aggregation": "2class_adjusted_macro_f1_score_for_chabsa",
          "higher_is_better": true
        }
      ],
      "output_type": "multiple_choice",
      "repeats": 1,
      "should_decontaminate": false,
      "doc_to_decontamination_query": "sentence",
      "metadata": {
        "version": 1.0
      }
    },
    "cma_basics-1.0-0.2.1": {
      "task": "cma_basics-1.0-0.2.1",
      "dataset_path": "jlm_fin_eval/datasets/cma_basics/cma_basics.py",
      "dataset_name": "cma_basics",
      "test_split": "test",
      "doc_to_text": "def doc_to_text_02_1(doc):\n    q_doc_text = doc[\"question\"] + \"\\n\"\n    if doc[\"context\"] and doc[\"context\"] != \"\":\n        q_doc_text += doc[\"context\"] + \"\\n\"\n    choices = \"\\n\".join([f\"- {choice}\" for choice in doc[\"choices\"][\"text\"]])\n    return f\"質問:{q_doc_text}選択肢:\\n{choices}\\n回答:\"\n",
      "doc_to_target": "def doc_to_target_01(doc):\n    return [\n        choice_text\n        for choice_id, choice_text in zip(doc[\"choices\"][\"id\"], doc[\"choices\"][\"text\"])\n        if choice_id == doc[\"answer\"]\n    ][0]\n",
      "doc_to_choice": "def doc_to_choices_01(doc):\n    choices = doc[\"choices\"][\"text\"]\n    return choices\n",
      "description": "与えられた選択肢の中から、最適な答えを選んでください。\n\n\n",
      "target_delimiter": "",
      "fewshot_delimiter": "\n\n",
      "num_fewshot": 0,
      "metric_list": [
        {
          "metric": "acc",
          "aggregation": "mean",
          "higher_is_better": true
        },
        {
          "metric": "acc_norm",
          "aggregation": "mean",
          "higher_is_better": true
        },
        {
          "metric": "map",
          "aggregation": "mean",
          "higher_is_better": true
        },
        {
          "metric": "map_2",
          "aggregation": "mean",
          "higher_is_better": true
        },
        {
          "metric": "map_3",
          "aggregation": "mean",
          "higher_is_better": true
        },
        {
          "metric": "map_4",
          "aggregation": "mean",
          "higher_is_better": true
        },
        {
          "metric": "map_norm",
          "aggregation": "mean",
          "higher_is_better": true
        },
        {
          "metric": "map_2_norm",
          "aggregation": "mean",
          "higher_is_better": true
        },
        {
          "metric": "map_3_norm",