{
  "results": {
    "security_sales_1-1.0-0.2": {
      "acc,none": 0.43859649122807015,
      "acc_stderr,none": 0.0663095566682855,
      "acc_norm,none": 0.43859649122807015,
      "acc_norm_stderr,none": 0.0663095566682855,
      "map,none": 0.6842105263157895,
      "map_stderr,none": 0.03867366686085174,
      "map_2,none": 0.6403508771929824,
      "map_2_stderr,none": 0.048074428584506966,
      "map_3,none": 0.6578947368421053,
      "map_3_stderr,none": 0.04482030643548385,
      "map_4,none": 0.6842105263157895,
      "map_4_stderr,none": 0.03867366686085174,
      "map_norm,none": 0.6842105263157895,
      "map_norm_stderr,none": 0.03867366686085174,
      "map_2_norm,none": 0.6403508771929824,
      "map_2_norm_stderr,none": 0.048074428584506966,
      "map_3_norm,none": 0.6578947368421053,
      "map_3_norm_stderr,none": 0.04482030643548385,
      "map_4_norm,none": 0.6842105263157895,
      "map_4_norm_stderr,none": 0.03867366686085174,
      "alias": "security_sales_1-1.0-0.2"
    },
    "fp2-1.0-0.2": {
      "acc,none": 0.25684210526315787,
      "acc_stderr,none": 0.020067094117036343,
      "acc_norm,none": 0.25684210526315787,
      "acc_norm_stderr,none": 0.020067094117036343,
      "map,none": 0.5301754385964919,
      "map_stderr,none": 0.013571642778600807,
      "map_2,none": 0.3936842105263158,
      "map_2_stderr,none": 0.019128358066172402,
      "map_3,none": 0.4638596491228076,
      "map_3_stderr,none": 0.01697895765294409,
      "map_4,none": 0.5301754385964919,
      "map_4_stderr,none": 0.013571642778600807,
      "map_norm,none": 0.5301754385964919,
      "map_norm_stderr,none": 0.013571642778600807,
      "map_2_norm,none": 0.3936842105263158,
      "map_2_norm_stderr,none": 0.019128358066172402,
      "map_3_norm,none": 0.4638596491228076,
      "map_3_norm_stderr,none": 0.01697895765294409,
      "map_4_norm,none": 0.5301754385964919,
      "map_4_norm_stderr,none": 0.013571642778600807,
      "alias": "fp2-1.0-0.2"
    },
    "cpa_audit-1.0-0.2": {
      "acc,none": 0.1407035175879397,
      "acc_stderr,none": 0.017451338441977035,
      "acc_norm,none": 0.1407035175879397,
      "acc_norm_stderr,none": 0.017451338441977035,
      "map,none": 0.3891541038525963,
      "map_stderr,none": 0.013552554854364317,
      "map_2,none": 0.2236180904522613,
      "map_2_stderr,none": 0.0182451645464328,
      "map_3,none": 0.2814070351758791,
      "map_3_stderr,none": 0.01754690483791468,
      "map_4,none": 0.32726130653266305,
      "map_4_stderr,none": 0.01632381631371028,
      "map_norm,none": 0.3891541038525963,
      "map_norm_stderr,none": 0.013552554854364317,
      "map_2_norm,none": 0.2236180904522613,
      "map_2_norm_stderr,none": 0.0182451645464328,
      "map_3_norm,none": 0.2814070351758791,
      "map_3_norm_stderr,none": 0.01754690483791468,
      "map_4_norm,none": 0.32726130653266305,
      "map_4_norm_stderr,none": 0.01632381631371028,
      "alias": "cpa_audit-1.0-0.2"
    },
    "cma_basics-1.0-0.2": {
      "acc,none": 0.18421052631578946,
      "acc_stderr,none": 0.06373021861834363,
      "acc_norm,none": 0.18421052631578946,
      "acc_norm_stderr,none": 0.06373021861834363,
      "map,none": 0.4780701754385963,
      "map_stderr,none": 0.04351452645528371,
      "map_2,none": 0.3157894736842105,
      "map_2_stderr,none": 0.06373021861834362,
      "map_3,none": 0.41228070175438597,
      "map_3_stderr,none": 0.055064670983914404,
      "map_4,none": 0.4780701754385963,
      "map_4_stderr,none": 0.04351452645528371,
      "map_norm,none": 0.4780701754385963,
      "map_norm_stderr,none": 0.04351452645528371,
      "map_2_norm,none": 0.3157894736842105,
      "map_2_norm_stderr,none": 0.06373021861834362,
      "map_3_norm,none": 0.41228070175438597,
      "map_3_norm_stderr,none": 0.055064670983914404,
      "map_4_norm,none": 0.4780701754385963,
      "map_4_norm_stderr,none": 0.04351452645528371,
      "alias": "cma_basics-1.0-0.2"
    },
    "chabsa-1.0-0.2": {
      "acc,none": 0.7691311666450861,
      "acc_stderr,none": 0.004795324051176828,
      "f1,none": 0.7821537935345351,
      "f1_stderr,none": "N/A",
      "acc_norm,none": 0.7691311666450861,
      "acc_norm_stderr,none": 0.004795324051176828,
      "f1_norm,none": 0.7821537935345351,
      "f1_norm_stderr,none": "N/A",
      "alias": "chabsa-1.0-0.2"
    }
  },
  "group_subtasks": {
    "chabsa-1.0-0.2": [],
    "cma_basics-1.0-0.2": [],
    "cpa_audit-1.0-0.2": [],
    "fp2-1.0-0.2": [],
    "security_sales_1-1.0-0.2": []
  },
  "configs": {
    "chabsa-1.0-0.2": {
      "task": "chabsa-1.0-0.2",
      "dataset_path": "jlm_fin_eval/datasets/chabsa/chabsa.py",
      "dataset_name": "chABSA",
      "test_split": "test",
      "doc_to_text": "センテンス: {{sentence}}\nターゲット: {{target}}\n回答:",
      "doc_to_target": "{{polarity}}",
      "doc_to_choice": [
        "positive",
        "negative"
      ],
      "description": "センテンスとターゲットを入力として受け取り、ターゲットに関するセンチメントをpositiveかnegativeから選択してください。\n\n\n",
      "target_delimiter": " ",
      "fewshot_delimiter": "\n\n",
      "num_fewshot": 0,
      "metric_list": [
        {
          "metric": "acc",
          "aggregation": "mean",
          "higher_is_better": true
        },
        {
          "metric": "acc_norm",
          "aggregation": "mean",
          "higher_is_better": true
        },
        {
          "metric": "f1",
          "aggregation": "2class_adjusted_macro_f1_score_for_chabsa",
          "higher_is_better": true
        },
        {
          "metric": "f1_norm",
          "aggregation": "2class_adjusted_macro_f1_score_for_chabsa",
          "higher_is_better": true
        }
      ],
      "output_type": "multiple_choice",
      "repeats": 1,
      "should_decontaminate": false,
      "doc_to_decontamination_query": "sentence",
      "metadata": {
        "version": 1.0
      }
    },
    "cma_basics-1.0-0.2": {
      "task": "cma_basics-1.0-0.2",
      "dataset_path": "jlm_fin_eval/datasets/cma_basics/cma_basics.py",
      "dataset_name": "cma_basics",
      "test_split": "test",
      "doc_to_text": "def doc_to_text_02(doc):\n    q_doc_text = doc[\"question\"] + \"\\n\"\n    if doc[\"context\"] and doc[\"context\"] != \"\":\n        q_doc_text += doc[\"context\"] + \"\\n\"\n    choices = \",\".join(\n        [\n            f\"{idx}.{choice}\"\n            for idx, choice in zip(doc[\"choices\"][\"id\"], doc[\"choices\"][\"text\"])\n        ]\n    )\n    return f\"質問:{q_doc_text}\" f\"選択肢:{choices}\\n\" \"回答:\"\n",
      "doc_to_target": "def doc_to_target_02(doc):\n    return [\n        str(choice_id)\n        for choice_id in doc[\"choices\"][\"id\"]\n        if choice_id == doc[\"answer\"]\n    ][0]\n",
      "doc_to_choice": "def doc_to_choices_02(doc):\n    return [str(choice) for choice in doc[\"choices\"][\"id\"]]\n",
      "description": "質問と回答の選択肢を入力として受け取り、選択肢から回答を選択してください。なお、回答は選択肢の番号(例:0)でするものとします。\n\n\n",
      "target_delimiter": "",
      "fewshot_delimiter": "\n\n",
      "num_fewshot": 0,
      "metric_list": [
        {
          "metric": "acc",
          "aggregation": "mean",
          "higher_is_better": true
        },
        {
          "metric": "acc_norm",
          "aggregation": "mean",
          "higher_is_better": true
        },
        {
          "metric": "map",
          "aggregation": "mean",
          "higher_is_better": true
        },
        {
          "metric": "map_2",
          "aggregation": "mean",
          "higher_is_better": true
        },
        {
          "metric": "map_3",
          "aggregation": "mean",
          "higher_is_better": true
        },
        {
          "metric": "map_4",
          "aggregation": "mean",
          "higher_is_better": true
        },
        {
          "metric": "map_norm",
          "aggregation": "mean",
          "higher_is_better": true
        },
        {
          "metric": "map_2_norm",
          "aggregation": "mean",