{
  "results": {
    "security_sales_1-1.0-0.1": {
      "acc,none": 0.49122807017543857,
      "acc_stderr,none": 0.06680502724442024,
      "acc_norm,none": 0.49122807017543857,
      "acc_norm_stderr,none": 0.06680502724442024,
      "map,none": 0.7163742690058479,
      "map_stderr,none": 0.03817101596646287,
      "map_2,none": 0.6666666666666666,
      "map_2_stderr,none": 0.04900854954141895,
      "map_3,none": 0.7076023391812865,
      "map_3_stderr,none": 0.0405082712404349,
      "map_4,none": 0.7163742690058479,
      "map_4_stderr,none": 0.03817101596646287,
      "map_norm,none": 0.7076023391812865,
      "map_norm_stderr,none": 0.0396944921101715,
      "map_2_norm,none": 0.6578947368421053,
      "map_2_norm_stderr,none": 0.05030903049159359,
      "map_3_norm,none": 0.6812865497076023,
      "map_3_norm_stderr,none": 0.045943931600579406,
      "map_4_norm,none": 0.7076023391812865,
      "map_4_norm_stderr,none": 0.0396944921101715,
      "alias": "security_sales_1-1.0-0.1"
    },
    "fp2-1.0-0.1": {
      "acc,none": 0.25263157894736843,
      "acc_stderr,none": 0.019958229813034255,
      "acc_norm,none": 0.25263157894736843,
      "acc_norm_stderr,none": 0.019958229813034255,
      "map,none": 0.522982456140352,
      "map_stderr,none": 0.01344509517975724,
      "map_2,none": 0.3757894736842105,
      "map_2_stderr,none": 0.019162057565216262,
      "map_3,none": 0.46140350877193065,
      "map_3_stderr,none": 0.016618578623053864,
      "map_4,none": 0.522982456140352,
      "map_4_stderr,none": 0.01344509517975724,
      "map_norm,none": 0.522982456140352,
      "map_norm_stderr,none": 0.01344509517975724,
      "map_2_norm,none": 0.3757894736842105,
      "map_2_norm_stderr,none": 0.019162057565216262,
      "map_3_norm,none": 0.46140350877193065,
      "map_3_norm_stderr,none": 0.016618578623053864,
      "map_4_norm,none": 0.522982456140352,
      "map_4_norm_stderr,none": 0.01344509517975724,
      "alias": "fp2-1.0-0.1"
    },
    "cpa_audit-1.0-0.1": {
      "acc,none": 0.16331658291457288,
      "acc_stderr,none": 0.01855241581692347,
      "acc_norm,none": 0.16331658291457288,
      "acc_norm_stderr,none": 0.01855241581692347,
      "map,none": 0.4067420435510886,
      "map_stderr,none": 0.014270559295090638,
      "map_2,none": 0.25125628140703515,
      "map_2_stderr,none": 0.01905558045916075,
      "map_3,none": 0.30067001675041843,
      "map_3_stderr,none": 0.018327775393868213,
      "map_4,none": 0.3440117252931322,
      "map_4_stderr,none": 0.01711194710376583,
      "map_norm,none": 0.40360134003350046,
      "map_norm_stderr,none": 0.014313092371601999,
      "map_2_norm,none": 0.24748743718592964,
      "map_2_norm_stderr,none": 0.019055267522819688,
      "map_3_norm,none": 0.29438860971524256,
      "map_3_norm_stderr,none": 0.018397450862232215,
      "map_4_norm,none": 0.3383584589614739,
      "map_4_norm_stderr,none": 0.017206828193840683,
      "alias": "cpa_audit-1.0-0.1"
    },
    "cma_basics-1.0-0.1": {
      "acc,none": 0.2894736842105263,
      "acc_stderr,none": 0.07455791696866065,
      "acc_norm,none": 0.2631578947368421,
      "acc_norm_stderr,none": 0.0723926637268818,
      "map,none": 0.5570175438596491,
      "map_stderr,none": 0.048802765954528204,
      "map_2,none": 0.4342105263157895,
      "map_2_stderr,none": 0.06843883126059969,
      "map_3,none": 0.5043859649122806,
      "map_3_stderr,none": 0.05946352880142505,
      "map_4,none": 0.5570175438596491,
      "map_4_stderr,none": 0.048802765954528204,
      "map_norm,none": 0.5416666666666665,
      "map_norm_stderr,none": 0.04763968173821299,
      "map_2_norm,none": 0.42105263157894735,
      "map_2_norm_stderr,none": 0.06674273816118409,
      "map_3_norm,none": 0.48245614035087714,
      "map_3_norm_stderr,none": 0.05923137683213853,
      "map_4_norm,none": 0.5416666666666665,
      "map_4_norm_stderr,none": 0.04763968173821299,
      "alias": "cma_basics-1.0-0.1"
    },
    "chabsa-1.0-0.1": {
      "acc,none": 0.7936035219474298,
      "acc_stderr,none": 0.0046056192930799735,
      "f1,none": 0.7990857470521175,
      "f1_stderr,none": "N/A",
      "acc_norm,none": 0.7936035219474298,
      "acc_norm_stderr,none": 0.0046056192930799735,
      "f1_norm,none": 0.7990857470521175,
      "f1_norm_stderr,none": "N/A",
      "alias": "chabsa-1.0-0.1"
    }
  },
  "group_subtasks": {
    "chabsa-1.0-0.1": [],
    "cma_basics-1.0-0.1": [],
    "cpa_audit-1.0-0.1": [],
    "fp2-1.0-0.1": [],
    "security_sales_1-1.0-0.1": []
  },
  "configs": {
    "chabsa-1.0-0.1": {
      "task": "chabsa-1.0-0.1",
      "dataset_path": "jlm_fin_eval/datasets/chabsa/chabsa.py",
      "dataset_name": "chABSA",
      "test_split": "test",
      "doc_to_text": "[センテンス]: {{sentence}}\nターゲット]: {{target}}\n[答え]:",
      "doc_to_target": "{{polarity}}",
      "doc_to_choice": [
        "positive",
        "negative"
      ],
      "description": "[センテンス]における、[ターゲット]のセンチメントをpositiveかnegativeで選んでください。\n\n\n",
      "target_delimiter": " ",
      "fewshot_delimiter": "\n\n",
      "num_fewshot": 0,
      "metric_list": [
        {
          "metric": "acc",
          "aggregation": "mean",
          "higher_is_better": true
        },
        {
          "metric": "acc_norm",
          "aggregation": "mean",
          "higher_is_better": true
        },
        {
          "metric": "f1",
          "aggregation": "2class_adjusted_macro_f1_score_for_chabsa",
          "higher_is_better": true
        },
        {
          "metric": "f1_norm",
          "aggregation": "2class_adjusted_macro_f1_score_for_chabsa",
          "higher_is_better": true
        }
      ],
      "output_type": "multiple_choice",
      "repeats": 1,
      "should_decontaminate": false,
      "doc_to_decontamination_query": "sentence",
      "metadata": {
        "version": 1.0
      }
    },
    "cma_basics-1.0-0.1": {
      "task": "cma_basics-1.0-0.1",
      "dataset_path": "jlm_fin_eval/datasets/cma_basics/cma_basics.py",
      "dataset_name": "cma_basics",
      "test_split": "test",
      "doc_to_text": "def doc_to_text_01(doc):\n    q_doc_text = doc[\"question\"] + \"\\n\"\n    if doc[\"context\"] and doc[\"context\"] != \"\":\n        q_doc_text += doc[\"context\"] + \"\\n\"\n    return f\"[問題]:{q_doc_text}[選択肢]:[{', '.join(doc['choices']['text'])}]\\n[答え]:\"\n",
      "doc_to_target": "def doc_to_target_01(doc):\n    return [\n        choice_text\n        for choice_id, choice_text in zip(doc[\"choices\"][\"id\"], doc[\"choices\"][\"text\"])\n        if choice_id == doc[\"answer\"]\n    ][0]\n",
      "doc_to_choice": "def doc_to_choices_01(doc):\n    choices = doc[\"choices\"][\"text\"]\n    return choices\n",
      "description": "[問題]に対する[答え]を[選択肢]の中から選んでください。\n\n\n",
      "target_delimiter": "",
      "fewshot_delimiter": "\n\n",
      "num_fewshot": 0,
      "metric_list": [
        {
          "metric": "acc",
          "aggregation": "mean",
          "higher_is_better": true
        },
        {
          "metric": "acc_norm",
          "aggregation": "mean",
          "higher_is_better": true
        },
        {
          "metric": "map",
          "aggregation": "mean",
          "higher_is_better": true
        },
        {
          "metric": "map_2",
          "aggregation": "mean",
          "higher_is_better": true
        },
        {
          "metric": "map_3",
          "aggregation": "mean",
          "higher_is_better": true
        },
        {
          "metric": "map_4",
          "aggregation": "mean",
          "higher_is_better": true
        },
        {
          "metric": "map_norm",
          "aggregation": "mean",
          "higher_is_better": true
        },
        {
          "metric": "map_2_norm",
          "aggregation": "mean",
          "higher_is_better": true
        },
        {
          "metric": "map_3_norm",
          "aggregation": "mean",