{
  "results": {
    "cma_basics": {
      "acc": 0.23684210526315788,
      "acc_stderr": 0.0698933400604233,
      "map": 0.5000000000000001,
      "map_stderr": 0.045219552915310844,
      "map_2": 0.35526315789473684,
      "map_2_stderr": 0.0650743494707991,
      "map_3": 0.43421052631578955,
      "map_3_stderr": 0.05710865536528771,
      "map_4": 0.5000000000000001,
      "map_4_stderr": 0.045219552915310844
    },
    "chabsa": {
      "acc": 0.5530234364884112,
      "f1": 0.36172641768939223
    },
    "security_sales_1-1.0-0.5": {
      "acc": 0.47368421052631576,
      "acc_stderr": 0.06672270432067237,
      "map": 0.6842105263157895,
      "map_stderr": 0.03867366686085174,
      "map_2": 0.6403508771929824,
      "map_2_stderr": 0.048074428584506966,
      "map_3": 0.6578947368421053,
      "map_3_stderr": 0.04482030643548384,
      "map_4": 0.6842105263157895,
      "map_4_stderr": 0.03867366686085174
    },
    "fp2-1.0-0.4": {
      "acc": 0.24,
      "acc_stderr": 0.019616577850947302,
      "map": 0.5100000000000008,
      "map_stderr": 0.013282715377372344,
      "map_2": 0.3547368421052632,
      "map_2_stderr": 0.01902309244615094,
      "map_3": 0.4452631578947375,
      "map_3_stderr": 0.016515213538077184,
      "map_4": 0.5100000000000008,
      "map_4_stderr": 0.013282715377372344
    },
    "cpa_audit-1.0-0.6": {
      "acc": 0.1884422110552764,
      "acc_stderr": 0.01962698395355325,
      "map": 0.4231993299832494,
      "map_stderr": 0.014973371318737142,
      "map_2": 0.2701005025125628,
      "map_2_stderr": 0.019843028540989974,
      "map_3": 0.3262144053601337,
      "map_3_stderr": 0.018883185435630803,
      "map_4": 0.3601340033500837,
      "map_4_stderr": 0.017868776519242773
    }
  },
  "versions": {
    "cma_basics": 1.0,
    "chabsa": 1.0,
    "security_sales_1-1.0-0.5": 1.0,
    "fp2-1.0-0.4": 1.0,
    "cpa_audit-1.0-0.6": 1.0
  },
  "config": {
    "model": "hf",
    "model_args": "pretrained=cyberagent/open-calm-1b,use_fast=True,load_in_8bit=True",
    "num_fewshot": [
      0,
      0,
      0,
      0,
      0
    ],
    "batch_size": null,
    "device": "cuda",
    "no_cache": false,
    "limit": null,
    "bootstrap_iters": 100000,
    "description_dict": {}
  }
}