{
  "results": {
    "security_sales_1-1.0-0.4": {
      "acc,none": 0.43859649122807015,
      "acc_stderr,none": 0.0663095566682855,
      "acc_norm,none": 0.42105263157894735,
      "acc_norm_stderr,none": 0.06597717584505354,
      "map,none": 0.6915204678362574,
      "map_stderr,none": 0.03766064358578397,
      "map_2,none": 0.6578947368421053,
      "map_2_stderr,none": 0.04539904995673386,
      "map_3,none": 0.6695906432748538,
      "map_3_stderr,none": 0.04305159279271749,
      "map_4,none": 0.6915204678362574,
      "map_4_stderr,none": 0.03766064358578397,
      "map_norm,none": 0.6783625730994153,
      "map_norm_stderr,none": 0.03803277643078526,
      "map_2_norm,none": 0.6403508771929824,
      "map_2_norm_stderr,none": 0.046416689667799826,
      "map_3_norm,none": 0.6520467836257311,
      "map_3_norm_stderr,none": 0.044206371112190335,
      "map_4_norm,none": 0.6783625730994153,
      "map_4_norm_stderr,none": 0.03803277643078526,
      "alias": "security_sales_1-1.0-0.4"
    },
    "fp2-1.0-0.4": {
      "acc,none": 0.2336842105263158,
      "acc_stderr,none": 0.019437007433459805,
      "acc_norm,none": 0.2336842105263158,
      "acc_norm_stderr,none": 0.019437007433459805,
      "map,none": 0.5105263157894746,
      "map_stderr,none": 0.013166404828108916,
      "map_2,none": 0.36105263157894735,
      "map_2_stderr,none": 0.018829797838203866,
      "map_3,none": 0.44526315789473764,
      "map_3_stderr,none": 0.016447842912690736,
      "map_4,none": 0.5105263157894746,
      "map_4_stderr,none": 0.013166404828108916,
      "map_norm,none": 0.5105263157894746,
      "map_norm_stderr,none": 0.013166404828108916,
      "map_2_norm,none": 0.36105263157894735,
      "map_2_norm_stderr,none": 0.018829797838203866,
      "map_3_norm,none": 0.44526315789473764,
      "map_3_norm_stderr,none": 0.016447842912690736,
      "map_4_norm,none": 0.5105263157894746,
      "map_4_norm_stderr,none": 0.013166404828108916,
      "alias": "fp2-1.0-0.4"
    },
    "cpa_audit-1.0-0.4": {
      "acc,none": 0.18090452261306533,
      "acc_stderr,none": 0.01931953738352343,
      "acc_norm,none": 0.17839195979899497,
      "acc_norm_stderr,none": 0.019214306990983258,
      "map,none": 0.41943048576214365,
      "map_stderr,none": 0.014837747639239458,
      "map_2,none": 0.2751256281407035,
      "map_2_stderr,none": 0.0195877515394301,
      "map_3,none": 0.3170016750418758,
      "map_3_stderr,none": 0.01887808531161318,
      "map_4,none": 0.3546901172529313,
      "map_4_stderr,none": 0.0177862192255804,
      "map_norm,none": 0.4142378559463982,
      "map_norm_stderr,none": 0.0147923283193306,
      "map_2_norm,none": 0.2650753768844221,
      "map_2_norm_stderr,none": 0.019532876948683657,
      "map_3_norm,none": 0.3103015075376882,
      "map_3_norm_stderr,none": 0.01881381798623189,
      "map_4_norm,none": 0.3479899497487438,
      "map_4_norm_stderr,none": 0.01775385512843094,
      "alias": "cpa_audit-1.0-0.4"
    },
    "cma_basics-1.0-0.4": {
      "acc,none": 0.21052631578947367,
      "acc_stderr,none": 0.06702258315442246,
      "acc_norm,none": 0.23684210526315788,
      "acc_norm_stderr,none": 0.06989334006042333,
      "map,none": 0.5263157894736842,
      "map_stderr,none": 0.042645596510652715,
      "map_2,none": 0.39473684210526316,
      "map_2_stderr,none": 0.06299172069839126,
      "map_3,none": 0.5,
      "map_3_stderr,none": 0.048690777817529826,
      "map_4,none": 0.5263157894736842,
      "map_4_stderr,none": 0.042645596510652715,
      "map_norm,none": 0.5372807017543859,
      "map_norm_stderr,none": 0.04474712597611671,
      "map_2_norm,none": 0.40789473684210525,
      "map_2_norm_stderr,none": 0.06493037949471836,
      "map_3_norm,none": 0.5043859649122807,
      "map_3_norm_stderr,none": 0.0520205162599458,
      "map_4_norm,none": 0.5372807017543859,
      "map_4_norm_stderr,none": 0.04474712597611671,
      "alias": "cma_basics-1.0-0.4"
    },
    "chabsa-1.0-0.4": {
      "acc,none": 0.5517286028745306,
      "acc_stderr,none": 0.005659373610788754,
      "f1,none": 0.3890002683790248,
      "f1_stderr,none": "N/A",
      "acc_norm,none": 0.5517286028745306,
      "acc_norm_stderr,none": 0.005659373610788754,
      "f1_norm,none": 0.3890002683790248,
      "f1_norm_stderr,none": "N/A",
      "alias": "chabsa-1.0-0.4"
    }
  },
  "group_subtasks": {
    "chabsa-1.0-0.4": [],
    "cma_basics-1.0-0.4": [],
    "cpa_audit-1.0-0.4": [],
    "fp2-1.0-0.4": [],
    "security_sales_1-1.0-0.4": []
  },
  "configs": {
    "chabsa-1.0-0.4": {
      "task": "chabsa-1.0-0.4",
      "dataset_path": "jlm_fin_eval/datasets/chabsa/chabsa.py",
      "dataset_name": "chABSA",
      "test_split": "test",
      "doc_to_text": "センテンス: {{sentence}}<NL>ターゲット: {{target}}<NL>システム:",
      "doc_to_target": "{{polarity}}",
      "doc_to_choice": [
        "positive",
        "negative"
      ],
      "description": "ユーザー: センテンスにおける、ターゲットのセンチメントをpositiveかnegativeで答えてください。<NL>システム: 分かりました。<NL>",
      "target_delimiter": " ",
      "fewshot_delimiter": "<NL>",
      "num_fewshot": 0,
      "metric_list": [
        {
          "metric": "acc",
          "aggregation": "mean",
          "higher_is_better": true
        },
        {
          "metric": "acc_norm",
          "aggregation": "mean",
          "higher_is_better": true
        },
        {
          "metric": "f1",
          "aggregation": "2class_adjusted_macro_f1_score_for_chabsa",
          "higher_is_better": true
        },
        {
          "metric": "f1_norm",
          "aggregation": "2class_adjusted_macro_f1_score_for_chabsa",
          "higher_is_better": true
        }
      ],
      "output_type": "multiple_choice",
      "repeats": 1,
      "should_decontaminate": false,
      "doc_to_decontamination_query": "sentence",
      "metadata": {
        "version": 1.0
      }
    },
    "cma_basics-1.0-0.4": {
      "task": "cma_basics-1.0-0.4",
      "dataset_path": "jlm_fin_eval/datasets/cma_basics/cma_basics.py",
      "dataset_name": "cma_basics",
      "test_split": "test",
      "doc_to_text": "def doc_to_text_04(doc, SEP=\"<NL>\"):\n    q_doc_text = doc[\"question\"]\n    if doc[\"context\"] and doc[\"context\"] != \"\":\n        q_doc_text += \"\\n\" + doc[\"context\"]\n    choices = SEP.join([f\"- {choice}\" for choice in doc[\"choices\"][\"text\"]])\n    input_text = f\"質問：{q_doc_text}{SEP}\" + f\"選択肢：{SEP}{choices}\"\n    return f\"ユーザー: {input_text}{SEP}システム: \"\n",
      "doc_to_target": "def doc_to_target_01(doc):\n    return [\n        choice_text\n        for choice_id, choice_text in zip(doc[\"choices\"][\"id\"], doc[\"choices\"][\"text\"])\n        if choice_id == doc[\"answer\"]\n    ][0]\n",
      "doc_to_choice": "def doc_to_choices_01(doc):\n    choices = doc[\"choices\"][\"text\"]\n    return choices\n",
      "description": "ユーザー: 与えられた選択肢の中から、最適な答えを選んでください。<NL>システム: 分かりました。<NL>",
      "target_delimiter": "",
      "fewshot_delimiter": "<NL>",
      "num_fewshot": 0,
      "metric_list": [
        {
          "metric": "acc",
          "aggregation": "mean",
          "higher_is_better": true
        },
        {
          "metric": "acc_norm",
          "aggregation": "mean",
          "higher_is_better": true
        },
        {
          "metric": "map",
          "aggregation": "mean",
          "higher_is_better": true
        },
        {
          "metric": "map_2",
          "aggregation": "mean",
          "higher_is_better": true
        },
        {
          "metric": "map_3",
          "aggregation": "mean",
          "higher_is_better": true
        },
        {
          "metric": "map_4",
          "aggregation": "mean",
          "higher_is_better": true
        },
        {
          "metric": "map_norm",
          "aggregation": "mean",
          "higher_is_better": true
        },
        {
          "metric": "map_2_norm",
          "aggregation": "mean",