{
  "results": {
    "chabsa": {
      "acc": 0.5815097759937848,
      "f1": 0.5685851137349469
    },
    "cma_basics-1.0-0.1.2": {
      "acc": 0.3157894736842105,
      "acc_stderr": 0.07641750223933594,
      "map": 0.543859649122807,
      "map_stderr": 0.047012120802866035,
      "map_2": 0.40789473684210525,
      "map_2_stderr": 0.06761340812294223,
      "map_3": 0.5043859649122807,
      "map_3_stderr": 0.05533310843087252,
      "map_4": 0.543859649122807,
      "map_4_stderr": 0.047012120802866035
    },
    "cpa_audit-1.0-0.2": {
      "acc": 0.17839195979899497,
      "acc_stderr": 0.019214306990983247,
      "map": 0.43626465661641545,
      "map_stderr": 0.014871750799999181,
      "map_2": 0.28266331658291455,
      "map_2_stderr": 0.019960084608049225,
      "map_3": 0.34128978224455586,
      "map_3_stderr": 0.018854391439318486,
      "map_4": 0.3877721943048577,
      "map_4_stderr": 0.017303106853476725
    },
    "fp2-1.0-0.3": {
      "acc": 0.24,
      "acc_stderr": 0.019616577850947288,
      "map": 0.5075438596491236,
      "map_stderr": 0.013213974798512664,
      "map_2": 0.3526315789473684,
      "map_2_stderr": 0.018930335078139036,
      "map_3": 0.4417543859649132,
      "map_3_stderr": 0.016482389984806667,
      "map_4": 0.5075438596491236,
      "map_4_stderr": 0.013213974798512664
    },
    "security_sales_1-1.0-0.1": {
      "acc": 0.42105263157894735,
      "acc_stderr": 0.06597717584505354,
      "map": 0.6856725146198831,
      "map_stderr": 0.036846124682946194,
      "map_2": 0.6491228070175439,
      "map_2_stderr": 0.0450648938254424,
      "map_3": 0.6725146198830408,
      "map_3_stderr": 0.04022460962630879,
      "map_4": 0.6856725146198831,
      "map_4_stderr": 0.036846124682946194
    }
  },
  "versions": {
    "chabsa": 1.0,
    "cma_basics-1.0-0.1.2": 1.0,
    "cpa_audit-1.0-0.2": 1.0,
    "fp2-1.0-0.3": 1.0,
    "security_sales_1-1.0-0.1": 1.0
  },
  "config": {
    "model": "hf-causal-experimental",
    "model_args": "pretrained=cyberagent/open-calm-1b,use_fast=True",
    "num_fewshot": [
      3,
      2,
      4,
      0,
      1
    ],
    "batch_size": null,
    "device": null,
    "no_cache": true,
    "limit": null,
    "bootstrap_iters": 100000,
    "description_dict": {}
  }
}