{
  "results": {
    "chabsa": {
      "acc": 0.5747766412016055,
      "f1": 0.37055892816724606
    },
    "security_sales_1-1.0-0.1": {
      "acc": 0.43859649122807015,
      "acc_stderr": 0.0663095566682855,
      "map": 0.7251461988304094,
      "map_stderr": 0.0386302177269753,
      "map_2": 0.6929824561403509,
      "map_2_stderr": 0.046416689667799854,
      "map_3": 0.6988304093567251,
      "map_3_stderr": 0.04521033574929038,
      "map_4": 0.7251461988304094,
      "map_4_stderr": 0.0386302177269753
    },
    "cpa-1.0-0.6": {
      "acc": 0.2135678391959799,
      "acc_stderr": 0.020568532448769224,
      "map": 0.4324539363484087,
      "map_stderr": 0.0155674803316368,
      "map_2": 0.27386934673366836,
      "map_2_stderr": 0.020537971988346754,
      "map_3": 0.33584589614740346,
      "map_3_stderr": 0.019459231774861942,
      "map_4": 0.3716499162479061,
      "map_4_stderr": 0.018368499630923248
    },
    "cma_basics-1.0-0.1.2": {
      "acc": 0.2631578947368421,
      "acc_stderr": 0.0723926637268818,
      "map": 0.5065789473684211,
      "map_stderr": 0.04760146954320586,
      "map_2": 0.35526315789473684,
      "map_2_stderr": 0.06775167699562201,
      "map_3": 0.4342105263157895,
      "map_3_stderr": 0.06014164359495517,
      "map_4": 0.5065789473684211,
      "map_4_stderr": 0.04760146954320586
    }
  },
  "versions": {
    "chabsa": 1.0,
    "security_sales_1-1.0-0.1": 1.0,
    "cpa-1.0-0.6": 1.0,
    "cma_basics-1.0-0.1.2": 1.0
  },
  "config": {
    "model": "hf",
    "model_args": "pretrained=cyberagent/open-calm-1b,use_fast=True,load_in_8bit=True",
    "num_fewshot": [
      4,
      1,
      0,
      0
    ],
    "batch_size": null,
    "device": "cuda",
    "no_cache": false,
    "limit": null,
    "bootstrap_iters": 100000,
    "description_dict": {}
  }
}