{
  "results": {
    "security_sales_1-1.0-0.1": {
      "acc,none": 0.5263157894736842,
      "acc_stderr,none": 0.06672270432067237,
      "acc_norm,none": 0.5087719298245614,
      "acc_norm_stderr,none": 0.06680502724442024,
      "map,none": 0.7485380116959065,
      "map_stderr,none": 0.03769103550216445,
      "map_2,none": 0.7192982456140351,
      "map_2_stderr,none": 0.04515627254818861,
      "map_3,none": 0.7309941520467838,
      "map_3_stderr,none": 0.042494775418238935,
      "map_4,none": 0.7485380116959065,
      "map_4_stderr,none": 0.03769103550216445,
      "map_norm,none": 0.7368421052631579,
      "map_norm_stderr,none": 0.03810997192320782,
      "map_2_norm,none": 0.7017543859649122,
      "map_2_norm_stderr,none": 0.046593966021499254,
      "map_3_norm,none": 0.7192982456140351,
      "map_3_norm_stderr,none": 0.04278122810804905,
      "map_4_norm,none": 0.7368421052631579,
      "map_4_norm_stderr,none": 0.03810997192320782,
      "alias": "security_sales_1-1.0-0.1"
    },
    "fp2-1.0-0.1": {
      "acc,none": 0.23789473684210527,
      "acc_stderr,none": 0.019557382357921746,
      "acc_norm,none": 0.23789473684210527,
      "acc_norm_stderr,none": 0.019557382357921746,
      "map,none": 0.5121052631578955,
      "map_stderr,none": 0.01321615645109753,
      "map_2,none": 0.3663157894736842,
      "map_2_stderr,none": 0.018821726691628432,
      "map_3,none": 0.44421052631579006,
      "map_3_stderr,none": 0.01660836958880702,
      "map_4,none": 0.5121052631578955,
      "map_4_stderr,none": 0.01321615645109753,
      "map_norm,none": 0.5121052631578955,
      "map_norm_stderr,none": 0.01321615645109753,
      "map_2_norm,none": 0.3663157894736842,
      "map_2_norm_stderr,none": 0.018821726691628432,
      "map_3_norm,none": 0.44421052631579006,
      "map_3_norm_stderr,none": 0.01660836958880702,
      "map_4_norm,none": 0.5121052631578955,
      "map_4_norm_stderr,none": 0.01321615645109753,
      "alias": "fp2-1.0-0.1"
    },
    "cpa_audit-1.0-0.1": {
      "acc,none": 0.16834170854271358,
      "acc_stderr,none": 0.018779026412908417,
      "acc_norm,none": 0.16331658291457288,
      "acc_norm_stderr,none": 0.018552415816923466,
      "map,none": 0.40096314907872666,
      "map_stderr,none": 0.014496176071343531,
      "map_2,none": 0.23492462311557788,
      "map_2_stderr,none": 0.019206132737182198,
      "map_3,none": 0.30108877721943017,
      "map_3_stderr,none": 0.018305649572955246,
      "map_4,none": 0.3343802345058624,
      "map_4_stderr,none": 0.017400353723870304,
      "map_norm,none": 0.39472361809045187,
      "map_norm_stderr,none": 0.014377473833419535,
      "map_2_norm,none": 0.22613065326633167,
      "map_2_norm_stderr,none": 0.019017991332337492,
      "map_3_norm,none": 0.29313232830820735,
      "map_3_norm_stderr,none": 0.018174285531724,
      "map_4_norm,none": 0.32705192629815716,
      "map_4_norm_stderr,none": 0.01728225067361502,
      "alias": "cpa_audit-1.0-0.1"
    },
    "cma_basics-1.0-0.1": {
      "acc,none": 0.2894736842105263,
      "acc_stderr,none": 0.07455791696866067,
      "acc_norm,none": 0.23684210526315788,
      "acc_norm_stderr,none": 0.06989334006042333,
      "map,none": 0.5657894736842104,
      "map_stderr,none": 0.04809450883251416,
      "map_2,none": 0.4605263157894737,
      "map_2_stderr,none": 0.06635602428207722,
      "map_3,none": 0.5131578947368421,
      "map_3_stderr,none": 0.05909516711349833,
      "map_4,none": 0.5657894736842104,
      "map_4_stderr,none": 0.04809450883251416,
      "map_norm,none": 0.5482456140350878,
      "map_norm_stderr,none": 0.044072503887291156,
      "map_2_norm,none": 0.4473684210526316,
      "map_2_norm_stderr,none": 0.061943033768998595,
      "map_3_norm,none": 0.5087719298245613,
      "map_3_norm_stderr,none": 0.052946740919479596,
      "map_4_norm,none": 0.5482456140350878,
      "map_4_norm_stderr,none": 0.044072503887291156,
      "alias": "cma_basics-1.0-0.1"
    },
    "chabsa-1.0-0.1": {
      "acc,none": 0.4024342871940956,
      "acc_stderr,none": 0.005580529705635658,
      "f1,none": 0.3008454703198531,
      "f1_stderr,none": "N/A",
      "acc_norm,none": 0.4024342871940956,
      "acc_norm_stderr,none": 0.005580529705635658,
      "f1_norm,none": 0.3008454703198531,
      "f1_norm_stderr,none": "N/A",
      "alias": "chabsa-1.0-0.1"
    }
  },
  "group_subtasks": {
    "chabsa-1.0-0.1": [],
    "cma_basics-1.0-0.1": [],
    "cpa_audit-1.0-0.1": [],
    "fp2-1.0-0.1": [],
    "security_sales_1-1.0-0.1": []
  },
  "configs": {
    "chabsa-1.0-0.1": {
      "task": "chabsa-1.0-0.1",
      "dataset_path": "jlm_fin_eval/datasets/chabsa/chabsa.py",
      "dataset_name": "chABSA",
      "test_split": "test",
      "doc_to_text": "[センテンス]: {{sentence}}\nターゲット]: {{target}}\n[答え]:",
      "doc_to_target": "{{polarity}}",
      "doc_to_choice": [
        "positive",
        "negative"
      ],
      "description": "[センテンス]における、[ターゲット]のセンチメントをpositiveかnegativeで選んでください。\n\n\n",
      "target_delimiter": " ",
      "fewshot_delimiter": "\n\n",
      "num_fewshot": 0,
      "metric_list": [
        {
          "metric": "acc",
          "aggregation": "mean",
          "higher_is_better": true
        },
        {
          "metric": "acc_norm",
          "aggregation": "mean",
          "higher_is_better": true
        },
        {
          "metric": "f1",
          "aggregation": "2class_adjusted_macro_f1_score_for_chabsa",
          "higher_is_better": true
        },
        {
          "metric": "f1_norm",
          "aggregation": "2class_adjusted_macro_f1_score_for_chabsa",
          "higher_is_better": true
        }
      ],
      "output_type": "multiple_choice",
      "repeats": 1,
      "should_decontaminate": false,
      "doc_to_decontamination_query": "sentence",
      "metadata": {
        "version": 1.0
      }
    },
    "cma_basics-1.0-0.1": {
      "task": "cma_basics-1.0-0.1",
      "dataset_path": "jlm_fin_eval/datasets/cma_basics/cma_basics.py",
      "dataset_name": "cma_basics",
      "test_split": "test",
      "doc_to_text": "def doc_to_text_01(doc):\n    q_doc_text = doc[\"question\"] + \"\\n\"\n    if doc[\"context\"] and doc[\"context\"] != \"\":\n        q_doc_text += doc[\"context\"] + \"\\n\"\n    return f\"[問題]:{q_doc_text}[選択肢]:[{', '.join(doc['choices']['text'])}]\\n[答え]:\"\n",
      "doc_to_target": "def doc_to_target_01(doc):\n    return [\n        choice_text\n        for choice_id, choice_text in zip(doc[\"choices\"][\"id\"], doc[\"choices\"][\"text\"])\n        if choice_id == doc[\"answer\"]\n    ][0]\n",
      "doc_to_choice": "def doc_to_choices_01(doc):\n    choices = doc[\"choices\"][\"text\"]\n    return choices\n",
      "description": "[問題]に対する[答え]を[選択肢]の中から選んでください。\n\n\n",
      "target_delimiter": "",
      "fewshot_delimiter": "\n\n",
      "num_fewshot": 0,
      "metric_list": [
        {
          "metric": "acc",
          "aggregation": "mean",
          "higher_is_better": true
        },
        {
          "metric": "acc_norm",
          "aggregation": "mean",
          "higher_is_better": true
        },
        {
          "metric": "map",
          "aggregation": "mean",
          "higher_is_better": true
        },
        {
          "metric": "map_2",
          "aggregation": "mean",
          "higher_is_better": true
        },
        {
          "metric": "map_3",
          "aggregation": "mean",
          "higher_is_better": true
        },
        {
          "metric": "map_4",
          "aggregation": "mean",
          "higher_is_better": true
        },
        {
          "metric": "map_norm",
          "aggregation": "mean",
          "higher_is_better": true
        },
        {
          "metric": "map_2_norm",
          "aggregation": "mean",
          "higher_is_better": true
        },
        {
          "metric": "map_3_norm",
          "aggregation": "mean",