{
  "results": {
    "security_sales_1-1.0-0.5": {
      "acc,none": 0.38596491228070173,
      "acc_stderr,none": 0.0650543726938216,
      "acc_norm,none": 0.38596491228070173,
      "acc_norm_stderr,none": 0.0650543726938216,
      "map,none": 0.6505847953216374,
      "map_stderr,none": 0.03843110943887401,
      "map_2,none": 0.5877192982456141,
      "map_2_stderr,none": 0.05025437644993874,
      "map_3,none": 0.6286549707602338,
      "map_3_stderr,none": 0.04335901973497129,
      "map_4,none": 0.6505847953216374,
      "map_4_stderr,none": 0.03843110943887401,
      "map_norm,none": 0.6491228070175439,
      "map_norm_stderr,none": 0.038673666860851746,
      "map_2_norm,none": 0.5877192982456141,
      "map_2_norm_stderr,none": 0.05025437644993874,
      "map_3_norm,none": 0.6228070175438597,
      "map_3_norm_stderr,none": 0.04445090200636075,
      "map_4_norm,none": 0.6491228070175439,
      "map_4_norm_stderr,none": 0.038673666860851746,
      "alias": "security_sales_1-1.0-0.5"
    },
    "fp2-1.0-0.5": {
      "acc,none": 0.24842105263157896,
      "acc_stderr,none": 0.019846883994871854,
      "acc_norm,none": 0.24842105263157896,
      "acc_norm_stderr,none": 0.019846883994871854,
      "map,none": 0.519473684210527,
      "map_stderr,none": 0.013378620915986694,
      "map_2,none": 0.3778947368421053,
      "map_2_stderr,none": 0.018957729049796018,
      "map_3,none": 0.45157894736842163,
      "map_3_stderr,none": 0.01680087855217651,
      "map_4,none": 0.519473684210527,
      "map_4_stderr,none": 0.013378620915986694,
      "map_norm,none": 0.519473684210527,
      "map_norm_stderr,none": 0.013378620915986694,
      "map_2_norm,none": 0.3778947368421053,
      "map_2_norm_stderr,none": 0.018957729049796018,
      "map_3_norm,none": 0.45157894736842163,
      "map_3_norm_stderr,none": 0.01680087855217651,
      "map_4_norm,none": 0.519473684210527,
      "map_4_norm_stderr,none": 0.013378620915986694,
      "alias": "fp2-1.0-0.5"
    },
    "cpa_audit-1.0-0.5": {
      "acc,none": 0.1457286432160804,
      "acc_stderr,none": 0.017708229011297996,
      "acc_norm,none": 0.1457286432160804,
      "acc_norm_stderr,none": 0.017708229011297996,
      "map,none": 0.3950167504187608,
      "map_stderr,none": 0.013641313840900117,
      "map_2,none": 0.22613065326633167,
      "map_2_stderr,none": 0.018426419531805086,
      "map_3,none": 0.292294807370184,
      "map_3_stderr,none": 0.017569445645861985,
      "map_4,none": 0.3381490787269679,
      "map_4_stderr,none": 0.01627093765797872,
      "map_norm,none": 0.3950167504187608,
      "map_norm_stderr,none": 0.013641313840900117,
      "map_2_norm,none": 0.22613065326633167,
      "map_2_norm_stderr,none": 0.018426419531805086,
      "map_3_norm,none": 0.292294807370184,
      "map_3_norm_stderr,none": 0.017569445645861985,
      "map_4_norm,none": 0.3381490787269679,
      "map_4_norm_stderr,none": 0.01627093765797872,
      "alias": "cpa_audit-1.0-0.5"
    },
    "cma_basics-1.0-0.5": {
      "acc,none": 0.23684210526315788,
      "acc_stderr,none": 0.0698933400604233,
      "acc_norm,none": 0.18421052631578946,
      "acc_norm_stderr,none": 0.06373021861834362,
      "map,none": 0.5021929824561403,
      "map_stderr,none": 0.04781941365555567,
      "map_2,none": 0.34210526315789475,
      "map_2_stderr,none": 0.0682676911296069,
      "map_3,none": 0.4298245614035087,
      "map_3_stderr,none": 0.060171892672144525,
      "map_4,none": 0.5021929824561403,
      "map_4_stderr,none": 0.04781941365555567,
      "map_norm,none": 0.48245614035087736,
      "map_norm_stderr,none": 0.04334093455791539,
      "map_2_norm,none": 0.32894736842105265,
      "map_2_norm_stderr,none": 0.06332511055192179,
      "map_3_norm,none": 0.4166666666666668,
      "map_3_norm_stderr,none": 0.05506939168956706,
      "map_4_norm,none": 0.48245614035087736,
      "map_4_norm_stderr,none": 0.04334093455791539,
      "alias": "cma_basics-1.0-0.5"
    },
    "chabsa-1.0-0.5": {
      "acc,none": 0.6119383659199793,
      "acc_stderr,none": 0.005545481957577921,
      "f1,none": 0.49675917095305944,
      "f1_stderr,none": "N/A",
      "acc_norm,none": 0.6119383659199793,
      "acc_norm_stderr,none": 0.005545481957577921,
      "f1_norm,none": 0.49675917095305944,
      "f1_norm_stderr,none": "N/A",
      "alias": "chabsa-1.0-0.5"
    }
  },
  "group_subtasks": {
    "chabsa-1.0-0.5": [],
    "cma_basics-1.0-0.5": [],
    "cpa_audit-1.0-0.5": [],
    "fp2-1.0-0.5": [],
    "security_sales_1-1.0-0.5": []
  },
  "configs": {
    "chabsa-1.0-0.5": {
      "task": "chabsa-1.0-0.5",
      "dataset_path": "jlm_fin_eval/datasets/chabsa/chabsa.py",
      "dataset_name": "chABSA",
      "test_split": "test",
      "doc_to_text": "センテンス: {{sentence}}\nターゲット: {{target}}\nシステム:",
      "doc_to_target": "{{polarity}}",
      "doc_to_choice": [
        "positive",
        "negative"
      ],
      "description": "ユーザー: センテンスにおける、ターゲットのセンチメントをpositiveかnegativeで答えてください。\nシステム: 分かりました。\n\n",
      "target_delimiter": " ",
      "fewshot_delimiter": "\n",
      "num_fewshot": 0,
      "metric_list": [
        {
          "metric": "acc",
          "aggregation": "mean",
          "higher_is_better": true
        },
        {
          "metric": "acc_norm",
          "aggregation": "mean",
          "higher_is_better": true
        },
        {
          "metric": "f1",
          "aggregation": "2class_adjusted_macro_f1_score_for_chabsa",
          "higher_is_better": true
        },
        {
          "metric": "f1_norm",
          "aggregation": "2class_adjusted_macro_f1_score_for_chabsa",
          "higher_is_better": true
        }
      ],
      "output_type": "multiple_choice",
      "repeats": 1,
      "should_decontaminate": false,
      "doc_to_decontamination_query": "sentence",
      "metadata": {
        "version": 1.0
      }
    },
    "cma_basics-1.0-0.5": {
      "task": "cma_basics-1.0-0.5",
      "dataset_path": "jlm_fin_eval/datasets/cma_basics/cma_basics.py",
      "dataset_name": "cma_basics",
      "test_split": "test",
      "doc_to_text": "def doc_to_text_05(doc):\n    return doc_to_text_04(doc, SEP=\"\\n\")\n",
      "doc_to_target": "def doc_to_target_01(doc):\n    return [\n        choice_text\n        for choice_id, choice_text in zip(doc[\"choices\"][\"id\"], doc[\"choices\"][\"text\"])\n        if choice_id == doc[\"answer\"]\n    ][0]\n",
      "doc_to_choice": "def doc_to_choices_01(doc):\n    choices = doc[\"choices\"][\"text\"]\n    return choices\n",
      "description": "ユーザー: 与えられた選択肢の中から、最適な答えを選んでください。\nシステム: 分かりました。\n\n",
      "target_delimiter": "",
      "fewshot_delimiter": "\n",
      "num_fewshot": 0,
      "metric_list": [
        {
          "metric": "acc",
          "aggregation": "mean",
          "higher_is_better": true
        },
        {
          "metric": "acc_norm",
          "aggregation": "mean",
          "higher_is_better": true
        },
        {
          "metric": "map",
          "aggregation": "mean",
          "higher_is_better": true
        },
        {
          "metric": "map_2",
          "aggregation": "mean",
          "higher_is_better": true
        },
        {
          "metric": "map_3",
          "aggregation": "mean",
          "higher_is_better": true
        },
        {
          "metric": "map_4",
          "aggregation": "mean",
          "higher_is_better": true
        },
        {
          "metric": "map_norm",
          "aggregation": "mean",
          "higher_is_better": true
        },
        {
          "metric": "map_2_norm",
          "aggregation": "mean",
          "higher_is_better": true
        },
        {
          "metric": "map_3_norm",
          "aggregation": "mean",
          "higher_is_better": true
        },
        {
          "metric": "map_4_norm",
          "aggregation": "mean",
          "higher_is_better": true
        }
      ],
      "output_type": "multiple_choice",
      "repeats": 1,