{
  "results": {
    "security_sales_1-1.0-0.4": {
      "acc,none": 0.3684210526315789,
      "acc_stderr,none": 0.06446025638903097,
      "acc_norm,none": 0.3684210526315789,
      "acc_norm_stderr,none": 0.06446025638903097,
      "map,none": 0.641812865497076,
      "map_stderr,none": 0.0380056707518381,
      "map_2,none": 0.5789473684210527,
      "map_2_stderr,none": 0.049732167501214106,
      "map_3,none": 0.6198830409356725,
      "map_3_stderr,none": 0.042902391345729506,
      "map_4,none": 0.641812865497076,
      "map_4_stderr,none": 0.0380056707518381,
      "map_norm,none": 0.6359649122807017,
      "map_norm_stderr,none": 0.038780108347089996,
      "map_2_norm,none": 0.5701754385964912,
      "map_2_norm_stderr,none": 0.05074414372180828,
      "map_3_norm,none": 0.6052631578947368,
      "map_3_norm_stderr,none": 0.045247466729024584,
      "map_4_norm,none": 0.6359649122807017,
      "map_4_norm_stderr,none": 0.038780108347089996,
      "alias": "security_sales_1-1.0-0.4"
    },
    "fp2-1.0-0.4": {
      "acc,none": 0.25263157894736843,
      "acc_stderr,none": 0.019958229813034276,
      "acc_norm,none": 0.25263157894736843,
      "acc_norm_stderr,none": 0.019958229813034276,
      "map,none": 0.5196491228070188,
      "map_stderr,none": 0.013420664359026507,
      "map_2,none": 0.3642105263157895,
      "map_2_stderr,none": 0.019256855053880195,
      "map_3,none": 0.4617543859649131,
      "map_3_stderr,none": 0.016414884644234257,
      "map_4,none": 0.5196491228070188,
      "map_4_stderr,none": 0.013420664359026507,
      "map_norm,none": 0.5196491228070188,
      "map_norm_stderr,none": 0.013420664359026507,
      "map_2_norm,none": 0.3642105263157895,
      "map_2_norm_stderr,none": 0.019256855053880195,
      "map_3_norm,none": 0.4617543859649131,
      "map_3_norm_stderr,none": 0.016414884644234257,
      "map_4_norm,none": 0.5196491228070188,
      "map_4_norm_stderr,none": 0.013420664359026507,
      "alias": "fp2-1.0-0.4"
    },
    "cpa_audit-1.0-0.4": {
      "acc,none": 0.14321608040201006,
      "acc_stderr,none": 0.01758070521221852,
      "acc_norm,none": 0.14321608040201006,
      "acc_norm_stderr,none": 0.01758070521221852,
      "map,none": 0.38927973199330007,
      "map_stderr,none": 0.013650197960515309,
      "map_2,none": 0.2236180904522613,
      "map_2_stderr,none": 0.018331679304415843,
      "map_3,none": 0.2805695142378557,
      "map_3_stderr,none": 0.01765051436988202,
      "map_4,none": 0.32579564489112206,
      "map_4_stderr,none": 0.016460365632269974,
      "map_norm,none": 0.3884003350083754,
      "map_norm_stderr,none": 0.013662612702797353,
      "map_2_norm,none": 0.22236180904522612,
      "map_2_norm_stderr,none": 0.018327016203581268,
      "map_3_norm,none": 0.28015075376884396,
      "map_3_norm_stderr,none": 0.017642366675609,
      "map_4_norm,none": 0.3234924623115575,
      "map_4_norm_stderr,none": 0.01651195889507811,
      "alias": "cpa_audit-1.0-0.4"
    },
    "cma_basics-1.0-0.4": {
      "acc,none": 0.2894736842105263,
      "acc_stderr,none": 0.07455791696866065,
      "acc_norm,none": 0.2894736842105263,
      "acc_norm_stderr,none": 0.07455791696866065,
      "map,none": 0.5548245614035088,
      "map_stderr,none": 0.04882007449719981,
      "map_2,none": 0.42105263157894735,
      "map_2_stderr,none": 0.0693556909988199,
      "map_3,none": 0.5087719298245613,
      "map_3_stderr,none": 0.05827568390944466,
      "map_4,none": 0.5548245614035088,
      "map_4_stderr,none": 0.04882007449719981,
      "map_norm,none": 0.5570175438596491,
      "map_norm_stderr,none": 0.048802765954528204,
      "map_2_norm,none": 0.4342105263157895,
      "map_2_norm_stderr,none": 0.06843883126059967,
      "map_3_norm,none": 0.5043859649122806,
      "map_3_norm_stderr,none": 0.05946352880142505,
      "map_4_norm,none": 0.5570175438596491,
      "map_4_norm_stderr,none": 0.048802765954528204,
      "alias": "cma_basics-1.0-0.4"
    },
    "chabsa-1.0-0.4": {
      "acc,none": 0.5707626569985756,
      "acc_stderr,none": 0.005632635212054547,
      "f1,none": 0.38699666871481986,
      "f1_stderr,none": "N/A",
      "acc_norm,none": 0.5707626569985756,
      "acc_norm_stderr,none": 0.005632635212054547,
      "f1_norm,none": 0.38699666871481986,
      "f1_norm_stderr,none": "N/A",
      "alias": "chabsa-1.0-0.4"
    }
  },
  "group_subtasks": {
    "chabsa-1.0-0.4": [],
    "cma_basics-1.0-0.4": [],
    "cpa_audit-1.0-0.4": [],
    "fp2-1.0-0.4": [],
    "security_sales_1-1.0-0.4": []
  },
  "configs": {
    "chabsa-1.0-0.4": {
      "task": "chabsa-1.0-0.4",
      "dataset_path": "jlm_fin_eval/datasets/chabsa/chabsa.py",
      "dataset_name": "chABSA",
      "test_split": "test",
      "doc_to_text": "センテンス: {{sentence}}<NL>ターゲット: {{target}}<NL>システム:",
      "doc_to_target": "{{polarity}}",
      "doc_to_choice": [
        "positive",
        "negative"
      ],
      "description": "ユーザー: センテンスにおける、ターゲットのセンチメントをpositiveかnegativeで答えてください。<NL>システム: 分かりました。<NL>",
      "target_delimiter": " ",
      "fewshot_delimiter": "<NL>",
      "num_fewshot": 0,
      "metric_list": [
        {
          "metric": "acc",
          "aggregation": "mean",
          "higher_is_better": true
        },
        {
          "metric": "acc_norm",
          "aggregation": "mean",
          "higher_is_better": true
        },
        {
          "metric": "f1",
          "aggregation": "2class_adjusted_macro_f1_score_for_chabsa",
          "higher_is_better": true
        },
        {
          "metric": "f1_norm",
          "aggregation": "2class_adjusted_macro_f1_score_for_chabsa",
          "higher_is_better": true
        }
      ],
      "output_type": "multiple_choice",
      "repeats": 1,
      "should_decontaminate": false,
      "doc_to_decontamination_query": "sentence",
      "metadata": {
        "version": 1.0
      }
    },
    "cma_basics-1.0-0.4": {
      "task": "cma_basics-1.0-0.4",
      "dataset_path": "jlm_fin_eval/datasets/cma_basics/cma_basics.py",
      "dataset_name": "cma_basics",
      "test_split": "test",
      "doc_to_text": "def doc_to_text_04(doc, SEP=\"<NL>\"):\n    q_doc_text = doc[\"question\"]\n    if doc[\"context\"] and doc[\"context\"] != \"\":\n        q_doc_text += \"\\n\" + doc[\"context\"]\n    choices = SEP.join([f\"- {choice}\" for choice in doc[\"choices\"][\"text\"]])\n    input_text = f\"質問：{q_doc_text}{SEP}\" + f\"選択肢：{SEP}{choices}\"\n    return f\"ユーザー: {input_text}{SEP}システム: \"\n",
      "doc_to_target": "def doc_to_target_01(doc):\n    return [\n        choice_text\n        for choice_id, choice_text in zip(doc[\"choices\"][\"id\"], doc[\"choices\"][\"text\"])\n        if choice_id == doc[\"answer\"]\n    ][0]\n",
      "doc_to_choice": "def doc_to_choices_01(doc):\n    choices = doc[\"choices\"][\"text\"]\n    return choices\n",
      "description": "ユーザー: 与えられた選択肢の中から、最適な答えを選んでください。<NL>システム: 分かりました。<NL>",
      "target_delimiter": "",
      "fewshot_delimiter": "<NL>",
      "num_fewshot": 0,
      "metric_list": [
        {
          "metric": "acc",
          "aggregation": "mean",
          "higher_is_better": true
        },
        {
          "metric": "acc_norm",
          "aggregation": "mean",
          "higher_is_better": true
        },
        {
          "metric": "map",
          "aggregation": "mean",
          "higher_is_better": true
        },
        {
          "metric": "map_2",
          "aggregation": "mean",
          "higher_is_better": true
        },
        {
          "metric": "map_3",
          "aggregation": "mean",
          "higher_is_better": true
        },
        {
          "metric": "map_4",
          "aggregation": "mean",
          "higher_is_better": true
        },
        {
          "metric": "map_norm",
          "aggregation": "mean",
          "higher_is_better": true
        },
        {
          "metric": "map_2_norm",
          "aggregation": "mean",