{
  "results": {
    "security_sales_1-1.0-0.6": {
      "acc,none": 0.40350877192982454,
      "acc_stderr,none": 0.06555933012294897,
      "acc_norm,none": 0.40350877192982454,
      "acc_norm_stderr,none": 0.06555933012294897,
      "map,none": 0.6637426900584794,
      "map_stderr,none": 0.038404284903715336,
      "map_2,none": 0.6140350877192983,
      "map_2_stderr,none": 0.04850125934928229,
      "map_3,none": 0.6374269005847952,
      "map_3_stderr,none": 0.044371835337976624,
      "map_4,none": 0.6637426900584794,
      "map_4_stderr,none": 0.038404284903715336,
      "map_norm,none": 0.6549707602339181,
      "map_norm_stderr,none": 0.03954710211939193,
      "map_2_norm,none": 0.5964912280701754,
      "map_2_norm_stderr,none": 0.05074414372180829,
      "map_3_norm,none": 0.6198830409356725,
      "map_3_norm_stderr,none": 0.0469692693067022,
      "map_4_norm,none": 0.6549707602339181,
      "map_4_norm_stderr,none": 0.03954710211939193,
      "alias": "security_sales_1-1.0-0.6"
    },
    "fp2-1.0-0.6": {
      "acc,none": 0.25894736842105265,
      "acc_stderr,none": 0.02012060832439214,
      "acc_norm,none": 0.25894736842105265,
      "acc_norm_stderr,none": 0.02012060832439214,
      "map,none": 0.5291228070175449,
      "map_stderr,none": 0.013446374953723203,
      "map_2,none": 0.3894736842105263,
      "map_2_stderr,none": 0.01907794226487096,
      "map_3,none": 0.4680701754385973,
      "map_3_stderr,none": 0.01664469021085244,
      "map_4,none": 0.5291228070175449,
      "map_4_stderr,none": 0.013446374953723203,
      "map_norm,none": 0.5291228070175449,
      "map_norm_stderr,none": 0.013446374953723203,
      "map_2_norm,none": 0.3894736842105263,
      "map_2_norm_stderr,none": 0.01907794226487096,
      "map_3_norm,none": 0.4680701754385973,
      "map_3_norm_stderr,none": 0.01664469021085244,
      "map_4_norm,none": 0.5291228070175449,
      "map_4_norm_stderr,none": 0.013446374953723203,
      "alias": "fp2-1.0-0.6"
    },
    "cpa_audit-1.0-0.6": {
      "acc,none": 0.12060301507537688,
      "acc_stderr,none": 0.01634467597786587,
      "acc_norm,none": 0.12060301507537688,
      "acc_norm_stderr,none": 0.01634467597786587,
      "map,none": 0.3721524288107201,
      "map_stderr,none": 0.012876284408618486,
      "map_2,none": 0.19974874371859297,
      "map_2_stderr,none": 0.017405832918781772,
      "map_3,none": 0.2634003350083749,
      "map_3_stderr,none": 0.016797305470241098,
      "map_4,none": 0.3067420435510884,
      "map_4_stderr,none": 0.015722548933158564,
      "map_norm,none": 0.3721524288107201,
      "map_norm_stderr,none": 0.012876284408618486,
      "map_2_norm,none": 0.19974874371859297,
      "map_2_norm_stderr,none": 0.017405832918781772,
      "map_3_norm,none": 0.2634003350083749,
      "map_3_norm_stderr,none": 0.016797305470241098,
      "map_4_norm,none": 0.3067420435510884,
      "map_4_norm_stderr,none": 0.015722548933158564,
      "alias": "cpa_audit-1.0-0.6"
    },
    "cma_basics-1.0-0.6": {
      "acc,none": 0.42105263157894735,
      "acc_stderr,none": 0.08116837904800629,
      "acc_norm,none": 0.2631578947368421,
      "acc_norm_stderr,none": 0.0723926637268818,
      "map,none": 0.6249999999999999,
      "map_stderr,none": 0.053959510134888686,
      "map_2,none": 0.5,
      "map_2_stderr,none": 0.07543142864047142,
      "map_3,none": 0.5789473684210527,
      "map_3_stderr,none": 0.06402323266269028,
      "map_4,none": 0.6249999999999999,
      "map_4_stderr,none": 0.053959510134888686,
      "map_norm,none": 0.5570175438596491,
      "map_norm_stderr,none": 0.045989084382154224,
      "map_2_norm,none": 0.4473684210526316,
      "map_2_norm_stderr,none": 0.06474996686623637,
      "map_3_norm,none": 0.5175438596491229,
      "map_3_norm_stderr,none": 0.054723709990530146,
      "map_4_norm,none": 0.5570175438596491,
      "map_4_norm_stderr,none": 0.045989084382154224,
      "alias": "cma_basics-1.0-0.6"
    },
    "chabsa-1.0-0.6": {
      "acc,none": 0.5641590055677845,
      "acc_stderr,none": 0.005642868144087122,
      "f1,none": 0.3677275680567915,
      "f1_stderr,none": "N/A",
      "acc_norm,none": 0.5641590055677845,
      "acc_norm_stderr,none": 0.005642868144087122,
      "f1_norm,none": 0.3677275680567915,
      "f1_norm_stderr,none": "N/A",
      "alias": "chabsa-1.0-0.6"
    }
  },
  "group_subtasks": {
    "chabsa-1.0-0.6": [],
    "cma_basics-1.0-0.6": [],
    "cpa_audit-1.0-0.6": [],
    "fp2-1.0-0.6": [],
    "security_sales_1-1.0-0.6": []
  },
  "configs": {
    "chabsa-1.0-0.6": {
      "task": "chabsa-1.0-0.6",
      "dataset_path": "jlm_fin_eval/datasets/chabsa/chabsa.py",
      "dataset_name": "chABSA",
      "test_split": "test",
      "doc_to_text": "与えられたセンテンスにおける、ターゲットのセンチメントをpositiveかnegativeで答えてください。\n\nセンテンス: {{sentence}}\nターゲット: {{target}} [/INST]",
      "doc_to_target": "{{polarity}}",
      "doc_to_choice": [
        "positive",
        "negative"
      ],
      "description": "<s>[INST] <<SYS>>\nYou are a helpful, respectful and honest assistant. Always answer as helpfully as possible, while being safe. Your answers should not include any harmful, unethical, racist, sexist, toxic, dangerous, or illegal content. Please ensure that your responses are socially unbiased and positive in nature.\n\nIf a question does not make any sense, or is not factually coherent, explain why instead of answering something not correct. If you don't know the answer to a question, please don't share false information.\n<</SYS>>\n\n\n",
      "target_delimiter": " ",
      "fewshot_delimiter": " </s><s>[INST] ",
      "num_fewshot": 0,
      "metric_list": [
        {
          "metric": "acc",
          "aggregation": "mean",
          "higher_is_better": true
        },
        {
          "metric": "acc_norm",
          "aggregation": "mean",
          "higher_is_better": true
        },
        {
          "metric": "f1",
          "aggregation": "2class_adjusted_macro_f1_score_for_chabsa",
          "higher_is_better": true
        },
        {
          "metric": "f1_norm",
          "aggregation": "2class_adjusted_macro_f1_score_for_chabsa",
          "higher_is_better": true
        }
      ],
      "output_type": "multiple_choice",
      "repeats": 1,
      "should_decontaminate": false,
      "doc_to_decontamination_query": "sentence",
      "metadata": {
        "version": 1.0
      }
    },
    "cma_basics-1.0-0.6": {
      "task": "cma_basics-1.0-0.6",
      "dataset_path": "jlm_fin_eval/datasets/cma_basics/cma_basics.py",
      "dataset_name": "cma_basics",
      "test_split": "test",
      "doc_to_text": "def doc_to_text_06(doc):\n    INSTRUCTION = \"与えられた選択肢の中から、最適な答えを選んでください。\"\n    q_doc_text = doc[\"question\"]\n    if doc[\"context\"] and doc[\"context\"] != \"\":\n        q_doc_text += \"\\n\" + doc[\"context\"]\n    choices = \"\\n\".join([f\"- {choice}\" for choice in doc[\"choices\"][\"text\"]])\n    input_text = f\"質問：{q_doc_text}\" + f\"出力は以下から選択してください：\\n{choices}\"\n    return f\"{INSTRUCTION}\\n\\n{input_text} [/INST] \"\n",
      "doc_to_target": "def doc_to_target_01(doc):\n    return [\n        choice_text\n        for choice_id, choice_text in zip(doc[\"choices\"][\"id\"], doc[\"choices\"][\"text\"])\n        if choice_id == doc[\"answer\"]\n    ][0]\n",
      "doc_to_choice": "def doc_to_choices_01(doc):\n    choices = doc[\"choices\"][\"text\"]\n    return choices\n",