{
  "results": {
    "security_sales_1-1.0-0.1.2": {
      "acc,none": 0.47368421052631576,
      "acc_stderr,none": 0.06672270432067237,
      "acc_norm,none": 0.47368421052631576,
      "acc_norm_stderr,none": 0.06672270432067237,
      "map,none": 0.7119883040935673,
      "map_stderr,none": 0.03766672393083111,
      "map_2,none": 0.6842105263157895,
      "map_2_stderr,none": 0.04448180288044822,
      "map_3,none": 0.6900584795321638,
      "map_3_stderr,none": 0.043242666798958634,
      "map_4,none": 0.7119883040935673,
      "map_4_stderr,none": 0.03766672393083111,
      "map_norm,none": 0.7119883040935673,
      "map_norm_stderr,none": 0.03766672393083111,
      "map_2_norm,none": 0.6842105263157895,
      "map_2_norm_stderr,none": 0.04448180288044822,
      "map_3_norm,none": 0.6900584795321638,
      "map_3_norm_stderr,none": 0.043242666798958634,
      "map_4_norm,none": 0.7119883040935673,
      "map_4_norm_stderr,none": 0.03766672393083111,
      "alias": "security_sales_1-1.0-0.1.2"
    },
    "fp2-1.0-0.1.2": {
      "acc,none": 0.24421052631578946,
      "acc_stderr,none": 0.01973301465590164,
      "acc_norm,none": 0.24421052631578946,
      "acc_norm_stderr,none": 0.01973301465590164,
      "map,none": 0.5164912280701763,
      "map_stderr,none": 0.013291116235308978,
      "map_2,none": 0.36947368421052634,
      "map_2_stderr,none": 0.01895649593854454,
      "map_3,none": 0.4522807017543867,
      "map_3_stderr,none": 0.01655362155647612,
      "map_4,none": 0.5164912280701763,
      "map_4_stderr,none": 0.013291116235308978,
      "map_norm,none": 0.5164912280701763,
      "map_norm_stderr,none": 0.013291116235308978,
      "map_2_norm,none": 0.36947368421052634,
      "map_2_norm_stderr,none": 0.01895649593854454,
      "map_3_norm,none": 0.4522807017543867,
      "map_3_norm_stderr,none": 0.01655362155647612,
      "map_4_norm,none": 0.5164912280701763,
      "map_4_norm_stderr,none": 0.013291116235308978,
      "alias": "fp2-1.0-0.1.2"
    },
    "cpa_audit-1.0-0.1.2": {
      "acc,none": 0.15829145728643215,
      "acc_stderr,none": 0.01831953107292637,
      "acc_norm,none": 0.15829145728643215,
      "acc_norm_stderr,none": 0.01831953107292637,
      "map,none": 0.40255443886097175,
      "map_stderr,none": 0.014114843622879812,
      "map_2,none": 0.24120603015075376,
      "map_2_stderr,none": 0.018883735137395715,
      "map_3,none": 0.30402010050251216,
      "map_3_stderr,none": 0.01797413098130339,
      "map_4,none": 0.33856783919597977,
      "map_4_stderr,none": 0.016997223073293558,
      "map_norm,none": 0.40255443886097175,
      "map_norm_stderr,none": 0.014114843622879812,
      "map_2_norm,none": 0.24120603015075376,
      "map_2_norm_stderr,none": 0.018883735137395715,
      "map_3_norm,none": 0.30402010050251216,
      "map_3_norm_stderr,none": 0.01797413098130339,
      "map_4_norm,none": 0.33856783919597977,
      "map_4_norm_stderr,none": 0.016997223073293558,
      "alias": "cpa_audit-1.0-0.1.2"
    },
    "cma_basics-1.0-0.1.2": {
      "acc,none": 0.23684210526315788,
      "acc_stderr,none": 0.06989334006042332,
      "acc_norm,none": 0.23684210526315788,
      "acc_norm_stderr,none": 0.06989334006042332,
      "map,none": 0.5043859649122806,
      "map_stderr,none": 0.04755639432412876,
      "map_2,none": 0.34210526315789475,
      "map_2_stderr,none": 0.0682676911296069,
      "map_3,none": 0.4385964912280701,
      "map_3_stderr,none": 0.05910836241724958,
      "map_4,none": 0.5043859649122806,
      "map_4_stderr,none": 0.04755639432412876,
      "map_norm,none": 0.5043859649122806,
      "map_norm_stderr,none": 0.04755639432412876,
      "map_2_norm,none": 0.34210526315789475,
      "map_2_norm_stderr,none": 0.0682676911296069,
      "map_3_norm,none": 0.4385964912280701,
      "map_3_norm_stderr,none": 0.05910836241724958,
      "map_4_norm,none": 0.5043859649122806,
      "map_4_norm_stderr,none": 0.04755639432412876,
      "alias": "cma_basics-1.0-0.1.2"
    },
    "chabsa-1.0-0.1": {
      "acc,none": 0.7535931632785187,
      "acc_stderr,none": 0.0049037684257281075,
      "f1,none": 0.7345595488893417,
      "f1_stderr,none": "N/A",
      "acc_norm,none": 0.7535931632785187,
      "acc_norm_stderr,none": 0.0049037684257281075,
      "f1_norm,none": 0.7345595488893417,
      "f1_norm_stderr,none": "N/A",
      "alias": "chabsa-1.0-0.1"
    }
  },
  "group_subtasks": {
    "chabsa-1.0-0.1": [],
    "cma_basics-1.0-0.1.2": [],
    "cpa_audit-1.0-0.1.2": [],
    "fp2-1.0-0.1.2": [],
    "security_sales_1-1.0-0.1.2": []
  },
  "configs": {
    "chabsa-1.0-0.1": {
      "task": "chabsa-1.0-0.1",
      "dataset_path": "jlm_fin_eval/datasets/chabsa/chabsa.py",
      "dataset_name": "chABSA",
      "test_split": "test",
      "doc_to_text": "[センテンス]: {{sentence}}\nターゲット]: {{target}}\n[答え]:",
      "doc_to_target": "{{polarity}}",
      "doc_to_choice": [
        "positive",
        "negative"
      ],
      "description": "[センテンス]における、[ターゲット]のセンチメントをpositiveかnegativeで選んでください。\n\n\n",
      "target_delimiter": " ",
      "fewshot_delimiter": "\n\n",
      "num_fewshot": 0,
      "metric_list": [
        {
          "metric": "acc",
          "aggregation": "mean",
          "higher_is_better": true
        },
        {
          "metric": "acc_norm",
          "aggregation": "mean",
          "higher_is_better": true
        },
        {
          "metric": "f1",
          "aggregation": "2class_adjusted_macro_f1_score_for_chabsa",
          "higher_is_better": true
        },
        {
          "metric": "f1_norm",
          "aggregation": "2class_adjusted_macro_f1_score_for_chabsa",
          "higher_is_better": true
        }
      ],
      "output_type": "multiple_choice",
      "repeats": 1,
      "should_decontaminate": false,
      "doc_to_decontamination_query": "sentence",
      "metadata": {
        "version": 1.0
      }
    },
    "cma_basics-1.0-0.1.2": {
      "task": "cma_basics-1.0-0.1.2",
      "dataset_path": "jlm_fin_eval/datasets/cma_basics/cma_basics.py",
      "dataset_name": "cma_basics",
      "test_split": "test",
      "doc_to_text": "def doc_to_text_01_2(doc):\n    q_doc_text = doc[\"question\"] + \"\\n\"\n    if doc[\"context\"] and doc[\"context\"] != \"\":\n        q_doc_text += doc[\"context\"] + \"\\n\"\n    choice_doc_text = []\n    for choice_id, choice_text in zip(doc[\"choices\"][\"id\"], doc[\"choices\"][\"text\"]):\n        choice_doc_text.append(chr(choice_id + 65) + \":\" + choice_text)\n    return f\"[問題]:{q_doc_text}[選択肢]:[{', '.join(choice_doc_text)}]\\n[答え]:\"\n",
      "doc_to_target": "def doc_to_target_alphabet(doc):\n    answer = chr(int(doc[\"answer\"]) + 65)\n    return answer\n",
      "doc_to_choice": "def doc_to_choices_alphabet(doc):\n    choices = [chr(choice_id + 65) for choice_id in doc[\"choices\"][\"id\"]]\n    return choices\n",
      "description": "[問題]に対する[答え]を[選択肢]の中からアルファベットで選んでください。\n\n\n",
      "target_delimiter": "",
      "fewshot_delimiter": "\n\n",
      "num_fewshot": 0,
      "metric_list": [
        {
          "metric": "acc",
          "aggregation": "mean",
          "higher_is_better": true
        },
        {
          "metric": "acc_norm",
          "aggregation": "mean",
          "higher_is_better": true
        },
        {
          "metric": "map",
          "aggregation": "mean",
          "higher_is_better": true
        },
        {
          "metric": "map_2",
          "aggregation": "mean",
          "higher_is_better": true
        },
        {
          "metric": "map_3",
          "aggregation": "mean",
          "higher_is_better": true
        },
        {
          "metric": "map_4",
          "aggregation": "mean",
          "higher_is_better": true
        },
        {
          "metric": "map_norm",
          "aggregation": "mean",
          "higher_is_better": true
        },
        {
          "metric": "map_2_norm",
          "aggregation": "mean",