{
  "results": {
    "chabsa-1.0-0.6": {
      "acc": 0.8835944581121326,
      "f1": 0.8939804746249456
    },
    "cma_basics": {
      "acc": 0.4473684210526316,
      "acc_stderr": 0.08174282626554187,
      "map": 0.6535087719298246,
      "map_stderr": 0.05053513963306974,
      "map_2": 0.5789473684210527,
      "map_2_stderr": 0.06674273816118408,
      "map_3": 0.6140350877192983,
      "map_3_stderr": 0.06032721977240149,
      "map_4": 0.6535087719298246,
      "map_4_stderr": 0.05053513963306974
    },
    "cpa_audit-1.0-0.2": {
      "acc": 0.18592964824120603,
      "acc_stderr": 0.019525854083701603,
      "map": 0.4113902847571188,
      "map_stderr": 0.01437784065683398,
      "map_2": 0.2537688442211055,
      "map_2_stderr": 0.019220099293129848,
      "map_3": 0.31072026800669994,
      "map_3_stderr": 0.018337172289025178,
      "map_4": 0.3521775544388608,
      "map_4_stderr": 0.017121169601807724
    },
    "fp2-1.0-0.1": {
      "acc": 0.26526315789473687,
      "acc_stderr": 0.020277537142625805,
      "map": 0.5389473684210536,
      "map_stderr": 0.01360855310183808,
      "map_2": 0.39789473684210525,
      "map_2_stderr": 0.01934961769144246,
      "map_3": 0.48421052631579026,
      "map_3_stderr": 0.016567313767538214,
      "map_4": 0.5389473684210536,
      "map_4_stderr": 0.01360855310183808
    },
    "security_sales_1": {
      "acc": 0.42105263157894735,
      "acc_stderr": 0.06597717584505354,
      "map": 0.665204678362573,
      "map_stderr": 0.039659861391191244,
      "map_2": 0.6052631578947368,
      "map_2_stderr": 0.051202400270211404,
      "map_3": 0.6345029239766081,
      "map_3_stderr": 0.046350859696129114,
      "map_4": 0.665204678362573,
      "map_4_stderr": 0.039659861391191244
    }
  },
  "versions": {
    "chabsa-1.0-0.6": 1.0,
    "cma_basics": 1.0,
    "cpa_audit-1.0-0.2": 1.0,
    "fp2-1.0-0.1": 1.0,
    "security_sales_1": 1.0
  },
  "config": {
    "model": "hf-causal-experimental",
    "model_args": "pretrained=elyza/ELYZA-japanese-Llama-2-13b-instruct",
    "num_fewshot": [
      4,
      3,
      3,
      3,
      1
    ],
    "batch_size": null,
    "device": null,
    "no_cache": true,
    "limit": null,
    "bootstrap_iters": 100000,
    "description_dict": {}
  }
}