{
  "results": {
    "security_sales_1-1.0-0.2.1": {
      "acc,none": 0.45614035087719296,
      "acc_stderr,none": 0.06655775300696491,
      "acc_norm,none": 0.43859649122807015,
      "acc_norm_stderr,none": 0.0663095566682855,
      "map,none": 0.7032163742690057,
      "map_stderr,none": 0.03731549476406253,
      "map_2,none": 0.6666666666666666,
      "map_2_stderr,none": 0.045700708092256785,
      "map_3,none": 0.6900584795321638,
      "map_3_stderr,none": 0.040756260376442685,
      "map_4,none": 0.7032163742690057,
      "map_4_stderr,none": 0.03731549476406253,
      "map_norm,none": 0.682748538011696,
      "map_norm_stderr,none": 0.03876928045120753,
      "map_2_norm,none": 0.631578947368421,
      "map_2_norm_stderr,none": 0.04931599141890321,
      "map_3_norm,none": 0.6608187134502925,
      "map_3_norm_stderr,none": 0.0439465860745631,
      "map_4_norm,none": 0.682748538011696,
      "map_4_norm_stderr,none": 0.03876928045120753,
      "alias": "security_sales_1-1.0-0.2.1"
    },
    "fp2-1.0-0.2.1": {
      "acc,none": 0.29473684210526313,
      "acc_stderr,none": 0.020941300118576426,
      "acc_norm,none": 0.29473684210526313,
      "acc_norm_stderr,none": 0.020941300118576426,
      "map,none": 0.5531578947368431,
      "map_stderr,none": 0.01394822386922629,
      "map_2,none": 0.42210526315789476,
      "map_2_stderr,none": 0.019557382357921708,
      "map_3,none": 0.49368421052631656,
      "map_3_stderr,none": 0.01716200012012244,
      "map_4,none": 0.5531578947368431,
      "map_4_stderr,none": 0.01394822386922629,
      "map_norm,none": 0.5531578947368431,
      "map_norm_stderr,none": 0.01394822386922629,
      "map_2_norm,none": 0.42210526315789476,
      "map_2_norm_stderr,none": 0.019557382357921708,
      "map_3_norm,none": 0.49368421052631656,
      "map_3_norm_stderr,none": 0.01716200012012244,
      "map_4_norm,none": 0.5531578947368431,
      "map_4_norm_stderr,none": 0.01394822386922629,
      "alias": "fp2-1.0-0.2.1"
    },
    "cpa_audit-1.0-0.2.1": {
      "acc,none": 0.14321608040201006,
      "acc_stderr,none": 0.017580705212218516,
      "acc_norm,none": 0.14321608040201006,
      "acc_norm_stderr,none": 0.017580705212218516,
      "map,none": 0.39195979899497496,
      "map_stderr,none": 0.013673234670452795,
      "map_2,none": 0.23115577889447236,
      "map_2_stderr,none": 0.018355085331078227,
      "map_3,none": 0.28559463986599637,
      "map_3_stderr,none": 0.01765666957982977,
      "map_4,none": 0.33207705192629783,
      "map_4_stderr,none": 0.016392359469021497,
      "map_norm,none": 0.3885678391959797,
      "map_norm_stderr,none": 0.013716647136094306,
      "map_2_norm,none": 0.22738693467336685,
      "map_2_norm_stderr,none": 0.018344361275975867,
      "map_3_norm,none": 0.27931323283082055,
      "map_3_norm_stderr,none": 0.017715523622477594,
      "map_4_norm,none": 0.32516750418760443,
      "map_4_norm_stderr,none": 0.016519581209871907,
      "alias": "cpa_audit-1.0-0.2.1"
    },
    "cma_basics-1.0-0.2.1": {
      "acc,none": 0.2631578947368421,
      "acc_stderr,none": 0.0723926637268818,
      "acc_norm,none": 0.2631578947368421,
      "acc_norm_stderr,none": 0.0723926637268818,
      "map,none": 0.5307017543859649,
      "map_stderr,none": 0.04853034648248213,
      "map_2,none": 0.39473684210526316,
      "map_2_stderr,none": 0.06840463748816268,
      "map_3,none": 0.46491228070175444,
      "map_3_stderr,none": 0.06067096739664204,
      "map_4,none": 0.5307017543859649,
      "map_4_stderr,none": 0.04853034648248213,
      "map_norm,none": 0.5504385964912281,
      "map_norm_stderr,none": 0.04635644552730055,
      "map_2_norm,none": 0.42105263157894735,
      "map_2_norm_stderr,none": 0.06674273816118409,
      "map_3_norm,none": 0.5175438596491228,
      "map_3_norm_stderr,none": 0.053629701126370694,
      "map_4_norm,none": 0.5504385964912281,
      "map_4_norm_stderr,none": 0.04635644552730055,
      "alias": "cma_basics-1.0-0.2.1"
    },
    "chabsa-1.0-0.2": {
      "acc,none": 0.6658034442574129,
      "acc_stderr,none": 0.0053679579478091,
      "f1,none": 0.5933973454619316,
      "f1_stderr,none": "N/A",
      "acc_norm,none": 0.6658034442574129,
      "acc_norm_stderr,none": 0.0053679579478091,
      "f1_norm,none": 0.5933973454619316,
      "f1_norm_stderr,none": "N/A",
      "alias": "chabsa-1.0-0.2"
    }
  },
  "group_subtasks": {
    "chabsa-1.0-0.2": [],
    "cma_basics-1.0-0.2.1": [],
    "cpa_audit-1.0-0.2.1": [],
    "fp2-1.0-0.2.1": [],
    "security_sales_1-1.0-0.2.1": []
  },
  "configs": {
    "chabsa-1.0-0.2": {
      "task": "chabsa-1.0-0.2",
      "dataset_path": "jlm_fin_eval/datasets/chabsa/chabsa.py",
      "dataset_name": "chABSA",
      "test_split": "test",
      "doc_to_text": "センテンス: {{sentence}}\nターゲット: {{target}}\n回答:",
      "doc_to_target": "{{polarity}}",
      "doc_to_choice": [
        "positive",
        "negative"
      ],
      "description": "センテンスとターゲットを入力として受け取り、ターゲットに関するセンチメントをpositiveかnegativeから選択してください。\n\n\n",
      "target_delimiter": " ",
      "fewshot_delimiter": "\n\n",
      "num_fewshot": 0,
      "metric_list": [
        {
          "metric": "acc",
          "aggregation": "mean",
          "higher_is_better": true
        },
        {
          "metric": "acc_norm",
          "aggregation": "mean",
          "higher_is_better": true
        },
        {
          "metric": "f1",
          "aggregation": "2class_adjusted_macro_f1_score_for_chabsa",
          "higher_is_better": true
        },
        {
          "metric": "f1_norm",
          "aggregation": "2class_adjusted_macro_f1_score_for_chabsa",
          "higher_is_better": true
        }
      ],
      "output_type": "multiple_choice",
      "repeats": 1,
      "should_decontaminate": false,
      "doc_to_decontamination_query": "sentence",
      "metadata": {
        "version": 1.0
      }
    },
    "cma_basics-1.0-0.2.1": {
      "task": "cma_basics-1.0-0.2.1",
      "dataset_path": "jlm_fin_eval/datasets/cma_basics/cma_basics.py",
      "dataset_name": "cma_basics",
      "test_split": "test",
      "doc_to_text": "def doc_to_text_02_1(doc):\n    q_doc_text = doc[\"question\"] + \"\\n\"\n    if doc[\"context\"] and doc[\"context\"] != \"\":\n        q_doc_text += doc[\"context\"] + \"\\n\"\n    choices = \"\\n\".join([f\"- {choice}\" for choice in doc[\"choices\"][\"text\"]])\n    return f\"質問:{q_doc_text}選択肢:\\n{choices}\\n回答:\"\n",
      "doc_to_target": "def doc_to_target_01(doc):\n    return [\n        choice_text\n        for choice_id, choice_text in zip(doc[\"choices\"][\"id\"], doc[\"choices\"][\"text\"])\n        if choice_id == doc[\"answer\"]\n    ][0]\n",
      "doc_to_choice": "def doc_to_choices_01(doc):\n    choices = doc[\"choices\"][\"text\"]\n    return choices\n",
      "description": "与えられた選択肢の中から、最適な答えを選んでください。\n\n\n",
      "target_delimiter": "",
      "fewshot_delimiter": "\n\n",
      "num_fewshot": 0,
      "metric_list": [
        {
          "metric": "acc",
          "aggregation": "mean",
          "higher_is_better": true
        },
        {
          "metric": "acc_norm",
          "aggregation": "mean",
          "higher_is_better": true
        },
        {
          "metric": "map",
          "aggregation": "mean",
          "higher_is_better": true
        },
        {
          "metric": "map_2",
          "aggregation": "mean",
          "higher_is_better": true
        },
        {
          "metric": "map_3",
          "aggregation": "mean",
          "higher_is_better": true
        },
        {
          "metric": "map_4",
          "aggregation": "mean",
          "higher_is_better": true
        },
        {
          "metric": "map_norm",
          "aggregation": "mean",
          "higher_is_better": true
        },
        {
          "metric": "map_2_norm",
          "aggregation": "mean",
          "higher_is_better": true
        },
        {
          "metric": "map_3_norm",