{
  "results": {
    "security_sales_1": {
      "acc,none": 0.43859649122807015,
      "acc_stderr,none": 0.0663095566682855,
      "acc_norm,none": 0.43859649122807015,
      "acc_norm_stderr,none": 0.0663095566682855,
      "map,none": 0.6973684210526315,
      "map_stderr,none": 0.03670497513147247,
      "map_2,none": 0.6666666666666666,
      "map_2_stderr,none": 0.04395353360224455,
      "map_3,none": 0.6842105263157895,
      "map_3_stderr,none": 0.040163835866008364,
      "map_4,none": 0.6973684210526315,
      "map_4_stderr,none": 0.03670497513147247,
      "map_norm,none": 0.6973684210526315,
      "map_norm_stderr,none": 0.03670497513147247,
      "map_2_norm,none": 0.6666666666666666,
      "map_2_norm_stderr,none": 0.04395353360224455,
      "map_3_norm,none": 0.6842105263157895,
      "map_3_norm_stderr,none": 0.040163835866008364,
      "map_4_norm,none": 0.6973684210526315,
      "map_4_norm_stderr,none": 0.03670497513147247,
      "alias": "security_sales_1"
    },
    "fp2": {
      "acc,none": 0.29894736842105263,
      "acc_stderr,none": 0.021027299882999142,
      "acc_norm,none": 0.29894736842105263,
      "acc_norm_stderr,none": 0.021027299882999142,
      "map,none": 0.5519298245614043,
      "map_stderr,none": 0.01397675066077303,
      "map_2,none": 0.4189473684210526,
      "map_2_stderr,none": 0.01961538615793355,
      "map_3,none": 0.4919298245614042,
      "map_3_stderr,none": 0.017199945413097145,
      "map_4,none": 0.5519298245614043,
      "map_4_stderr,none": 0.01397675066077303,
      "map_norm,none": 0.5519298245614043,
      "map_norm_stderr,none": 0.01397675066077303,
      "map_2_norm,none": 0.4189473684210526,
      "map_2_norm_stderr,none": 0.01961538615793355,
      "map_3_norm,none": 0.4919298245614042,
      "map_3_norm_stderr,none": 0.017199945413097145,
      "map_4_norm,none": 0.5519298245614043,
      "map_4_norm_stderr,none": 0.01397675066077303,
      "alias": "fp2"
    },
    "cpa_audit": {
      "acc,none": 0.1407035175879397,
      "acc_stderr,none": 0.01745133844197704,
      "acc_norm,none": 0.1407035175879397,
      "acc_norm_stderr,none": 0.01745133844197704,
      "map,none": 0.38747906197654947,
      "map_stderr,none": 0.013542427793545834,
      "map_2,none": 0.2185929648241206,
      "map_2_stderr,none": 0.018225107721893858,
      "map_3,none": 0.2788944723618087,
      "map_3_stderr,none": 0.017527712279263266,
      "map_4,none": 0.32726130653266305,
      "map_4_stderr,none": 0.016242842989528373,
      "map_norm,none": 0.38747906197654947,
      "map_norm_stderr,none": 0.013542427793545834,
      "map_2_norm,none": 0.2185929648241206,
      "map_2_norm_stderr,none": 0.018225107721893858,
      "map_3_norm,none": 0.2788944723618087,
      "map_3_norm_stderr,none": 0.017527712279263266,
      "map_4_norm,none": 0.32726130653266305,
      "map_4_norm_stderr,none": 0.016242842989528373,
      "alias": "cpa_audit"
    },
    "cma_basics": {
      "acc,none": 0.3684210526315789,
      "acc_stderr,none": 0.07930218984219832,
      "acc_norm,none": 0.3684210526315789,
      "acc_norm_stderr,none": 0.07930218984219832,
      "map,none": 0.5789473684210527,
      "map_stderr,none": 0.05425138981075869,
      "map_2,none": 0.4342105263157895,
      "map_2_stderr,none": 0.07583356746409245,
      "map_3,none": 0.5131578947368421,
      "map_3_stderr,none": 0.06663749330491595,
      "map_4,none": 0.5789473684210527,
      "map_4_stderr,none": 0.05425138981075869,
      "map_norm,none": 0.5789473684210527,
      "map_norm_stderr,none": 0.05425138981075869,
      "map_2_norm,none": 0.4342105263157895,
      "map_2_norm_stderr,none": 0.07583356746409245,
      "map_3_norm,none": 0.5131578947368421,
      "map_3_norm_stderr,none": 0.06663749330491595,
      "map_4_norm,none": 0.5789473684210527,
      "map_4_norm_stderr,none": 0.05425138981075869,
      "alias": "cma_basics"
    },
    "chabsa": {
      "acc,none": 0.6814709309853684,
      "acc_stderr,none": 0.005301921643774108,
      "f1,none": 0.6208312590284701,
      "f1_stderr,none": "N/A",
      "acc_norm,none": 0.6814709309853684,
      "acc_norm_stderr,none": 0.005301921643774108,
      "f1_norm,none": 0.6208312590284701,
      "f1_norm_stderr,none": "N/A",
      "alias": "chabsa"
    }
  },
  "group_subtasks": {
    "chabsa": [],
    "cma_basics": [],
    "cpa_audit": [],
    "fp2": [],
    "security_sales_1": []
  },
  "configs": {
    "chabsa": {
      "task": "chabsa",
      "dataset_path": "jlm_fin_eval/datasets/chabsa/chabsa.py",
      "dataset_name": "chABSA",
      "test_split": "test",
      "doc_to_text": "センテンス: {{sentence}}\nターゲット: {{target}}\n回答:",
      "doc_to_target": "{{polarity}}",
      "doc_to_choice": [
        "positive",
        "negative"
      ],
      "description": "以下のセンテンスにおける、ターゲットのセンチメントをpositiveかnegativeで答えてください。\n\n\n",
      "target_delimiter": " ",
      "fewshot_delimiter": "\n\n",
      "num_fewshot": 0,
      "metric_list": [
        {
          "metric": "acc",
          "aggregation": "mean",
          "higher_is_better": true
        },
        {
          "metric": "acc_norm",
          "aggregation": "mean",
          "higher_is_better": true
        },
        {
          "metric": "f1",
          "aggregation": "2class_adjusted_macro_f1_score_for_chabsa",
          "higher_is_better": true
        },
        {
          "metric": "f1_norm",
          "aggregation": "2class_adjusted_macro_f1_score_for_chabsa",
          "higher_is_better": true
        }
      ],
      "output_type": "multiple_choice",
      "repeats": 1,
      "should_decontaminate": false,
      "doc_to_decontamination_query": "sentence",
      "metadata": {
        "version": 1.0
      }
    },
    "cma_basics": {
      "task": "cma_basics",
      "dataset_path": "jlm_fin_eval/datasets/cma_basics/cma_basics.py",
      "dataset_name": "cma_basics",
      "test_split": "test",
      "doc_to_text": "def doc_to_text_00(doc):\n    doc_text = \"【問題】\\n\" + doc[\"question\"] + \"\\n\"\n    if doc[\"context\"] and doc[\"context\"] != \"\":\n        doc_text += doc[\"context\"] + \"\\n\"\n    doc_text += \"\\n【選択肢】\\n\"\n    for choice_id, choice_text in zip(doc[\"choices\"][\"id\"], doc[\"choices\"][\"text\"]):\n        doc_text += chr(choice_id + 65) + \": \" + choice_text + \"\\n\"\n    doc_text += \"\\n【答え】\\n\"\n    # doc_text += chr(int(doc[\"answer\"]) + 65)\n    return doc_text\n",
      "doc_to_target": "def doc_to_target_alphabet(doc):\n    answer = chr(int(doc[\"answer\"]) + 65)\n    return answer\n",
      "doc_to_choice": "def doc_to_choices_alphabet(doc):\n    choices = [chr(choice_id + 65) for choice_id in doc[\"choices\"][\"id\"]]\n    return choices\n",
      "description": "以下の問題の適切な答えを選択肢から選んでアルファベットで答えなさい。\n\n\n",
      "target_delimiter": "",
      "fewshot_delimiter": "\n\n",
      "num_fewshot": 0,
      "metric_list": [
        {
          "metric": "acc",
          "aggregation": "mean",
          "higher_is_better": true
        },
        {
          "metric": "acc_norm",
          "aggregation": "mean",
          "higher_is_better": true
        },
        {
          "metric": "map",
          "aggregation": "mean",
          "higher_is_better": true
        },
        {
          "metric": "map_2",
          "aggregation": "mean",
          "higher_is_better": true
        },
        {
          "metric": "map_3",
          "aggregation": "mean",
          "higher_is_better": true
        },
        {
          "metric": "map_4",
          "aggregation": "mean",
          "higher_is_better": true
        },
        {
          "metric": "map_norm",
          "aggregation": "mean",
          "higher_is_better": true
        },
        {
          "metric": "map_2_norm",
          "aggregation": "mean",
          "higher_is_better": true
        },
        {
          "metric": "map_3_norm",
          "aggregation": "mean",