{
  "results": {
    "security_sales_1-1.0-0.2": {
      "acc,none": 0.43859649122807015,
      "acc_stderr,none": 0.0663095566682855,
      "acc_norm,none": 0.43859649122807015,
      "acc_norm_stderr,none": 0.0663095566682855,
      "map,none": 0.7017543859649122,
      "map_stderr,none": 0.03600576871220296,
      "map_2,none": 0.6754385964912281,
      "map_2_stderr,none": 0.04242645868979999,
      "map_3,none": 0.6929824561403509,
      "map_3_stderr,none": 0.038415215679121144,
      "map_4,none": 0.7017543859649122,
      "map_4_stderr,none": 0.03600576871220296,
      "map_norm,none": 0.7017543859649122,
      "map_norm_stderr,none": 0.03600576871220296,
      "map_2_norm,none": 0.6754385964912281,
      "map_2_norm_stderr,none": 0.04242645868979999,
      "map_3_norm,none": 0.6929824561403509,
      "map_3_norm_stderr,none": 0.038415215679121144,
      "map_4_norm,none": 0.7017543859649122,
      "map_4_norm_stderr,none": 0.03600576871220296,
      "alias": "security_sales_1-1.0-0.2"
    },
    "fp2-1.0-0.2": {
      "acc,none": 0.24421052631578946,
      "acc_stderr,none": 0.01973301465590164,
      "acc_norm,none": 0.24421052631578946,
      "acc_norm_stderr,none": 0.01973301465590164,
      "map,none": 0.5157894736842116,
      "map_stderr,none": 0.013295234087883991,
      "map_2,none": 0.3663157894736842,
      "map_2_stderr,none": 0.018997884641127005,
      "map_3,none": 0.45263157894736944,
      "map_3_stderr,none": 0.01650723798918087,
      "map_4,none": 0.5157894736842116,
      "map_4_stderr,none": 0.013295234087883991,
      "map_norm,none": 0.5157894736842116,
      "map_norm_stderr,none": 0.013295234087883991,
      "map_2_norm,none": 0.3663157894736842,
      "map_2_norm_stderr,none": 0.018997884641127005,
      "map_3_norm,none": 0.45263157894736944,
      "map_3_norm_stderr,none": 0.01650723798918087,
      "map_4_norm,none": 0.5157894736842116,
      "map_4_norm_stderr,none": 0.013295234087883991,
      "alias": "fp2-1.0-0.2"
    },
    "cpa_audit-1.0-0.2": {
      "acc,none": 0.1507537688442211,
      "acc_stderr,none": 0.01795790417830789,
      "acc_norm,none": 0.1507537688442211,
      "acc_norm_stderr,none": 0.01795790417830789,
      "map,none": 0.39430485762144035,
      "map_stderr,none": 0.013936220283929615,
      "map_2,none": 0.23366834170854273,
      "map_2_stderr,none": 0.018617870221531704,
      "map_3,none": 0.28643216080401984,
      "map_3_stderr,none": 0.01793885586381717,
      "map_4,none": 0.33040201005025105,
      "map_4_stderr,none": 0.016768235612149202,
      "map_norm,none": 0.39430485762144035,
      "map_norm_stderr,none": 0.013936220283929615,
      "map_2_norm,none": 0.23366834170854273,
      "map_2_norm_stderr,none": 0.018617870221531704,
      "map_3_norm,none": 0.28643216080401984,
      "map_3_norm_stderr,none": 0.01793885586381717,
      "map_4_norm,none": 0.33040201005025105,
      "map_4_norm_stderr,none": 0.016768235612149202,
      "alias": "cpa_audit-1.0-0.2"
    },
    "cma_basics-1.0-0.2": {
      "acc,none": 0.21052631578947367,
      "acc_stderr,none": 0.06702258315442244,
      "acc_norm,none": 0.21052631578947367,
      "acc_norm_stderr,none": 0.06702258315442244,
      "map,none": 0.506578947368421,
      "map_stderr,none": 0.04437962282527026,
      "map_2,none": 0.35526315789473684,
      "map_2_stderr,none": 0.0650743494707991,
      "map_3,none": 0.4605263157894737,
      "map_3_stderr,none": 0.053498665961070335,
      "map_4,none": 0.506578947368421,
      "map_4_stderr,none": 0.04437962282527026,
      "map_norm,none": 0.506578947368421,
      "map_norm_stderr,none": 0.04437962282527026,
      "map_2_norm,none": 0.35526315789473684,
      "map_2_norm_stderr,none": 0.0650743494707991,
      "map_3_norm,none": 0.4605263157894737,
      "map_3_norm_stderr,none": 0.053498665961070335,
      "map_4_norm,none": 0.506578947368421,
      "map_4_norm_stderr,none": 0.04437962282527026,
      "alias": "cma_basics-1.0-0.2"
    },
    "chabsa-1.0-0.2": {
      "acc,none": 0.6658034442574129,
      "acc_stderr,none": 0.0053679579478091,
      "f1,none": 0.5933973454619316,
      "f1_stderr,none": "N/A",
      "acc_norm,none": 0.6658034442574129,
      "acc_norm_stderr,none": 0.0053679579478091,
      "f1_norm,none": 0.5933973454619316,
      "f1_norm_stderr,none": "N/A",
      "alias": "chabsa-1.0-0.2"
    }
  },
  "group_subtasks": {
    "chabsa-1.0-0.2": [],
    "cma_basics-1.0-0.2": [],
    "cpa_audit-1.0-0.2": [],
    "fp2-1.0-0.2": [],
    "security_sales_1-1.0-0.2": []
  },
  "configs": {
    "chabsa-1.0-0.2": {
      "task": "chabsa-1.0-0.2",
      "dataset_path": "jlm_fin_eval/datasets/chabsa/chabsa.py",
      "dataset_name": "chABSA",
      "test_split": "test",
      "doc_to_text": "センテンス: {{sentence}}\nターゲット: {{target}}\n回答:",
      "doc_to_target": "{{polarity}}",
      "doc_to_choice": [
        "positive",
        "negative"
      ],
      "description": "センテンスとターゲットを入力として受け取り、ターゲットに関するセンチメントをpositiveかnegativeから選択してください。\n\n\n",
      "target_delimiter": " ",
      "fewshot_delimiter": "\n\n",
      "num_fewshot": 0,
      "metric_list": [
        {
          "metric": "acc",
          "aggregation": "mean",
          "higher_is_better": true
        },
        {
          "metric": "acc_norm",
          "aggregation": "mean",
          "higher_is_better": true
        },
        {
          "metric": "f1",
          "aggregation": "2class_adjusted_macro_f1_score_for_chabsa",
          "higher_is_better": true
        },
        {
          "metric": "f1_norm",
          "aggregation": "2class_adjusted_macro_f1_score_for_chabsa",
          "higher_is_better": true
        }
      ],
      "output_type": "multiple_choice",
      "repeats": 1,
      "should_decontaminate": false,
      "doc_to_decontamination_query": "sentence",
      "metadata": {
        "version": 1.0
      }
    },
    "cma_basics-1.0-0.2": {
      "task": "cma_basics-1.0-0.2",
      "dataset_path": "jlm_fin_eval/datasets/cma_basics/cma_basics.py",
      "dataset_name": "cma_basics",
      "test_split": "test",
      "doc_to_text": "def doc_to_text_02(doc):\n    q_doc_text = doc[\"question\"] + \"\\n\"\n    if doc[\"context\"] and doc[\"context\"] != \"\":\n        q_doc_text += doc[\"context\"] + \"\\n\"\n    choices = \",\".join(\n        [\n            f\"{idx}.{choice}\"\n            for idx, choice in zip(doc[\"choices\"][\"id\"], doc[\"choices\"][\"text\"])\n        ]\n    )\n    return f\"質問:{q_doc_text}\" f\"選択肢:{choices}\\n\" \"回答:\"\n",
      "doc_to_target": "def doc_to_target_02(doc):\n    return [\n        str(choice_id)\n        for choice_id in doc[\"choices\"][\"id\"]\n        if choice_id == doc[\"answer\"]\n    ][0]\n",
      "doc_to_choice": "def doc_to_choices_02(doc):\n    return [str(choice) for choice in doc[\"choices\"][\"id\"]]\n",
      "description": "質問と回答の選択肢を入力として受け取り、選択肢から回答を選択してください。なお、回答は選択肢の番号(例:0)でするものとします。\n\n\n",
      "target_delimiter": "",
      "fewshot_delimiter": "\n\n",
      "num_fewshot": 0,
      "metric_list": [
        {
          "metric": "acc",
          "aggregation": "mean",
          "higher_is_better": true
        },
        {
          "metric": "acc_norm",
          "aggregation": "mean",
          "higher_is_better": true
        },
        {
          "metric": "map",
          "aggregation": "mean",
          "higher_is_better": true
        },
        {
          "metric": "map_2",
          "aggregation": "mean",
          "higher_is_better": true
        },
        {
          "metric": "map_3",
          "aggregation": "mean",
          "higher_is_better": true
        },
        {
          "metric": "map_4",
          "aggregation": "mean",
          "higher_is_better": true
        },
        {
          "metric": "map_norm",
          "aggregation": "mean",
          "higher_is_better": true
        },
        {
          "metric": "map_2_norm",
          "aggregation": "mean",