{
  "results": {
    "security_sales_1-1.0-0.3": {
      "acc,none": 0.45614035087719296,
      "acc_stderr,none": 0.06655775300696491,
      "acc_norm,none": 0.43859649122807015,
      "acc_norm_stderr,none": 0.0663095566682855,
      "map,none": 0.6915204678362574,
      "map_stderr,none": 0.03902245265615855,
      "map_2,none": 0.6403508771929824,
      "map_2_stderr,none": 0.04967687880429775,
      "map_3,none": 0.6695906432748538,
      "map_3_stderr,none": 0.04424779517667121,
      "map_4,none": 0.6915204678362574,
      "map_4_stderr,none": 0.03902245265615855,
      "map_norm,none": 0.682748538011696,
      "map_norm_stderr,none": 0.03876928045120753,
      "map_2_norm,none": 0.631578947368421,
      "map_2_norm_stderr,none": 0.04931599141890321,
      "map_3_norm,none": 0.6608187134502925,
      "map_3_norm_stderr,none": 0.0439465860745631,
      "map_4_norm,none": 0.682748538011696,
      "map_4_norm_stderr,none": 0.03876928045120753,
      "alias": "security_sales_1-1.0-0.3"
    },
    "fp2-1.0-0.3": {
      "acc,none": 0.25684210526315787,
      "acc_stderr,none": 0.02006709411703635,
      "acc_norm,none": 0.25684210526315787,
      "acc_norm_stderr,none": 0.02006709411703635,
      "map,none": 0.5233333333333342,
      "map_stderr,none": 0.013501054811112278,
      "map_2,none": 0.3757894736842105,
      "map_2_stderr,none": 0.019219916541452484,
      "map_3,none": 0.46070175438596545,
      "map_3_stderr,none": 0.01671136053029432,
      "map_4,none": 0.5233333333333342,
      "map_4_stderr,none": 0.013501054811112278,
      "map_norm,none": 0.5233333333333342,
      "map_norm_stderr,none": 0.013501054811112278,
      "map_2_norm,none": 0.3757894736842105,
      "map_2_norm_stderr,none": 0.019219916541452484,
      "map_3_norm,none": 0.46070175438596545,
      "map_3_norm_stderr,none": 0.01671136053029432,
      "map_4_norm,none": 0.5233333333333342,
      "map_4_norm_stderr,none": 0.013501054811112278,
      "alias": "fp2-1.0-0.3"
    },
    "cpa_audit-1.0-0.3": {
      "acc,none": 0.1407035175879397,
      "acc_stderr,none": 0.017451338441977035,
      "acc_norm,none": 0.1407035175879397,
      "acc_norm_stderr,none": 0.017451338441977035,
      "map,none": 0.38940536013400323,
      "map_stderr,none": 0.013562391657382666,
      "map_2,none": 0.22487437185929648,
      "map_2_stderr,none": 0.01824963072705356,
      "map_3,none": 0.28266331658291427,
      "map_3_stderr,none": 0.017541126611832922,
      "map_4,none": 0.32600502512562785,
      "map_4_stderr,none": 0.01638701312197049,
      "map_norm,none": 0.3864740368509209,
      "map_norm_stderr,none": 0.013621158877213522,
      "map_2_norm,none": 0.2236180904522613,
      "map_2_norm_stderr,none": 0.018245164546432803,
      "map_3_norm,none": 0.2763819095477385,
      "map_3_norm_stderr,none": 0.017627676300965837,
      "map_4_norm,none": 0.3209798994974871,
      "map_4_norm_stderr,none": 0.016483725683369265,
      "alias": "cpa_audit-1.0-0.3"
    },
    "cma_basics-1.0-0.3": {
      "acc,none": 0.2631578947368421,
      "acc_stderr,none": 0.0723926637268818,
      "acc_norm,none": 0.3157894736842105,
      "acc_norm_stderr,none": 0.07641750223933595,
      "map,none": 0.5504385964912281,
      "map_stderr,none": 0.04667499266182624,
      "map_2,none": 0.4342105263157895,
      "map_2_stderr,none": 0.06578947368421051,
      "map_3,none": 0.5043859649122806,
      "map_3_stderr,none": 0.0563940819665193,
      "map_4,none": 0.5504385964912281,
      "map_4_stderr,none": 0.04667499266182624,
      "map_norm,none": 0.5701754385964911,
      "map_norm_stderr,none": 0.049846286143202,
      "map_2_norm,none": 0.4342105263157895,
      "map_2_norm_stderr,none": 0.07098938231164041,
      "map_3_norm,none": 0.5307017543859648,
      "map_3_norm_stderr,none": 0.058244450050352774,
      "map_4_norm,none": 0.5701754385964911,
      "map_4_norm_stderr,none": 0.049846286143202,
      "alias": "cma_basics-1.0-0.3"
    },
    "chabsa-1.0-0.3": {
      "acc,none": 0.5900556778453969,
      "acc_stderr,none": 0.005596854748227567,
      "f1,none": 0.4351061232490554,
      "f1_stderr,none": "N/A",
      "acc_norm,none": 0.5900556778453969,
      "acc_norm_stderr,none": 0.005596854748227567,
      "f1_norm,none": 0.4351061232490554,
      "f1_norm_stderr,none": "N/A",
      "alias": "chabsa-1.0-0.3"
    }
  },
  "group_subtasks": {
    "chabsa-1.0-0.3": [],
    "cma_basics-1.0-0.3": [],
    "cpa_audit-1.0-0.3": [],
    "fp2-1.0-0.3": [],
    "security_sales_1-1.0-0.3": []
  },
  "configs": {
    "chabsa-1.0-0.3": {
      "task": "chabsa-1.0-0.3",
      "dataset_path": "jlm_fin_eval/datasets/chabsa/chabsa.py",
      "dataset_name": "chABSA",
      "test_split": "test",
      "doc_to_text": "### 入力:\nセンテンス:{{sentence}}\nターゲット:{{target}}\n\n### 応答:\n\n",
      "doc_to_target": "{{polarity}}",
      "doc_to_choice": [
        "positive",
        "negative"
      ],
      "description": "以下は、タスクを説明する指示と、文脈のある入力の組み合わせです。要求を適切に満たす応答を書きなさい。\n\n### 指示:\n以下のセンテンスにおける、ターゲットのセンチメントをpositiveかnegativeで答えてください。\n\n\n",
      "target_delimiter": "",
      "fewshot_delimiter": "\n\n",
      "num_fewshot": 0,
      "metric_list": [
        {
          "metric": "acc",
          "aggregation": "mean",
          "higher_is_better": true
        },
        {
          "metric": "acc_norm",
          "aggregation": "mean",
          "higher_is_better": true
        },
        {
          "metric": "f1",
          "aggregation": "2class_adjusted_macro_f1_score_for_chabsa",
          "higher_is_better": true
        },
        {
          "metric": "f1_norm",
          "aggregation": "2class_adjusted_macro_f1_score_for_chabsa",
          "higher_is_better": true
        }
      ],
      "output_type": "multiple_choice",
      "repeats": 1,
      "should_decontaminate": false,
      "doc_to_decontamination_query": "sentence",
      "metadata": {
        "version": 1.0
      }
    },
    "cma_basics-1.0-0.3": {
      "task": "cma_basics-1.0-0.3",
      "dataset_path": "jlm_fin_eval/datasets/cma_basics/cma_basics.py",
      "dataset_name": "cma_basics",
      "test_split": "test",
      "doc_to_text": "def doc_to_text_03(doc):\n    q_doc_text = doc[\"question\"] + \"\\n\"\n    if doc[\"context\"] and doc[\"context\"] != \"\":\n        q_doc_text += doc[\"context\"] + \"\\n\"\n    choices = \"\\n\".join([f\"- {choice}\" for choice in doc[\"choices\"][\"text\"]])\n    input_text = f\"{q_doc_text}\" + f\"出力は以下から選択してください：\\n{choices}\"\n    return f\"### 入力:\\n{input_text}\\n\\n### 応答:\\n\"\n",
      "doc_to_target": "def doc_to_target_01(doc):\n    return [\n        choice_text\n        for choice_id, choice_text in zip(doc[\"choices\"][\"id\"], doc[\"choices\"][\"text\"])\n        if choice_id == doc[\"answer\"]\n    ][0]\n",
      "doc_to_choice": "def doc_to_choices_01(doc):\n    choices = doc[\"choices\"][\"text\"]\n    return choices\n",
      "description": "以下は、タスクを説明する指示と、文脈のある入力の組み合わせです。要求を適切に満たす応答を書きなさい。\n\n### 指示:\n与えられた選択肢の中から、最適な答えを選んでください。\n\n\n",
      "target_delimiter": "",
      "fewshot_delimiter": "\n\n",
      "num_fewshot": 0,
      "metric_list": [
        {
          "metric": "acc",
          "aggregation": "mean",
          "higher_is_better": true
        },
        {
          "metric": "acc_norm",
          "aggregation": "mean",
          "higher_is_better": true
        },
        {
          "metric": "map",
          "aggregation": "mean",
          "higher_is_better": true
        },
        {
          "metric": "map_2",
          "aggregation": "mean",
          "higher_is_better": true
        },
        {
          "metric": "map_3",
          "aggregation": "mean",
          "higher_is_better": true
        },
        {
          "metric": "map_4",
          "aggregation": "mean",
          "higher_is_better": true
        },
        {
          "metric": "map_norm",
          "aggregation": "mean",