{
  "results": {
    "fp2-1.0-0.2.1": {
      "acc": 0.24842105263157896,
      "acc_stderr": 0.01984688399487186,
      "map": 0.5182456140350886,
      "map_stderr": 0.013381120267054736,
      "map_2": 0.37157894736842106,
      "map_2_stderr": 0.019045198619297064,
      "map_3": 0.45298245614035165,
      "map_3_stderr": 0.016684045623946354,
      "map_4": 0.5182456140350886,
      "map_4_stderr": 0.013381120267054736
    },
    "chabsa-1.0-0.6": {
      "acc": 0.802537873883206,
      "f1": 0.535014896010781
    },
    "cma_basics-1.0-0.1.2": {
      "acc": 0.3157894736842105,
      "acc_stderr": 0.07641750223933594,
      "map": 0.5767543859649122,
      "map_stderr": 0.04943388808305959,
      "map_2": 0.4605263157894737,
      "map_2_stderr": 0.06898362657323134,
      "map_3": 0.5307017543859649,
      "map_3_stderr": 0.059253316817641885,
      "map_4": 0.5767543859649122,
      "map_4_stderr": 0.04943388808305959
    },
    "security_sales_1-1.0-0.2.1": {
      "acc": 0.47368421052631576,
      "acc_stderr": 0.06672270432067239,
      "map": 0.7119883040935673,
      "map_stderr": 0.03749304768461227,
      "map_2": 0.6754385964912281,
      "map_2_stderr": 0.045970507991291064,
      "map_3": 0.6988304093567251,
      "map_3_stderr": 0.04096922482230011,
      "map_4": 0.7119883040935673,
      "map_4_stderr": 0.03749304768461227
    },
    "cpa_audit-1.0-0.2": {
      "acc": 0.16080402010050251,
      "acc_stderr": 0.01843677242307894,
      "map": 0.3989530988274706,
      "map_stderr": 0.014280384044176173,
      "map_2": 0.23115577889447236,
      "map_2_stderr": 0.01903220039458073,
      "map_3": 0.2906197654941372,
      "map_3_stderr": 0.01827564356723178,
      "map_4": 0.3364740368509212,
      "map_4_stderr": 0.017042420043699498
    }
  },
  "versions": {
    "fp2-1.0-0.2.1": 1.0,
    "chabsa-1.0-0.6": 1.0,
    "cma_basics-1.0-0.1.2": 1.0,
    "security_sales_1-1.0-0.2.1": 1.0,
    "cpa_audit-1.0-0.2": 1.0
  },
  "config": {
    "model": "hf",
    "model_args": "pretrained=llm-jp/llm-jp-13b-instruct-full-dolly-oasst-v1.0,trust_remote_code=True,load_in_8bit=True",
    "num_fewshot": [
      0,
      0,
      0,
      0,
      0
    ],
    "batch_size": null,
    "device": "cuda",
    "no_cache": false,
    "limit": null,
    "bootstrap_iters": 100000,
    "description_dict": {}
  }
}