{
  "results": {
    "security_sales_1-1.0-0.5": {
      "acc,none": 0.45614035087719296,
      "acc_stderr,none": 0.06655775300696491,
      "acc_norm,none": 0.42105263157894735,
      "acc_norm_stderr,none": 0.06597717584505354,
      "map,none": 0.7032163742690057,
      "map_stderr,none": 0.03731549476406253,
      "map_2,none": 0.6666666666666666,
      "map_2_stderr,none": 0.045700708092256785,
      "map_3,none": 0.6900584795321637,
      "map_3_stderr,none": 0.04075626037644267,
      "map_4,none": 0.7032163742690057,
      "map_4_stderr,none": 0.03731549476406253,
      "map_norm,none": 0.6710526315789473,
      "map_norm_stderr,none": 0.038992119630866844,
      "map_2_norm,none": 0.6228070175438597,
      "map_2_norm_stderr,none": 0.04892436645686707,
      "map_3_norm,none": 0.6403508771929824,
      "map_3_norm_stderr,none": 0.045850792923498,
      "map_4_norm,none": 0.6710526315789473,
      "map_4_norm_stderr,none": 0.038992119630866844,
      "alias": "security_sales_1-1.0-0.5"
    },
    "fp2-1.0-0.5": {
      "acc,none": 0.24842105263157896,
      "acc_stderr,none": 0.01984688399487186,
      "acc_norm,none": 0.24842105263157896,
      "acc_norm_stderr,none": 0.01984688399487186,
      "map,none": 0.5184210526315799,
      "map_stderr,none": 0.01336792909974293,
      "map_2,none": 0.3705263157894737,
      "map_2_stderr,none": 0.019059308584229193,
      "map_3,none": 0.45473684210526394,
      "map_3_stderr,none": 0.016609073322347692,
      "map_4,none": 0.5184210526315799,
      "map_4_stderr,none": 0.01336792909974293,
      "map_norm,none": 0.5184210526315799,
      "map_norm_stderr,none": 0.01336792909974293,
      "map_2_norm,none": 0.3705263157894737,
      "map_2_norm_stderr,none": 0.019059308584229193,
      "map_3_norm,none": 0.45473684210526394,
      "map_3_norm_stderr,none": 0.016609073322347692,
      "map_4_norm,none": 0.5184210526315799,
      "map_4_norm_stderr,none": 0.01336792909974293,
      "alias": "fp2-1.0-0.5"
    },
    "cpa_audit-1.0-0.5": {
      "acc,none": 0.135678391959799,
      "acc_stderr,none": 0.017186908930253576,
      "acc_norm,none": 0.135678391959799,
      "acc_norm_stderr,none": 0.017186908930253576,
      "map,none": 0.3911222780569513,
      "map_stderr,none": 0.01339392878886474,
      "map_2,none": 0.23241206030150754,
      "map_2_stderr,none": 0.018097821261153498,
      "map_3,none": 0.28685092127303163,
      "map_3_stderr,none": 0.017379166288158714,
      "map_4,none": 0.3283082077051925,
      "map_4_stderr,none": 0.016245096565570192,
      "map_norm,none": 0.3861809045226131,
      "map_norm_stderr,none": 0.013387187575680675,
      "map_2_norm,none": 0.2198492462311558,
      "map_2_norm_stderr,none": 0.01805603704082995,
      "map_3_norm,none": 0.28015075376884396,
      "map_3_norm_stderr,none": 0.017340847132464643,
      "map_4_norm,none": 0.3228643216080399,
      "map_4_norm_stderr,none": 0.016208756488479286,
      "alias": "cpa_audit-1.0-0.5"
    },
    "cma_basics-1.0-0.5": {
      "acc,none": 0.2894736842105263,
      "acc_stderr,none": 0.07455791696866065,
      "acc_norm,none": 0.3157894736842105,
      "acc_norm_stderr,none": 0.07641750223933595,
      "map,none": 0.5592105263157895,
      "map_stderr,none": 0.04847809198401604,
      "map_2,none": 0.4342105263157895,
      "map_2_stderr,none": 0.06843883126059969,
      "map_3,none": 0.5131578947368421,
      "map_3_stderr,none": 0.05808355347211886,
      "map_4,none": 0.5592105263157895,
      "map_4_stderr,none": 0.04847809198401604,
      "map_norm,none": 0.5723684210526316,
      "map_norm_stderr,none": 0.04981107152478809,
      "map_2_norm,none": 0.4473684210526316,
      "map_2_norm_stderr,none": 0.07002710734081143,
      "map_3_norm,none": 0.5263157894736843,
      "map_3_norm_stderr,none": 0.05947664238164874,
      "map_4_norm,none": 0.5723684210526316,
      "map_4_norm_stderr,none": 0.04981107152478809,
      "alias": "cma_basics-1.0-0.5"
    },
    "chabsa-1.0-0.5": {
      "acc,none": 0.6755146963615175,
      "acc_stderr,none": 0.005327825819881246,
      "f1,none": 0.6145605420547385,
      "f1_stderr,none": "N/A",
      "acc_norm,none": 0.6755146963615175,
      "acc_norm_stderr,none": 0.005327825819881246,
      "f1_norm,none": 0.6145605420547385,
      "f1_norm_stderr,none": "N/A",
      "alias": "chabsa-1.0-0.5"
    }
  },
  "group_subtasks": {
    "chabsa-1.0-0.5": [],
    "cma_basics-1.0-0.5": [],
    "cpa_audit-1.0-0.5": [],
    "fp2-1.0-0.5": [],
    "security_sales_1-1.0-0.5": []
  },
  "configs": {
    "chabsa-1.0-0.5": {
      "task": "chabsa-1.0-0.5",
      "dataset_path": "jlm_fin_eval/datasets/chabsa/chabsa.py",
      "dataset_name": "chABSA",
      "test_split": "test",
      "doc_to_text": "センテンス: {{sentence}}\nターゲット: {{target}}\nシステム:",
      "doc_to_target": "{{polarity}}",
      "doc_to_choice": [
        "positive",
        "negative"
      ],
      "description": "ユーザー: センテンスにおける、ターゲットのセンチメントをpositiveかnegativeで答えてください。\nシステム: 分かりました。\n\n",
      "target_delimiter": " ",
      "fewshot_delimiter": "\n",
      "num_fewshot": 0,
      "metric_list": [
        {
          "metric": "acc",
          "aggregation": "mean",
          "higher_is_better": true
        },
        {
          "metric": "acc_norm",
          "aggregation": "mean",
          "higher_is_better": true
        },
        {
          "metric": "f1",
          "aggregation": "2class_adjusted_macro_f1_score_for_chabsa",
          "higher_is_better": true
        },
        {
          "metric": "f1_norm",
          "aggregation": "2class_adjusted_macro_f1_score_for_chabsa",
          "higher_is_better": true
        }
      ],
      "output_type": "multiple_choice",
      "repeats": 1,
      "should_decontaminate": false,
      "doc_to_decontamination_query": "sentence",
      "metadata": {
        "version": 1.0
      }
    },
    "cma_basics-1.0-0.5": {
      "task": "cma_basics-1.0-0.5",
      "dataset_path": "jlm_fin_eval/datasets/cma_basics/cma_basics.py",
      "dataset_name": "cma_basics",
      "test_split": "test",
      "doc_to_text": "def doc_to_text_05(doc):\n    return doc_to_text_04(doc, SEP=\"\\n\")\n",
      "doc_to_target": "def doc_to_target_01(doc):\n    return [\n        choice_text\n        for choice_id, choice_text in zip(doc[\"choices\"][\"id\"], doc[\"choices\"][\"text\"])\n        if choice_id == doc[\"answer\"]\n    ][0]\n",
      "doc_to_choice": "def doc_to_choices_01(doc):\n    choices = doc[\"choices\"][\"text\"]\n    return choices\n",
      "description": "ユーザー: 与えられた選択肢の中から、最適な答えを選んでください。\nシステム: 分かりました。\n\n",
      "target_delimiter": "",
      "fewshot_delimiter": "\n",
      "num_fewshot": 0,
      "metric_list": [
        {
          "metric": "acc",
          "aggregation": "mean",
          "higher_is_better": true
        },
        {
          "metric": "acc_norm",
          "aggregation": "mean",
          "higher_is_better": true
        },
        {
          "metric": "map",
          "aggregation": "mean",
          "higher_is_better": true
        },
        {
          "metric": "map_2",
          "aggregation": "mean",
          "higher_is_better": true
        },
        {
          "metric": "map_3",
          "aggregation": "mean",
          "higher_is_better": true
        },
        {
          "metric": "map_4",
          "aggregation": "mean",
          "higher_is_better": true
        },
        {
          "metric": "map_norm",
          "aggregation": "mean",
          "higher_is_better": true
        },
        {
          "metric": "map_2_norm",
          "aggregation": "mean",
          "higher_is_better": true
        },
        {
          "metric": "map_3_norm",
          "aggregation": "mean",
          "higher_is_better": true
        },
        {
          "metric": "map_4_norm",
          "aggregation": "mean",
          "higher_is_better": true
        }
      ],
      "output_type": "multiple_choice",
      "repeats": 1,