{
  "results": {
    "security_sales_1-1.0-0.3": {
      "acc,none": 0.45614035087719296,
      "acc_stderr,none": 0.06655775300696491,
      "acc_norm,none": 0.45614035087719296,
      "acc_norm_stderr,none": 0.06655775300696491,
      "map,none": 0.7119883040935672,
      "map_stderr,none": 0.035892163792018594,
      "map_2,none": 0.6842105263157895,
      "map_2_stderr,none": 0.04268476523872454,
      "map_3,none": 0.7076023391812865,
      "map_3_stderr,none": 0.037146341662025566,
      "map_4,none": 0.7119883040935672,
      "map_4_stderr,none": 0.035892163792018594,
      "map_norm,none": 0.6959064327485379,
      "map_norm_stderr,none": 0.03854713338537121,
      "map_2_norm,none": 0.6578947368421053,
      "map_2_norm_stderr,none": 0.04709262512309164,
      "map_3_norm,none": 0.6695906432748538,
      "map_3_norm_stderr,none": 0.04483392962924385,
      "map_4_norm,none": 0.6959064327485379,
      "map_4_norm_stderr,none": 0.03854713338537121,
      "alias": "security_sales_1-1.0-0.3"
    },
    "fp2-1.0-0.3": {
      "acc,none": 0.2463157894736842,
      "acc_stderr,none": 0.01979026746533388,
      "acc_norm,none": 0.2463157894736842,
      "acc_norm_stderr,none": 0.01979026746533388,
      "map,none": 0.5166666666666675,
      "map_stderr,none": 0.01334045631041303,
      "map_2,none": 0.36736842105263157,
      "map_2_stderr,none": 0.019042620888099295,
      "map_3,none": 0.4529824561403516,
      "map_3_stderr,none": 0.016572753005129483,
      "map_4,none": 0.5166666666666675,
      "map_4_stderr,none": 0.01334045631041303,
      "map_norm,none": 0.5166666666666675,
      "map_norm_stderr,none": 0.01334045631041303,
      "map_2_norm,none": 0.36736842105263157,
      "map_2_norm_stderr,none": 0.019042620888099295,
      "map_3_norm,none": 0.4529824561403516,
      "map_3_norm_stderr,none": 0.016572753005129483,
      "map_4_norm,none": 0.5166666666666675,
      "map_4_norm_stderr,none": 0.01334045631041303,
      "alias": "fp2-1.0-0.3"
    },
    "cpa_audit-1.0-0.3": {
      "acc,none": 0.135678391959799,
      "acc_stderr,none": 0.017186908930253576,
      "acc_norm,none": 0.1306532663316583,
      "acc_norm_stderr,none": 0.016914586905916507,
      "map,none": 0.38990787269681737,
      "map_stderr,none": 0.01336344243319111,
      "map_2,none": 0.22613065326633167,
      "map_2_stderr,none": 0.018079689974884235,
      "map_3,none": 0.2881072026800668,
      "map_3_stderr,none": 0.017281023807417223,
      "map_4,none": 0.3251675041876044,
      "map_4_stderr,none": 0.016270272533045544,
      "map_norm,none": 0.38073701842546065,
      "map_norm_stderr,none": 0.013208844815609123,
      "map_2_norm,none": 0.20979899497487436,
      "map_2_norm_stderr,none": 0.017830047966301252,
      "map_3_norm,none": 0.2751256281407033,
      "map_3_norm_stderr,none": 0.017116254135245687,
      "map_4_norm,none": 0.31532663316582876,
      "map_4_norm_stderr,none": 0.016077664209530215,
      "alias": "cpa_audit-1.0-0.3"
    },
    "cma_basics-1.0-0.3": {
      "acc,none": 0.2894736842105263,
      "acc_stderr,none": 0.07455791696866067,
      "acc_norm,none": 0.2894736842105263,
      "acc_norm_stderr,none": 0.07455791696866067,
      "map,none": 0.543859649122807,
      "map_stderr,none": 0.05006484278356196,
      "map_2,none": 0.40789473684210525,
      "map_2_stderr,none": 0.07019395796413648,
      "map_3,none": 0.47807017543859653,
      "map_3_stderr,none": 0.062282037397441356,
      "map_4,none": 0.543859649122807,
      "map_4_stderr,none": 0.05006484278356196,
      "map_norm,none": 0.5504385964912281,
      "map_norm_stderr,none": 0.04914910095239931,
      "map_2_norm,none": 0.40789473684210525,
      "map_2_norm_stderr,none": 0.07019395796413648,
      "map_3_norm,none": 0.5043859649122808,
      "map_3_norm_stderr,none": 0.058458289962109763,
      "map_4_norm,none": 0.5504385964912281,
      "map_4_norm_stderr,none": 0.04914910095239931,
      "alias": "cma_basics-1.0-0.3"
    },
    "chabsa-1.0-0.3": {
      "acc,none": 0.5633821053994562,
      "acc_stderr,none": 0.005644005017131208,
      "f1,none": 0.3665276626082032,
      "f1_stderr,none": "N/A",
      "acc_norm,none": 0.5633821053994562,
      "acc_norm_stderr,none": 0.005644005017131208,
      "f1_norm,none": 0.3665276626082032,
      "f1_norm_stderr,none": "N/A",
      "alias": "chabsa-1.0-0.3"
    }
  },
  "group_subtasks": {
    "chabsa-1.0-0.3": [],
    "cma_basics-1.0-0.3": [],
    "cpa_audit-1.0-0.3": [],
    "fp2-1.0-0.3": [],
    "security_sales_1-1.0-0.3": []
  },
  "configs": {
    "chabsa-1.0-0.3": {
      "task": "chabsa-1.0-0.3",
      "dataset_path": "jlm_fin_eval/datasets/chabsa/chabsa.py",
      "dataset_name": "chABSA",
      "test_split": "test",
      "doc_to_text": "### 入力:\nセンテンス:{{sentence}}\nターゲット:{{target}}\n\n### 応答:\n\n",
      "doc_to_target": "{{polarity}}",
      "doc_to_choice": [
        "positive",
        "negative"
      ],
      "description": "以下は、タスクを説明する指示と、文脈のある入力の組み合わせです。要求を適切に満たす応答を書きなさい。\n\n### 指示:\n以下のセンテンスにおける、ターゲットのセンチメントをpositiveかnegativeで答えてください。\n\n\n",
      "target_delimiter": "",
      "fewshot_delimiter": "\n\n",
      "num_fewshot": 0,
      "metric_list": [
        {
          "metric": "acc",
          "aggregation": "mean",
          "higher_is_better": true
        },
        {
          "metric": "acc_norm",
          "aggregation": "mean",
          "higher_is_better": true
        },
        {
          "metric": "f1",
          "aggregation": "2class_adjusted_macro_f1_score_for_chabsa",
          "higher_is_better": true
        },
        {
          "metric": "f1_norm",
          "aggregation": "2class_adjusted_macro_f1_score_for_chabsa",
          "higher_is_better": true
        }
      ],
      "output_type": "multiple_choice",
      "repeats": 1,
      "should_decontaminate": false,
      "doc_to_decontamination_query": "sentence",
      "metadata": {
        "version": 1.0
      }
    },
    "cma_basics-1.0-0.3": {
      "task": "cma_basics-1.0-0.3",
      "dataset_path": "jlm_fin_eval/datasets/cma_basics/cma_basics.py",
      "dataset_name": "cma_basics",
      "test_split": "test",
      "doc_to_text": "def doc_to_text_03(doc):\n    q_doc_text = doc[\"question\"] + \"\\n\"\n    if doc[\"context\"] and doc[\"context\"] != \"\":\n        q_doc_text += doc[\"context\"] + \"\\n\"\n    choices = \"\\n\".join([f\"- {choice}\" for choice in doc[\"choices\"][\"text\"]])\n    input_text = f\"{q_doc_text}\" + f\"出力は以下から選択してください：\\n{choices}\"\n    return f\"### 入力:\\n{input_text}\\n\\n### 応答:\\n\"\n",
      "doc_to_target": "def doc_to_target_01(doc):\n    return [\n        choice_text\n        for choice_id, choice_text in zip(doc[\"choices\"][\"id\"], doc[\"choices\"][\"text\"])\n        if choice_id == doc[\"answer\"]\n    ][0]\n",
      "doc_to_choice": "def doc_to_choices_01(doc):\n    choices = doc[\"choices\"][\"text\"]\n    return choices\n",
      "description": "以下は、タスクを説明する指示と、文脈のある入力の組み合わせです。要求を適切に満たす応答を書きなさい。\n\n### 指示:\n与えられた選択肢の中から、最適な答えを選んでください。\n\n\n",
      "target_delimiter": "",
      "fewshot_delimiter": "\n\n",
      "num_fewshot": 0,
      "metric_list": [
        {
          "metric": "acc",
          "aggregation": "mean",
          "higher_is_better": true
        },
        {
          "metric": "acc_norm",
          "aggregation": "mean",
          "higher_is_better": true
        },
        {
          "metric": "map",
          "aggregation": "mean",
          "higher_is_better": true
        },
        {
          "metric": "map_2",
          "aggregation": "mean",
          "higher_is_better": true
        },
        {
          "metric": "map_3",
          "aggregation": "mean",
          "higher_is_better": true
        },
        {
          "metric": "map_4",
          "aggregation": "mean",
          "higher_is_better": true
        },
        {
          "metric": "map_norm",
          "aggregation": "mean",