{
  "results": {
    "security_sales_1-1.0-0.2": {
      "acc,none": 0.40350877192982454,
      "acc_stderr,none": 0.06555933012294897,
      "acc_norm,none": 0.40350877192982454,
      "acc_norm_stderr,none": 0.06555933012294897,
      "map,none": 0.6739766081871346,
      "map_stderr,none": 0.03709698866193835,
      "map_2,none": 0.6403508771929824,
      "map_2_stderr,none": 0.04469751084464112,
      "map_3,none": 0.6520467836257311,
      "map_3_stderr,none": 0.04239766081871346,
      "map_4,none": 0.6739766081871346,
      "map_4_stderr,none": 0.03709698866193835,
      "map_norm,none": 0.6739766081871346,
      "map_norm_stderr,none": 0.03709698866193835,
      "map_2_norm,none": 0.6403508771929824,
      "map_2_norm_stderr,none": 0.04469751084464112,
      "map_3_norm,none": 0.6520467836257311,
      "map_3_norm_stderr,none": 0.04239766081871346,
      "map_4_norm,none": 0.6739766081871346,
      "map_4_norm_stderr,none": 0.03709698866193835,
      "alias": "security_sales_1-1.0-0.2"
    },
    "fp2-1.0-0.2": {
      "acc,none": 0.2694736842105263,
      "acc_stderr,none": 0.02037919109795647,
      "acc_norm,none": 0.2694736842105263,
      "acc_norm_stderr,none": 0.02037919109795647,
      "map,none": 0.5343859649122816,
      "map_stderr,none": 0.013488900422312093,
      "map_2,none": 0.39473684210526316,
      "map_2_stderr,none": 0.019169619593740046,
      "map_3,none": 0.4775438596491235,
      "map_3_stderr,none": 0.01653242570748898,
      "map_4,none": 0.5343859649122816,
      "map_4_stderr,none": 0.013488900422312093,
      "map_norm,none": 0.5343859649122816,
      "map_norm_stderr,none": 0.013488900422312093,
      "map_2_norm,none": 0.39473684210526316,
      "map_2_norm_stderr,none": 0.019169619593740046,
      "map_3_norm,none": 0.4775438596491235,
      "map_3_norm_stderr,none": 0.01653242570748898,
      "map_4_norm,none": 0.5343859649122816,
      "map_4_norm_stderr,none": 0.013488900422312093,
      "alias": "fp2-1.0-0.2"
    },
    "cpa_audit-1.0-0.2": {
      "acc,none": 0.13819095477386933,
      "acc_stderr,none": 0.01732008740419801,
      "acc_norm,none": 0.13819095477386933,
      "acc_norm_stderr,none": 0.01732008740419801,
      "map,none": 0.3886934673366833,
      "map_stderr,none": 0.013445528047028968,
      "map_2,none": 0.22236180904522612,
      "map_2_stderr,none": 0.018153529941563745,
      "map_3,none": 0.28098827470686744,
      "map_3_stderr,none": 0.0174483134957862,
      "map_4,none": 0.3287269681742041,
      "map_4_stderr,none": 0.016161323898616135,
      "map_norm,none": 0.3886934673366833,
      "map_norm_stderr,none": 0.013445528047028968,
      "map_2_norm,none": 0.22236180904522612,
      "map_2_norm_stderr,none": 0.018153529941563745,
      "map_3_norm,none": 0.28098827470686744,
      "map_3_norm_stderr,none": 0.0174483134957862,
      "map_4_norm,none": 0.3287269681742041,
      "map_4_norm_stderr,none": 0.016161323898616135,
      "alias": "cpa_audit-1.0-0.2"
    },
    "cma_basics-1.0-0.2": {
      "acc,none": 0.2894736842105263,
      "acc_stderr,none": 0.07455791696866067,
      "acc_norm,none": 0.2894736842105263,
      "acc_norm_stderr,none": 0.07455791696866067,
      "map,none": 0.5614035087719298,
      "map_stderr,none": 0.0481485294143329,
      "map_2,none": 0.4342105263157895,
      "map_2_stderr,none": 0.06843883126059969,
      "map_3,none": 0.5219298245614035,
      "map_3_stderr,none": 0.05663327490478897,
      "map_4,none": 0.5614035087719298,
      "map_4_stderr,none": 0.0481485294143329,
      "map_norm,none": 0.5614035087719298,
      "map_norm_stderr,none": 0.0481485294143329,
      "map_2_norm,none": 0.4342105263157895,
      "map_2_norm_stderr,none": 0.06843883126059969,
      "map_3_norm,none": 0.5219298245614035,
      "map_3_norm_stderr,none": 0.05663327490478897,
      "map_4_norm,none": 0.5614035087719298,
      "map_4_norm_stderr,none": 0.0481485294143329,
      "alias": "cma_basics-1.0-0.2"
    },
    "chabsa-1.0-0.2": {
      "acc,none": 0.5615693383400233,
      "acc_stderr,none": 0.005646602999216832,
      "f1,none": 0.3605059406675491,
      "f1_stderr,none": "N/A",
      "acc_norm,none": 0.5615693383400233,
      "acc_norm_stderr,none": 0.005646602999216832,
      "f1_norm,none": 0.3605059406675491,
      "f1_norm_stderr,none": "N/A",
      "alias": "chabsa-1.0-0.2"
    }
  },
  "group_subtasks": {
    "chabsa-1.0-0.2": [],
    "cma_basics-1.0-0.2": [],
    "cpa_audit-1.0-0.2": [],
    "fp2-1.0-0.2": [],
    "security_sales_1-1.0-0.2": []
  },
  "configs": {
    "chabsa-1.0-0.2": {
      "task": "chabsa-1.0-0.2",
      "dataset_path": "jlm_fin_eval/datasets/chabsa/chabsa.py",
      "dataset_name": "chABSA",
      "test_split": "test",
      "doc_to_text": "センテンス: {{sentence}}\nターゲット: {{target}}\n回答:",
      "doc_to_target": "{{polarity}}",
      "doc_to_choice": [
        "positive",
        "negative"
      ],
      "description": "センテンスとターゲットを入力として受け取り、ターゲットに関するセンチメントをpositiveかnegativeから選択してください。\n\n\n",
      "target_delimiter": " ",
      "fewshot_delimiter": "\n\n",
      "num_fewshot": 0,
      "metric_list": [
        {
          "metric": "acc",
          "aggregation": "mean",
          "higher_is_better": true
        },
        {
          "metric": "acc_norm",
          "aggregation": "mean",
          "higher_is_better": true
        },
        {
          "metric": "f1",
          "aggregation": "2class_adjusted_macro_f1_score_for_chabsa",
          "higher_is_better": true
        },
        {
          "metric": "f1_norm",
          "aggregation": "2class_adjusted_macro_f1_score_for_chabsa",
          "higher_is_better": true
        }
      ],
      "output_type": "multiple_choice",
      "repeats": 1,
      "should_decontaminate": false,
      "doc_to_decontamination_query": "sentence",
      "metadata": {
        "version": 1.0
      }
    },
    "cma_basics-1.0-0.2": {
      "task": "cma_basics-1.0-0.2",
      "dataset_path": "jlm_fin_eval/datasets/cma_basics/cma_basics.py",
      "dataset_name": "cma_basics",
      "test_split": "test",
      "doc_to_text": "def doc_to_text_02(doc):\n    q_doc_text = doc[\"question\"] + \"\\n\"\n    if doc[\"context\"] and doc[\"context\"] != \"\":\n        q_doc_text += doc[\"context\"] + \"\\n\"\n    choices = \",\".join(\n        [\n            f\"{idx}.{choice}\"\n            for idx, choice in zip(doc[\"choices\"][\"id\"], doc[\"choices\"][\"text\"])\n        ]\n    )\n    return f\"質問:{q_doc_text}\" f\"選択肢:{choices}\\n\" \"回答:\"\n",
      "doc_to_target": "def doc_to_target_02(doc):\n    return [\n        str(choice_id)\n        for choice_id in doc[\"choices\"][\"id\"]\n        if choice_id == doc[\"answer\"]\n    ][0]\n",
      "doc_to_choice": "def doc_to_choices_02(doc):\n    return [str(choice) for choice in doc[\"choices\"][\"id\"]]\n",
      "description": "質問と回答の選択肢を入力として受け取り、選択肢から回答を選択してください。なお、回答は選択肢の番号(例:0)でするものとします。\n\n\n",
      "target_delimiter": "",
      "fewshot_delimiter": "\n\n",
      "num_fewshot": 0,
      "metric_list": [
        {
          "metric": "acc",
          "aggregation": "mean",
          "higher_is_better": true
        },
        {
          "metric": "acc_norm",
          "aggregation": "mean",
          "higher_is_better": true
        },
        {
          "metric": "map",
          "aggregation": "mean",
          "higher_is_better": true
        },
        {
          "metric": "map_2",
          "aggregation": "mean",
          "higher_is_better": true
        },
        {
          "metric": "map_3",
          "aggregation": "mean",
          "higher_is_better": true
        },
        {
          "metric": "map_4",
          "aggregation": "mean",
          "higher_is_better": true
        },
        {
          "metric": "map_norm",
          "aggregation": "mean",
          "higher_is_better": true
        },
        {
          "metric": "map_2_norm",
          "aggregation": "mean",