{
  "results": {
    "security_sales_1-1.0-0.2.1": {
      "acc,none": 0.5263157894736842,
      "acc_stderr,none": 0.06672270432067237,
      "acc_norm,none": 0.5263157894736842,
      "acc_norm_stderr,none": 0.06672270432067237,
      "map,none": 0.7324561403508771,
      "map_stderr,none": 0.03712372968138605,
      "map_2,none": 0.6929824561403509,
      "map_2_stderr,none": 0.04641668966779986,
      "map_3,none": 0.7280701754385965,
      "map_3_stderr,none": 0.038379430654419934,
      "map_4,none": 0.7324561403508771,
      "map_4_stderr,none": 0.03712372968138605,
      "map_norm,none": 0.7149122807017544,
      "map_norm_stderr,none": 0.04012104919586107,
      "map_2_norm,none": 0.6666666666666666,
      "map_2_norm_stderr,none": 0.05058141488890699,
      "map_3_norm,none": 0.6842105263157895,
      "map_3_norm_stderr,none": 0.047325470177397716,
      "map_4_norm,none": 0.7149122807017544,
      "map_4_norm_stderr,none": 0.04012104919586107,
      "alias": "security_sales_1-1.0-0.2.1"
    },
    "fp2-1.0-0.2.1": {
      "acc,none": 0.28210526315789475,
      "acc_stderr,none": 0.02067030135061237,
      "acc_norm,none": 0.28210526315789475,
      "acc_norm_stderr,none": 0.02067030135061237,
      "map,none": 0.5398245614035097,
      "map_stderr,none": 0.013554359610705115,
      "map_2,none": 0.4052631578947368,
      "map_2_stderr,none": 0.01916961959374005,
      "map_3,none": 0.4824561403508778,
      "map_3_stderr,none": 0.016649027760248306,
      "map_4,none": 0.5398245614035097,
      "map_4_stderr,none": 0.013554359610705115,
      "map_norm,none": 0.5398245614035097,
      "map_norm_stderr,none": 0.013554359610705115,
      "map_2_norm,none": 0.4052631578947368,
      "map_2_norm_stderr,none": 0.01916961959374005,
      "map_3_norm,none": 0.4824561403508778,
      "map_3_norm_stderr,none": 0.016649027760248306,
      "map_4_norm,none": 0.5398245614035097,
      "map_4_norm_stderr,none": 0.013554359610705115,
      "alias": "fp2-1.0-0.2.1"
    },
    "cpa_audit-1.0-0.2.1": {
      "acc,none": 0.1507537688442211,
      "acc_stderr,none": 0.017957904178307886,
      "acc_norm,none": 0.1407035175879397,
      "acc_norm_stderr,none": 0.017451338441977046,
      "map,none": 0.39501675041876,
      "map_stderr,none": 0.013915004527387054,
      "map_2,none": 0.23366834170854273,
      "map_2_stderr,none": 0.018617870221531704,
      "map_3,none": 0.2872696817420433,
      "map_3_stderr,none": 0.017924716522159184,
      "map_4,none": 0.33186767169179204,
      "map_4_stderr,none": 0.016728045094408835,
      "map_norm,none": 0.38551088777219383,
      "map_norm_stderr,none": 0.013605942549037794,
      "map_2_norm,none": 0.2198492462311558,
      "map_2_norm_stderr,none": 0.018230451097186327,
      "map_3_norm,none": 0.2751256281407033,
      "map_3_norm_stderr,none": 0.017602362110084133,
      "map_4_norm,none": 0.32160804020100475,
      "map_4_norm_stderr,none": 0.016408721189694456,
      "alias": "cpa_audit-1.0-0.2.1"
    },
    "cma_basics-1.0-0.2.1": {
      "acc,none": 0.34210526315789475,
      "acc_stderr,none": 0.07799328662681833,
      "acc_norm,none": 0.34210526315789475,
      "acc_norm_stderr,none": 0.07799328662681833,
      "map,none": 0.5745614035087719,
      "map_stderr,none": 0.05238403934293911,
      "map_2,none": 0.4473684210526316,
      "map_2_stderr,none": 0.07252182112435493,
      "map_3,none": 0.5087719298245613,
      "map_3_stderr,none": 0.06500640338212943,
      "map_4,none": 0.5745614035087719,
      "map_4_stderr,none": 0.05238403934293911,
      "map_norm,none": 0.5855263157894737,
      "map_norm_stderr,none": 0.05130727823302039,
      "map_2_norm,none": 0.47368421052631576,
      "map_2_norm_stderr,none": 0.0704268847506417,
      "map_3_norm,none": 0.5263157894736842,
      "map_3_norm_stderr,none": 0.06333742462312268,
      "map_4_norm,none": 0.5855263157894737,
      "map_4_norm_stderr,none": 0.05130727823302039,
      "alias": "cma_basics-1.0-0.2.1"
    },
    "chabsa-1.0-0.2": {
      "acc,none": 0.5615693383400233,
      "acc_stderr,none": 0.005646602999216832,
      "f1,none": 0.3605059406675491,
      "f1_stderr,none": "N/A",
      "acc_norm,none": 0.5615693383400233,
      "acc_norm_stderr,none": 0.005646602999216832,
      "f1_norm,none": 0.3605059406675491,
      "f1_norm_stderr,none": "N/A",
      "alias": "chabsa-1.0-0.2"
    }
  },
  "group_subtasks": {
    "chabsa-1.0-0.2": [],
    "cma_basics-1.0-0.2.1": [],
    "cpa_audit-1.0-0.2.1": [],
    "fp2-1.0-0.2.1": [],
    "security_sales_1-1.0-0.2.1": []
  },
  "configs": {
    "chabsa-1.0-0.2": {
      "task": "chabsa-1.0-0.2",
      "dataset_path": "jlm_fin_eval/datasets/chabsa/chabsa.py",
      "dataset_name": "chABSA",
      "test_split": "test",
      "doc_to_text": "センテンス: {{sentence}}\nターゲット: {{target}}\n回答:",
      "doc_to_target": "{{polarity}}",
      "doc_to_choice": [
        "positive",
        "negative"
      ],
      "description": "センテンスとターゲットを入力として受け取り、ターゲットに関するセンチメントをpositiveかnegativeから選択してください。\n\n\n",
      "target_delimiter": " ",
      "fewshot_delimiter": "\n\n",
      "num_fewshot": 0,
      "metric_list": [
        {
          "metric": "acc",
          "aggregation": "mean",
          "higher_is_better": true
        },
        {
          "metric": "acc_norm",
          "aggregation": "mean",
          "higher_is_better": true
        },
        {
          "metric": "f1",
          "aggregation": "2class_adjusted_macro_f1_score_for_chabsa",
          "higher_is_better": true
        },
        {
          "metric": "f1_norm",
          "aggregation": "2class_adjusted_macro_f1_score_for_chabsa",
          "higher_is_better": true
        }
      ],
      "output_type": "multiple_choice",
      "repeats": 1,
      "should_decontaminate": false,
      "doc_to_decontamination_query": "sentence",
      "metadata": {
        "version": 1.0
      }
    },
    "cma_basics-1.0-0.2.1": {
      "task": "cma_basics-1.0-0.2.1",
      "dataset_path": "jlm_fin_eval/datasets/cma_basics/cma_basics.py",
      "dataset_name": "cma_basics",
      "test_split": "test",
      "doc_to_text": "def doc_to_text_02_1(doc):\n    q_doc_text = doc[\"question\"] + \"\\n\"\n    if doc[\"context\"] and doc[\"context\"] != \"\":\n        q_doc_text += doc[\"context\"] + \"\\n\"\n    choices = \"\\n\".join([f\"- {choice}\" for choice in doc[\"choices\"][\"text\"]])\n    return f\"質問:{q_doc_text}選択肢:\\n{choices}\\n回答:\"\n",
      "doc_to_target": "def doc_to_target_01(doc):\n    return [\n        choice_text\n        for choice_id, choice_text in zip(doc[\"choices\"][\"id\"], doc[\"choices\"][\"text\"])\n        if choice_id == doc[\"answer\"]\n    ][0]\n",
      "doc_to_choice": "def doc_to_choices_01(doc):\n    choices = doc[\"choices\"][\"text\"]\n    return choices\n",
      "description": "与えられた選択肢の中から、最適な答えを選んでください。\n\n\n",
      "target_delimiter": "",
      "fewshot_delimiter": "\n\n",
      "num_fewshot": 0,
      "metric_list": [
        {
          "metric": "acc",
          "aggregation": "mean",
          "higher_is_better": true
        },
        {
          "metric": "acc_norm",
          "aggregation": "mean",
          "higher_is_better": true
        },
        {
          "metric": "map",
          "aggregation": "mean",
          "higher_is_better": true
        },
        {
          "metric": "map_2",
          "aggregation": "mean",
          "higher_is_better": true
        },
        {
          "metric": "map_3",
          "aggregation": "mean",
          "higher_is_better": true
        },
        {
          "metric": "map_4",
          "aggregation": "mean",
          "higher_is_better": true
        },
        {
          "metric": "map_norm",
          "aggregation": "mean",
          "higher_is_better": true
        },
        {
          "metric": "map_2_norm",
          "aggregation": "mean",
          "higher_is_better": true
        },
        {
          "metric": "map_3_norm",