{
  "results": {
    "security_sales_1-1.0-0.3": {
      "acc,none": 0.42105263157894735,
      "acc_stderr,none": 0.06597717584505354,
      "acc_norm,none": 0.42105263157894735,
      "acc_norm_stderr,none": 0.06597717584505354,
      "map,none": 0.6783625730994151,
      "map_stderr,none": 0.03786077939019824,
      "map_2,none": 0.631578947368421,
      "map_2_stderr,none": 0.04770141932499819,
      "map_3,none": 0.6608187134502922,
      "map_3_stderr,none": 0.04212672339025382,
      "map_4,none": 0.6783625730994151,
      "map_4_stderr,none": 0.03786077939019824,
      "map_norm,none": 0.6725146198830408,
      "map_norm_stderr,none": 0.03873677860356246,
      "map_2_norm,none": 0.6228070175438597,
      "map_2_norm_stderr,none": 0.04892436645686708,
      "map_3_norm,none": 0.6461988304093567,
      "map_3_norm_stderr,none": 0.044752128260274755,
      "map_4_norm,none": 0.6725146198830408,
      "map_4_norm_stderr,none": 0.03873677860356246,
      "alias": "security_sales_1-1.0-0.3"
    },
    "fp2-1.0-0.3": {
      "acc,none": 0.24210526315789474,
      "acc_stderr,none": 0.01967512001202636,
      "acc_norm,none": 0.24210526315789474,
      "acc_norm_stderr,none": 0.01967512001202636,
      "map,none": 0.5159649122807025,
      "map_stderr,none": 0.01322617563515498,
      "map_2,none": 0.36736842105263157,
      "map_2_stderr,none": 0.01892564204544727,
      "map_3,none": 0.4543859649122812,
      "map_3_stderr,none": 0.016386425697822053,
      "map_4,none": 0.5159649122807025,
      "map_4_stderr,none": 0.01322617563515498,
      "map_norm,none": 0.5159649122807025,
      "map_norm_stderr,none": 0.01322617563515498,
      "map_2_norm,none": 0.36736842105263157,
      "map_2_norm_stderr,none": 0.01892564204544727,
      "map_3_norm,none": 0.4543859649122812,
      "map_3_norm_stderr,none": 0.016386425697822053,
      "map_4_norm,none": 0.5159649122807025,
      "map_4_norm_stderr,none": 0.01322617563515498,
      "alias": "fp2-1.0-0.3"
    },
    "cpa_audit-1.0-0.3": {
      "acc,none": 0.13819095477386933,
      "acc_stderr,none": 0.01732008740419801,
      "acc_norm,none": 0.12311557788944724,
      "acc_norm_stderr,none": 0.016490446999484466,
      "map,none": 0.38643216080402004,
      "map_stderr,none": 0.013456206648660686,
      "map_2,none": 0.2185929648241206,
      "map_2_stderr,none": 0.01813808464753365,
      "map_3,none": 0.2763819095477385,
      "map_3_stderr,none": 0.017477440042782778,
      "map_4,none": 0.3241206030150751,
      "map_4_stderr,none": 0.016226936699936877,
      "map_norm,none": 0.3738693467336684,
      "map_norm_stderr,none": 0.012922063088038982,
      "map_2_norm,none": 0.19974874371859297,
      "map_2_norm_stderr,none": 0.017496498403683138,
      "map_3_norm,none": 0.2608877721943046,
      "map_3_norm_stderr,none": 0.016926973636146505,
      "map_4_norm,none": 0.31113902847571157,
      "map_4_norm_stderr,none": 0.015676769380741622,
      "alias": "cpa_audit-1.0-0.3"
    },
    "cma_basics-1.0-0.3": {
      "acc,none": 0.3157894736842105,
      "acc_stderr,none": 0.07641750223933594,
      "acc_norm,none": 0.2631578947368421,
      "acc_norm_stderr,none": 0.0723926637268818,
      "map,none": 0.5657894736842105,
      "map_stderr,none": 0.050204841063710544,
      "map_2,none": 0.42105263157894735,
      "map_2_stderr,none": 0.071873713210013,
      "map_3,none": 0.5263157894736843,
      "map_3_stderr,none": 0.05847162899022681,
      "map_4,none": 0.5657894736842105,
      "map_4_stderr,none": 0.050204841063710544,
      "map_norm,none": 0.5504385964912282,
      "map_norm_stderr,none": 0.046674992661826224,
      "map_2_norm,none": 0.4342105263157895,
      "map_2_norm_stderr,none": 0.06578947368421051,
      "map_3_norm,none": 0.5043859649122808,
      "map_3_norm_stderr,none": 0.05639408196651929,
      "map_4_norm,none": 0.5504385964912282,
      "map_4_norm_stderr,none": 0.046674992661826224,
      "alias": "cma_basics-1.0-0.3"
    },
    "chabsa-1.0-0.3": {
      "acc,none": 0.5611808882558591,
      "acc_stderr,none": 0.0056471497500452435,
      "f1,none": 0.3594592352989964,
      "f1_stderr,none": "N/A",
      "acc_norm,none": 0.5611808882558591,
      "acc_norm_stderr,none": 0.0056471497500452435,
      "f1_norm,none": 0.3594592352989964,
      "f1_norm_stderr,none": "N/A",
      "alias": "chabsa-1.0-0.3"
    }
  },
  "group_subtasks": {
    "chabsa-1.0-0.3": [],
    "cma_basics-1.0-0.3": [],
    "cpa_audit-1.0-0.3": [],
    "fp2-1.0-0.3": [],
    "security_sales_1-1.0-0.3": []
  },
  "configs": {
    "chabsa-1.0-0.3": {
      "task": "chabsa-1.0-0.3",
      "dataset_path": "jlm_fin_eval/datasets/chabsa/chabsa.py",
      "dataset_name": "chABSA",
      "test_split": "test",
      "doc_to_text": "### 入力:\nセンテンス:{{sentence}}\nターゲット:{{target}}\n\n### 応答:\n\n",
      "doc_to_target": "{{polarity}}",
      "doc_to_choice": [
        "positive",
        "negative"
      ],
      "description": "以下は、タスクを説明する指示と、文脈のある入力の組み合わせです。要求を適切に満たす応答を書きなさい。\n\n### 指示:\n以下のセンテンスにおける、ターゲットのセンチメントをpositiveかnegativeで答えてください。\n\n\n",
      "target_delimiter": "",
      "fewshot_delimiter": "\n\n",
      "num_fewshot": 0,
      "metric_list": [
        {
          "metric": "acc",
          "aggregation": "mean",
          "higher_is_better": true
        },
        {
          "metric": "acc_norm",
          "aggregation": "mean",
          "higher_is_better": true
        },
        {
          "metric": "f1",
          "aggregation": "2class_adjusted_macro_f1_score_for_chabsa",
          "higher_is_better": true
        },
        {
          "metric": "f1_norm",
          "aggregation": "2class_adjusted_macro_f1_score_for_chabsa",
          "higher_is_better": true
        }
      ],
      "output_type": "multiple_choice",
      "repeats": 1,
      "should_decontaminate": false,
      "doc_to_decontamination_query": "sentence",
      "metadata": {
        "version": 1.0
      }
    },
    "cma_basics-1.0-0.3": {
      "task": "cma_basics-1.0-0.3",
      "dataset_path": "jlm_fin_eval/datasets/cma_basics/cma_basics.py",
      "dataset_name": "cma_basics",
      "test_split": "test",
      "doc_to_text": "def doc_to_text_03(doc):\n    q_doc_text = doc[\"question\"] + \"\\n\"\n    if doc[\"context\"] and doc[\"context\"] != \"\":\n        q_doc_text += doc[\"context\"] + \"\\n\"\n    choices = \"\\n\".join([f\"- {choice}\" for choice in doc[\"choices\"][\"text\"]])\n    input_text = f\"{q_doc_text}\" + f\"出力は以下から選択してください：\\n{choices}\"\n    return f\"### 入力:\\n{input_text}\\n\\n### 応答:\\n\"\n",
      "doc_to_target": "def doc_to_target_01(doc):\n    return [\n        choice_text\n        for choice_id, choice_text in zip(doc[\"choices\"][\"id\"], doc[\"choices\"][\"text\"])\n        if choice_id == doc[\"answer\"]\n    ][0]\n",
      "doc_to_choice": "def doc_to_choices_01(doc):\n    choices = doc[\"choices\"][\"text\"]\n    return choices\n",
      "description": "以下は、タスクを説明する指示と、文脈のある入力の組み合わせです。要求を適切に満たす応答を書きなさい。\n\n### 指示:\n与えられた選択肢の中から、最適な答えを選んでください。\n\n\n",
      "target_delimiter": "",
      "fewshot_delimiter": "\n\n",
      "num_fewshot": 0,
      "metric_list": [
        {
          "metric": "acc",
          "aggregation": "mean",
          "higher_is_better": true
        },
        {
          "metric": "acc_norm",
          "aggregation": "mean",
          "higher_is_better": true
        },
        {
          "metric": "map",
          "aggregation": "mean",
          "higher_is_better": true
        },
        {
          "metric": "map_2",
          "aggregation": "mean",
          "higher_is_better": true
        },
        {
          "metric": "map_3",
          "aggregation": "mean",
          "higher_is_better": true
        },
        {
          "metric": "map_4",
          "aggregation": "mean",
          "higher_is_better": true
        },
        {
          "metric": "map_norm",
          "aggregation": "mean",