{
  "results": {
    "chabsa-1.0-0.6": {
      "acc": 0.9059950796322672,
      "f1": 0.9184625118262304
    },
    "cma_basics-1.0-0.3": {
      "acc": 0.6052631578947368,
      "acc_stderr": 0.0803572542664568,
      "map": 0.7631578947368421,
      "map_stderr": 0.04954813159155471,
      "map_2": 0.7105263157894737,
      "map_2_stderr": 0.06431491177028903,
      "map_3": 0.7368421052631579,
      "map_3_stderr": 0.05782788502005361,
      "map_4": 0.7631578947368421,
      "map_4_stderr": 0.04954813159155471
    },
    "cpa_audit": {
      "acc": 0.228643216080402,
      "acc_stderr": 0.02107713408916462,
      "map": 0.4504606365159127,
      "map_stderr": 0.015936936740733227,
      "map_2": 0.3065326633165829,
      "map_2_stderr": 0.02091277712065216,
      "map_3": 0.35678391959798966,
      "map_3_stderr": 0.01988908749664021,
      "map_4": 0.39007537688442206,
      "map_4_stderr": 0.018812506098749335
    },
    "fp2-1.0-0.1.2": {
      "acc": 0.36,
      "acc_stderr": 0.022047130184381973,
      "map": 0.596666666666667,
      "map_stderr": 0.014308567882974774,
      "map_2": 0.48105263157894734,
      "map_2_stderr": 0.01986289600553993,
      "map_3": 0.5498245614035095,
      "map_3_stderr": 0.01712685241557798,
      "map_4": 0.596666666666667,
      "map_4_stderr": 0.014308567882974774
    },
    "security_sales_1-1.0-0.1.2": {
      "acc": 0.5263157894736842,
      "acc_stderr": 0.06672270432067237,
      "map": 0.7412280701754387,
      "map_stderr": 0.037354342718503374,
      "map_2": 0.7105263157894737,
      "map_2_stderr": 0.045034393047785476,
      "map_3": 0.7280701754385966,
      "map_3_stderr": 0.04101019591968315,
      "map_4": 0.7412280701754387,
      "map_4_stderr": 0.037354342718503374
    }
  },
  "versions": {
    "chabsa-1.0-0.6": 1.0,
    "cma_basics-1.0-0.3": 1.0,
    "cpa_audit": 1.0,
    "fp2-1.0-0.1.2": 1.0,
    "security_sales_1-1.0-0.1.2": 1.0
  },
  "config": {
    "model": "hf-causal-experimental",
    "model_args": "pretrained=stabilityai/japanese-stablelm-instruct-beta-70b,trust_remote_code=True,use_accelerate=True,device_map_option=auto",
    "num_fewshot": [
      4,
      4,
      2,
      3,
      4
    ],
    "batch_size": null,
    "device": null,
    "no_cache": true,
    "limit": null,
    "bootstrap_iters": 100000,
    "description_dict": {}
  }
}