{
  "results": {
    "chabsa-1.0-0.4": {
      "acc": 0.5422763174932022,
      "f1": 0.542972743672392
    },
    "cma_basics-1.0-0.2": {
      "acc": 0.42105263157894735,
      "acc_stderr": 0.08116837904800629,
      "map": 0.6271929824561402,
      "map_stderr": 0.05359090929407867,
      "map_2": 0.5,
      "map_2_stderr": 0.07543142864047142,
      "map_3": 0.5877192982456139,
      "map_3_stderr": 0.0624612546587186,
      "map_4": 0.6271929824561402,
      "map_4_stderr": 0.05359090929407867
    },
    "cpa_audit-1.0-0.1": {
      "acc": 0.19597989949748743,
      "acc_stderr": 0.019922505943002544,
      "map": 0.4178391959798991,
      "map_stderr": 0.015299918522243319,
      "map_2": 0.2600502512562814,
      "map_2_stderr": 0.020099810280094537,
      "map_3": 0.31365159128978193,
      "map_3_stderr": 0.01927560079222406,
      "map_4": 0.3500837520938023,
      "map_4_stderr": 0.018264195710264917
    },
    "fp2-1.0-0.5": {
      "acc": 0.28421052631578947,
      "acc_stderr": 0.020716842403490872,
      "map": 0.5391228070175447,
      "map_stderr": 0.013931174841181051,
      "map_2": 0.3968421052631579,
      "map_2_stderr": 0.01965110551209865,
      "map_3": 0.4754385964912287,
      "map_3_stderr": 0.01722788971095992,
      "map_4": 0.5391228070175447,
      "map_4_stderr": 0.013931174841181051
    },
    "security_sales_1-1.0-0.2.1": {
      "acc": 0.5087719298245614,
      "acc_stderr": 0.06680502724442025,
      "map": 0.7251461988304094,
      "map_stderr": 0.038460892535570224,
      "map_2": 0.6842105263157895,
      "map_2_stderr": 0.047873938583691884,
      "map_3": 0.7076023391812866,
      "map_3_stderr": 0.04300901662328507,
      "map_4": 0.7251461988304094,
      "map_4_stderr": 0.038460892535570224
    }
  },
  "versions": {
    "chabsa-1.0-0.4": 1.0,
    "cma_basics-1.0-0.2": 1.0,
    "cpa_audit-1.0-0.1": 1.0,
    "fp2-1.0-0.5": 1.0,
    "security_sales_1-1.0-0.2.1": 1.0
  },
  "config": {
    "model": "hf-causal-experimental",
    "model_args": "pretrained=line-corporation/japanese-large-lm-1.7b,trust_remote_code=True",
    "num_fewshot": [
      4,
      3,
      4,
      2,
      2
    ],
    "batch_size": null,
    "device": null,
    "no_cache": true,
    "limit": null,
    "bootstrap_iters": 100000,
    "description_dict": {}
  }
}