{
  "results": {
    "security_sales_1-1.0-0.1": {
      "acc,none": 0.49122807017543857,
      "acc_stderr,none": 0.06680502724442025,
      "acc_norm,none": 0.47368421052631576,
      "acc_norm_stderr,none": 0.06672270432067239,
      "map,none": 0.7251461988304093,
      "map_stderr,none": 0.03690201961444881,
      "map_2,none": 0.6929824561403509,
      "map_2_stderr,none": 0.044697510844641145,
      "map_3,none": 0.7163742690058479,
      "map_3_stderr,none": 0.03934972336520056,
      "map_4,none": 0.7251461988304093,
      "map_4_stderr,none": 0.03690201961444881,
      "map_norm,none": 0.7149122807017544,
      "map_norm_stderr,none": 0.03707743495121619,
      "map_2_norm,none": 0.6842105263157895,
      "map_2_norm_stderr,none": 0.04448180288044822,
      "map_3_norm,none": 0.7017543859649122,
      "map_3_norm_stderr,none": 0.04060614472686628,
      "map_4_norm,none": 0.7149122807017544,
      "map_4_norm_stderr,none": 0.03707743495121619,
      "alias": "security_sales_1-1.0-0.1"
    },
    "fp2-1.0-0.1": {
      "acc,none": 0.24,
      "acc_stderr,none": 0.019616577850947305,
      "acc_norm,none": 0.24,
      "acc_norm_stderr,none": 0.019616577850947305,
      "map,none": 0.5121052631578956,
      "map_stderr,none": 0.013244132232142119,
      "map_2,none": 0.36,
      "map_2_stderr,none": 0.018960318322382545,
      "map_3,none": 0.44842105263157966,
      "map_3_stderr,none": 0.016458119959134713,
      "map_4,none": 0.5121052631578956,
      "map_4_stderr,none": 0.013244132232142119,
      "map_norm,none": 0.5121052631578956,
      "map_norm_stderr,none": 0.013244132232142119,
      "map_2_norm,none": 0.36,
      "map_2_norm_stderr,none": 0.018960318322382545,
      "map_3_norm,none": 0.44842105263157966,
      "map_3_norm_stderr,none": 0.016458119959134713,
      "map_4_norm,none": 0.5121052631578956,
      "map_4_norm_stderr,none": 0.013244132232142119,
      "alias": "fp2-1.0-0.1"
    },
    "cpa_audit-1.0-0.1": {
      "acc,none": 0.13819095477386933,
      "acc_stderr,none": 0.01732008740419801,
      "acc_norm,none": 0.13819095477386933,
      "acc_norm_stderr,none": 0.01732008740419801,
      "map,none": 0.38291457286432157,
      "map_stderr,none": 0.013512886789883017,
      "map_2,none": 0.21482412060301506,
      "map_2_stderr,none": 0.018120651820699225,
      "map_3,none": 0.2717755443886095,
      "map_3_stderr,none": 0.017503464866725056,
      "map_4,none": 0.3195142378559461,
      "map_4_stderr,none": 0.01628900440362496,
      "map_norm,none": 0.3809045226130652,
      "map_norm_stderr,none": 0.01355664640692484,
      "map_2_norm,none": 0.2135678391959799,
      "map_2_norm_stderr,none": 0.018114398231514273,
      "map_3_norm,none": 0.2696817420435509,
      "map_3_norm_stderr,none": 0.01751974699302931,
      "map_4_norm,none": 0.31616415410385235,
      "map_4_norm_stderr,none": 0.016359073922530554,
      "alias": "cpa_audit-1.0-0.1"
    },
    "cma_basics-1.0-0.1": {
      "acc,none": 0.2631578947368421,
      "acc_stderr,none": 0.0723926637268818,
      "acc_norm,none": 0.21052631578947367,
      "acc_norm_stderr,none": 0.06702258315442244,
      "map,none": 0.5285087719298246,
      "map_stderr,none": 0.04851561373265506,
      "map_2,none": 0.3815789473684211,
      "map_2_stderr,none": 0.06911915445746265,
      "map_3,none": 0.46929824561403516,
      "map_3_stderr,none": 0.05958580998274486,
      "map_4,none": 0.5285087719298246,
      "map_4_stderr,none": 0.04851561373265506,
      "map_norm,none": 0.5197368421052632,
      "map_norm_stderr,none": 0.042914484047110166,
      "map_2_norm,none": 0.3684210526315789,
      "map_2_norm_stderr,none": 0.064460256389031,
      "map_3_norm,none": 0.5,
      "map_3_norm_stderr,none": 0.04745789978762494,
      "map_4_norm,none": 0.5197368421052632,
      "map_4_norm_stderr,none": 0.042914484047110166,
      "alias": "cma_basics-1.0-0.1"
    },
    "chabsa-1.0-0.1": {
      "acc,none": 0.4535802149423799,
      "acc_stderr,none": 0.005665331936999181,
      "f1,none": 0.3976582170289744,
      "f1_stderr,none": "N/A",
      "acc_norm,none": 0.4535802149423799,
      "acc_norm_stderr,none": 0.005665331936999181,
      "f1_norm,none": 0.3976582170289744,
      "f1_norm_stderr,none": "N/A",
      "alias": "chabsa-1.0-0.1"
    }
  },
  "group_subtasks": {
    "chabsa-1.0-0.1": [],
    "cma_basics-1.0-0.1": [],
    "cpa_audit-1.0-0.1": [],
    "fp2-1.0-0.1": [],
    "security_sales_1-1.0-0.1": []
  },
  "configs": {
    "chabsa-1.0-0.1": {
      "task": "chabsa-1.0-0.1",
      "dataset_path": "jlm_fin_eval/datasets/chabsa/chabsa.py",
      "dataset_name": "chABSA",
      "test_split": "test",
      "doc_to_text": "[センテンス]: {{sentence}}\nターゲット]: {{target}}\n[答え]:",
      "doc_to_target": "{{polarity}}",
      "doc_to_choice": [
        "positive",
        "negative"
      ],
      "description": "[センテンス]における、[ターゲット]のセンチメントをpositiveかnegativeで選んでください。\n\n\n",
      "target_delimiter": " ",
      "fewshot_delimiter": "\n\n",
      "num_fewshot": 0,
      "metric_list": [
        {
          "metric": "acc",
          "aggregation": "mean",
          "higher_is_better": true
        },
        {
          "metric": "acc_norm",
          "aggregation": "mean",
          "higher_is_better": true
        },
        {
          "metric": "f1",
          "aggregation": "2class_adjusted_macro_f1_score_for_chabsa",
          "higher_is_better": true
        },
        {
          "metric": "f1_norm",
          "aggregation": "2class_adjusted_macro_f1_score_for_chabsa",
          "higher_is_better": true
        }
      ],
      "output_type": "multiple_choice",
      "repeats": 1,
      "should_decontaminate": false,
      "doc_to_decontamination_query": "sentence",
      "metadata": {
        "version": 1.0
      }
    },
    "cma_basics-1.0-0.1": {
      "task": "cma_basics-1.0-0.1",
      "dataset_path": "jlm_fin_eval/datasets/cma_basics/cma_basics.py",
      "dataset_name": "cma_basics",
      "test_split": "test",
      "doc_to_text": "def doc_to_text_01(doc):\n    q_doc_text = doc[\"question\"] + \"\\n\"\n    if doc[\"context\"] and doc[\"context\"] != \"\":\n        q_doc_text += doc[\"context\"] + \"\\n\"\n    return f\"[問題]:{q_doc_text}[選択肢]:[{', '.join(doc['choices']['text'])}]\\n[答え]:\"\n",
      "doc_to_target": "def doc_to_target_01(doc):\n    return [\n        choice_text\n        for choice_id, choice_text in zip(doc[\"choices\"][\"id\"], doc[\"choices\"][\"text\"])\n        if choice_id == doc[\"answer\"]\n    ][0]\n",
      "doc_to_choice": "def doc_to_choices_01(doc):\n    choices = doc[\"choices\"][\"text\"]\n    return choices\n",
      "description": "[問題]に対する[答え]を[選択肢]の中から選んでください。\n\n\n",
      "target_delimiter": "",
      "fewshot_delimiter": "\n\n",
      "num_fewshot": 0,
      "metric_list": [
        {
          "metric": "acc",
          "aggregation": "mean",
          "higher_is_better": true
        },
        {
          "metric": "acc_norm",
          "aggregation": "mean",
          "higher_is_better": true
        },
        {
          "metric": "map",
          "aggregation": "mean",
          "higher_is_better": true
        },
        {
          "metric": "map_2",
          "aggregation": "mean",
          "higher_is_better": true
        },
        {
          "metric": "map_3",
          "aggregation": "mean",
          "higher_is_better": true
        },
        {
          "metric": "map_4",
          "aggregation": "mean",
          "higher_is_better": true
        },
        {
          "metric": "map_norm",
          "aggregation": "mean",
          "higher_is_better": true
        },
        {
          "metric": "map_2_norm",
          "aggregation": "mean",
          "higher_is_better": true
        },
        {
          "metric": "map_3_norm",
          "aggregation": "mean",
          "higher_is_better": true
        },
        {
          "metric": "map_4_norm",
          "aggregation": "mean",