{
  "results": {
    "security_sales_1-1.0-0.2": {
      "acc,none": 0.42105263157894735,
      "acc_stderr,none": 0.06597717584505354,
      "acc_norm,none": 0.42105263157894735,
      "acc_norm_stderr,none": 0.06597717584505354,
      "map,none": 0.682748538011696,
      "map_stderr,none": 0.03739825357817794,
      "map_2,none": 0.6491228070175439,
      "map_2_stderr,none": 0.04506489382544239,
      "map_3,none": 0.6608187134502925,
      "map_3_stderr,none": 0.04274195470029769,
      "map_4,none": 0.682748538011696,
      "map_4_stderr,none": 0.03739825357817794,
      "map_norm,none": 0.682748538011696,
      "map_norm_stderr,none": 0.03739825357817794,
      "map_2_norm,none": 0.6491228070175439,
      "map_2_norm_stderr,none": 0.04506489382544239,
      "map_3_norm,none": 0.6608187134502925,
      "map_3_norm_stderr,none": 0.04274195470029769,
      "map_4_norm,none": 0.682748538011696,
      "map_4_norm_stderr,none": 0.03739825357817794,
      "alias": "security_sales_1-1.0-0.2"
    },
    "fp2-1.0-0.2": {
      "acc,none": 0.22105263157894736,
      "acc_stderr,none": 0.019059553882511383,
      "acc_norm,none": 0.22105263157894736,
      "acc_norm_stderr,none": 0.019059553882511383,
      "map,none": 0.5045614035087728,
      "map_stderr,none": 0.012848849248182963,
      "map_2,none": 0.3568421052631579,
      "map_2_stderr,none": 0.018464876015584497,
      "map_3,none": 0.4403508771929832,
      "map_3_stderr,none": 0.0161006021512762,
      "map_4,none": 0.5045614035087728,
      "map_4_stderr,none": 0.012848849248182963,
      "map_norm,none": 0.5045614035087728,
      "map_norm_stderr,none": 0.012848849248182963,
      "map_2_norm,none": 0.3568421052631579,
      "map_2_norm_stderr,none": 0.018464876015584497,
      "map_3_norm,none": 0.4403508771929832,
      "map_3_norm_stderr,none": 0.0161006021512762,
      "map_4_norm,none": 0.5045614035087728,
      "map_4_norm_stderr,none": 0.012848849248182963,
      "alias": "fp2-1.0-0.2"
    },
    "cpa_audit-1.0-0.2": {
      "acc,none": 0.13819095477386933,
      "acc_stderr,none": 0.01732008740419801,
      "acc_norm,none": 0.13819095477386933,
      "acc_norm_stderr,none": 0.01732008740419801,
      "map,none": 0.38798157453936344,
      "map_stderr,none": 0.013464683103399266,
      "map_2,none": 0.22236180904522612,
      "map_2_stderr,none": 0.018153529941563745,
      "map_3,none": 0.28015075376884396,
      "map_3_stderr,none": 0.017462079725209134,
      "map_4,none": 0.32600502512562785,
      "map_4_stderr,none": 0.016241537607915205,
      "map_norm,none": 0.38798157453936344,
      "map_norm_stderr,none": 0.013464683103399266,
      "map_2_norm,none": 0.22236180904522612,
      "map_2_norm_stderr,none": 0.018153529941563745,
      "map_3_norm,none": 0.28015075376884396,
      "map_3_norm_stderr,none": 0.017462079725209134,
      "map_4_norm,none": 0.32600502512562785,
      "map_4_norm_stderr,none": 0.016241537607915205,
      "alias": "cpa_audit-1.0-0.2"
    },
    "cma_basics-1.0-0.2": {
      "acc,none": 0.21052631578947367,
      "acc_stderr,none": 0.06702258315442244,
      "acc_norm,none": 0.21052631578947367,
      "acc_norm_stderr,none": 0.06702258315442244,
      "map,none": 0.4934210526315789,
      "map_stderr,none": 0.04537020626227196,
      "map_2,none": 0.32894736842105265,
      "map_2_stderr,none": 0.0660733562268826,
      "map_3,none": 0.43421052631578955,
      "map_3_stderr,none": 0.0560612069563919,
      "map_4,none": 0.4934210526315789,
      "map_4_stderr,none": 0.04537020626227196,
      "map_norm,none": 0.4934210526315789,
      "map_norm_stderr,none": 0.04537020626227196,
      "map_2_norm,none": 0.32894736842105265,
      "map_2_norm_stderr,none": 0.0660733562268826,
      "map_3_norm,none": 0.43421052631578955,
      "map_3_norm_stderr,none": 0.0560612069563919,
      "map_4_norm,none": 0.4934210526315789,
      "map_4_norm_stderr,none": 0.04537020626227196,
      "alias": "cma_basics-1.0-0.2"
    },
    "chabsa-1.0-0.2": {
      "acc,none": 0.45940696620484267,
      "acc_stderr,none": 0.005671123591299294,
      "f1,none": 0.4295576069744752,
      "f1_stderr,none": "N/A",
      "acc_norm,none": 0.45940696620484267,
      "acc_norm_stderr,none": 0.005671123591299294,
      "f1_norm,none": 0.4295576069744752,
      "f1_norm_stderr,none": "N/A",
      "alias": "chabsa-1.0-0.2"
    }
  },
  "group_subtasks": {
    "chabsa-1.0-0.2": [],
    "cma_basics-1.0-0.2": [],
    "cpa_audit-1.0-0.2": [],
    "fp2-1.0-0.2": [],
    "security_sales_1-1.0-0.2": []
  },
  "configs": {
    "chabsa-1.0-0.2": {
      "task": "chabsa-1.0-0.2",
      "dataset_path": "jlm_fin_eval/datasets/chabsa/chabsa.py",
      "dataset_name": "chABSA",
      "test_split": "test",
      "doc_to_text": "センテンス: {{sentence}}\nターゲット: {{target}}\n回答:",
      "doc_to_target": "{{polarity}}",
      "doc_to_choice": [
        "positive",
        "negative"
      ],
      "description": "センテンスとターゲットを入力として受け取り、ターゲットに関するセンチメントをpositiveかnegativeから選択してください。\n\n\n",
      "target_delimiter": " ",
      "fewshot_delimiter": "\n\n",
      "num_fewshot": 0,
      "metric_list": [
        {
          "metric": "acc",
          "aggregation": "mean",
          "higher_is_better": true
        },
        {
          "metric": "acc_norm",
          "aggregation": "mean",
          "higher_is_better": true
        },
        {
          "metric": "f1",
          "aggregation": "2class_adjusted_macro_f1_score_for_chabsa",
          "higher_is_better": true
        },
        {
          "metric": "f1_norm",
          "aggregation": "2class_adjusted_macro_f1_score_for_chabsa",
          "higher_is_better": true
        }
      ],
      "output_type": "multiple_choice",
      "repeats": 1,
      "should_decontaminate": false,
      "doc_to_decontamination_query": "sentence",
      "metadata": {
        "version": 1.0
      }
    },
    "cma_basics-1.0-0.2": {
      "task": "cma_basics-1.0-0.2",
      "dataset_path": "jlm_fin_eval/datasets/cma_basics/cma_basics.py",
      "dataset_name": "cma_basics",
      "test_split": "test",
      "doc_to_text": "def doc_to_text_02(doc):\n    q_doc_text = doc[\"question\"] + \"\\n\"\n    if doc[\"context\"] and doc[\"context\"] != \"\":\n        q_doc_text += doc[\"context\"] + \"\\n\"\n    choices = \",\".join(\n        [\n            f\"{idx}.{choice}\"\n            for idx, choice in zip(doc[\"choices\"][\"id\"], doc[\"choices\"][\"text\"])\n        ]\n    )\n    return f\"質問:{q_doc_text}\" f\"選択肢:{choices}\\n\" \"回答:\"\n",
      "doc_to_target": "def doc_to_target_02(doc):\n    return [\n        str(choice_id)\n        for choice_id in doc[\"choices\"][\"id\"]\n        if choice_id == doc[\"answer\"]\n    ][0]\n",
      "doc_to_choice": "def doc_to_choices_02(doc):\n    return [str(choice) for choice in doc[\"choices\"][\"id\"]]\n",
      "description": "質問と回答の選択肢を入力として受け取り、選択肢から回答を選択してください。なお、回答は選択肢の番号(例:0)でするものとします。\n\n\n",
      "target_delimiter": "",
      "fewshot_delimiter": "\n\n",
      "num_fewshot": 0,
      "metric_list": [
        {
          "metric": "acc",
          "aggregation": "mean",
          "higher_is_better": true
        },
        {
          "metric": "acc_norm",
          "aggregation": "mean",
          "higher_is_better": true
        },
        {
          "metric": "map",
          "aggregation": "mean",
          "higher_is_better": true
        },
        {
          "metric": "map_2",
          "aggregation": "mean",
          "higher_is_better": true
        },
        {
          "metric": "map_3",
          "aggregation": "mean",
          "higher_is_better": true
        },
        {
          "metric": "map_4",
          "aggregation": "mean",
          "higher_is_better": true
        },
        {
          "metric": "map_norm",
          "aggregation": "mean",
          "higher_is_better": true
        },
        {
          "metric": "map_2_norm",
          "aggregation": "mean",