{
  "results": {
    "security_sales_1-1.0-0.6": {
      "acc,none": 0.45614035087719296,
      "acc_stderr,none": 0.0665577530069649,
      "acc_norm,none": 0.43859649122807015,
      "acc_norm_stderr,none": 0.0663095566682855,
      "map,none": 0.6959064327485381,
      "map_stderr,none": 0.0385471333853712,
      "map_2,none": 0.6578947368421053,
      "map_2_stderr,none": 0.04709262512309165,
      "map_3,none": 0.6695906432748538,
      "map_3_stderr,none": 0.04483392962924385,
      "map_4,none": 0.6959064327485381,
      "map_4_stderr,none": 0.0385471333853712,
      "map_norm,none": 0.6754385964912281,
      "map_norm_stderr,none": 0.03972524962719685,
      "map_2_norm,none": 0.6140350877192983,
      "map_2_norm_stderr,none": 0.05162998514900416,
      "map_3_norm,none": 0.6491228070175439,
      "map_3_norm_stderr,none": 0.04564053596860731,
      "map_4_norm,none": 0.6754385964912281,
      "map_4_norm_stderr,none": 0.03972524962719685,
      "alias": "security_sales_1-1.0-0.6"
    },
    "fp2-1.0-0.6": {
      "acc,none": 0.22736842105263158,
      "acc_stderr,none": 0.019251391651195774,
      "acc_norm,none": 0.22736842105263158,
      "acc_norm_stderr,none": 0.019251391651195774,
      "map,none": 0.5047368421052641,
      "map_stderr,none": 0.012964617931416875,
      "map_2,none": 0.35368421052631577,
      "map_2_stderr,none": 0.018622451596102017,
      "map_3,none": 0.440000000000001,
      "map_3_stderr,none": 0.01621620888043111,
      "map_4,none": 0.5047368421052641,
      "map_4_stderr,none": 0.012964617931416875,
      "map_norm,none": 0.5047368421052641,
      "map_norm_stderr,none": 0.012964617931416875,
      "map_2_norm,none": 0.35368421052631577,
      "map_2_norm_stderr,none": 0.018622451596102017,
      "map_3_norm,none": 0.440000000000001,
      "map_3_norm_stderr,none": 0.01621620888043111,
      "map_4_norm,none": 0.5047368421052641,
      "map_4_norm_stderr,none": 0.012964617931416875,
      "alias": "fp2-1.0-0.6"
    },
    "cpa_audit-1.0-0.6": {
      "acc,none": 0.14824120603015076,
      "acc_stderr,none": 0.017833949374419653,
      "acc_norm,none": 0.14321608040201006,
      "acc_norm_stderr,none": 0.017580705212218502,
      "map,none": 0.40167504187604686,
      "map_stderr,none": 0.013669158465607338,
      "map_2,none": 0.23743718592964824,
      "map_2_stderr,none": 0.018540090587337337,
      "map_3,none": 0.2994137353433833,
      "map_3_stderr,none": 0.017662485032175934,
      "map_4,none": 0.3458961474036849,
      "map_4_stderr,none": 0.01629965801520691,
      "map_norm,none": 0.3991624790619765,
      "map_norm_stderr,none": 0.01350633118989289,
      "map_2_norm,none": 0.23492462311557788,
      "map_2_norm_stderr,none": 0.01836385489985332,
      "map_3_norm,none": 0.2969011725293129,
      "map_3_norm_stderr,none": 0.017499830536357737,
      "map_4_norm,none": 0.3433835845896146,
      "map_4_norm_stderr,none": 0.01614149637803139,
      "alias": "cpa_audit-1.0-0.6"
    },
    "cma_basics-1.0-0.6": {
      "acc,none": 0.2631578947368421,
      "acc_stderr,none": 0.0723926637268818,
      "acc_norm,none": 0.2894736842105263,
      "acc_norm_stderr,none": 0.07455791696866065,
      "map,none": 0.5482456140350878,
      "map_stderr,none": 0.04700106042845044,
      "map_2,none": 0.4342105263157895,
      "map_2_stderr,none": 0.06578947368421051,
      "map_3,none": 0.4956140350877193,
      "map_3_stderr,none": 0.057778415264510614,
      "map_4,none": 0.5482456140350878,
      "map_4_stderr,none": 0.04700106042845044,
      "map_norm,none": 0.5635964912280701,
      "map_norm_stderr,none": 0.04812287719915429,
      "map_2_norm,none": 0.4473684210526316,
      "map_2_norm_stderr,none": 0.0674401733824144,
      "map_3_norm,none": 0.5175438596491228,
      "map_3_norm_stderr,none": 0.057881803805678506,
      "map_4_norm,none": 0.5635964912280701,
      "map_4_norm_stderr,none": 0.04812287719915429,
      "alias": "cma_basics-1.0-0.6"
    },
    "chabsa-1.0-0.6": {
      "acc,none": 0.560921921533083,
      "acc_stderr,none": 0.005647512298935759,
      "f1,none": 0.35935296557445046,
      "f1_stderr,none": "N/A",
      "acc_norm,none": 0.560921921533083,
      "acc_norm_stderr,none": 0.005647512298935759,
      "f1_norm,none": 0.35935296557445046,
      "f1_norm_stderr,none": "N/A",
      "alias": "chabsa-1.0-0.6"
    }
  },
  "group_subtasks": {
    "chabsa-1.0-0.6": [],
    "cma_basics-1.0-0.6": [],
    "cpa_audit-1.0-0.6": [],
    "fp2-1.0-0.6": [],
    "security_sales_1-1.0-0.6": []
  },
  "configs": {
    "chabsa-1.0-0.6": {
      "task": "chabsa-1.0-0.6",
      "dataset_path": "jlm_fin_eval/datasets/chabsa/chabsa.py",
      "dataset_name": "chABSA",
      "test_split": "test",
      "doc_to_text": "与えられたセンテンスにおける、ターゲットのセンチメントをpositiveかnegativeで答えてください。\n\nセンテンス: {{sentence}}\nターゲット: {{target}} [/INST]",
      "doc_to_target": "{{polarity}}",
      "doc_to_choice": [
        "positive",
        "negative"
      ],
      "description": "<s>[INST] <<SYS>>\nYou are a helpful, respectful and honest assistant. Always answer as helpfully as possible, while being safe. Your answers should not include any harmful, unethical, racist, sexist, toxic, dangerous, or illegal content. Please ensure that your responses are socially unbiased and positive in nature.\n\nIf a question does not make any sense, or is not factually coherent, explain why instead of answering something not correct. If you don't know the answer to a question, please don't share false information.\n<</SYS>>\n\n\n",
      "target_delimiter": " ",
      "fewshot_delimiter": " </s><s>[INST] ",
      "num_fewshot": 0,
      "metric_list": [
        {
          "metric": "acc",
          "aggregation": "mean",
          "higher_is_better": true
        },
        {
          "metric": "acc_norm",
          "aggregation": "mean",
          "higher_is_better": true
        },
        {
          "metric": "f1",
          "aggregation": "2class_adjusted_macro_f1_score_for_chabsa",
          "higher_is_better": true
        },
        {
          "metric": "f1_norm",
          "aggregation": "2class_adjusted_macro_f1_score_for_chabsa",
          "higher_is_better": true
        }
      ],
      "output_type": "multiple_choice",
      "repeats": 1,
      "should_decontaminate": false,
      "doc_to_decontamination_query": "sentence",
      "metadata": {
        "version": 1.0
      }
    },
    "cma_basics-1.0-0.6": {
      "task": "cma_basics-1.0-0.6",
      "dataset_path": "jlm_fin_eval/datasets/cma_basics/cma_basics.py",
      "dataset_name": "cma_basics",
      "test_split": "test",
      "doc_to_text": "def doc_to_text_06(doc):\n    INSTRUCTION = \"与えられた選択肢の中から、最適な答えを選んでください。\"\n    q_doc_text = doc[\"question\"]\n    if doc[\"context\"] and doc[\"context\"] != \"\":\n        q_doc_text += \"\\n\" + doc[\"context\"]\n    choices = \"\\n\".join([f\"- {choice}\" for choice in doc[\"choices\"][\"text\"]])\n    input_text = f\"質問：{q_doc_text}\" + f\"出力は以下から選択してください：\\n{choices}\"\n    return f\"{INSTRUCTION}\\n\\n{input_text} [/INST] \"\n",
      "doc_to_target": "def doc_to_target_01(doc):\n    return [\n        choice_text\n        for choice_id, choice_text in zip(doc[\"choices\"][\"id\"], doc[\"choices\"][\"text\"])\n        if choice_id == doc[\"answer\"]\n    ][0]\n",
      "doc_to_choice": "def doc_to_choices_01(doc):\n    choices = doc[\"choices\"][\"text\"]\n    return choices\n",