{
  "results": {
    "security_sales_1-1.0-0.1": {
      "acc,none": 0.45614035087719296,
      "acc_stderr,none": 0.06655775300696491,
      "acc_norm,none": 0.42105263157894735,
      "acc_norm_stderr,none": 0.06597717584505354,
      "map,none": 0.7017543859649122,
      "map_stderr,none": 0.03760181622693473,
      "map_2,none": 0.6666666666666666,
      "map_2_stderr,none": 0.045700708092256785,
      "map_3,none": 0.6842105263157895,
      "map_3_stderr,none": 0.04206869757291858,
      "map_4,none": 0.7017543859649122,
      "map_4_stderr,none": 0.03760181622693473,
      "map_norm,none": 0.6725146198830408,
      "map_norm_stderr,none": 0.038904903078946874,
      "map_2_norm,none": 0.631578947368421,
      "map_2_norm_stderr,none": 0.04770141932499819,
      "map_3_norm,none": 0.6374269005847952,
      "map_3_norm_stderr,none": 0.046665996649314985,
      "map_4_norm,none": 0.6725146198830408,
      "map_4_norm_stderr,none": 0.038904903078946874,
      "alias": "security_sales_1-1.0-0.1"
    },
    "fp2-1.0-0.1": {
      "acc,none": 0.24,
      "acc_stderr,none": 0.019616577850947305,
      "acc_norm,none": 0.24,
      "acc_norm_stderr,none": 0.019616577850947305,
      "map,none": 0.512280701754387,
      "map_stderr,none": 0.013244955885012661,
      "map_2,none": 0.36105263157894735,
      "map_2_stderr,none": 0.018947368421052595,
      "map_3,none": 0.4480701754385973,
      "map_3_stderr,none": 0.016482011779187414,
      "map_4,none": 0.512280701754387,
      "map_4_stderr,none": 0.013244955885012661,
      "map_norm,none": 0.512280701754387,
      "map_norm_stderr,none": 0.013244955885012661,
      "map_2_norm,none": 0.36105263157894735,
      "map_2_norm_stderr,none": 0.018947368421052595,
      "map_3_norm,none": 0.4480701754385973,
      "map_3_norm_stderr,none": 0.016482011779187414,
      "map_4_norm,none": 0.512280701754387,
      "map_4_norm_stderr,none": 0.013244955885012661,
      "alias": "fp2-1.0-0.1"
    },
    "cpa_audit-1.0-0.1": {
      "acc,none": 0.1407035175879397,
      "acc_stderr,none": 0.017451338441977035,
      "acc_norm,none": 0.135678391959799,
      "acc_norm_stderr,none": 0.017186908930253576,
      "map,none": 0.3856783919597991,
      "map_stderr,none": 0.013573790417785333,
      "map_2,none": 0.21733668341708542,
      "map_2_stderr,none": 0.018219544585311553,
      "map_3,none": 0.27596314907872677,
      "map_3_stderr,none": 0.01755929831639809,
      "map_4,none": 0.3224455611390282,
      "map_4_stderr,none": 0.016356522115583208,
      "map_norm,none": 0.3808626465661642,
      "map_norm_stderr,none": 0.013411844824566234,
      "map_2_norm,none": 0.21105527638190955,
      "map_2_norm_stderr,none": 0.01801360418471131,
      "map_3_norm,none": 0.268006700167504,
      "map_3_norm_stderr,none": 0.017423676728588182,
      "map_4_norm,none": 0.3176298157453934,
      "map_4_norm_stderr,none": 0.01617502826594263,
      "alias": "cpa_audit-1.0-0.1"
    },
    "cma_basics-1.0-0.1": {
      "acc,none": 0.21052631578947367,
      "acc_stderr,none": 0.06702258315442244,
      "acc_norm,none": 0.2631578947368421,
      "acc_norm_stderr,none": 0.0723926637268818,
      "map,none": 0.5021929824561403,
      "map_stderr,none": 0.04494421252906304,
      "map_2,none": 0.35526315789473684,
      "map_2_stderr,none": 0.06507434947079908,
      "map_3,none": 0.4429824561403509,
      "map_3_stderr,none": 0.05596839032492544,
      "map_4,none": 0.5021929824561403,
      "map_4_stderr,none": 0.04494421252906304,
      "map_norm,none": 0.5394736842105262,
      "map_norm_stderr,none": 0.04763831754475772,
      "map_2_norm,none": 0.40789473684210525,
      "map_2_norm_stderr,none": 0.06761340812294223,
      "map_3_norm,none": 0.4868421052631579,
      "map_3_norm_stderr,none": 0.058083553472118854,
      "map_4_norm,none": 0.5394736842105262,
      "map_4_norm_stderr,none": 0.04763831754475772,
      "alias": "cma_basics-1.0-0.1"
    },
    "chabsa-1.0-0.1": {
      "acc,none": 0.45888903275929044,
      "acc_stderr,none": 0.005670640413604487,
      "f1,none": 0.46539566430086454,
      "f1_stderr,none": "N/A",
      "acc_norm,none": 0.45888903275929044,
      "acc_norm_stderr,none": 0.005670640413604487,
      "f1_norm,none": 0.46539566430086454,
      "f1_norm_stderr,none": "N/A",
      "alias": "chabsa-1.0-0.1"
    }
  },
  "group_subtasks": {
    "chabsa-1.0-0.1": [],
    "cma_basics-1.0-0.1": [],
    "cpa_audit-1.0-0.1": [],
    "fp2-1.0-0.1": [],
    "security_sales_1-1.0-0.1": []
  },
  "configs": {
    "chabsa-1.0-0.1": {
      "task": "chabsa-1.0-0.1",
      "dataset_path": "jlm_fin_eval/datasets/chabsa/chabsa.py",
      "dataset_name": "chABSA",
      "test_split": "test",
      "doc_to_text": "[センテンス]: {{sentence}}\nターゲット]: {{target}}\n[答え]:",
      "doc_to_target": "{{polarity}}",
      "doc_to_choice": [
        "positive",
        "negative"
      ],
      "description": "[センテンス]における、[ターゲット]のセンチメントをpositiveかnegativeで選んでください。\n\n\n",
      "target_delimiter": " ",
      "fewshot_delimiter": "\n\n",
      "num_fewshot": 0,
      "metric_list": [
        {
          "metric": "acc",
          "aggregation": "mean",
          "higher_is_better": true
        },
        {
          "metric": "acc_norm",
          "aggregation": "mean",
          "higher_is_better": true
        },
        {
          "metric": "f1",
          "aggregation": "2class_adjusted_macro_f1_score_for_chabsa",
          "higher_is_better": true
        },
        {
          "metric": "f1_norm",
          "aggregation": "2class_adjusted_macro_f1_score_for_chabsa",
          "higher_is_better": true
        }
      ],
      "output_type": "multiple_choice",
      "repeats": 1,
      "should_decontaminate": false,
      "doc_to_decontamination_query": "sentence",
      "metadata": {
        "version": 1.0
      }
    },
    "cma_basics-1.0-0.1": {
      "task": "cma_basics-1.0-0.1",
      "dataset_path": "jlm_fin_eval/datasets/cma_basics/cma_basics.py",
      "dataset_name": "cma_basics",
      "test_split": "test",
      "doc_to_text": "def doc_to_text_01(doc):\n    q_doc_text = doc[\"question\"] + \"\\n\"\n    if doc[\"context\"] and doc[\"context\"] != \"\":\n        q_doc_text += doc[\"context\"] + \"\\n\"\n    return f\"[問題]:{q_doc_text}[選択肢]:[{', '.join(doc['choices']['text'])}]\\n[答え]:\"\n",
      "doc_to_target": "def doc_to_target_01(doc):\n    return [\n        choice_text\n        for choice_id, choice_text in zip(doc[\"choices\"][\"id\"], doc[\"choices\"][\"text\"])\n        if choice_id == doc[\"answer\"]\n    ][0]\n",
      "doc_to_choice": "def doc_to_choices_01(doc):\n    choices = doc[\"choices\"][\"text\"]\n    return choices\n",
      "description": "[問題]に対する[答え]を[選択肢]の中から選んでください。\n\n\n",
      "target_delimiter": "",
      "fewshot_delimiter": "\n\n",
      "num_fewshot": 0,
      "metric_list": [
        {
          "metric": "acc",
          "aggregation": "mean",
          "higher_is_better": true
        },
        {
          "metric": "acc_norm",
          "aggregation": "mean",
          "higher_is_better": true
        },
        {
          "metric": "map",
          "aggregation": "mean",
          "higher_is_better": true
        },
        {
          "metric": "map_2",
          "aggregation": "mean",
          "higher_is_better": true
        },
        {
          "metric": "map_3",
          "aggregation": "mean",
          "higher_is_better": true
        },
        {
          "metric": "map_4",
          "aggregation": "mean",
          "higher_is_better": true
        },
        {
          "metric": "map_norm",
          "aggregation": "mean",
          "higher_is_better": true
        },
        {
          "metric": "map_2_norm",
          "aggregation": "mean",
          "higher_is_better": true
        },
        {
          "metric": "map_3_norm",
          "aggregation": "mean",
          "higher_is_better": true
        },
        {
          "metric": "map_4_norm",