{
  "results": {
    "security_sales_1-1.0-0.2.1": {
      "acc,none": 0.47368421052631576,
      "acc_stderr,none": 0.06672270432067237,
      "acc_norm,none": 0.43859649122807015,
      "acc_norm_stderr,none": 0.0663095566682855,
      "map,none": 0.7105263157894737,
      "map_stderr,none": 0.03778408494517234,
      "map_2,none": 0.6754385964912281,
      "map_2_stderr,none": 0.04597050799129105,
      "map_3,none": 0.6929824561403509,
      "map_3_stderr,none": 0.04229671386400421,
      "map_4,none": 0.7105263157894737,
      "map_4_stderr,none": 0.03778408494517234,
      "map_norm,none": 0.6783625730994152,
      "map_norm_stderr,none": 0.039547102119391934,
      "map_2_norm,none": 0.631578947368421,
      "map_2_norm_stderr,none": 0.049315991418903214,
      "map_3_norm,none": 0.6432748538011696,
      "map_3_norm_stderr,none": 0.04728028455825058,
      "map_4_norm,none": 0.6783625730994152,
      "map_4_norm_stderr,none": 0.039547102119391934,
      "alias": "security_sales_1-1.0-0.2.1"
    },
    "fp2-1.0-0.2.1": {
      "acc,none": 0.24,
      "acc_stderr,none": 0.019616577850947305,
      "acc_norm,none": 0.24,
      "acc_norm_stderr,none": 0.019616577850947305,
      "map,none": 0.5129824561403518,
      "map_stderr,none": 0.013248200971091147,
      "map_2,none": 0.36526315789473685,
      "map_2_stderr,none": 0.018894242890726838,
      "map_3,none": 0.4466666666666674,
      "map_3_stderr,none": 0.016577078040831007,
      "map_4,none": 0.5129824561403518,
      "map_4_stderr,none": 0.013248200971091147,
      "map_norm,none": 0.5129824561403518,
      "map_norm_stderr,none": 0.013248200971091147,
      "map_2_norm,none": 0.36526315789473685,
      "map_2_norm_stderr,none": 0.018894242890726838,
      "map_3_norm,none": 0.4466666666666674,
      "map_3_norm_stderr,none": 0.016577078040831007,
      "map_4_norm,none": 0.5129824561403518,
      "map_4_norm_stderr,none": 0.013248200971091147,
      "alias": "fp2-1.0-0.2.1"
    },
    "cpa_audit-1.0-0.2.1": {
      "acc,none": 0.13316582914572864,
      "acc_stderr,none": 0.0170517578589349,
      "acc_norm,none": 0.12060301507537688,
      "acc_norm_stderr,none": 0.01634467597786587,
      "map,none": 0.38371021775544395,
      "map_stderr,none": 0.013289152930041718,
      "map_2,none": 0.21608040201005024,
      "map_2_stderr,none": 0.017951261713061883,
      "map_3,none": 0.27303182579564456,
      "map_3_stderr,none": 0.017317638945963887,
      "map_4,none": 0.32265494137353395,
      "map_4_stderr,none": 0.016021592106357722,
      "map_norm,none": 0.3763819095477388,
      "map_norm_stderr,none": 0.012838743682470389,
      "map_2_norm,none": 0.20728643216080403,
      "map_2_norm_stderr,none": 0.017456463200094686,
      "map_3_norm,none": 0.26507537688442173,
      "map_3_norm_stderr,none": 0.016866847765875114,
      "map_4_norm,none": 0.3153266331658287,
      "map_4_norm_stderr,none": 0.015577840109165046,
      "alias": "cpa_audit-1.0-0.2.1"
    },
    "cma_basics-1.0-0.2.1": {
      "acc,none": 0.2631578947368421,
      "acc_stderr,none": 0.0723926637268818,
      "acc_norm,none": 0.21052631578947367,
      "acc_norm_stderr,none": 0.06702258315442243,
      "map,none": 0.5548245614035088,
      "map_stderr,none": 0.04600745147700079,
      "map_2,none": 0.4342105263157895,
      "map_2_stderr,none": 0.06578947368421051,
      "map_3,none": 0.5219298245614035,
      "map_3_stderr,none": 0.05340139557886097,
      "map_4,none": 0.5548245614035088,
      "map_4_stderr,none": 0.04600745147700079,
      "map_norm,none": 0.5175438596491228,
      "map_norm_stderr,none": 0.04390703935718536,
      "map_2_norm,none": 0.39473684210526316,
      "map_2_norm_stderr,none": 0.06299172069839128,
      "map_3_norm,none": 0.46491228070175433,
      "map_3_norm_stderr,none": 0.054495217510361266,
      "map_4_norm,none": 0.5175438596491228,
      "map_4_norm_stderr,none": 0.04390703935718536,
      "alias": "cma_basics-1.0-0.2.1"
    },
    "chabsa-1.0-0.2": {
      "acc,none": 0.542017350770426,
      "acc_stderr,none": 0.005669780010348103,
      "f1,none": 0.4912075788027644,
      "f1_stderr,none": "N/A",
      "acc_norm,none": 0.542017350770426,
      "acc_norm_stderr,none": 0.005669780010348103,
      "f1_norm,none": 0.4912075788027644,
      "f1_norm_stderr,none": "N/A",
      "alias": "chabsa-1.0-0.2"
    }
  },
  "group_subtasks": {
    "chabsa-1.0-0.2": [],
    "cma_basics-1.0-0.2.1": [],
    "cpa_audit-1.0-0.2.1": [],
    "fp2-1.0-0.2.1": [],
    "security_sales_1-1.0-0.2.1": []
  },
  "configs": {
    "chabsa-1.0-0.2": {
      "task": "chabsa-1.0-0.2",
      "dataset_path": "jlm_fin_eval/datasets/chabsa/chabsa.py",
      "dataset_name": "chABSA",
      "test_split": "test",
      "doc_to_text": "センテンス: {{sentence}}\nターゲット: {{target}}\n回答:",
      "doc_to_target": "{{polarity}}",
      "doc_to_choice": [
        "positive",
        "negative"
      ],
      "description": "センテンスとターゲットを入力として受け取り、ターゲットに関するセンチメントをpositiveかnegativeから選択してください。\n\n\n",
      "target_delimiter": " ",
      "fewshot_delimiter": "\n\n",
      "num_fewshot": 0,
      "metric_list": [
        {
          "metric": "acc",
          "aggregation": "mean",
          "higher_is_better": true
        },
        {
          "metric": "acc_norm",
          "aggregation": "mean",
          "higher_is_better": true
        },
        {
          "metric": "f1",
          "aggregation": "2class_adjusted_macro_f1_score_for_chabsa",
          "higher_is_better": true
        },
        {
          "metric": "f1_norm",
          "aggregation": "2class_adjusted_macro_f1_score_for_chabsa",
          "higher_is_better": true
        }
      ],
      "output_type": "multiple_choice",
      "repeats": 1,
      "should_decontaminate": false,
      "doc_to_decontamination_query": "sentence",
      "metadata": {
        "version": 1.0
      }
    },
    "cma_basics-1.0-0.2.1": {
      "task": "cma_basics-1.0-0.2.1",
      "dataset_path": "jlm_fin_eval/datasets/cma_basics/cma_basics.py",
      "dataset_name": "cma_basics",
      "test_split": "test",
      "doc_to_text": "def doc_to_text_02_1(doc):\n    q_doc_text = doc[\"question\"] + \"\\n\"\n    if doc[\"context\"] and doc[\"context\"] != \"\":\n        q_doc_text += doc[\"context\"] + \"\\n\"\n    choices = \"\\n\".join([f\"- {choice}\" for choice in doc[\"choices\"][\"text\"]])\n    return f\"質問:{q_doc_text}選択肢:\\n{choices}\\n回答:\"\n",
      "doc_to_target": "def doc_to_target_01(doc):\n    return [\n        choice_text\n        for choice_id, choice_text in zip(doc[\"choices\"][\"id\"], doc[\"choices\"][\"text\"])\n        if choice_id == doc[\"answer\"]\n    ][0]\n",
      "doc_to_choice": "def doc_to_choices_01(doc):\n    choices = doc[\"choices\"][\"text\"]\n    return choices\n",
      "description": "与えられた選択肢の中から、最適な答えを選んでください。\n\n\n",
      "target_delimiter": "",
      "fewshot_delimiter": "\n\n",
      "num_fewshot": 0,
      "metric_list": [
        {
          "metric": "acc",
          "aggregation": "mean",
          "higher_is_better": true
        },
        {
          "metric": "acc_norm",
          "aggregation": "mean",
          "higher_is_better": true
        },
        {
          "metric": "map",
          "aggregation": "mean",
          "higher_is_better": true
        },
        {
          "metric": "map_2",
          "aggregation": "mean",
          "higher_is_better": true
        },
        {
          "metric": "map_3",
          "aggregation": "mean",
          "higher_is_better": true
        },
        {
          "metric": "map_4",
          "aggregation": "mean",
          "higher_is_better": true
        },
        {
          "metric": "map_norm",
          "aggregation": "mean",
          "higher_is_better": true
        },
        {
          "metric": "map_2_norm",
          "aggregation": "mean",
          "higher_is_better": true
        },
        {
          "metric": "map_3_norm",
          "aggregation": "mean",