{
  "results": {
    "chabsa-1.0-0.5": {
      "acc": 0.5281626311019034,
      "f1": 0.5240163149714798
    },
    "cma_basics-1.0-0.1.2": {
      "acc": 0.39473684210526316,
      "acc_stderr": 0.0803572542664568,
      "map": 0.6162280701754386,
      "map_stderr": 0.05264269086113045,
      "map_2": 0.5,
      "map_2_stderr": 0.07303616672629475,
      "map_3": 0.5701754385964912,
      "map_3_stderr": 0.06274362315814697,
      "map_4": 0.6162280701754386,
      "map_4_stderr": 0.05264269086113045
    },
    "cpa_audit-1.0-0.1.2": {
      "acc": 0.20351758793969849,
      "acc_stderr": 0.020206626549752787,
      "map": 0.4273031825795641,
      "map_stderr": 0.015408797226736371,
      "map_2": 0.27261306532663315,
      "map_2_stderr": 0.02030916230838854,
      "map_3": 0.3220268006700165,
      "map_3_stderr": 0.01949199353799628,
      "map_4": 0.36474036850921254,
      "map_4_stderr": 0.018246798641762402
    },
    "fp2-1.0-0.1.2": {
      "acc": 0.23157894736842105,
      "acc_stderr": 0.019375815676536748,
      "map": 0.5054385964912289,
      "map_stderr": 0.012997302612846227,
      "map_2": 0.35157894736842105,
      "map_2_stderr": 0.018706365710546412,
      "map_3": 0.4428070175438602,
      "map_3_stderr": 0.016161434153628706,
      "map_4": 0.5054385964912289,
      "map_4_stderr": 0.012997302612846227
    },
    "security_sales_1-1.0-0.2": {
      "acc": 0.43859649122807015,
      "acc_stderr": 0.0663095566682855,
      "map": 0.6827485380116959,
      "map_stderr": 0.038937264589403525,
      "map_2": 0.6403508771929824,
      "map_2_stderr": 0.04807442858450697,
      "map_3": 0.652046783625731,
      "map_3_stderr": 0.04594393160057943,
      "map_4": 0.6827485380116959,
      "map_4_stderr": 0.038937264589403525
    }
  },
  "versions": {
    "chabsa-1.0-0.5": 1.0,
    "cma_basics-1.0-0.1.2": 1.0,
    "cpa_audit-1.0-0.1.2": 1.0,
    "fp2-1.0-0.1.2": 1.0,
    "security_sales_1-1.0-0.2": 1.0
  },
  "config": {
    "model": "hf-causal-experimental",
    "model_args": "pretrained=cyberagent/open-calm-medium,use_fast=True",
    "num_fewshot": [
      4,
      3,
      4,
      3,
      2
    ],
    "batch_size": null,
    "device": null,
    "no_cache": true,
    "limit": null,
    "bootstrap_iters": 100000,
    "description_dict": {}
  }
}