{
  "results": {
    "security_sales_1-1.0-0.1.2": {
      "acc,none": 0.42105263157894735,
      "acc_stderr,none": 0.06597717584505354,
      "acc_norm,none": 0.42105263157894735,
      "acc_norm_stderr,none": 0.06597717584505354,
      "map,none": 0.6812865497076023,
      "map_stderr,none": 0.03749610156901124,
      "map_2,none": 0.6403508771929824,
      "map_2_stderr,none": 0.046416689667799826,
      "map_3,none": 0.6637426900584794,
      "map_3_stderr,none": 0.04182118967680477,
      "map_4,none": 0.6812865497076023,
      "map_4_stderr,none": 0.03749610156901124,
      "map_norm,none": 0.6812865497076023,
      "map_norm_stderr,none": 0.03749610156901124,
      "map_2_norm,none": 0.6403508771929824,
      "map_2_norm_stderr,none": 0.046416689667799826,
      "map_3_norm,none": 0.6637426900584794,
      "map_3_norm_stderr,none": 0.04182118967680477,
      "map_4_norm,none": 0.6812865497076023,
      "map_4_norm_stderr,none": 0.03749610156901124,
      "alias": "security_sales_1-1.0-0.1.2"
    },
    "fp2-1.0-0.1.2": {
      "acc,none": 0.24421052631578946,
      "acc_stderr,none": 0.01973301465590164,
      "acc_norm,none": 0.24421052631578946,
      "acc_norm_stderr,none": 0.01973301465590164,
      "map,none": 0.5208771929824569,
      "map_stderr,none": 0.0132234014741819,
      "map_2,none": 0.3831578947368421,
      "map_2_stderr,none": 0.01876313819459825,
      "map_3,none": 0.45614035087719357,
      "map_3_stderr,none": 0.01655751236233351,
      "map_4,none": 0.5208771929824569,
      "map_4_stderr,none": 0.0132234014741819,
      "map_norm,none": 0.5208771929824569,
      "map_norm_stderr,none": 0.0132234014741819,
      "map_2_norm,none": 0.3831578947368421,
      "map_2_norm_stderr,none": 0.01876313819459825,
      "map_3_norm,none": 0.45614035087719357,
      "map_3_norm_stderr,none": 0.01655751236233351,
      "map_4_norm,none": 0.5208771929824569,
      "map_4_norm_stderr,none": 0.0132234014741819,
      "alias": "fp2-1.0-0.1.2"
    },
    "cpa_audit-1.0-0.1.2": {
      "acc,none": 0.13819095477386933,
      "acc_stderr,none": 0.01732008740419801,
      "acc_norm,none": 0.13819095477386933,
      "acc_norm_stderr,none": 0.01732008740419801,
      "map,none": 0.3890703517587939,
      "map_stderr,none": 0.013443763281274659,
      "map_2,none": 0.2236180904522613,
      "map_2_stderr,none": 0.01815823759435009,
      "map_3,none": 0.2797319932998323,
      "map_3_stderr,none": 0.017484009882230766,
      "map_4,none": 0.3306113902847568,
      "map_4_stderr,none": 0.0161092863025752,
      "map_norm,none": 0.3890703517587939,
      "map_norm_stderr,none": 0.013443763281274659,
      "map_2_norm,none": 0.2236180904522613,
      "map_2_norm_stderr,none": 0.01815823759435009,
      "map_3_norm,none": 0.2797319932998323,
      "map_3_norm_stderr,none": 0.017484009882230766,
      "map_4_norm,none": 0.3306113902847568,
      "map_4_norm_stderr,none": 0.0161092863025752,
      "alias": "cpa_audit-1.0-0.1.2"
    },
    "cma_basics-1.0-0.1.2": {
      "acc,none": 0.2631578947368421,
      "acc_stderr,none": 0.0723926637268818,
      "acc_norm,none": 0.2631578947368421,
      "acc_norm_stderr,none": 0.0723926637268818,
      "map,none": 0.5504385964912281,
      "map_stderr,none": 0.04667499266182624,
      "map_2,none": 0.4342105263157895,
      "map_2_stderr,none": 0.06578947368421051,
      "map_3,none": 0.5043859649122807,
      "map_3_stderr,none": 0.05639408196651929,
      "map_4,none": 0.5504385964912281,
      "map_4_stderr,none": 0.04667499266182624,
      "map_norm,none": 0.5504385964912281,
      "map_norm_stderr,none": 0.04667499266182624,
      "map_2_norm,none": 0.4342105263157895,
      "map_2_norm_stderr,none": 0.06578947368421051,
      "map_3_norm,none": 0.5043859649122807,
      "map_3_norm_stderr,none": 0.05639408196651929,
      "map_4_norm,none": 0.5504385964912281,
      "map_4_norm_stderr,none": 0.04667499266182624,
      "alias": "cma_basics-1.0-0.1.2"
    },
    "chabsa-1.0-0.1": {
      "acc,none": 0.45759419914540983,
      "acc_stderr,none": 0.0056694054816303265,
      "f1,none": 0.46365038043199597,
      "f1_stderr,none": "N/A",
      "acc_norm,none": 0.45759419914540983,
      "acc_norm_stderr,none": 0.0056694054816303265,
      "f1_norm,none": 0.46365038043199597,
      "f1_norm_stderr,none": "N/A",
      "alias": "chabsa-1.0-0.1"
    }
  },
  "group_subtasks": {
    "chabsa-1.0-0.1": [],
    "cma_basics-1.0-0.1.2": [],
    "cpa_audit-1.0-0.1.2": [],
    "fp2-1.0-0.1.2": [],
    "security_sales_1-1.0-0.1.2": []
  },
  "configs": {
    "chabsa-1.0-0.1": {
      "task": "chabsa-1.0-0.1",
      "dataset_path": "jlm_fin_eval/datasets/chabsa/chabsa.py",
      "dataset_name": "chABSA",
      "test_split": "test",
      "doc_to_text": "[センテンス]: {{sentence}}\nターゲット]: {{target}}\n[答え]:",
      "doc_to_target": "{{polarity}}",
      "doc_to_choice": [
        "positive",
        "negative"
      ],
      "description": "[センテンス]における、[ターゲット]のセンチメントをpositiveかnegativeで選んでください。\n\n\n",
      "target_delimiter": " ",
      "fewshot_delimiter": "\n\n",
      "num_fewshot": 0,
      "metric_list": [
        {
          "metric": "acc",
          "aggregation": "mean",
          "higher_is_better": true
        },
        {
          "metric": "acc_norm",
          "aggregation": "mean",
          "higher_is_better": true
        },
        {
          "metric": "f1",
          "aggregation": "2class_adjusted_macro_f1_score_for_chabsa",
          "higher_is_better": true
        },
        {
          "metric": "f1_norm",
          "aggregation": "2class_adjusted_macro_f1_score_for_chabsa",
          "higher_is_better": true
        }
      ],
      "output_type": "multiple_choice",
      "repeats": 1,
      "should_decontaminate": false,
      "doc_to_decontamination_query": "sentence",
      "metadata": {
        "version": 1.0
      }
    },
    "cma_basics-1.0-0.1.2": {
      "task": "cma_basics-1.0-0.1.2",
      "dataset_path": "jlm_fin_eval/datasets/cma_basics/cma_basics.py",
      "dataset_name": "cma_basics",
      "test_split": "test",
      "doc_to_text": "def doc_to_text_01_2(doc):\n    q_doc_text = doc[\"question\"] + \"\\n\"\n    if doc[\"context\"] and doc[\"context\"] != \"\":\n        q_doc_text += doc[\"context\"] + \"\\n\"\n    choice_doc_text = []\n    for choice_id, choice_text in zip(doc[\"choices\"][\"id\"], doc[\"choices\"][\"text\"]):\n        choice_doc_text.append(chr(choice_id + 65) + \":\" + choice_text)\n    return f\"[問題]:{q_doc_text}[選択肢]:[{', '.join(choice_doc_text)}]\\n[答え]:\"\n",
      "doc_to_target": "def doc_to_target_alphabet(doc):\n    answer = chr(int(doc[\"answer\"]) + 65)\n    return answer\n",
      "doc_to_choice": "def doc_to_choices_alphabet(doc):\n    choices = [chr(choice_id + 65) for choice_id in doc[\"choices\"][\"id\"]]\n    return choices\n",
      "description": "[問題]に対する[答え]を[選択肢]の中からアルファベットで選んでください。\n\n\n",
      "target_delimiter": "",
      "fewshot_delimiter": "\n\n",
      "num_fewshot": 0,
      "metric_list": [
        {
          "metric": "acc",
          "aggregation": "mean",
          "higher_is_better": true
        },
        {
          "metric": "acc_norm",
          "aggregation": "mean",
          "higher_is_better": true
        },
        {
          "metric": "map",
          "aggregation": "mean",
          "higher_is_better": true
        },
        {
          "metric": "map_2",
          "aggregation": "mean",
          "higher_is_better": true
        },
        {
          "metric": "map_3",
          "aggregation": "mean",
          "higher_is_better": true
        },
        {
          "metric": "map_4",
          "aggregation": "mean",
          "higher_is_better": true
        },
        {
          "metric": "map_norm",
          "aggregation": "mean",
          "higher_is_better": true
        },
        {
          "metric": "map_2_norm",
          "aggregation": "mean",