{
  "results": {
    "security_sales_1-1.0-0.3": {
      "acc,none": 0.38596491228070173,
      "acc_stderr,none": 0.0650543726938216,
      "acc_norm,none": 0.38596491228070173,
      "acc_norm_stderr,none": 0.0650543726938216,
      "map,none": 0.6578947368421053,
      "map_stderr,none": 0.037528660873154575,
      "map_2,none": 0.6052631578947368,
      "map_2_stderr,none": 0.048045838377646144,
      "map_3,none": 0.6403508771929824,
      "map_3_stderr,none": 0.041674910146155104,
      "map_4,none": 0.6578947368421053,
      "map_4_stderr,none": 0.037528660873154575,
      "map_norm,none": 0.6505847953216375,
      "map_norm_stderr,none": 0.038600565276994944,
      "map_2_norm,none": 0.5964912280701754,
      "map_2_norm_stderr,none": 0.0491764833843323,
      "map_3_norm,none": 0.6198830409356726,
      "map_3_norm_stderr,none": 0.04527107967781962,
      "map_4_norm,none": 0.6505847953216375,
      "map_4_norm_stderr,none": 0.038600565276994944,
      "alias": "security_sales_1-1.0-0.3"
    },
    "fp2-1.0-0.3": {
      "acc,none": 0.24421052631578946,
      "acc_stderr,none": 0.019733014655901635,
      "acc_norm,none": 0.24421052631578946,
      "acc_norm_stderr,none": 0.019733014655901635,
      "map,none": 0.5156140350877203,
      "map_stderr,none": 0.013308424122269418,
      "map_2,none": 0.36736842105263157,
      "map_2_stderr,none": 0.018984221568453596,
      "map_3,none": 0.45087719298245693,
      "map_3_stderr,none": 0.016582200807907992,
      "map_4,none": 0.5156140350877203,
      "map_4_stderr,none": 0.013308424122269418,
      "map_norm,none": 0.5156140350877203,
      "map_norm_stderr,none": 0.013308424122269418,
      "map_2_norm,none": 0.36736842105263157,
      "map_2_norm_stderr,none": 0.018984221568453596,
      "map_3_norm,none": 0.45087719298245693,
      "map_3_norm_stderr,none": 0.016582200807907992,
      "map_4_norm,none": 0.5156140350877203,
      "map_4_norm_stderr,none": 0.013308424122269418,
      "alias": "fp2-1.0-0.3"
    },
    "cpa_audit-1.0-0.3": {
      "acc,none": 0.15577889447236182,
      "acc_stderr,none": 0.018200660886313003,
      "acc_norm,none": 0.14321608040201006,
      "acc_norm_stderr,none": 0.017580705212218505,
      "map,none": 0.3930067001675044,
      "map_stderr,none": 0.01407725861300991,
      "map_2,none": 0.22487437185929648,
      "map_2_stderr,none": 0.018762612889335388,
      "map_3,none": 0.2843383584589612,
      "map_3_stderr,none": 0.018046934328105103,
      "map_4,none": 0.3276800670016748,
      "map_4_stderr,none": 0.016916535578076652,
      "map_norm,none": 0.3850502512562817,
      "map_norm_stderr,none": 0.013656986106256559,
      "map_2_norm,none": 0.2135678391959799,
      "map_2_norm_stderr,none": 0.018288255708978008,
      "map_3_norm,none": 0.2763819095477384,
      "map_3_norm_stderr,none": 0.017597731658004087,
      "map_4_norm,none": 0.31972361809045186,
      "map_4_norm_stderr,none": 0.01648923153838508,
      "alias": "cpa_audit-1.0-0.3"
    },
    "cma_basics-1.0-0.3": {
      "acc,none": 0.18421052631578946,
      "acc_stderr,none": 0.06373021861834362,
      "acc_norm,none": 0.23684210526315788,
      "acc_norm_stderr,none": 0.06989334006042333,
      "map,none": 0.46929824561403505,
      "map_stderr,none": 0.04449515877412272,
      "map_2,none": 0.3157894736842105,
      "map_2_stderr,none": 0.06373021861834362,
      "map_3,none": 0.37719298245614036,
      "map_3_stderr,none": 0.05886156233133115,
      "map_4,none": 0.46929824561403505,
      "map_4_stderr,none": 0.04449515877412272,
      "map_norm,none": 0.4978070175438596,
      "map_norm_stderr,none": 0.04833309238111154,
      "map_2_norm,none": 0.34210526315789475,
      "map_2_norm_stderr,none": 0.06826769112960689,
      "map_3_norm,none": 0.412280701754386,
      "map_3_norm_stderr,none": 0.06214414804415104,
      "map_4_norm,none": 0.4978070175438596,
      "map_4_norm_stderr,none": 0.04833309238111154,
      "alias": "cma_basics-1.0-0.3"
    },
    "chabsa-1.0-0.3": {
      "acc,none": 0.4394665285510812,
      "acc_stderr,none": 0.0056480531955310845,
      "f1,none": 0.41846022068248057,
      "f1_stderr,none": "N/A",
      "acc_norm,none": 0.4394665285510812,
      "acc_norm_stderr,none": 0.0056480531955310845,
      "f1_norm,none": 0.41846022068248057,
      "f1_norm_stderr,none": "N/A",
      "alias": "chabsa-1.0-0.3"
    }
  },
  "group_subtasks": {
    "chabsa-1.0-0.3": [],
    "cma_basics-1.0-0.3": [],
    "cpa_audit-1.0-0.3": [],
    "fp2-1.0-0.3": [],
    "security_sales_1-1.0-0.3": []
  },
  "configs": {
    "chabsa-1.0-0.3": {
      "task": "chabsa-1.0-0.3",
      "dataset_path": "jlm_fin_eval/datasets/chabsa/chabsa.py",
      "dataset_name": "chABSA",
      "test_split": "test",
      "doc_to_text": "### 入力:\nセンテンス:{{sentence}}\nターゲット:{{target}}\n\n### 応答:\n\n",
      "doc_to_target": "{{polarity}}",
      "doc_to_choice": [
        "positive",
        "negative"
      ],
      "description": "以下は、タスクを説明する指示と、文脈のある入力の組み合わせです。要求を適切に満たす応答を書きなさい。\n\n### 指示:\n以下のセンテンスにおける、ターゲットのセンチメントをpositiveかnegativeで答えてください。\n\n\n",
      "target_delimiter": "",
      "fewshot_delimiter": "\n\n",
      "num_fewshot": 0,
      "metric_list": [
        {
          "metric": "acc",
          "aggregation": "mean",
          "higher_is_better": true
        },
        {
          "metric": "acc_norm",
          "aggregation": "mean",
          "higher_is_better": true
        },
        {
          "metric": "f1",
          "aggregation": "2class_adjusted_macro_f1_score_for_chabsa",
          "higher_is_better": true
        },
        {
          "metric": "f1_norm",
          "aggregation": "2class_adjusted_macro_f1_score_for_chabsa",
          "higher_is_better": true
        }
      ],
      "output_type": "multiple_choice",
      "repeats": 1,
      "should_decontaminate": false,
      "doc_to_decontamination_query": "sentence",
      "metadata": {
        "version": 1.0
      }
    },
    "cma_basics-1.0-0.3": {
      "task": "cma_basics-1.0-0.3",
      "dataset_path": "jlm_fin_eval/datasets/cma_basics/cma_basics.py",
      "dataset_name": "cma_basics",
      "test_split": "test",
      "doc_to_text": "def doc_to_text_03(doc):\n    q_doc_text = doc[\"question\"] + \"\\n\"\n    if doc[\"context\"] and doc[\"context\"] != \"\":\n        q_doc_text += doc[\"context\"] + \"\\n\"\n    choices = \"\\n\".join([f\"- {choice}\" for choice in doc[\"choices\"][\"text\"]])\n    input_text = f\"{q_doc_text}\" + f\"出力は以下から選択してください：\\n{choices}\"\n    return f\"### 入力:\\n{input_text}\\n\\n### 応答:\\n\"\n",
      "doc_to_target": "def doc_to_target_01(doc):\n    return [\n        choice_text\n        for choice_id, choice_text in zip(doc[\"choices\"][\"id\"], doc[\"choices\"][\"text\"])\n        if choice_id == doc[\"answer\"]\n    ][0]\n",
      "doc_to_choice": "def doc_to_choices_01(doc):\n    choices = doc[\"choices\"][\"text\"]\n    return choices\n",
      "description": "以下は、タスクを説明する指示と、文脈のある入力の組み合わせです。要求を適切に満たす応答を書きなさい。\n\n### 指示:\n与えられた選択肢の中から、最適な答えを選んでください。\n\n\n",
      "target_delimiter": "",
      "fewshot_delimiter": "\n\n",
      "num_fewshot": 0,
      "metric_list": [
        {
          "metric": "acc",
          "aggregation": "mean",
          "higher_is_better": true
        },
        {
          "metric": "acc_norm",
          "aggregation": "mean",
          "higher_is_better": true
        },
        {
          "metric": "map",
          "aggregation": "mean",
          "higher_is_better": true
        },
        {
          "metric": "map_2",
          "aggregation": "mean",
          "higher_is_better": true
        },
        {
          "metric": "map_3",
          "aggregation": "mean",
          "higher_is_better": true
        },
        {
          "metric": "map_4",
          "aggregation": "mean",
          "higher_is_better": true
        },
        {
          "metric": "map_norm",
          "aggregation": "mean",