{
  "results": {
    "security_sales_1-1.0-0.1": {
      "acc,none": 0.40350877192982454,
      "acc_stderr,none": 0.06555933012294897,
      "acc_norm,none": 0.3333333333333333,
      "acc_norm_stderr,none": 0.0629940788348712,
      "map,none": 0.6637426900584795,
      "map_stderr,none": 0.03823395914582876,
      "map_2,none": 0.6052631578947368,
      "map_2_stderr,none": 0.04964921136756272,
      "map_3,none": 0.6461988304093568,
      "map_3_stderr,none": 0.042354427298816305,
      "map_4,none": 0.6637426900584795,
      "map_4_stderr,none": 0.03823395914582876,
      "map_norm,none": 0.6169590643274855,
      "map_norm_stderr,none": 0.0379996446419059,
      "map_2_norm,none": 0.5526315789473685,
      "map_2_norm_stderr,none": 0.04956611639490252,
      "map_3_norm,none": 0.5818713450292399,
      "map_3_norm_stderr,none": 0.04514951009625278,
      "map_4_norm,none": 0.6169590643274855,
      "map_4_norm_stderr,none": 0.0379996446419059,
      "alias": "security_sales_1-1.0-0.1"
    },
    "fp2-1.0-0.1": {
      "acc,none": 0.24,
      "acc_stderr,none": 0.019616577850947305,
      "acc_norm,none": 0.24,
      "acc_norm_stderr,none": 0.019616577850947305,
      "map,none": 0.513157894736843,
      "map_stderr,none": 0.013235024511609711,
      "map_2,none": 0.3642105263157895,
      "map_2_stderr,none": 0.018907723718092784,
      "map_3,none": 0.4484210526315797,
      "map_3_stderr,none": 0.016503036298645968,
      "map_4,none": 0.513157894736843,
      "map_4_stderr,none": 0.013235024511609711,
      "map_norm,none": 0.513157894736843,
      "map_norm_stderr,none": 0.013235024511609711,
      "map_2_norm,none": 0.3642105263157895,
      "map_2_norm_stderr,none": 0.018907723718092784,
      "map_3_norm,none": 0.4484210526315797,
      "map_3_norm_stderr,none": 0.016503036298645968,
      "map_4_norm,none": 0.513157894736843,
      "map_4_norm_stderr,none": 0.013235024511609711,
      "alias": "fp2-1.0-0.1"
    },
    "cpa_audit-1.0-0.1": {
      "acc,none": 0.18341708542713567,
      "acc_stderr,none": 0.019423379028843276,
      "acc_norm,none": 0.16834170854271358,
      "acc_norm_stderr,none": 0.01877902641290843,
      "map,none": 0.4104690117252931,
      "map_stderr,none": 0.014887303890169908,
      "map_2,none": 0.2449748743718593,
      "map_2_stderr,none": 0.019707130933681205,
      "map_3,none": 0.30527638190954753,
      "map_3_stderr,none": 0.018852657715097126,
      "map_4,none": 0.3467336683417084,
      "map_4_stderr,none": 0.01770429989883294,
      "map_norm,none": 0.40104690117252934,
      "map_norm_stderr,none": 0.014442580192521958,
      "map_2_norm,none": 0.23241206030150754,
      "map_2_norm_stderr,none": 0.01920075031650257,
      "map_3_norm,none": 0.2952261306532661,
      "map_3_norm_stderr,none": 0.018382751172923956,
      "map_4_norm,none": 0.33731155778894456,
      "map_4_norm_stderr,none": 0.017244513429557694,
      "alias": "cpa_audit-1.0-0.1"
    },
    "cma_basics-1.0-0.1": {
      "acc,none": 0.21052631578947367,
      "acc_stderr,none": 0.06702258315442244,
      "acc_norm,none": 0.42105263157894735,
      "acc_norm_stderr,none": 0.08116837904800629,
      "map,none": 0.49780701754385975,
      "map_stderr,none": 0.04549036971291291,
      "map_2,none": 0.35526315789473684,
      "map_2_stderr,none": 0.0650743494707991,
      "map_3,none": 0.42543859649122817,
      "map_3_stderr,none": 0.058190867288274044,
      "map_4,none": 0.49780701754385975,
      "map_4_stderr,none": 0.04549036971291291,
      "map_norm,none": 0.6184210526315789,
      "map_norm_stderr,none": 0.05476644620164372,
      "map_2_norm,none": 0.4868421052631579,
      "map_2_norm_stderr,none": 0.07657042915282865,
      "map_3_norm,none": 0.5657894736842104,
      "map_3_norm_stderr,none": 0.06578947368421051,
      "map_4_norm,none": 0.6184210526315789,
      "map_4_norm_stderr,none": 0.05476644620164372,
      "alias": "cma_basics-1.0-0.1"
    },
    "chabsa-1.0-0.1": {
      "acc,none": 0.5574258707756053,
      "acc_stderr,none": 0.005652254048680875,
      "f1,none": 0.4042546745796377,
      "f1_stderr,none": "N/A",
      "acc_norm,none": 0.5574258707756053,
      "acc_norm_stderr,none": 0.005652254048680875,
      "f1_norm,none": 0.4042546745796377,
      "f1_norm_stderr,none": "N/A",
      "alias": "chabsa-1.0-0.1"
    }
  },
  "group_subtasks": {
    "chabsa-1.0-0.1": [],
    "cma_basics-1.0-0.1": [],
    "cpa_audit-1.0-0.1": [],
    "fp2-1.0-0.1": [],
    "security_sales_1-1.0-0.1": []
  },
  "configs": {
    "chabsa-1.0-0.1": {
      "task": "chabsa-1.0-0.1",
      "dataset_path": "jlm_fin_eval/datasets/chabsa/chabsa.py",
      "dataset_name": "chABSA",
      "test_split": "test",
      "doc_to_text": "[センテンス]: {{sentence}}\nターゲット]: {{target}}\n[答え]:",
      "doc_to_target": "{{polarity}}",
      "doc_to_choice": [
        "positive",
        "negative"
      ],
      "description": "[センテンス]における、[ターゲット]のセンチメントをpositiveかnegativeで選んでください。\n\n\n",
      "target_delimiter": " ",
      "fewshot_delimiter": "\n\n",
      "num_fewshot": 0,
      "metric_list": [
        {
          "metric": "acc",
          "aggregation": "mean",
          "higher_is_better": true
        },
        {
          "metric": "acc_norm",
          "aggregation": "mean",
          "higher_is_better": true
        },
        {
          "metric": "f1",
          "aggregation": "2class_adjusted_macro_f1_score_for_chabsa",
          "higher_is_better": true
        },
        {
          "metric": "f1_norm",
          "aggregation": "2class_adjusted_macro_f1_score_for_chabsa",
          "higher_is_better": true
        }
      ],
      "output_type": "multiple_choice",
      "repeats": 1,
      "should_decontaminate": false,
      "doc_to_decontamination_query": "sentence",
      "metadata": {
        "version": 1.0
      }
    },
    "cma_basics-1.0-0.1": {
      "task": "cma_basics-1.0-0.1",
      "dataset_path": "jlm_fin_eval/datasets/cma_basics/cma_basics.py",
      "dataset_name": "cma_basics",
      "test_split": "test",
      "doc_to_text": "def doc_to_text_01(doc):\n    q_doc_text = doc[\"question\"] + \"\\n\"\n    if doc[\"context\"] and doc[\"context\"] != \"\":\n        q_doc_text += doc[\"context\"] + \"\\n\"\n    return f\"[問題]:{q_doc_text}[選択肢]:[{', '.join(doc['choices']['text'])}]\\n[答え]:\"\n",
      "doc_to_target": "def doc_to_target_01(doc):\n    return [\n        choice_text\n        for choice_id, choice_text in zip(doc[\"choices\"][\"id\"], doc[\"choices\"][\"text\"])\n        if choice_id == doc[\"answer\"]\n    ][0]\n",
      "doc_to_choice": "def doc_to_choices_01(doc):\n    choices = doc[\"choices\"][\"text\"]\n    return choices\n",
      "description": "[問題]に対する[答え]を[選択肢]の中から選んでください。\n\n\n",
      "target_delimiter": "",
      "fewshot_delimiter": "\n\n",
      "num_fewshot": 0,
      "metric_list": [
        {
          "metric": "acc",
          "aggregation": "mean",
          "higher_is_better": true
        },
        {
          "metric": "acc_norm",
          "aggregation": "mean",
          "higher_is_better": true
        },
        {
          "metric": "map",
          "aggregation": "mean",
          "higher_is_better": true
        },
        {
          "metric": "map_2",
          "aggregation": "mean",
          "higher_is_better": true
        },
        {
          "metric": "map_3",
          "aggregation": "mean",
          "higher_is_better": true
        },
        {
          "metric": "map_4",
          "aggregation": "mean",
          "higher_is_better": true
        },
        {
          "metric": "map_norm",
          "aggregation": "mean",
          "higher_is_better": true
        },
        {
          "metric": "map_2_norm",
          "aggregation": "mean",
          "higher_is_better": true
        },
        {
          "metric": "map_3_norm",
          "aggregation": "mean",
          "higher_is_better": true
        },
        {
          "metric": "map_4_norm",