{
  "results": {
    "security_sales_1-1.0-0.2": {
      "acc,none": 0.42105263157894735,
      "acc_stderr,none": 0.06597717584505354,
      "acc_norm,none": 0.42105263157894735,
      "acc_norm_stderr,none": 0.06597717584505354,
      "map,none": 0.6695906432748536,
      "map_stderr,none": 0.03907816483624941,
      "map_2,none": 0.6140350877192983,
      "map_2_stderr,none": 0.050090056522990346,
      "map_3,none": 0.6432748538011694,
      "map_3_stderr,none": 0.0450174392418736,
      "map_4,none": 0.6695906432748536,
      "map_4_stderr,none": 0.03907816483624941,
      "map_norm,none": 0.6695906432748536,
      "map_norm_stderr,none": 0.03907816483624941,
      "map_2_norm,none": 0.6140350877192983,
      "map_2_norm_stderr,none": 0.050090056522990346,
      "map_3_norm,none": 0.6432748538011694,
      "map_3_norm_stderr,none": 0.0450174392418736,
      "map_4_norm,none": 0.6695906432748536,
      "map_4_norm_stderr,none": 0.03907816483624941,
      "alias": "security_sales_1-1.0-0.2"
    },
    "fp2-1.0-0.2": {
      "acc,none": 0.2694736842105263,
      "acc_stderr,none": 0.02037919109795649,
      "acc_norm,none": 0.2694736842105263,
      "acc_norm_stderr,none": 0.02037919109795649,
      "map,none": 0.5270175438596498,
      "map_stderr,none": 0.013795196133725604,
      "map_2,none": 0.37894736842105264,
      "map_2_stderr,none": 0.019520054508690564,
      "map_3,none": 0.45964912280701803,
      "map_3_stderr,none": 0.017175797109838395,
      "map_4,none": 0.5270175438596498,
      "map_4_stderr,none": 0.013795196133725604,
      "map_norm,none": 0.5270175438596498,
      "map_norm_stderr,none": 0.013795196133725604,
      "map_2_norm,none": 0.37894736842105264,
      "map_2_norm_stderr,none": 0.019520054508690564,
      "map_3_norm,none": 0.45964912280701803,
      "map_3_norm_stderr,none": 0.017175797109838395,
      "map_4_norm,none": 0.5270175438596498,
      "map_4_norm_stderr,none": 0.013795196133725604,
      "alias": "fp2-1.0-0.2"
    },
    "cpa_audit-1.0-0.2": {
      "acc,none": 0.16834170854271358,
      "acc_stderr,none": 0.018779026412908417,
      "acc_norm,none": 0.16834170854271358,
      "acc_norm_stderr,none": 0.018779026412908417,
      "map,none": 0.4152847571189278,
      "map_stderr,none": 0.014274032394972517,
      "map_2,none": 0.2562814070351759,
      "map_2_stderr,none": 0.019218444527797966,
      "map_3,none": 0.31407035175879366,
      "map_3_stderr,none": 0.018298831603668745,
      "map_4,none": 0.35866834170854245,
      "map_4_stderr,none": 0.016951632000296153,
      "map_norm,none": 0.4152847571189278,
      "map_norm_stderr,none": 0.014274032394972517,
      "map_2_norm,none": 0.2562814070351759,
      "map_2_norm_stderr,none": 0.019218444527797966,
      "map_3_norm,none": 0.31407035175879366,
      "map_3_norm_stderr,none": 0.018298831603668745,
      "map_4_norm,none": 0.35866834170854245,
      "map_4_norm_stderr,none": 0.016951632000296153,
      "alias": "cpa_audit-1.0-0.2"
    },
    "cma_basics-1.0-0.2": {
      "acc,none": 0.18421052631578946,
      "acc_stderr,none": 0.06373021861834362,
      "acc_norm,none": 0.18421052631578946,
      "acc_norm_stderr,none": 0.06373021861834362,
      "map,none": 0.5065789473684211,
      "map_stderr,none": 0.04162297127387284,
      "map_2,none": 0.3815789473684211,
      "map_2_stderr,none": 0.060914704160000256,
      "map_3,none": 0.4605263157894738,
      "map_3_stderr,none": 0.05123502781463654,
      "map_4,none": 0.5065789473684211,
      "map_4_stderr,none": 0.04162297127387284,
      "map_norm,none": 0.5065789473684211,
      "map_norm_stderr,none": 0.04162297127387284,
      "map_2_norm,none": 0.3815789473684211,
      "map_2_norm_stderr,none": 0.060914704160000256,
      "map_3_norm,none": 0.4605263157894738,
      "map_3_norm_stderr,none": 0.05123502781463654,
      "map_4_norm,none": 0.5065789473684211,
      "map_4_norm_stderr,none": 0.04162297127387284,
      "alias": "cma_basics-1.0-0.2"
    },
    "chabsa-1.0-0.2": {
      "acc,none": 0.5561310371617247,
      "acc_stderr,none": 0.005653938200972176,
      "f1,none": 0.39723047150721047,
      "f1_stderr,none": "N/A",
      "acc_norm,none": 0.5561310371617247,
      "acc_norm_stderr,none": 0.005653938200972176,
      "f1_norm,none": 0.39723047150721047,
      "f1_norm_stderr,none": "N/A",
      "alias": "chabsa-1.0-0.2"
    }
  },
  "group_subtasks": {
    "chabsa-1.0-0.2": [],
    "cma_basics-1.0-0.2": [],
    "cpa_audit-1.0-0.2": [],
    "fp2-1.0-0.2": [],
    "security_sales_1-1.0-0.2": []
  },
  "configs": {
    "chabsa-1.0-0.2": {
      "task": "chabsa-1.0-0.2",
      "dataset_path": "jlm_fin_eval/datasets/chabsa/chabsa.py",
      "dataset_name": "chABSA",
      "test_split": "test",
      "doc_to_text": "センテンス: {{sentence}}\nターゲット: {{target}}\n回答:",
      "doc_to_target": "{{polarity}}",
      "doc_to_choice": [
        "positive",
        "negative"
      ],
      "description": "センテンスとターゲットを入力として受け取り、ターゲットに関するセンチメントをpositiveかnegativeから選択してください。\n\n\n",
      "target_delimiter": " ",
      "fewshot_delimiter": "\n\n",
      "num_fewshot": 0,
      "metric_list": [
        {
          "metric": "acc",
          "aggregation": "mean",
          "higher_is_better": true
        },
        {
          "metric": "acc_norm",
          "aggregation": "mean",
          "higher_is_better": true
        },
        {
          "metric": "f1",
          "aggregation": "2class_adjusted_macro_f1_score_for_chabsa",
          "higher_is_better": true
        },
        {
          "metric": "f1_norm",
          "aggregation": "2class_adjusted_macro_f1_score_for_chabsa",
          "higher_is_better": true
        }
      ],
      "output_type": "multiple_choice",
      "repeats": 1,
      "should_decontaminate": false,
      "doc_to_decontamination_query": "sentence",
      "metadata": {
        "version": 1.0
      }
    },
    "cma_basics-1.0-0.2": {
      "task": "cma_basics-1.0-0.2",
      "dataset_path": "jlm_fin_eval/datasets/cma_basics/cma_basics.py",
      "dataset_name": "cma_basics",
      "test_split": "test",
      "doc_to_text": "def doc_to_text_02(doc):\n    q_doc_text = doc[\"question\"] + \"\\n\"\n    if doc[\"context\"] and doc[\"context\"] != \"\":\n        q_doc_text += doc[\"context\"] + \"\\n\"\n    choices = \",\".join(\n        [\n            f\"{idx}.{choice}\"\n            for idx, choice in zip(doc[\"choices\"][\"id\"], doc[\"choices\"][\"text\"])\n        ]\n    )\n    return f\"質問:{q_doc_text}\" f\"選択肢:{choices}\\n\" \"回答:\"\n",
      "doc_to_target": "def doc_to_target_02(doc):\n    return [\n        str(choice_id)\n        for choice_id in doc[\"choices\"][\"id\"]\n        if choice_id == doc[\"answer\"]\n    ][0]\n",
      "doc_to_choice": "def doc_to_choices_02(doc):\n    return [str(choice) for choice in doc[\"choices\"][\"id\"]]\n",
      "description": "質問と回答の選択肢を入力として受け取り、選択肢から回答を選択してください。なお、回答は選択肢の番号(例:0)でするものとします。\n\n\n",
      "target_delimiter": "",
      "fewshot_delimiter": "\n\n",
      "num_fewshot": 0,
      "metric_list": [
        {
          "metric": "acc",
          "aggregation": "mean",
          "higher_is_better": true
        },
        {
          "metric": "acc_norm",
          "aggregation": "mean",
          "higher_is_better": true
        },
        {
          "metric": "map",
          "aggregation": "mean",
          "higher_is_better": true
        },
        {
          "metric": "map_2",
          "aggregation": "mean",
          "higher_is_better": true
        },
        {
          "metric": "map_3",
          "aggregation": "mean",
          "higher_is_better": true
        },
        {
          "metric": "map_4",
          "aggregation": "mean",
          "higher_is_better": true
        },
        {
          "metric": "map_norm",
          "aggregation": "mean",
          "higher_is_better": true
        },
        {
          "metric": "map_2_norm",
          "aggregation": "mean",