{
  "results": {
    "security_sales_1-1.0-0.2.1": {
      "acc,none": 0.43859649122807015,
      "acc_stderr,none": 0.0663095566682855,
      "acc_norm,none": 0.42105263157894735,
      "acc_norm_stderr,none": 0.06597717584505354,
      "map,none": 0.6944444444444443,
      "map_stderr,none": 0.03710007514786161,
      "map_2,none": 0.6578947368421053,
      "map_2_stderr,none": 0.045399049956733876,
      "map_3,none": 0.6812865497076024,
      "map_3_stderr,none": 0.0405082712404349,
      "map_4,none": 0.6944444444444443,
      "map_4_stderr,none": 0.03710007514786161,
      "map_norm,none": 0.6769005847953216,
      "map_norm_stderr,none": 0.03812599293155532,
      "map_2_norm,none": 0.631578947368421,
      "map_2_norm_stderr,none": 0.04770141932499819,
      "map_3_norm,none": 0.6549707602339181,
      "map_3_norm_stderr,none": 0.043327318103728314,
      "map_4_norm,none": 0.6769005847953216,
      "map_4_norm_stderr,none": 0.03812599293155532,
      "alias": "security_sales_1-1.0-0.2.1"
    },
    "fp2-1.0-0.2.1": {
      "acc,none": 0.24,
      "acc_stderr,none": 0.019616577850947305,
      "acc_norm,none": 0.24,
      "acc_norm_stderr,none": 0.019616577850947305,
      "map,none": 0.5136842105263167,
      "map_stderr,none": 0.013223406384715418,
      "map_2,none": 0.36526315789473685,
      "map_2_stderr,none": 0.018894242890726838,
      "map_3,none": 0.449473684210527,
      "map_3_stderr,none": 0.01647624306779532,
      "map_4,none": 0.5136842105263167,
      "map_4_stderr,none": 0.013223406384715418,
      "map_norm,none": 0.5136842105263167,
      "map_norm_stderr,none": 0.013223406384715418,
      "map_2_norm,none": 0.36526315789473685,
      "map_2_norm_stderr,none": 0.018894242890726838,
      "map_3_norm,none": 0.449473684210527,
      "map_3_norm_stderr,none": 0.01647624306779532,
      "map_4_norm,none": 0.5136842105263167,
      "map_4_norm_stderr,none": 0.013223406384715418,
      "alias": "fp2-1.0-0.2.1"
    },
    "cpa_audit-1.0-0.2.1": {
      "acc,none": 0.15829145728643215,
      "acc_stderr,none": 0.01831953107292637,
      "acc_norm,none": 0.15829145728643215,
      "acc_norm_stderr,none": 0.01831953107292637,
      "map,none": 0.3940117252931322,
      "map_stderr,none": 0.014169042004212375,
      "map_2,none": 0.22487437185929648,
      "map_2_stderr,none": 0.018846752484940044,
      "map_3,none": 0.2885259631490784,
      "map_3_stderr,none": 0.018064597233120004,
      "map_4,none": 0.331867671691792,
      "map_4_stderr,none": 0.016908360748503274,
      "map_norm,none": 0.39166666666666644,
      "map_norm_stderr,none": 0.014207940601347818,
      "map_2_norm,none": 0.22236180904522612,
      "map_2_norm_stderr,none": 0.01883789116880039,
      "map_3_norm,none": 0.28601340033500805,
      "map_3_norm_stderr,none": 0.018077649830760635,
      "map_4_norm,none": 0.32684254606365126,
      "map_4_norm_stderr,none": 0.017014223326634683,
      "alias": "cpa_audit-1.0-0.2.1"
    },
    "cma_basics-1.0-0.2.1": {
      "acc,none": 0.3157894736842105,
      "acc_stderr,none": 0.07641750223933594,
      "acc_norm,none": 0.3157894736842105,
      "acc_norm_stderr,none": 0.07641750223933594,
      "map,none": 0.5745614035087719,
      "map_stderr,none": 0.04947462579265341,
      "map_2,none": 0.4473684210526316,
      "map_2_stderr,none": 0.07002710734081143,
      "map_3,none": 0.5350877192982456,
      "map_3_stderr,none": 0.058007419401150125,
      "map_4,none": 0.5745614035087719,
      "map_4_stderr,none": 0.04947462579265341,
      "map_norm,none": 0.5899122807017543,
      "map_norm_stderr,none": 0.04822001346727994,
      "map_2_norm,none": 0.5,
      "map_2_norm_stderr,none": 0.06532553344640134,
      "map_3_norm,none": 0.5438596491228069,
      "map_3_norm_stderr,none": 0.05852495470034341,
      "map_4_norm,none": 0.5899122807017543,
      "map_4_norm_stderr,none": 0.04822001346727994,
      "alias": "cma_basics-1.0-0.2.1"
    },
    "chabsa-1.0-0.2": {
      "acc,none": 0.5636410721222322,
      "acc_stderr,none": 0.0056436276237581354,
      "f1,none": 0.37627922167756067,
      "f1_stderr,none": "N/A",
      "acc_norm,none": 0.5636410721222322,
      "acc_norm_stderr,none": 0.0056436276237581354,
      "f1_norm,none": 0.37627922167756067,
      "f1_norm_stderr,none": "N/A",
      "alias": "chabsa-1.0-0.2"
    }
  },
  "group_subtasks": {
    "chabsa-1.0-0.2": [],
    "cma_basics-1.0-0.2.1": [],
    "cpa_audit-1.0-0.2.1": [],
    "fp2-1.0-0.2.1": [],
    "security_sales_1-1.0-0.2.1": []
  },
  "configs": {
    "chabsa-1.0-0.2": {
      "task": "chabsa-1.0-0.2",
      "dataset_path": "jlm_fin_eval/datasets/chabsa/chabsa.py",
      "dataset_name": "chABSA",
      "test_split": "test",
      "doc_to_text": "センテンス: {{sentence}}\nターゲット: {{target}}\n回答:",
      "doc_to_target": "{{polarity}}",
      "doc_to_choice": [
        "positive",
        "negative"
      ],
      "description": "センテンスとターゲットを入力として受け取り、ターゲットに関するセンチメントをpositiveかnegativeから選択してください。\n\n\n",
      "target_delimiter": " ",
      "fewshot_delimiter": "\n\n",
      "num_fewshot": 0,
      "metric_list": [
        {
          "metric": "acc",
          "aggregation": "mean",
          "higher_is_better": true
        },
        {
          "metric": "acc_norm",
          "aggregation": "mean",
          "higher_is_better": true
        },
        {
          "metric": "f1",
          "aggregation": "2class_adjusted_macro_f1_score_for_chabsa",
          "higher_is_better": true
        },
        {
          "metric": "f1_norm",
          "aggregation": "2class_adjusted_macro_f1_score_for_chabsa",
          "higher_is_better": true
        }
      ],
      "output_type": "multiple_choice",
      "repeats": 1,
      "should_decontaminate": false,
      "doc_to_decontamination_query": "sentence",
      "metadata": {
        "version": 1.0
      }
    },
    "cma_basics-1.0-0.2.1": {
      "task": "cma_basics-1.0-0.2.1",
      "dataset_path": "jlm_fin_eval/datasets/cma_basics/cma_basics.py",
      "dataset_name": "cma_basics",
      "test_split": "test",
      "doc_to_text": "def doc_to_text_02_1(doc):\n    q_doc_text = doc[\"question\"] + \"\\n\"\n    if doc[\"context\"] and doc[\"context\"] != \"\":\n        q_doc_text += doc[\"context\"] + \"\\n\"\n    choices = \"\\n\".join([f\"- {choice}\" for choice in doc[\"choices\"][\"text\"]])\n    return f\"質問:{q_doc_text}選択肢:\\n{choices}\\n回答:\"\n",
      "doc_to_target": "def doc_to_target_01(doc):\n    return [\n        choice_text\n        for choice_id, choice_text in zip(doc[\"choices\"][\"id\"], doc[\"choices\"][\"text\"])\n        if choice_id == doc[\"answer\"]\n    ][0]\n",
      "doc_to_choice": "def doc_to_choices_01(doc):\n    choices = doc[\"choices\"][\"text\"]\n    return choices\n",
      "description": "与えられた選択肢の中から、最適な答えを選んでください。\n\n\n",
      "target_delimiter": "",
      "fewshot_delimiter": "\n\n",
      "num_fewshot": 0,
      "metric_list": [
        {
          "metric": "acc",
          "aggregation": "mean",
          "higher_is_better": true
        },
        {
          "metric": "acc_norm",
          "aggregation": "mean",
          "higher_is_better": true
        },
        {
          "metric": "map",
          "aggregation": "mean",
          "higher_is_better": true
        },
        {
          "metric": "map_2",
          "aggregation": "mean",
          "higher_is_better": true
        },
        {
          "metric": "map_3",
          "aggregation": "mean",
          "higher_is_better": true
        },
        {
          "metric": "map_4",
          "aggregation": "mean",
          "higher_is_better": true
        },
        {
          "metric": "map_norm",
          "aggregation": "mean",
          "higher_is_better": true
        },
        {
          "metric": "map_2_norm",
          "aggregation": "mean",
          "higher_is_better": true
        },
        {
          "metric": "map_3_norm",
          "aggregation": "mean",