{
  "results": {
    "chabsa-1.0-0.6": {
      "acc": 0.5961413958306357,
      "f1": 0.6050720615537734
    },
    "cma_basics-1.0-0.1.2": {
      "acc": 0.34210526315789475,
      "acc_stderr": 0.07799328662681833,
      "map": 0.581140350877193,
      "map_stderr": 0.05140345415468255,
      "map_2": 0.4473684210526316,
      "map_2_stderr": 0.07252182112435492,
      "map_3": 0.5350877192982456,
      "map_3_stderr": 0.06099573331186647,
      "map_4": 0.581140350877193,
      "map_4_stderr": 0.05140345415468255
    },
    "cpa_audit-1.0-0.2.1": {
      "acc": 0.19597989949748743,
      "acc_stderr": 0.019922505943002544,
      "map": 0.4195142378559463,
      "map_stderr": 0.015162007002134947,
      "map_2": 0.2600502512562814,
      "map_2_stderr": 0.02002093745313277,
      "map_3": 0.3161641541038522,
      "map_3_stderr": 0.0191443973371044,
      "map_4": 0.3601340033500836,
      "map_4_stderr": 0.01786877651924278
    },
    "fp2-1.0-0.2.1": {
      "acc": 0.27578947368421053,
      "acc_stderr": 0.020527312251959445,
      "map": 0.5285964912280708,
      "map_stderr": 0.013818645299135093,
      "map_2": 0.38105263157894737,
      "map_2_stderr": 0.01954733956454347,
      "map_3": 0.4617543859649128,
      "map_3_stderr": 0.017185956225179416,
      "map_4": 0.5285964912280708,
      "map_4_stderr": 0.013818645299135093
    },
    "security_sales_1-1.0-0.6": {
      "acc": 0.42105263157894735,
      "acc_stderr": 0.06597717584505354,
      "map": 0.6842105263157895,
      "map_stderr": 0.03712372968138604,
      "map_2": 0.6491228070175439,
      "map_2_stderr": 0.0450648938254424,
      "map_3": 0.6666666666666666,
      "map_3_stderr": 0.041509729511408223,
      "map_4": 0.6842105263157895,
      "map_4_stderr": 0.03712372968138604
    }
  },
  "versions": {
    "chabsa-1.0-0.6": 1.0,
    "cma_basics-1.0-0.1.2": 1.0,
    "cpa_audit-1.0-0.2.1": 1.0,
    "fp2-1.0-0.2.1": 1.0,
    "security_sales_1-1.0-0.6": 1.0
  },
  "config": {
    "model": "hf-causal-experimental",
    "model_args": "pretrained=rinna/bilingual-gpt-neox-4b",
    "num_fewshot": [
      0,
      1,
      3,
      2,
      1
    ],
    "batch_size": null,
    "device": null,
    "no_cache": true,
    "limit": null,
    "bootstrap_iters": 100000,
    "description_dict": {}
  }
}