{
  "results": {
    "security_sales_1-1.0-0.2": {
      "acc,none": 0.45614035087719296,
      "acc_stderr,none": 0.06655775300696491,
      "acc_norm,none": 0.45614035087719296,
      "acc_norm_stderr,none": 0.06655775300696491,
      "map,none": 0.7178362573099416,
      "map_stderr,none": 0.03665294525935666,
      "map_2,none": 0.6929824561403509,
      "map_2_stderr,none": 0.04290950794051113,
      "map_3,none": 0.7046783625730995,
      "map_3_stderr,none": 0.04023599448703763,
      "map_4,none": 0.7178362573099416,
      "map_4_stderr,none": 0.03665294525935666,
      "map_norm,none": 0.7178362573099416,
      "map_norm_stderr,none": 0.03665294525935666,
      "map_2_norm,none": 0.6929824561403509,
      "map_2_norm_stderr,none": 0.04290950794051113,
      "map_3_norm,none": 0.7046783625730995,
      "map_3_norm_stderr,none": 0.04023599448703763,
      "map_4_norm,none": 0.7178362573099416,
      "map_4_norm_stderr,none": 0.03665294525935666,
      "alias": "security_sales_1-1.0-0.2"
    },
    "fp2-1.0-0.2": {
      "acc,none": 0.24,
      "acc_stderr,none": 0.019616577850947305,
      "acc_norm,none": 0.24,
      "acc_norm_stderr,none": 0.019616577850947305,
      "map,none": 0.5112280701754393,
      "map_stderr,none": 0.013267865266826344,
      "map_2,none": 0.3589473684210526,
      "map_2_stderr,none": 0.018973136178378768,
      "map_3,none": 0.4459649122807025,
      "map_3_stderr,none": 0.016535017768731154,
      "map_4,none": 0.5112280701754393,
      "map_4_stderr,none": 0.013267865266826344,
      "map_norm,none": 0.5112280701754393,
      "map_norm_stderr,none": 0.013267865266826344,
      "map_2_norm,none": 0.3589473684210526,
      "map_2_norm_stderr,none": 0.018973136178378768,
      "map_3_norm,none": 0.4459649122807025,
      "map_3_norm_stderr,none": 0.016535017768731154,
      "map_4_norm,none": 0.5112280701754393,
      "map_4_norm_stderr,none": 0.013267865266826344,
      "alias": "fp2-1.0-0.2"
    },
    "cpa_audit-1.0-0.2": {
      "acc,none": 0.13819095477386933,
      "acc_stderr,none": 0.017320087404198013,
      "acc_norm,none": 0.13819095477386933,
      "acc_norm_stderr,none": 0.017320087404198013,
      "map,none": 0.3913316582914572,
      "map_stderr,none": 0.013392633489785529,
      "map_2,none": 0.22236180904522612,
      "map_2_stderr,none": 0.018153529941563745,
      "map_3,none": 0.2893634840871019,
      "map_3_stderr,none": 0.01730443425846122,
      "map_4,none": 0.3352177554438857,
      "map_4_stderr,none": 0.01600557977836611,
      "map_norm,none": 0.3913316582914572,
      "map_norm_stderr,none": 0.013392633489785529,
      "map_2_norm,none": 0.22236180904522612,
      "map_2_norm_stderr,none": 0.018153529941563745,
      "map_3_norm,none": 0.2893634840871019,
      "map_3_norm_stderr,none": 0.01730443425846122,
      "map_4_norm,none": 0.3352177554438857,
      "map_4_norm_stderr,none": 0.01600557977836611,
      "alias": "cpa_audit-1.0-0.2"
    },
    "cma_basics-1.0-0.2": {
      "acc,none": 0.2894736842105263,
      "acc_stderr,none": 0.07455791696866065,
      "acc_norm,none": 0.2894736842105263,
      "acc_norm_stderr,none": 0.07455791696866065,
      "map,none": 0.5175438596491229,
      "map_stderr,none": 0.05222997561385696,
      "map_2,none": 0.35526315789473684,
      "map_2_stderr,none": 0.07281158760157558,
      "map_3,none": 0.4254385964912281,
      "map_3_stderr,none": 0.0667310524851493,
      "map_4,none": 0.5175438596491229,
      "map_4_stderr,none": 0.05222997561385696,
      "map_norm,none": 0.5175438596491229,
      "map_norm_stderr,none": 0.05222997561385696,
      "map_2_norm,none": 0.35526315789473684,
      "map_2_norm_stderr,none": 0.07281158760157558,
      "map_3_norm,none": 0.4254385964912281,
      "map_3_norm_stderr,none": 0.0667310524851493,
      "map_4_norm,none": 0.5175438596491229,
      "map_4_norm_stderr,none": 0.05222997561385696,
      "alias": "cma_basics-1.0-0.2"
    },
    "chabsa-1.0-0.2": {
      "acc,none": 0.5636410721222322,
      "acc_stderr,none": 0.0056436276237581354,
      "f1,none": 0.37627922167756067,
      "f1_stderr,none": "N/A",
      "acc_norm,none": 0.5636410721222322,
      "acc_norm_stderr,none": 0.0056436276237581354,
      "f1_norm,none": 0.37627922167756067,
      "f1_norm_stderr,none": "N/A",
      "alias": "chabsa-1.0-0.2"
    }
  },
  "group_subtasks": {
    "chabsa-1.0-0.2": [],
    "cma_basics-1.0-0.2": [],
    "cpa_audit-1.0-0.2": [],
    "fp2-1.0-0.2": [],
    "security_sales_1-1.0-0.2": []
  },
  "configs": {
    "chabsa-1.0-0.2": {
      "task": "chabsa-1.0-0.2",
      "dataset_path": "jlm_fin_eval/datasets/chabsa/chabsa.py",
      "dataset_name": "chABSA",
      "test_split": "test",
      "doc_to_text": "センテンス: {{sentence}}\nターゲット: {{target}}\n回答:",
      "doc_to_target": "{{polarity}}",
      "doc_to_choice": [
        "positive",
        "negative"
      ],
      "description": "センテンスとターゲットを入力として受け取り、ターゲットに関するセンチメントをpositiveかnegativeから選択してください。\n\n\n",
      "target_delimiter": " ",
      "fewshot_delimiter": "\n\n",
      "num_fewshot": 0,
      "metric_list": [
        {
          "metric": "acc",
          "aggregation": "mean",
          "higher_is_better": true
        },
        {
          "metric": "acc_norm",
          "aggregation": "mean",
          "higher_is_better": true
        },
        {
          "metric": "f1",
          "aggregation": "2class_adjusted_macro_f1_score_for_chabsa",
          "higher_is_better": true
        },
        {
          "metric": "f1_norm",
          "aggregation": "2class_adjusted_macro_f1_score_for_chabsa",
          "higher_is_better": true
        }
      ],
      "output_type": "multiple_choice",
      "repeats": 1,
      "should_decontaminate": false,
      "doc_to_decontamination_query": "sentence",
      "metadata": {
        "version": 1.0
      }
    },
    "cma_basics-1.0-0.2": {
      "task": "cma_basics-1.0-0.2",
      "dataset_path": "jlm_fin_eval/datasets/cma_basics/cma_basics.py",
      "dataset_name": "cma_basics",
      "test_split": "test",
      "doc_to_text": "def doc_to_text_02(doc):\n    q_doc_text = doc[\"question\"] + \"\\n\"\n    if doc[\"context\"] and doc[\"context\"] != \"\":\n        q_doc_text += doc[\"context\"] + \"\\n\"\n    choices = \",\".join(\n        [\n            f\"{idx}.{choice}\"\n            for idx, choice in zip(doc[\"choices\"][\"id\"], doc[\"choices\"][\"text\"])\n        ]\n    )\n    return f\"質問:{q_doc_text}\" f\"選択肢:{choices}\\n\" \"回答:\"\n",
      "doc_to_target": "def doc_to_target_02(doc):\n    return [\n        str(choice_id)\n        for choice_id in doc[\"choices\"][\"id\"]\n        if choice_id == doc[\"answer\"]\n    ][0]\n",
      "doc_to_choice": "def doc_to_choices_02(doc):\n    return [str(choice) for choice in doc[\"choices\"][\"id\"]]\n",
      "description": "質問と回答の選択肢を入力として受け取り、選択肢から回答を選択してください。なお、回答は選択肢の番号(例:0)でするものとします。\n\n\n",
      "target_delimiter": "",
      "fewshot_delimiter": "\n\n",
      "num_fewshot": 0,
      "metric_list": [
        {
          "metric": "acc",
          "aggregation": "mean",
          "higher_is_better": true
        },
        {
          "metric": "acc_norm",
          "aggregation": "mean",
          "higher_is_better": true
        },
        {
          "metric": "map",
          "aggregation": "mean",
          "higher_is_better": true
        },
        {
          "metric": "map_2",
          "aggregation": "mean",
          "higher_is_better": true
        },
        {
          "metric": "map_3",
          "aggregation": "mean",
          "higher_is_better": true
        },
        {
          "metric": "map_4",
          "aggregation": "mean",
          "higher_is_better": true
        },
        {
          "metric": "map_norm",
          "aggregation": "mean",
          "higher_is_better": true
        },
        {
          "metric": "map_2_norm",
          "aggregation": "mean",