{
  "results": {
    "security_sales_1-1.0-0.1": {
      "acc,none": 0.45614035087719296,
      "acc_stderr,none": 0.06655775300696491,
      "acc_norm,none": 0.42105263157894735,
      "acc_norm_stderr,none": 0.06597717584505354,
      "map,none": 0.6988304093567251,
      "map_stderr,none": 0.038165015963916075,
      "map_2,none": 0.6666666666666666,
      "map_2_stderr,none": 0.045700708092256785,
      "map_3,none": 0.672514619883041,
      "map_3_stderr,none": 0.044536684829613496,
      "map_4,none": 0.6988304093567251,
      "map_4_stderr,none": 0.038165015963916075,
      "map_norm,none": 0.6783625730994152,
      "map_norm_stderr,none": 0.03803277643078527,
      "map_2_norm,none": 0.6403508771929824,
      "map_2_norm_stderr,none": 0.046416689667799826,
      "map_3_norm,none": 0.652046783625731,
      "map_3_norm_stderr,none": 0.044206371112190335,
      "map_4_norm,none": 0.6783625730994152,
      "map_4_norm_stderr,none": 0.03803277643078527,
      "alias": "security_sales_1-1.0-0.1"
    },
    "fp2-1.0-0.1": {
      "acc,none": 0.2673684210526316,
      "acc_stderr,none": 0.020328657645803418,
      "acc_norm,none": 0.2673684210526316,
      "acc_norm_stderr,none": 0.020328657645803418,
      "map,none": 0.5366666666666675,
      "map_stderr,none": 0.013484230148728443,
      "map_2,none": 0.3968421052631579,
      "map_2_stderr,none": 0.019193749347788655,
      "map_3,none": 0.4824561403508779,
      "map_3_stderr,none": 0.01642521393881153,
      "map_4,none": 0.5366666666666675,
      "map_4_stderr,none": 0.013484230148728443,
      "map_norm,none": 0.5366666666666675,
      "map_norm_stderr,none": 0.013484230148728443,
      "map_2_norm,none": 0.3968421052631579,
      "map_2_norm_stderr,none": 0.019193749347788655,
      "map_3_norm,none": 0.4824561403508779,
      "map_3_norm_stderr,none": 0.01642521393881153,
      "map_4_norm,none": 0.5366666666666675,
      "map_4_norm_stderr,none": 0.013484230148728443,
      "alias": "fp2-1.0-0.1"
    },
    "cpa_audit-1.0-0.1": {
      "acc,none": 0.16080402010050251,
      "acc_stderr,none": 0.01843677242307894,
      "acc_norm,none": 0.14321608040201006,
      "acc_norm_stderr,none": 0.017580705212218505,
      "map,none": 0.4024288107202677,
      "map_stderr,none": 0.014198908023952406,
      "map_2,none": 0.24120603015075376,
      "map_2_stderr,none": 0.018967337439209874,
      "map_3,none": 0.29648241206030124,
      "map_3_stderr,none": 0.018201825765887143,
      "map_4,none": 0.34422110552763796,
      "map_4_stderr,none": 0.0168619367490134,
      "map_norm,none": 0.3903266331658288,
      "map_norm_stderr,none": 0.013656352160452023,
      "map_2_norm,none": 0.22613065326633167,
      "map_2_norm_stderr,none": 0.018340351686065032,
      "map_3_norm,none": 0.28224455611390253,
      "map_3_norm_stderr,none": 0.01765296670258066,
      "map_4_norm,none": 0.33061139028475683,
      "map_4_norm_stderr,none": 0.01635298740787706,
      "alias": "cpa_audit-1.0-0.1"
    },
    "cma_basics-1.0-0.1": {
      "acc,none": 0.21052631578947367,
      "acc_stderr,none": 0.06702258315442243,
      "acc_norm,none": 0.2631578947368421,
      "acc_norm_stderr,none": 0.0723926637268818,
      "map,none": 0.5000000000000001,
      "map_stderr,none": 0.04554605212218231,
      "map_2,none": 0.3684210526315789,
      "map_2_stderr,none": 0.06446025638903102,
      "map_3,none": 0.42105263157894735,
      "map_3_stderr,none": 0.05921381899068796,
      "map_4,none": 0.5000000000000001,
      "map_4_stderr,none": 0.04554605212218231,
      "map_norm,none": 0.5482456140350876,
      "map_norm_stderr,none": 0.04668473822720761,
      "map_2_norm,none": 0.42105263157894735,
      "map_2_norm_stderr,none": 0.06674273816118409,
      "map_3_norm,none": 0.5087719298245613,
      "map_3_norm_stderr,none": 0.05514015377601063,
      "map_4_norm,none": 0.5482456140350876,
      "map_4_norm_stderr,none": 0.04668473822720761,
      "alias": "cma_basics-1.0-0.1"
    },
    "chabsa-1.0-0.1": {
      "acc,none": 0.5615693383400233,
      "acc_stderr,none": 0.005646602999216798,
      "f1,none": 0.3605059406675491,
      "f1_stderr,none": "N/A",
      "acc_norm,none": 0.5615693383400233,
      "acc_norm_stderr,none": 0.005646602999216798,
      "f1_norm,none": 0.3605059406675491,
      "f1_norm_stderr,none": "N/A",
      "alias": "chabsa-1.0-0.1"
    }
  },
  "group_subtasks": {
    "chabsa-1.0-0.1": [],
    "cma_basics-1.0-0.1": [],
    "cpa_audit-1.0-0.1": [],
    "fp2-1.0-0.1": [],
    "security_sales_1-1.0-0.1": []
  },
  "configs": {
    "chabsa-1.0-0.1": {
      "task": "chabsa-1.0-0.1",
      "dataset_path": "jlm_fin_eval/datasets/chabsa/chabsa.py",
      "dataset_name": "chABSA",
      "test_split": "test",
      "doc_to_text": "[センテンス]: {{sentence}}\nターゲット]: {{target}}\n[答え]:",
      "doc_to_target": "{{polarity}}",
      "doc_to_choice": [
        "positive",
        "negative"
      ],
      "description": "[センテンス]における、[ターゲット]のセンチメントをpositiveかnegativeで選んでください。\n\n\n",
      "target_delimiter": " ",
      "fewshot_delimiter": "\n\n",
      "num_fewshot": 0,
      "metric_list": [
        {
          "metric": "acc",
          "aggregation": "mean",
          "higher_is_better": true
        },
        {
          "metric": "acc_norm",
          "aggregation": "mean",
          "higher_is_better": true
        },
        {
          "metric": "f1",
          "aggregation": "2class_adjusted_macro_f1_score_for_chabsa",
          "higher_is_better": true
        },
        {
          "metric": "f1_norm",
          "aggregation": "2class_adjusted_macro_f1_score_for_chabsa",
          "higher_is_better": true
        }
      ],
      "output_type": "multiple_choice",
      "repeats": 1,
      "should_decontaminate": false,
      "doc_to_decontamination_query": "sentence",
      "metadata": {
        "version": 1.0
      }
    },
    "cma_basics-1.0-0.1": {
      "task": "cma_basics-1.0-0.1",
      "dataset_path": "jlm_fin_eval/datasets/cma_basics/cma_basics.py",
      "dataset_name": "cma_basics",
      "test_split": "test",
      "doc_to_text": "def doc_to_text_01(doc):\n    q_doc_text = doc[\"question\"] + \"\\n\"\n    if doc[\"context\"] and doc[\"context\"] != \"\":\n        q_doc_text += doc[\"context\"] + \"\\n\"\n    return f\"[問題]:{q_doc_text}[選択肢]:[{', '.join(doc['choices']['text'])}]\\n[答え]:\"\n",
      "doc_to_target": "def doc_to_target_01(doc):\n    return [\n        choice_text\n        for choice_id, choice_text in zip(doc[\"choices\"][\"id\"], doc[\"choices\"][\"text\"])\n        if choice_id == doc[\"answer\"]\n    ][0]\n",
      "doc_to_choice": "def doc_to_choices_01(doc):\n    choices = doc[\"choices\"][\"text\"]\n    return choices\n",
      "description": "[問題]に対する[答え]を[選択肢]の中から選んでください。\n\n\n",
      "target_delimiter": "",
      "fewshot_delimiter": "\n\n",
      "num_fewshot": 0,
      "metric_list": [
        {
          "metric": "acc",
          "aggregation": "mean",
          "higher_is_better": true
        },
        {
          "metric": "acc_norm",
          "aggregation": "mean",
          "higher_is_better": true
        },
        {
          "metric": "map",
          "aggregation": "mean",
          "higher_is_better": true
        },
        {
          "metric": "map_2",
          "aggregation": "mean",
          "higher_is_better": true
        },
        {
          "metric": "map_3",
          "aggregation": "mean",
          "higher_is_better": true
        },
        {
          "metric": "map_4",
          "aggregation": "mean",
          "higher_is_better": true
        },
        {
          "metric": "map_norm",
          "aggregation": "mean",
          "higher_is_better": true
        },
        {
          "metric": "map_2_norm",
          "aggregation": "mean",
          "higher_is_better": true
        },
        {
          "metric": "map_3_norm",
          "aggregation": "mean",