{
  "results": {
    "security_sales_1-1.0-0.1.2": {
      "acc,none": 0.43859649122807015,
      "acc_stderr,none": 0.0663095566682855,
      "acc_norm,none": 0.43859649122807015,
      "acc_norm_stderr,none": 0.0663095566682855,
      "map,none": 0.6973684210526314,
      "map_stderr,none": 0.036526726275443545,
      "map_2,none": 0.6578947368421053,
      "map_2_stderr,none": 0.045399049956733856,
      "map_3,none": 0.6929824561403507,
      "map_3_stderr,none": 0.03772949678527469,
      "map_4,none": 0.6973684210526314,
      "map_4_stderr,none": 0.036526726275443545,
      "map_norm,none": 0.6973684210526314,
      "map_norm_stderr,none": 0.036526726275443545,
      "map_2_norm,none": 0.6578947368421053,
      "map_2_norm_stderr,none": 0.045399049956733856,
      "map_3_norm,none": 0.6929824561403507,
      "map_3_norm_stderr,none": 0.03772949678527469,
      "map_4_norm,none": 0.6973684210526314,
      "map_4_norm_stderr,none": 0.036526726275443545,
      "alias": "security_sales_1-1.0-0.1.2"
    },
    "fp2-1.0-0.1.2": {
      "acc,none": 0.27789473684210525,
      "acc_stderr,none": 0.020575540150487057,
      "acc_norm,none": 0.27789473684210525,
      "acc_norm_stderr,none": 0.020575540150487057,
      "map,none": 0.5382456140350886,
      "map_stderr,none": 0.013763722186050063,
      "map_2,none": 0.3968421052631579,
      "map_2_stderr,none": 0.019480855285752285,
      "map_3,none": 0.47824561403508853,
      "map_3_stderr,none": 0.01692525493159855,
      "map_4,none": 0.5382456140350886,
      "map_4_stderr,none": 0.013763722186050063,
      "map_norm,none": 0.5382456140350886,
      "map_norm_stderr,none": 0.013763722186050063,
      "map_2_norm,none": 0.3968421052631579,
      "map_2_norm_stderr,none": 0.019480855285752285,
      "map_3_norm,none": 0.47824561403508853,
      "map_3_norm_stderr,none": 0.01692525493159855,
      "map_4_norm,none": 0.5382456140350886,
      "map_4_norm_stderr,none": 0.013763722186050063,
      "alias": "fp2-1.0-0.1.2"
    },
    "cpa_audit-1.0-0.1.2": {
      "acc,none": 0.14824120603015076,
      "acc_stderr,none": 0.017833949374419657,
      "acc_norm,none": 0.14824120603015076,
      "acc_norm_stderr,none": 0.017833949374419657,
      "map,none": 0.39376046901172523,
      "map_stderr,none": 0.013846600144083563,
      "map_2,none": 0.23241206030150754,
      "map_2_stderr,none": 0.018529795421654213,
      "map_3,none": 0.2893634840871019,
      "map_3_stderr,none": 0.017785399664826677,
      "map_4,none": 0.3289363484087099,
      "map_4_stderr,none": 0.016721495229075255,
      "map_norm,none": 0.39376046901172523,
      "map_norm_stderr,none": 0.013846600144083563,
      "map_2_norm,none": 0.23241206030150754,
      "map_2_norm_stderr,none": 0.018529795421654213,
      "map_3_norm,none": 0.2893634840871019,
      "map_3_norm_stderr,none": 0.017785399664826677,
      "map_4_norm,none": 0.3289363484087099,
      "map_4_norm_stderr,none": 0.016721495229075255,
      "alias": "cpa_audit-1.0-0.1.2"
    },
    "cma_basics-1.0-0.1.2": {
      "acc,none": 0.23684210526315788,
      "acc_stderr,none": 0.06989334006042335,
      "acc_norm,none": 0.23684210526315788,
      "acc_norm_stderr,none": 0.06989334006042335,
      "map,none": 0.506578947368421,
      "map_stderr,none": 0.04760146954320588,
      "map_2,none": 0.35526315789473684,
      "map_2_stderr,none": 0.06775167699562203,
      "map_3,none": 0.4342105263157895,
      "map_3_stderr,none": 0.06014164359495517,
      "map_4,none": 0.506578947368421,
      "map_4_stderr,none": 0.04760146954320588,
      "map_norm,none": 0.506578947368421,
      "map_norm_stderr,none": 0.04760146954320588,
      "map_2_norm,none": 0.35526315789473684,
      "map_2_norm_stderr,none": 0.06775167699562203,
      "map_3_norm,none": 0.4342105263157895,
      "map_3_norm_stderr,none": 0.06014164359495517,
      "map_4_norm,none": 0.506578947368421,
      "map_4_norm_stderr,none": 0.04760146954320588,
      "alias": "cma_basics-1.0-0.1.2"
    },
    "chabsa-1.0-0.1": {
      "acc,none": 0.5615693383400233,
      "acc_stderr,none": 0.005646602999216798,
      "f1,none": 0.3605059406675491,
      "f1_stderr,none": "N/A",
      "acc_norm,none": 0.5615693383400233,
      "acc_norm_stderr,none": 0.005646602999216798,
      "f1_norm,none": 0.3605059406675491,
      "f1_norm_stderr,none": "N/A",
      "alias": "chabsa-1.0-0.1"
    }
  },
  "group_subtasks": {
    "chabsa-1.0-0.1": [],
    "cma_basics-1.0-0.1.2": [],
    "cpa_audit-1.0-0.1.2": [],
    "fp2-1.0-0.1.2": [],
    "security_sales_1-1.0-0.1.2": []
  },
  "configs": {
    "chabsa-1.0-0.1": {
      "task": "chabsa-1.0-0.1",
      "dataset_path": "jlm_fin_eval/datasets/chabsa/chabsa.py",
      "dataset_name": "chABSA",
      "test_split": "test",
      "doc_to_text": "[センテンス]: {{sentence}}\nターゲット]: {{target}}\n[答え]:",
      "doc_to_target": "{{polarity}}",
      "doc_to_choice": [
        "positive",
        "negative"
      ],
      "description": "[センテンス]における、[ターゲット]のセンチメントをpositiveかnegativeで選んでください。\n\n\n",
      "target_delimiter": " ",
      "fewshot_delimiter": "\n\n",
      "num_fewshot": 0,
      "metric_list": [
        {
          "metric": "acc",
          "aggregation": "mean",
          "higher_is_better": true
        },
        {
          "metric": "acc_norm",
          "aggregation": "mean",
          "higher_is_better": true
        },
        {
          "metric": "f1",
          "aggregation": "2class_adjusted_macro_f1_score_for_chabsa",
          "higher_is_better": true
        },
        {
          "metric": "f1_norm",
          "aggregation": "2class_adjusted_macro_f1_score_for_chabsa",
          "higher_is_better": true
        }
      ],
      "output_type": "multiple_choice",
      "repeats": 1,
      "should_decontaminate": false,
      "doc_to_decontamination_query": "sentence",
      "metadata": {
        "version": 1.0
      }
    },
    "cma_basics-1.0-0.1.2": {
      "task": "cma_basics-1.0-0.1.2",
      "dataset_path": "jlm_fin_eval/datasets/cma_basics/cma_basics.py",
      "dataset_name": "cma_basics",
      "test_split": "test",
      "doc_to_text": "def doc_to_text_01_2(doc):\n    q_doc_text = doc[\"question\"] + \"\\n\"\n    if doc[\"context\"] and doc[\"context\"] != \"\":\n        q_doc_text += doc[\"context\"] + \"\\n\"\n    choice_doc_text = []\n    for choice_id, choice_text in zip(doc[\"choices\"][\"id\"], doc[\"choices\"][\"text\"]):\n        choice_doc_text.append(chr(choice_id + 65) + \":\" + choice_text)\n    return f\"[問題]:{q_doc_text}[選択肢]:[{', '.join(choice_doc_text)}]\\n[答え]:\"\n",
      "doc_to_target": "def doc_to_target_alphabet(doc):\n    answer = chr(int(doc[\"answer\"]) + 65)\n    return answer\n",
      "doc_to_choice": "def doc_to_choices_alphabet(doc):\n    choices = [chr(choice_id + 65) for choice_id in doc[\"choices\"][\"id\"]]\n    return choices\n",
      "description": "[問題]に対する[答え]を[選択肢]の中からアルファベットで選んでください。\n\n\n",
      "target_delimiter": "",
      "fewshot_delimiter": "\n\n",
      "num_fewshot": 0,
      "metric_list": [
        {
          "metric": "acc",
          "aggregation": "mean",
          "higher_is_better": true
        },
        {
          "metric": "acc_norm",
          "aggregation": "mean",
          "higher_is_better": true
        },
        {
          "metric": "map",
          "aggregation": "mean",
          "higher_is_better": true
        },
        {
          "metric": "map_2",
          "aggregation": "mean",
          "higher_is_better": true
        },
        {
          "metric": "map_3",
          "aggregation": "mean",
          "higher_is_better": true
        },
        {
          "metric": "map_4",
          "aggregation": "mean",
          "higher_is_better": true
        },
        {
          "metric": "map_norm",
          "aggregation": "mean",
          "higher_is_better": true
        },
        {
          "metric": "map_2_norm",
          "aggregation": "mean",