{
  "results": {
    "security_sales_1-1.0-0.3": {
      "acc,none": 0.42105263157894735,
      "acc_stderr,none": 0.06597717584505354,
      "acc_norm,none": 0.42105263157894735,
      "acc_norm_stderr,none": 0.06597717584505354,
      "map,none": 0.6812865497076024,
      "map_stderr,none": 0.037669763735314866,
      "map_2,none": 0.6491228070175439,
      "map_2_stderr,none": 0.0450648938254424,
      "map_3,none": 0.6549707602339182,
      "map_3_stderr,none": 0.04392573689837205,
      "map_4,none": 0.6812865497076024,
      "map_4_stderr,none": 0.037669763735314866,
      "map_norm,none": 0.6666666666666666,
      "map_norm_stderr,none": 0.03957797417883145,
      "map_2_norm,none": 0.6140350877192983,
      "map_2_norm_stderr,none": 0.050090056522990346,
      "map_3_norm,none": 0.631578947368421,
      "map_3_norm_stderr,none": 0.047150944185837554,
      "map_4_norm,none": 0.6666666666666666,
      "map_4_norm_stderr,none": 0.03957797417883145,
      "alias": "security_sales_1-1.0-0.3"
    },
    "fp2-1.0-0.3": {
      "acc,none": 0.24,
      "acc_stderr,none": 0.019616577850947305,
      "acc_norm,none": 0.24,
      "acc_norm_stderr,none": 0.019616577850947305,
      "map,none": 0.5175438596491237,
      "map_stderr,none": 0.013113033301828676,
      "map_2,none": 0.36947368421052634,
      "map_2_stderr,none": 0.018838982318920026,
      "map_3,none": 0.46070175438596567,
      "map_3_stderr,none": 0.01610226366769112,
      "map_4,none": 0.5175438596491237,
      "map_4_stderr,none": 0.013113033301828676,
      "map_norm,none": 0.5175438596491237,
      "map_norm_stderr,none": 0.013113033301828676,
      "map_2_norm,none": 0.36947368421052634,
      "map_2_norm_stderr,none": 0.018838982318920026,
      "map_3_norm,none": 0.46070175438596567,
      "map_3_norm_stderr,none": 0.01610226366769112,
      "map_4_norm,none": 0.5175438596491237,
      "map_4_norm_stderr,none": 0.013113033301828676,
      "alias": "fp2-1.0-0.3"
    },
    "cpa_audit-1.0-0.3": {
      "acc,none": 0.16834170854271358,
      "acc_stderr,none": 0.018779026412908413,
      "acc_norm,none": 0.16834170854271358,
      "acc_norm_stderr,none": 0.018779026412908413,
      "map,none": 0.4077051926298154,
      "map_stderr,none": 0.014424157870334806,
      "map_2,none": 0.24874371859296482,
      "map_2_stderr,none": 0.01922092662237248,
      "map_3,none": 0.3040201005025123,
      "map_3_stderr,none": 0.01840900780869919,
      "map_4,none": 0.34422110552763807,
      "map_4_stderr,none": 0.017279029964053432,
      "map_norm,none": 0.4049832495812391,
      "map_norm_stderr,none": 0.014483421373595902,
      "map_2_norm,none": 0.24623115577889448,
      "map_2_norm_stderr,none": 0.019220099293129796,
      "map_3_norm,none": 0.301507537688442,
      "map_3_norm_stderr,none": 0.018427138670526217,
      "map_4_norm,none": 0.3398241206030149,
      "map_4_norm_stderr,none": 0.01737210230497697,
      "alias": "cpa_audit-1.0-0.3"
    },
    "cma_basics-1.0-0.3": {
      "acc,none": 0.2631578947368421,
      "acc_stderr,none": 0.0723926637268818,
      "acc_norm,none": 0.23684210526315788,
      "acc_norm_stderr,none": 0.06989334006042333,
      "map,none": 0.5087719298245613,
      "map_stderr,none": 0.05036509993528194,
      "map_2,none": 0.35526315789473684,
      "map_2_stderr,none": 0.07032715345007577,
      "map_3,none": 0.4166666666666668,
      "map_3_stderr,none": 0.06494639191900489,
      "map_4,none": 0.5087719298245613,
      "map_4_stderr,none": 0.05036509993528194,
      "map_norm,none": 0.5175438596491228,
      "map_norm_stderr,none": 0.046528564232748794,
      "map_2_norm,none": 0.3684210526315789,
      "map_2_norm_stderr,none": 0.06716206838991054,
      "map_3_norm,none": 0.46491228070175433,
      "map_3_norm_stderr,none": 0.0566286845684163,
      "map_4_norm,none": 0.5175438596491228,
      "map_4_norm_stderr,none": 0.046528564232748794,
      "alias": "cma_basics-1.0-0.3"
    },
    "chabsa-1.0-0.3": {
      "acc,none": 0.5611808882558591,
      "acc_stderr,none": 0.005647149750045224,
      "f1,none": 0.3594592352989964,
      "f1_stderr,none": "N/A",
      "acc_norm,none": 0.5611808882558591,
      "acc_norm_stderr,none": 0.005647149750045224,
      "f1_norm,none": 0.3594592352989964,
      "f1_norm_stderr,none": "N/A",
      "alias": "chabsa-1.0-0.3"
    }
  },
  "group_subtasks": {
    "chabsa-1.0-0.3": [],
    "cma_basics-1.0-0.3": [],
    "cpa_audit-1.0-0.3": [],
    "fp2-1.0-0.3": [],
    "security_sales_1-1.0-0.3": []
  },
  "configs": {
    "chabsa-1.0-0.3": {
      "task": "chabsa-1.0-0.3",
      "dataset_path": "jlm_fin_eval/datasets/chabsa/chabsa.py",
      "dataset_name": "chABSA",
      "test_split": "test",
      "doc_to_text": "### 入力:\nセンテンス:{{sentence}}\nターゲット:{{target}}\n\n### 応答:\n\n",
      "doc_to_target": "{{polarity}}",
      "doc_to_choice": [
        "positive",
        "negative"
      ],
      "description": "以下は、タスクを説明する指示と、文脈のある入力の組み合わせです。要求を適切に満たす応答を書きなさい。\n\n### 指示:\n以下のセンテンスにおける、ターゲットのセンチメントをpositiveかnegativeで答えてください。\n\n\n",
      "target_delimiter": "",
      "fewshot_delimiter": "\n\n",
      "num_fewshot": 0,
      "metric_list": [
        {
          "metric": "acc",
          "aggregation": "mean",
          "higher_is_better": true
        },
        {
          "metric": "acc_norm",
          "aggregation": "mean",
          "higher_is_better": true
        },
        {
          "metric": "f1",
          "aggregation": "2class_adjusted_macro_f1_score_for_chabsa",
          "higher_is_better": true
        },
        {
          "metric": "f1_norm",
          "aggregation": "2class_adjusted_macro_f1_score_for_chabsa",
          "higher_is_better": true
        }
      ],
      "output_type": "multiple_choice",
      "repeats": 1,
      "should_decontaminate": false,
      "doc_to_decontamination_query": "sentence",
      "metadata": {
        "version": 1.0
      }
    },
    "cma_basics-1.0-0.3": {
      "task": "cma_basics-1.0-0.3",
      "dataset_path": "jlm_fin_eval/datasets/cma_basics/cma_basics.py",
      "dataset_name": "cma_basics",
      "test_split": "test",
      "doc_to_text": "def doc_to_text_03(doc):\n    q_doc_text = doc[\"question\"] + \"\\n\"\n    if doc[\"context\"] and doc[\"context\"] != \"\":\n        q_doc_text += doc[\"context\"] + \"\\n\"\n    choices = \"\\n\".join([f\"- {choice}\" for choice in doc[\"choices\"][\"text\"]])\n    input_text = f\"{q_doc_text}\" + f\"出力は以下から選択してください：\\n{choices}\"\n    return f\"### 入力:\\n{input_text}\\n\\n### 応答:\\n\"\n",
      "doc_to_target": "def doc_to_target_01(doc):\n    return [\n        choice_text\n        for choice_id, choice_text in zip(doc[\"choices\"][\"id\"], doc[\"choices\"][\"text\"])\n        if choice_id == doc[\"answer\"]\n    ][0]\n",
      "doc_to_choice": "def doc_to_choices_01(doc):\n    choices = doc[\"choices\"][\"text\"]\n    return choices\n",
      "description": "以下は、タスクを説明する指示と、文脈のある入力の組み合わせです。要求を適切に満たす応答を書きなさい。\n\n### 指示:\n与えられた選択肢の中から、最適な答えを選んでください。\n\n\n",
      "target_delimiter": "",
      "fewshot_delimiter": "\n\n",
      "num_fewshot": 0,
      "metric_list": [
        {
          "metric": "acc",
          "aggregation": "mean",
          "higher_is_better": true
        },
        {
          "metric": "acc_norm",
          "aggregation": "mean",
          "higher_is_better": true
        },
        {
          "metric": "map",
          "aggregation": "mean",
          "higher_is_better": true
        },
        {
          "metric": "map_2",
          "aggregation": "mean",
          "higher_is_better": true
        },
        {
          "metric": "map_3",
          "aggregation": "mean",
          "higher_is_better": true
        },
        {
          "metric": "map_4",
          "aggregation": "mean",
          "higher_is_better": true
        },
        {
          "metric": "map_norm",
          "aggregation": "mean",