{
  "results": {
    "security_sales_1-1.0-0.4": {
      "acc,none": 0.47368421052631576,
      "acc_stderr,none": 0.06672270432067237,
      "acc_norm,none": 0.43859649122807015,
      "acc_norm_stderr,none": 0.0663095566682855,
      "map,none": 0.7134502923976609,
      "map_stderr,none": 0.037373751553111734,
      "map_2,none": 0.6842105263157895,
      "map_2_stderr,none": 0.04448180288044822,
      "map_3,none": 0.6959064327485381,
      "map_3_stderr,none": 0.04195240516641617,
      "map_4,none": 0.7134502923976609,
      "map_4_stderr,none": 0.037373751553111734,
      "map_norm,none": 0.6812865497076023,
      "map_norm_stderr,none": 0.039031254602960495,
      "map_2_norm,none": 0.631578947368421,
      "map_2_norm_stderr,none": 0.049315991418903214,
      "map_3_norm,none": 0.6549707602339181,
      "map_3_norm_stderr,none": 0.045098759385061665,
      "map_4_norm,none": 0.6812865497076023,
      "map_4_norm_stderr,none": 0.039031254602960495,
      "alias": "security_sales_1-1.0-0.4"
    },
    "fp2-1.0-0.4": {
      "acc,none": 0.24,
      "acc_stderr,none": 0.019616577850947305,
      "acc_norm,none": 0.24,
      "acc_norm_stderr,none": 0.019616577850947305,
      "map,none": 0.5136842105263169,
      "map_stderr,none": 0.01318837243036868,
      "map_2,none": 0.36,
      "map_2_stderr,none": 0.018960318322382538,
      "map_3,none": 0.45473684210526405,
      "map_3_stderr,none": 0.016225816266162967,
      "map_4,none": 0.5136842105263169,
      "map_4_stderr,none": 0.01318837243036868,
      "map_norm,none": 0.5136842105263169,
      "map_norm_stderr,none": 0.01318837243036868,
      "map_2_norm,none": 0.36,
      "map_2_norm_stderr,none": 0.018960318322382538,
      "map_3_norm,none": 0.45473684210526405,
      "map_3_norm_stderr,none": 0.016225816266162967,
      "map_4_norm,none": 0.5136842105263169,
      "map_4_norm_stderr,none": 0.01318837243036868,
      "alias": "fp2-1.0-0.4"
    },
    "cpa_audit-1.0-0.4": {
      "acc,none": 0.1507537688442211,
      "acc_stderr,none": 0.017957904178307896,
      "acc_norm,none": 0.13819095477386933,
      "acc_norm_stderr,none": 0.017320087404198013,
      "map,none": 0.3957705192629811,
      "map_stderr,none": 0.013869571153353384,
      "map_2,none": 0.228643216080402,
      "map_2_stderr,none": 0.018605054173877086,
      "map_3,none": 0.29648241206030124,
      "map_3_stderr,none": 0.017702391158117285,
      "map_4,none": 0.33354271356783877,
      "map_4_stderr,none": 0.016670302059644176,
      "map_norm,none": 0.38739530988274673,
      "map_norm_stderr,none": 0.013444647089412884,
      "map_2_norm,none": 0.21608040201005024,
      "map_2_norm_stderr,none": 0.018126683940476274,
      "map_3_norm,none": 0.2881072026800667,
      "map_3_norm_stderr,none": 0.017250477430146897,
      "map_4_norm,none": 0.32516750418760426,
      "map_4_norm_stderr,none": 0.01623782485541284,
      "alias": "cpa_audit-1.0-0.4"
    },
    "cma_basics-1.0-0.4": {
      "acc,none": 0.21052631578947367,
      "acc_stderr,none": 0.06702258315442244,
      "acc_norm,none": 0.18421052631578946,
      "acc_norm_stderr,none": 0.06373021861834362,
      "map,none": 0.47149122807017546,
      "map_stderr,none": 0.04685842492257342,
      "map_2,none": 0.2894736842105263,
      "map_2_stderr,none": 0.06702258315442244,
      "map_3,none": 0.38596491228070184,
      "map_3_stderr,none": 0.05999883538919481,
      "map_4,none": 0.47149122807017546,
      "map_4_stderr,none": 0.04685842492257342,
      "map_norm,none": 0.49342105263157904,
      "map_norm_stderr,none": 0.042677586996378976,
      "map_2_norm,none": 0.35526315789473684,
      "map_2_norm_stderr,none": 0.06228203739744135,
      "map_3_norm,none": 0.43421052631578955,
      "map_3_norm_stderr,none": 0.05390528490750974,
      "map_4_norm,none": 0.49342105263157904,
      "map_4_norm_stderr,none": 0.042677586996378976,
      "alias": "cma_basics-1.0-0.4"
    },
    "chabsa-1.0-0.4": {
      "acc,none": 0.5611808882558591,
      "acc_stderr,none": 0.005647149750045224,
      "f1,none": 0.3594592352989964,
      "f1_stderr,none": "N/A",
      "acc_norm,none": 0.5611808882558591,
      "acc_norm_stderr,none": 0.005647149750045224,
      "f1_norm,none": 0.3594592352989964,
      "f1_norm_stderr,none": "N/A",
      "alias": "chabsa-1.0-0.4"
    }
  },
  "group_subtasks": {
    "chabsa-1.0-0.4": [],
    "cma_basics-1.0-0.4": [],
    "cpa_audit-1.0-0.4": [],
    "fp2-1.0-0.4": [],
    "security_sales_1-1.0-0.4": []
  },
  "configs": {
    "chabsa-1.0-0.4": {
      "task": "chabsa-1.0-0.4",
      "dataset_path": "jlm_fin_eval/datasets/chabsa/chabsa.py",
      "dataset_name": "chABSA",
      "test_split": "test",
      "doc_to_text": "センテンス: {{sentence}}<NL>ターゲット: {{target}}<NL>システム:",
      "doc_to_target": "{{polarity}}",
      "doc_to_choice": [
        "positive",
        "negative"
      ],
      "description": "ユーザー: センテンスにおける、ターゲットのセンチメントをpositiveかnegativeで答えてください。<NL>システム: 分かりました。<NL>",
      "target_delimiter": " ",
      "fewshot_delimiter": "<NL>",
      "num_fewshot": 0,
      "metric_list": [
        {
          "metric": "acc",
          "aggregation": "mean",
          "higher_is_better": true
        },
        {
          "metric": "acc_norm",
          "aggregation": "mean",
          "higher_is_better": true
        },
        {
          "metric": "f1",
          "aggregation": "2class_adjusted_macro_f1_score_for_chabsa",
          "higher_is_better": true
        },
        {
          "metric": "f1_norm",
          "aggregation": "2class_adjusted_macro_f1_score_for_chabsa",
          "higher_is_better": true
        }
      ],
      "output_type": "multiple_choice",
      "repeats": 1,
      "should_decontaminate": false,
      "doc_to_decontamination_query": "sentence",
      "metadata": {
        "version": 1.0
      }
    },
    "cma_basics-1.0-0.4": {
      "task": "cma_basics-1.0-0.4",
      "dataset_path": "jlm_fin_eval/datasets/cma_basics/cma_basics.py",
      "dataset_name": "cma_basics",
      "test_split": "test",
      "doc_to_text": "def doc_to_text_04(doc, SEP=\"<NL>\"):\n    q_doc_text = doc[\"question\"]\n    if doc[\"context\"] and doc[\"context\"] != \"\":\n        q_doc_text += \"\\n\" + doc[\"context\"]\n    choices = SEP.join([f\"- {choice}\" for choice in doc[\"choices\"][\"text\"]])\n    input_text = f\"質問：{q_doc_text}{SEP}\" + f\"選択肢：{SEP}{choices}\"\n    return f\"ユーザー: {input_text}{SEP}システム: \"\n",
      "doc_to_target": "def doc_to_target_01(doc):\n    return [\n        choice_text\n        for choice_id, choice_text in zip(doc[\"choices\"][\"id\"], doc[\"choices\"][\"text\"])\n        if choice_id == doc[\"answer\"]\n    ][0]\n",
      "doc_to_choice": "def doc_to_choices_01(doc):\n    choices = doc[\"choices\"][\"text\"]\n    return choices\n",
      "description": "ユーザー: 与えられた選択肢の中から、最適な答えを選んでください。<NL>システム: 分かりました。<NL>",
      "target_delimiter": "",
      "fewshot_delimiter": "<NL>",
      "num_fewshot": 0,
      "metric_list": [
        {
          "metric": "acc",
          "aggregation": "mean",
          "higher_is_better": true
        },
        {
          "metric": "acc_norm",
          "aggregation": "mean",
          "higher_is_better": true
        },
        {
          "metric": "map",
          "aggregation": "mean",
          "higher_is_better": true
        },
        {
          "metric": "map_2",
          "aggregation": "mean",
          "higher_is_better": true
        },
        {
          "metric": "map_3",
          "aggregation": "mean",
          "higher_is_better": true
        },
        {
          "metric": "map_4",
          "aggregation": "mean",
          "higher_is_better": true
        },
        {
          "metric": "map_norm",
          "aggregation": "mean",
          "higher_is_better": true
        },
        {
          "metric": "map_2_norm",
          "aggregation": "mean",