{
  "results": {
    "chabsa-1.0-0.6": {
      "acc": 0.7056843195649359,
      "f1": 0.44734837156830104
    },
    "cma_basics": {
      "acc": 0.2894736842105263,
      "acc_stderr": 0.07455791696866067,
      "map": 0.537280701754386,
      "map_stderr": 0.050356066646726594,
      "map_2": 0.3815789473684211,
      "map_2_stderr": 0.07164549036461393,
      "map_3": 0.47807017543859653,
      "map_3_stderr": 0.06132301843641163,
      "map_4": 0.537280701754386,
      "map_4_stderr": 0.050356066646726594
    },
    "security_sales_1-1.0-0.2.1": {
      "acc": 0.5087719298245614,
      "acc_stderr": 0.06680502724442025,
      "map": 0.726608187134503,
      "map_stderr": 0.03833564803843551,
      "map_2": 0.6929824561403509,
      "map_2_stderr": 0.046416689667799854,
      "map_3": 0.7046783625730995,
      "map_3_stderr": 0.043957006954306765,
      "map_4": 0.726608187134503,
      "map_4_stderr": 0.03833564803843551
    },
    "fp2-1.0-0.1": {
      "acc": 0.27789473684210525,
      "acc_stderr": 0.020575540150487043,
      "map": 0.5415789473684218,
      "map_stderr": 0.013771339264337972,
      "map_2": 0.3968421052631579,
      "map_2_stderr": 0.019594519798145017,
      "map_3": 0.48736842105263234,
      "map_3_stderr": 0.016695406337038417,
      "map_4": 0.5415789473684218,
      "map_4_stderr": 0.013771339264337972
    },
    "cpa_audit-1.0-0.4": {
      "acc": 0.17336683417085427,
      "acc_stderr": 0.01899958735999143,
      "map": 0.41030150753768796,
      "map_stderr": 0.014654561497065096,
      "map_2": 0.2600502512562814,
      "map_2_stderr": 0.01937840143443052,
      "map_3": 0.302763819095477,
      "map_3_stderr": 0.0187305209317447,
      "map_4": 0.3467336683417082,
      "map_4_stderr": 0.01750959608867322
    }
  },
  "versions": {
    "chabsa-1.0-0.6": 1.0,
    "cma_basics": 1.0,
    "security_sales_1-1.0-0.2.1": 1.0,
    "fp2-1.0-0.1": 1.0,
    "cpa_audit-1.0-0.4": 1.0
  },
  "config": {
    "model": "hf",
    "model_args": "pretrained=stabilityai/japanese-stablelm-base-alpha-7b,trust_remote_code=True,load_in_8bit=True,tokenizer=novelai/nerdstash-tokenizer-v1",
    "num_fewshot": [
      0,
      0,
      0,
      0,
      0
    ],
    "batch_size": null,
    "device": "cuda",
    "no_cache": false,
    "limit": null,
    "bootstrap_iters": 100000,
    "description_dict": {}
  }
}