{
  "results": {
    "security_sales_1-1.0-0.5": {
      "acc,none": 0.45614035087719296,
      "acc_stderr,none": 0.06655775300696491,
      "acc_norm,none": 0.43859649122807015,
      "acc_norm_stderr,none": 0.0663095566682855,
      "map,none": 0.6959064327485379,
      "map_stderr,none": 0.0383774416191174,
      "map_2,none": 0.6491228070175439,
      "map_2_stderr,none": 0.048416194227948635,
      "map_3,none": 0.6783625730994152,
      "map_3_stderr,none": 0.04272051762395117,
      "map_4,none": 0.6959064327485379,
      "map_4_stderr,none": 0.0383774416191174,
      "map_norm,none": 0.6783625730994152,
      "map_norm_stderr,none": 0.039381719350998115,
      "map_2_norm,none": 0.6228070175438597,
      "map_2_norm_stderr,none": 0.050499853833608714,
      "map_3_norm,none": 0.652046783625731,
      "map_3_norm_stderr,none": 0.045372138839990556,
      "map_4_norm,none": 0.6783625730994152,
      "map_4_norm_stderr,none": 0.039381719350998115,
      "alias": "security_sales_1-1.0-0.5"
    },
    "fp2-1.0-0.5": {
      "acc,none": 0.2463157894736842,
      "acc_stderr,none": 0.01979026746533388,
      "acc_norm,none": 0.2463157894736842,
      "acc_norm_stderr,none": 0.01979026746533388,
      "map,none": 0.5182456140350886,
      "map_stderr,none": 0.013304837454260405,
      "map_2,none": 0.3705263157894737,
      "map_2_stderr,none": 0.019000960554170297,
      "map_3,none": 0.4561403508771937,
      "map_3_stderr,none": 0.016490314548276208,
      "map_4,none": 0.5182456140350886,
      "map_4_stderr,none": 0.013304837454260405,
      "map_norm,none": 0.5182456140350886,
      "map_norm_stderr,none": 0.013304837454260405,
      "map_2_norm,none": 0.3705263157894737,
      "map_2_norm_stderr,none": 0.019000960554170297,
      "map_3_norm,none": 0.4561403508771937,
      "map_3_norm_stderr,none": 0.016490314548276208,
      "map_4_norm,none": 0.5182456140350886,
      "map_4_norm_stderr,none": 0.013304837454260405,
      "alias": "fp2-1.0-0.5"
    },
    "cpa_audit-1.0-0.5": {
      "acc,none": 0.17839195979899497,
      "acc_stderr,none": 0.019214306990983254,
      "acc_norm,none": 0.17839195979899497,
      "acc_norm_stderr,none": 0.019214306990983254,
      "map,none": 0.41855108877721936,
      "map_stderr,none": 0.014664872516665048,
      "map_2,none": 0.26256281407035176,
      "map_2_stderr,none": 0.019537353979214987,
      "map_3,none": 0.3245393634840868,
      "map_3_stderr,none": 0.01849572340035004,
      "map_4,none": 0.35657453936348404,
      "map_4_stderr,none": 0.01753008415109964,
      "map_norm,none": 0.4153685092127301,
      "map_norm_stderr,none": 0.014718162518298862,
      "map_2_norm,none": 0.25879396984924624,
      "map_2_norm_stderr,none": 0.019542541981216976,
      "map_3_norm,none": 0.31909547738693433,
      "map_3_norm_stderr,none": 0.0185678376116204,
      "map_4_norm,none": 0.3511306532663316,
      "map_4_norm_stderr,none": 0.017631086986361205,
      "alias": "cpa_audit-1.0-0.5"
    },
    "cma_basics-1.0-0.5": {
      "acc,none": 0.18421052631578946,
      "acc_stderr,none": 0.06373021861834362,
      "acc_norm,none": 0.18421052631578946,
      "acc_norm_stderr,none": 0.06373021861834362,
      "map,none": 0.47807017543859653,
      "map_stderr,none": 0.04351452645528372,
      "map_2,none": 0.3157894736842105,
      "map_2_stderr,none": 0.06373021861834362,
      "map_3,none": 0.4122807017543861,
      "map_3_stderr,none": 0.0550646709839144,
      "map_4,none": 0.47807017543859653,
      "map_4_stderr,none": 0.04351452645528372,
      "map_norm,none": 0.4934210526315789,
      "map_norm_stderr,none": 0.042677586996378976,
      "map_2_norm,none": 0.35526315789473684,
      "map_2_norm_stderr,none": 0.06228203739744135,
      "map_3_norm,none": 0.4342105263157895,
      "map_3_norm_stderr,none": 0.053905284907509725,
      "map_4_norm,none": 0.4934210526315789,
      "map_4_norm_stderr,none": 0.042677586996378976,
      "alias": "cma_basics-1.0-0.5"
    },
    "chabsa-1.0-0.5": {
      "acc,none": 0.6290301696232035,
      "acc_stderr,none": 0.005497182242191258,
      "f1,none": 0.5453433662214129,
      "f1_stderr,none": "N/A",
      "acc_norm,none": 0.6290301696232035,
      "acc_norm_stderr,none": 0.005497182242191258,
      "f1_norm,none": 0.5453433662214129,
      "f1_norm_stderr,none": "N/A",
      "alias": "chabsa-1.0-0.5"
    }
  },
  "group_subtasks": {
    "chabsa-1.0-0.5": [],
    "cma_basics-1.0-0.5": [],
    "cpa_audit-1.0-0.5": [],
    "fp2-1.0-0.5": [],
    "security_sales_1-1.0-0.5": []
  },
  "configs": {
    "chabsa-1.0-0.5": {
      "task": "chabsa-1.0-0.5",
      "dataset_path": "jlm_fin_eval/datasets/chabsa/chabsa.py",
      "dataset_name": "chABSA",
      "test_split": "test",
      "doc_to_text": "センテンス: {{sentence}}\nターゲット: {{target}}\nシステム:",
      "doc_to_target": "{{polarity}}",
      "doc_to_choice": [
        "positive",
        "negative"
      ],
      "description": "ユーザー: センテンスにおける、ターゲットのセンチメントをpositiveかnegativeで答えてください。\nシステム: 分かりました。\n\n",
      "target_delimiter": " ",
      "fewshot_delimiter": "\n",
      "num_fewshot": 0,
      "metric_list": [
        {
          "metric": "acc",
          "aggregation": "mean",
          "higher_is_better": true
        },
        {
          "metric": "acc_norm",
          "aggregation": "mean",
          "higher_is_better": true
        },
        {
          "metric": "f1",
          "aggregation": "2class_adjusted_macro_f1_score_for_chabsa",
          "higher_is_better": true
        },
        {
          "metric": "f1_norm",
          "aggregation": "2class_adjusted_macro_f1_score_for_chabsa",
          "higher_is_better": true
        }
      ],
      "output_type": "multiple_choice",
      "repeats": 1,
      "should_decontaminate": false,
      "doc_to_decontamination_query": "sentence",
      "metadata": {
        "version": 1.0
      }
    },
    "cma_basics-1.0-0.5": {
      "task": "cma_basics-1.0-0.5",
      "dataset_path": "jlm_fin_eval/datasets/cma_basics/cma_basics.py",
      "dataset_name": "cma_basics",
      "test_split": "test",
      "doc_to_text": "def doc_to_text_05(doc):\n    return doc_to_text_04(doc, SEP=\"\\n\")\n",
      "doc_to_target": "def doc_to_target_01(doc):\n    return [\n        choice_text\n        for choice_id, choice_text in zip(doc[\"choices\"][\"id\"], doc[\"choices\"][\"text\"])\n        if choice_id == doc[\"answer\"]\n    ][0]\n",
      "doc_to_choice": "def doc_to_choices_01(doc):\n    choices = doc[\"choices\"][\"text\"]\n    return choices\n",
      "description": "ユーザー: 与えられた選択肢の中から、最適な答えを選んでください。\nシステム: 分かりました。\n\n",
      "target_delimiter": "",
      "fewshot_delimiter": "\n",
      "num_fewshot": 0,
      "metric_list": [
        {
          "metric": "acc",
          "aggregation": "mean",
          "higher_is_better": true
        },
        {
          "metric": "acc_norm",
          "aggregation": "mean",
          "higher_is_better": true
        },
        {
          "metric": "map",
          "aggregation": "mean",
          "higher_is_better": true
        },
        {
          "metric": "map_2",
          "aggregation": "mean",
          "higher_is_better": true
        },
        {
          "metric": "map_3",
          "aggregation": "mean",
          "higher_is_better": true
        },
        {
          "metric": "map_4",
          "aggregation": "mean",
          "higher_is_better": true
        },
        {
          "metric": "map_norm",
          "aggregation": "mean",
          "higher_is_better": true
        },
        {
          "metric": "map_2_norm",
          "aggregation": "mean",
          "higher_is_better": true
        },
        {
          "metric": "map_3_norm",
          "aggregation": "mean",
          "higher_is_better": true
        },
        {
          "metric": "map_4_norm",
          "aggregation": "mean",
          "higher_is_better": true
        }
      ],
      "output_type": "multiple_choice",
      "repeats": 1,