{
  "results": {
    "chabsa-1.0-0.2": {
      "acc": 0.7357244594069662,
      "f1": 0.49690219264995844
    },
    "cpa-1.0-0.2": {
      "acc": 0.16331658291457288,
      "acc_stderr": 0.01855241581692347,
      "map": 0.4043551088777218,
      "map_stderr": 0.014337232328710684,
      "map_2": 0.2399497487437186,
      "map_2_stderr": 0.019131887825651707,
      "map_3": 0.30192629815745364,
      "map_3_stderr": 0.01826124494127604,
      "map_4": 0.34212730318257933,
      "map_4_stderr": 0.017133896811135828
    },
    "cma_basics-1.0-0.1.2": {
      "acc": 0.39473684210526316,
      "acc_stderr": 0.0803572542664568,
      "map": 0.6271929824561403,
      "map_stderr": 0.05161919480749883,
      "map_2": 0.5394736842105263,
      "map_2_stderr": 0.06898362657323136,
      "map_3": 0.5745614035087718,
      "map_3_stderr": 0.06339075795641247,
      "map_4": 0.6271929824561403,
      "map_4_stderr": 0.05161919480749883
    },
    "security_sales_1": {
      "acc": 0.543859649122807,
      "acc_stderr": 0.06655775300696491,
      "map": 0.75,
      "map_stderr": 0.03754696307413192,
      "map_2": 0.7280701754385965,
      "map_2_stderr": 0.043482084142600186,
      "map_3": 0.7280701754385965,
      "map_3_stderr": 0.043482084142600186,
      "map_4": 0.75,
      "map_4_stderr": 0.03754696307413192
    }
  },
  "versions": {
    "chabsa-1.0-0.2": 1.0,
    "cpa-1.0-0.2": 1.0,
    "cma_basics-1.0-0.1.2": 1.0,
    "security_sales_1": 1.0
  },
  "config": {
    "model": "hf",
    "model_args": "pretrained=rinna/japanese-gpt-neox-3.6b-instruction-ppo,load_in_8bit=True",
    "num_fewshot": [
      0,
      3,
      0,
      3
    ],
    "batch_size": null,
    "device": "cuda",
    "no_cache": false,
    "limit": null,
    "bootstrap_iters": 100000,
    "description_dict": {}
  }
}