{
  "results": {
    "chabsa-1.0-0.2": {
      "acc": 0.7376667098277871,
      "f1": 0.74712386969307
    },
    "cma_basics-1.0-0.1.2": {
      "acc": 0.4473684210526316,
      "acc_stderr": 0.08174282626554188,
      "map": 0.6513157894736842,
      "map_stderr": 0.05350959781405254,
      "map_2": 0.5657894736842105,
      "map_2_stderr": 0.07098938231164041,
      "map_3": 0.5921052631578947,
      "map_3_stderr": 0.06673105248514928,
      "map_4": 0.6513157894736842,
      "map_4_stderr": 0.05350959781405254
    },
    "cpa_audit-1.0-0.2": {
      "acc": 0.20603015075376885,
      "acc_stderr": 0.020298883078686575,
      "map": 0.4381490787269678,
      "map_stderr": 0.015371894011341244,
      "map_2": 0.292713567839196,
      "map_2_stderr": 0.020305638587264415,
      "map_3": 0.33877721943048567,
      "map_3_stderr": 0.01943512138187238,
      "map_4": 0.38086264656616425,
      "map_4_stderr": 0.0181090602496948
    },
    "fp2-1.0-0.1": {
      "acc": 0.23789473684210527,
      "acc_stderr": 0.01955738235792174,
      "map": 0.5178947368421062,
      "map_stderr": 0.013043637461049855,
      "map_2": 0.37157894736842106,
      "map_2_stderr": 0.018751423460894628,
      "map_3": 0.4621052631578954,
      "map_3_stderr": 0.01600178039036434,
      "map_4": 0.5178947368421062,
      "map_4_stderr": 0.013043637461049855
    },
    "security_sales_1": {
      "acc": 0.45614035087719296,
      "acc_stderr": 0.06655775300696491,
      "map": 0.7002923976608187,
      "map_stderr": 0.03771229527059315,
      "map_2": 0.6578947368421053,
      "map_2_stderr": 0.04709262512309164,
      "map_3": 0.6871345029239766,
      "map_3_stderr": 0.04110316016809452,
      "map_4": 0.7002923976608187,
      "map_4_stderr": 0.03771229527059315
    }
  },
  "versions": {
    "chabsa-1.0-0.2": 1.0,
    "cma_basics-1.0-0.1.2": 1.0,
    "cpa_audit-1.0-0.2": 1.0,
    "fp2-1.0-0.1": 1.0,
    "security_sales_1": 1.0
  },
  "config": {
    "model": "hf-causal-experimental",
    "model_args": "pretrained=rinna/japanese-gpt-neox-3.6b-instruction-ppo",
    "num_fewshot": [
      0,
      0,
      2,
      3,
      2
    ],
    "batch_size": null,
    "device": null,
    "no_cache": true,
    "limit": null,
    "bootstrap_iters": 100000,
    "description_dict": {}
  }
}