{
  "results": {
    "security_sales_1": {
      "acc,none": 0.42105263157894735,
      "acc_stderr,none": 0.06597717584505354,
      "acc_norm,none": 0.42105263157894735,
      "acc_norm_stderr,none": 0.06597717584505354,
      "map,none": 0.6871345029239767,
      "map_stderr,none": 0.03674342980428352,
      "map_2,none": 0.6578947368421053,
      "map_2_stderr,none": 0.04363979987309741,
      "map_3,none": 0.6695906432748538,
      "map_3_stderr,none": 0.04119220846203734,
      "map_4,none": 0.6871345029239767,
      "map_4_stderr,none": 0.03674342980428352,
      "map_norm,none": 0.6871345029239767,
      "map_norm_stderr,none": 0.03674342980428352,
      "map_2_norm,none": 0.6578947368421053,
      "map_2_norm_stderr,none": 0.04363979987309741,
      "map_3_norm,none": 0.6695906432748538,
      "map_3_norm_stderr,none": 0.04119220846203734,
      "map_4_norm,none": 0.6871345029239767,
      "map_4_norm_stderr,none": 0.03674342980428352,
      "alias": "security_sales_1"
    },
    "fp2": {
      "acc,none": 0.23578947368421052,
      "acc_stderr,none": 0.01949752758230241,
      "acc_norm,none": 0.23578947368421052,
      "acc_norm_stderr,none": 0.01949752758230241,
      "map,none": 0.508596491228071,
      "map_stderr,none": 0.013022158712656868,
      "map_2,none": 0.36105263157894735,
      "map_2_stderr,none": 0.01865205247270165,
      "map_3,none": 0.4438596491228077,
      "map_3_stderr,none": 0.016294630950062623,
      "map_4,none": 0.508596491228071,
      "map_4_stderr,none": 0.013022158712656868,
      "map_norm,none": 0.508596491228071,
      "map_norm_stderr,none": 0.013022158712656868,
      "map_2_norm,none": 0.36105263157894735,
      "map_2_norm_stderr,none": 0.01865205247270165,
      "map_3_norm,none": 0.4438596491228077,
      "map_3_norm_stderr,none": 0.016294630950062623,
      "map_4_norm,none": 0.508596491228071,
      "map_4_norm_stderr,none": 0.013022158712656868,
      "alias": "fp2"
    },
    "cpa_audit": {
      "acc,none": 0.18090452261306533,
      "acc_stderr,none": 0.01931953738352343,
      "acc_norm,none": 0.18090452261306533,
      "acc_norm_stderr,none": 0.01931953738352343,
      "map,none": 0.4210217755443886,
      "map_stderr,none": 0.014740853954590852,
      "map_2,none": 0.26884422110552764,
      "map_2_stderr,none": 0.01960550201892965,
      "map_3,none": 0.3241206030150751,
      "map_3_stderr,none": 0.018660810860117172,
      "map_4,none": 0.36055276381909557,
      "map_4_stderr,none": 0.01755951213720924,
      "map_norm,none": 0.4210217755443886,
      "map_norm_stderr,none": 0.014740853954590852,
      "map_2_norm,none": 0.26884422110552764,
      "map_2_norm_stderr,none": 0.01960550201892965,
      "map_3_norm,none": 0.3241206030150751,
      "map_3_norm_stderr,none": 0.018660810860117172,
      "map_4_norm,none": 0.36055276381909557,
      "map_4_norm_stderr,none": 0.01755951213720924,
      "alias": "cpa_audit"
    },
    "cma_basics": {
      "acc,none": 0.2894736842105263,
      "acc_stderr,none": 0.07455791696866065,
      "acc_norm,none": 0.2894736842105263,
      "acc_norm_stderr,none": 0.07455791696866065,
      "map,none": 0.5526315789473684,
      "map_stderr,none": 0.04943783190915252,
      "map_2,none": 0.4342105263157895,
      "map_2_stderr,none": 0.06843883126059969,
      "map_3,none": 0.4868421052631579,
      "map_3_stderr,none": 0.0620311014962954,
      "map_4,none": 0.5526315789473684,
      "map_4_stderr,none": 0.04943783190915252,
      "map_norm,none": 0.5526315789473684,
      "map_norm_stderr,none": 0.04943783190915252,
      "map_2_norm,none": 0.4342105263157895,
      "map_2_norm_stderr,none": 0.06843883126059969,
      "map_3_norm,none": 0.4868421052631579,
      "map_3_norm_stderr,none": 0.0620311014962954,
      "map_4_norm,none": 0.5526315789473684,
      "map_4_norm_stderr,none": 0.04943783190915252,
      "alias": "cma_basics"
    },
    "chabsa": {
      "acc,none": 0.8659847209633562,
      "acc_stderr,none": 0.0038767462336254605,
      "f1,none": 0.8788246790799208,
      "f1_stderr,none": "N/A",
      "acc_norm,none": 0.8659847209633562,
      "acc_norm_stderr,none": 0.0038767462336254605,
      "f1_norm,none": 0.8788246790799208,
      "f1_norm_stderr,none": "N/A",
      "alias": "chabsa"
    }
  },
  "group_subtasks": {
    "chabsa": [],
    "cma_basics": [],
    "cpa_audit": [],
    "fp2": [],
    "security_sales_1": []
  },
  "configs": {
    "chabsa": {
      "task": "chabsa",
      "dataset_path": "jlm_fin_eval/datasets/chabsa/chabsa.py",
      "dataset_name": "chABSA",
      "test_split": "test",
      "doc_to_text": "センテンス: {{sentence}}\nターゲット: {{target}}\n回答:",
      "doc_to_target": "{{polarity}}",
      "doc_to_choice": [
        "positive",
        "negative"
      ],
      "description": "以下のセンテンスにおける、ターゲットのセンチメントをpositiveかnegativeで答えてください。\n\n\n",
      "target_delimiter": " ",
      "fewshot_delimiter": "\n\n",
      "num_fewshot": 0,
      "metric_list": [
        {
          "metric": "acc",
          "aggregation": "mean",
          "higher_is_better": true
        },
        {
          "metric": "acc_norm",
          "aggregation": "mean",
          "higher_is_better": true
        },
        {
          "metric": "f1",
          "aggregation": "2class_adjusted_macro_f1_score_for_chabsa",
          "higher_is_better": true
        },
        {
          "metric": "f1_norm",
          "aggregation": "2class_adjusted_macro_f1_score_for_chabsa",
          "higher_is_better": true
        }
      ],
      "output_type": "multiple_choice",
      "repeats": 1,
      "should_decontaminate": false,
      "doc_to_decontamination_query": "sentence",
      "metadata": {
        "version": 1.0
      }
    },
    "cma_basics": {
      "task": "cma_basics",
      "dataset_path": "jlm_fin_eval/datasets/cma_basics/cma_basics.py",
      "dataset_name": "cma_basics",
      "test_split": "test",
      "doc_to_text": "def doc_to_text_00(doc):\n    doc_text = \"【問題】\\n\" + doc[\"question\"] + \"\\n\"\n    if doc[\"context\"] and doc[\"context\"] != \"\":\n        doc_text += doc[\"context\"] + \"\\n\"\n    doc_text += \"\\n【選択肢】\\n\"\n    for choice_id, choice_text in zip(doc[\"choices\"][\"id\"], doc[\"choices\"][\"text\"]):\n        doc_text += chr(choice_id + 65) + \": \" + choice_text + \"\\n\"\n    doc_text += \"\\n【答え】\\n\"\n    # doc_text += chr(int(doc[\"answer\"]) + 65)\n    return doc_text\n",
      "doc_to_target": "def doc_to_target_alphabet(doc):\n    answer = chr(int(doc[\"answer\"]) + 65)\n    return answer\n",
      "doc_to_choice": "def doc_to_choices_alphabet(doc):\n    choices = [chr(choice_id + 65) for choice_id in doc[\"choices\"][\"id\"]]\n    return choices\n",
      "description": "以下の問題の適切な答えを選択肢から選んでアルファベットで答えなさい。\n\n\n",
      "target_delimiter": "",
      "fewshot_delimiter": "\n\n",
      "num_fewshot": 0,
      "metric_list": [
        {
          "metric": "acc",
          "aggregation": "mean",
          "higher_is_better": true
        },
        {
          "metric": "acc_norm",
          "aggregation": "mean",
          "higher_is_better": true
        },
        {
          "metric": "map",
          "aggregation": "mean",
          "higher_is_better": true
        },
        {
          "metric": "map_2",
          "aggregation": "mean",
          "higher_is_better": true
        },
        {
          "metric": "map_3",
          "aggregation": "mean",
          "higher_is_better": true
        },
        {
          "metric": "map_4",
          "aggregation": "mean",
          "higher_is_better": true
        },
        {
          "metric": "map_norm",
          "aggregation": "mean",
          "higher_is_better": true
        },
        {
          "metric": "map_2_norm",
          "aggregation": "mean",
          "higher_is_better": true
        },
        {
          "metric": "map_3_norm",
          "aggregation": "mean",