{
  "results": {
    "security_sales_1-1.0-0.5": {
      "acc,none": 0.45614035087719296,
      "acc_stderr,none": 0.06655775300696491,
      "acc_norm,none": 0.43859649122807015,
      "acc_norm_stderr,none": 0.0663095566682855,
      "map,none": 0.6900584795321637,
      "map_stderr,none": 0.039122092094672496,
      "map_2,none": 0.631578947368421,
      "map_2_stderr,none": 0.05087935351043054,
      "map_3,none": 0.6725146198830408,
      "map_3_stderr,none": 0.04334845510056432,
      "map_4,none": 0.6900584795321637,
      "map_4_stderr,none": 0.039122092094672496,
      "map_norm,none": 0.6783625730994153,
      "map_norm_stderr,none": 0.039381719350998115,
      "map_2_norm,none": 0.6228070175438597,
      "map_2_norm_stderr,none": 0.050499853833608714,
      "map_3_norm,none": 0.6520467836257311,
      "map_3_norm_stderr,none": 0.045372138839990556,
      "map_4_norm,none": 0.6783625730994153,
      "map_4_norm_stderr,none": 0.039381719350998115,
      "alias": "security_sales_1-1.0-0.5"
    },
    "fp2-1.0-0.5": {
      "acc,none": 0.28842105263157897,
      "acc_stderr,none": 0.020808264192721023,
      "acc_norm,none": 0.28842105263157897,
      "acc_norm_stderr,none": 0.020808264192721023,
      "map,none": 0.5491228070175446,
      "map_stderr,none": 0.013914160924048057,
      "map_2,none": 0.4126315789473684,
      "map_2_stderr,none": 0.019614790284276283,
      "map_3,none": 0.4912280701754394,
      "map_3_stderr,none": 0.017033436491494882,
      "map_4,none": 0.5491228070175446,
      "map_4_stderr,none": 0.013914160924048057,
      "map_norm,none": 0.5491228070175446,
      "map_norm_stderr,none": 0.013914160924048057,
      "map_2_norm,none": 0.4126315789473684,
      "map_2_norm_stderr,none": 0.019614790284276283,
      "map_3_norm,none": 0.4912280701754394,
      "map_3_norm_stderr,none": 0.017033436491494882,
      "map_4_norm,none": 0.5491228070175446,
      "map_4_norm_stderr,none": 0.013914160924048057,
      "alias": "fp2-1.0-0.5"
    },
    "cpa_audit-1.0-0.5": {
      "acc,none": 0.12562814070351758,
      "acc_stderr,none": 0.016633984738460367,
      "acc_norm,none": 0.12060301507537688,
      "acc_norm_stderr,none": 0.01634467597786587,
      "map,none": 0.38567839195979914,
      "map_stderr,none": 0.012922229899547617,
      "map_2,none": 0.2236180904522613,
      "map_2_stderr,none": 0.017627676300965817,
      "map_3,none": 0.2855946398659963,
      "map_3_stderr,none": 0.016830865976218537,
      "map_4,none": 0.3245393634840868,
      "map_4_stderr,none": 0.01574642148217988,
      "map_norm,none": 0.384422110552764,
      "map_norm_stderr,none": 0.012832548645975494,
      "map_2_norm,none": 0.22236180904522612,
      "map_2_norm_stderr,none": 0.017532814713686874,
      "map_3_norm,none": 0.28433835845896116,
      "map_3_norm_stderr,none": 0.016743204928235004,
      "map_4_norm,none": 0.32328308207705164,
      "map_4_norm_stderr,none": 0.015660559616008627,
      "alias": "cpa_audit-1.0-0.5"
    },
    "cma_basics-1.0-0.5": {
      "acc,none": 0.34210526315789475,
      "acc_stderr,none": 0.07799328662681833,
      "acc_norm,none": 0.34210526315789475,
      "acc_norm_stderr,none": 0.07799328662681833,
      "map,none": 0.5592105263157894,
      "map_stderr,none": 0.053698729662980234,
      "map_2,none": 0.40789473684210525,
      "map_2_stderr,none": 0.0750894752146649,
      "map_3,none": 0.4868421052631578,
      "map_3_stderr,none": 0.06663749330491595,
      "map_4,none": 0.5592105263157894,
      "map_4_stderr,none": 0.053698729662980234,
      "map_norm,none": 0.5789473684210527,
      "map_norm_stderr,none": 0.05144768523305384,
      "map_2_norm,none": 0.4342105263157895,
      "map_2_norm_stderr,none": 0.07345142052853472,
      "map_3_norm,none": 0.5394736842105264,
      "map_3_norm_stderr,none": 0.0597774607436365,
      "map_4_norm,none": 0.5789473684210527,
      "map_4_norm_stderr,none": 0.05144768523305384,
      "alias": "cma_basics-1.0-0.5"
    },
    "chabsa-1.0-0.5": {
      "acc,none": 0.7917907548879969,
      "acc_stderr,none": 0.004620514307792647,
      "f1,none": 0.8052946596993733,
      "f1_stderr,none": "N/A",
      "acc_norm,none": 0.7917907548879969,
      "acc_norm_stderr,none": 0.004620514307792647,
      "f1_norm,none": 0.8052946596993733,
      "f1_norm_stderr,none": "N/A",
      "alias": "chabsa-1.0-0.5"
    }
  },
  "group_subtasks": {
    "chabsa-1.0-0.5": [],
    "cma_basics-1.0-0.5": [],
    "cpa_audit-1.0-0.5": [],
    "fp2-1.0-0.5": [],
    "security_sales_1-1.0-0.5": []
  },
  "configs": {
    "chabsa-1.0-0.5": {
      "task": "chabsa-1.0-0.5",
      "dataset_path": "jlm_fin_eval/datasets/chabsa/chabsa.py",
      "dataset_name": "chABSA",
      "test_split": "test",
      "doc_to_text": "センテンス: {{sentence}}\nターゲット: {{target}}\nシステム:",
      "doc_to_target": "{{polarity}}",
      "doc_to_choice": [
        "positive",
        "negative"
      ],
      "description": "ユーザー: センテンスにおける、ターゲットのセンチメントをpositiveかnegativeで答えてください。\nシステム: 分かりました。\n\n",
      "target_delimiter": " ",
      "fewshot_delimiter": "\n",
      "num_fewshot": 0,
      "metric_list": [
        {
          "metric": "acc",
          "aggregation": "mean",
          "higher_is_better": true
        },
        {
          "metric": "acc_norm",
          "aggregation": "mean",
          "higher_is_better": true
        },
        {
          "metric": "f1",
          "aggregation": "2class_adjusted_macro_f1_score_for_chabsa",
          "higher_is_better": true
        },
        {
          "metric": "f1_norm",
          "aggregation": "2class_adjusted_macro_f1_score_for_chabsa",
          "higher_is_better": true
        }
      ],
      "output_type": "multiple_choice",
      "repeats": 1,
      "should_decontaminate": false,
      "doc_to_decontamination_query": "sentence",
      "metadata": {
        "version": 1.0
      }
    },
    "cma_basics-1.0-0.5": {
      "task": "cma_basics-1.0-0.5",
      "dataset_path": "jlm_fin_eval/datasets/cma_basics/cma_basics.py",
      "dataset_name": "cma_basics",
      "test_split": "test",
      "doc_to_text": "def doc_to_text_05(doc):\n    return doc_to_text_04(doc, SEP=\"\\n\")\n",
      "doc_to_target": "def doc_to_target_01(doc):\n    return [\n        choice_text\n        for choice_id, choice_text in zip(doc[\"choices\"][\"id\"], doc[\"choices\"][\"text\"])\n        if choice_id == doc[\"answer\"]\n    ][0]\n",
      "doc_to_choice": "def doc_to_choices_01(doc):\n    choices = doc[\"choices\"][\"text\"]\n    return choices\n",
      "description": "ユーザー: 与えられた選択肢の中から、最適な答えを選んでください。\nシステム: 分かりました。\n\n",
      "target_delimiter": "",
      "fewshot_delimiter": "\n",
      "num_fewshot": 0,
      "metric_list": [
        {
          "metric": "acc",
          "aggregation": "mean",
          "higher_is_better": true
        },
        {
          "metric": "acc_norm",
          "aggregation": "mean",
          "higher_is_better": true
        },
        {
          "metric": "map",
          "aggregation": "mean",
          "higher_is_better": true
        },
        {
          "metric": "map_2",
          "aggregation": "mean",
          "higher_is_better": true
        },
        {
          "metric": "map_3",
          "aggregation": "mean",
          "higher_is_better": true
        },
        {
          "metric": "map_4",
          "aggregation": "mean",
          "higher_is_better": true
        },
        {
          "metric": "map_norm",
          "aggregation": "mean",
          "higher_is_better": true
        },
        {
          "metric": "map_2_norm",
          "aggregation": "mean",
          "higher_is_better": true
        },
        {
          "metric": "map_3_norm",
          "aggregation": "mean",
          "higher_is_better": true
        },
        {
          "metric": "map_4_norm",
          "aggregation": "mean",
          "higher_is_better": true
        }
      ],
      "output_type": "multiple_choice",
      "repeats": 1,