{
  "results": {
    "security_sales_1-1.0-0.5": {
      "acc,none": 0.49122807017543857,
      "acc_stderr,none": 0.06680502724442024,
      "acc_norm,none": 0.49122807017543857,
      "acc_norm_stderr,none": 0.06680502724442024,
      "map,none": 0.7222222222222222,
      "map_stderr,none": 0.03733390146562184,
      "map_2,none": 0.6842105263157895,
      "map_2_stderr,none": 0.046209007687950596,
      "map_3,none": 0.7134502923976607,
      "map_3_stderr,none": 0.03974350064055024,
      "map_4,none": 0.7222222222222222,
      "map_4_stderr,none": 0.03733390146562184,
      "map_norm,none": 0.7105263157894737,
      "map_norm_stderr,none": 0.03930799254797321,
      "map_2_norm,none": 0.6666666666666666,
      "map_2_norm_stderr,none": 0.04900854954141895,
      "map_3_norm,none": 0.6842105263157895,
      "map_3_norm_stderr,none": 0.04564053596860729,
      "map_4_norm,none": 0.7105263157894737,
      "map_4_norm_stderr,none": 0.03930799254797321,
      "alias": "security_sales_1-1.0-0.5"
    },
    "fp2-1.0-0.5": {
      "acc,none": 0.24,
      "acc_stderr,none": 0.019616577850947305,
      "acc_norm,none": 0.24,
      "acc_norm_stderr,none": 0.019616577850947305,
      "map,none": 0.513157894736843,
      "map_stderr,none": 0.013242014032372667,
      "map_2,none": 0.36526315789473685,
      "map_2_stderr,none": 0.018894242890726838,
      "map_3,none": 0.4473684210526323,
      "map_3_stderr,none": 0.016552021040241994,
      "map_4,none": 0.513157894736843,
      "map_4_stderr,none": 0.013242014032372667,
      "map_norm,none": 0.513157894736843,
      "map_norm_stderr,none": 0.013242014032372667,
      "map_2_norm,none": 0.36526315789473685,
      "map_2_norm_stderr,none": 0.018894242890726838,
      "map_3_norm,none": 0.4473684210526323,
      "map_3_norm_stderr,none": 0.016552021040241994,
      "map_4_norm,none": 0.513157894736843,
      "map_4_norm_stderr,none": 0.013242014032372667,
      "alias": "fp2-1.0-0.5"
    },
    "cpa_audit-1.0-0.5": {
      "acc,none": 0.17336683417085427,
      "acc_stderr,none": 0.01899958735999144,
      "acc_norm,none": 0.15829145728643215,
      "acc_norm_stderr,none": 0.01831953107292637,
      "map,none": 0.40799832495812394,
      "map_stderr,none": 0.014553768346687118,
      "map_2,none": 0.24371859296482412,
      "map_2_stderr,none": 0.019382401390310885,
      "map_3,none": 0.30150753768844196,
      "map_3_stderr,none": 0.018569693075152553,
      "map_4,none": 0.3486180904522611,
      "map_4_stderr,none": 0.017243898664908233,
      "map_norm,none": 0.3992043551088777,
      "map_norm_stderr,none": 0.01410103923037432,
      "map_2_norm,none": 0.23366834170854273,
      "map_2_norm_stderr,none": 0.018871099649104064,
      "map_3_norm,none": 0.29145728643216057,
      "map_3_norm_stderr,none": 0.018116300136168762,
      "map_4_norm,none": 0.33982412060301487,
      "map_4_norm_stderr,none": 0.01678536581277979,
      "alias": "cpa_audit-1.0-0.5"
    },
    "cma_basics-1.0-0.5": {
      "acc,none": 0.21052631578947367,
      "acc_stderr,none": 0.06702258315442243,
      "acc_norm,none": 0.18421052631578946,
      "acc_norm_stderr,none": 0.06373021861834362,
      "map,none": 0.48245614035087714,
      "map_stderr,none": 0.04599473657714664,
      "map_2,none": 0.3026315789473684,
      "map_2_stderr,none": 0.06677778291978749,
      "map_3,none": 0.4166666666666668,
      "map_3_stderr,none": 0.057181440044008706,
      "map_4,none": 0.48245614035087714,
      "map_4_stderr,none": 0.04599473657714664,
      "map_norm,none": 0.48245614035087725,
      "map_norm_stderr,none": 0.04299769424396563,
      "map_2_norm,none": 0.3157894736842105,
      "map_2_norm_stderr,none": 0.06373021861834362,
      "map_3_norm,none": 0.42982456140350883,
      "map_3_norm_stderr,none": 0.05282877551279665,
      "map_4_norm,none": 0.48245614035087725,
      "map_4_norm_stderr,none": 0.04299769424396563,
      "alias": "cma_basics-1.0-0.5"
    },
    "chabsa-1.0-0.5": {
      "acc,none": 0.5611808882558591,
      "acc_stderr,none": 0.005647149750045235,
      "f1,none": 0.3594592352989964,
      "f1_stderr,none": "N/A",
      "acc_norm,none": 0.5611808882558591,
      "acc_norm_stderr,none": 0.005647149750045235,
      "f1_norm,none": 0.3594592352989964,
      "f1_norm_stderr,none": "N/A",
      "alias": "chabsa-1.0-0.5"
    }
  },
  "group_subtasks": {
    "chabsa-1.0-0.5": [],
    "cma_basics-1.0-0.5": [],
    "cpa_audit-1.0-0.5": [],
    "fp2-1.0-0.5": [],
    "security_sales_1-1.0-0.5": []
  },
  "configs": {
    "chabsa-1.0-0.5": {
      "task": "chabsa-1.0-0.5",
      "dataset_path": "jlm_fin_eval/datasets/chabsa/chabsa.py",
      "dataset_name": "chABSA",
      "test_split": "test",
      "doc_to_text": "センテンス: {{sentence}}\nターゲット: {{target}}\nシステム:",
      "doc_to_target": "{{polarity}}",
      "doc_to_choice": [
        "positive",
        "negative"
      ],
      "description": "ユーザー: センテンスにおける、ターゲットのセンチメントをpositiveかnegativeで答えてください。\nシステム: 分かりました。\n\n",
      "target_delimiter": " ",
      "fewshot_delimiter": "\n",
      "num_fewshot": 0,
      "metric_list": [
        {
          "metric": "acc",
          "aggregation": "mean",
          "higher_is_better": true
        },
        {
          "metric": "acc_norm",
          "aggregation": "mean",
          "higher_is_better": true
        },
        {
          "metric": "f1",
          "aggregation": "2class_adjusted_macro_f1_score_for_chabsa",
          "higher_is_better": true
        },
        {
          "metric": "f1_norm",
          "aggregation": "2class_adjusted_macro_f1_score_for_chabsa",
          "higher_is_better": true
        }
      ],
      "output_type": "multiple_choice",
      "repeats": 1,
      "should_decontaminate": false,
      "doc_to_decontamination_query": "sentence",
      "metadata": {
        "version": 1.0
      }
    },
    "cma_basics-1.0-0.5": {
      "task": "cma_basics-1.0-0.5",
      "dataset_path": "jlm_fin_eval/datasets/cma_basics/cma_basics.py",
      "dataset_name": "cma_basics",
      "test_split": "test",
      "doc_to_text": "def doc_to_text_05(doc):\n    return doc_to_text_04(doc, SEP=\"\\n\")\n",
      "doc_to_target": "def doc_to_target_01(doc):\n    return [\n        choice_text\n        for choice_id, choice_text in zip(doc[\"choices\"][\"id\"], doc[\"choices\"][\"text\"])\n        if choice_id == doc[\"answer\"]\n    ][0]\n",
      "doc_to_choice": "def doc_to_choices_01(doc):\n    choices = doc[\"choices\"][\"text\"]\n    return choices\n",
      "description": "ユーザー: 与えられた選択肢の中から、最適な答えを選んでください。\nシステム: 分かりました。\n\n",
      "target_delimiter": "",
      "fewshot_delimiter": "\n",
      "num_fewshot": 0,
      "metric_list": [
        {
          "metric": "acc",
          "aggregation": "mean",
          "higher_is_better": true
        },
        {
          "metric": "acc_norm",
          "aggregation": "mean",
          "higher_is_better": true
        },
        {
          "metric": "map",
          "aggregation": "mean",
          "higher_is_better": true
        },
        {
          "metric": "map_2",
          "aggregation": "mean",
          "higher_is_better": true
        },
        {
          "metric": "map_3",
          "aggregation": "mean",
          "higher_is_better": true
        },
        {
          "metric": "map_4",
          "aggregation": "mean",
          "higher_is_better": true
        },
        {
          "metric": "map_norm",
          "aggregation": "mean",
          "higher_is_better": true
        },
        {
          "metric": "map_2_norm",
          "aggregation": "mean",
          "higher_is_better": true
        },
        {
          "metric": "map_3_norm",
          "aggregation": "mean",
          "higher_is_better": true
        },
        {
          "metric": "map_4_norm",
          "aggregation": "mean",
          "higher_is_better": true
        }
      ],
      "output_type": "multiple_choice",
      "repeats": 1,