{
  "results": {
    "security_sales_1-1.0-0.2.1": {
      "acc,none": 0.40350877192982454,
      "acc_stderr,none": 0.06555933012294897,
      "acc_norm,none": 0.38596491228070173,
      "acc_norm_stderr,none": 0.06505437269382161,
      "map,none": 0.6769005847953216,
      "map_stderr,none": 0.03655284030016666,
      "map_2,none": 0.6403508771929824,
      "map_2_stderr,none": 0.044697510844641124,
      "map_3,none": 0.6637426900584794,
      "map_3_stderr,none": 0.03990451480688941,
      "map_4,none": 0.6769005847953216,
      "map_4_stderr,none": 0.03655284030016666,
      "map_norm,none": 0.6564327485380118,
      "map_norm_stderr,none": 0.03795441832008721,
      "map_2_norm,none": 0.6140350877192983,
      "map_2_norm_stderr,none": 0.04685862305335399,
      "map_3_norm,none": 0.6257309941520469,
      "map_3_norm_stderr,none": 0.04479304761804041,
      "map_4_norm,none": 0.6564327485380118,
      "map_4_norm_stderr,none": 0.03795441832008721,
      "alias": "security_sales_1-1.0-0.2.1"
    },
    "fp2-1.0-0.2.1": {
      "acc,none": 0.24842105263157896,
      "acc_stderr,none": 0.019846883994871865,
      "acc_norm,none": 0.24842105263157896,
      "acc_norm_stderr,none": 0.019846883994871865,
      "map,none": 0.5238596491228079,
      "map_stderr,none": 0.013169496698596137,
      "map_2,none": 0.38105263157894737,
      "map_2_stderr,none": 0.018853370608958035,
      "map_3,none": 0.4680701754385972,
      "map_3_stderr,none": 0.016148073348808797,
      "map_4,none": 0.5238596491228079,
      "map_4_stderr,none": 0.013169496698596137,
      "map_norm,none": 0.5238596491228079,
      "map_norm_stderr,none": 0.013169496698596137,
      "map_2_norm,none": 0.38105263157894737,
      "map_2_norm_stderr,none": 0.018853370608958035,
      "map_3_norm,none": 0.4680701754385972,
      "map_3_norm_stderr,none": 0.016148073348808797,
      "map_4_norm,none": 0.5238596491228079,
      "map_4_norm_stderr,none": 0.013169496698596137,
      "alias": "fp2-1.0-0.2.1"
    },
    "cpa_audit-1.0-0.2.1": {
      "acc,none": 0.18341708542713567,
      "acc_stderr,none": 0.01942337902884327,
      "acc_norm,none": 0.1658291457286432,
      "acc_norm_stderr,none": 0.018666490953652835,
      "map,none": 0.4226130653266328,
      "map_stderr,none": 0.014776143763088782,
      "map_2,none": 0.2675879396984925,
      "map_2_stderr,none": 0.01968896730349026,
      "map_3,none": 0.32537688442211027,
      "map_3_stderr,none": 0.0187046093553516,
      "map_4,none": 0.3668341708542712,
      "map_4_stderr,none": 0.017426528521769097,
      "map_norm,none": 0.4094221105527635,
      "map_norm_stderr,none": 0.01428926790038199,
      "map_2_norm,none": 0.24874371859296482,
      "map_2_norm_stderr,none": 0.01913843210477513,
      "map_3_norm,none": 0.3090452261306529,
      "map_3_norm_stderr,none": 0.01822598021669883,
      "map_4_norm,none": 0.35364321608040195,
      "map_4_norm_stderr,none": 0.016906388272959323,
      "alias": "cpa_audit-1.0-0.2.1"
    },
    "cma_basics-1.0-0.2.1": {
      "acc,none": 0.23684210526315788,
      "acc_stderr,none": 0.06989334006042332,
      "acc_norm,none": 0.18421052631578946,
      "acc_norm_stderr,none": 0.06373021861834362,
      "map,none": 0.5131578947368421,
      "map_stderr,none": 0.04709499081395403,
      "map_2,none": 0.3684210526315789,
      "map_2_stderr,none": 0.06716206838991055,
      "map_3,none": 0.4473684210526317,
      "map_3_stderr,none": 0.059002717359761425,
      "map_4,none": 0.5131578947368421,
      "map_4_stderr,none": 0.04709499081395403,
      "map_norm,none": 0.5087719298245614,
      "map_norm_stderr,none": 0.04131423660101101,
      "map_2_norm,none": 0.3815789473684211,
      "map_2_norm_stderr,none": 0.060914704160000256,
      "map_3_norm,none": 0.46929824561403516,
      "map_3_norm_stderr,none": 0.04983585477631095,
      "map_4_norm,none": 0.5087719298245614,
      "map_4_norm_stderr,none": 0.04131423660101101,
      "alias": "cma_basics-1.0-0.2.1"
    },
    "chabsa-1.0-0.2": {
      "acc,none": 0.5611808882558591,
      "acc_stderr,none": 0.005647149750045235,
      "f1,none": 0.3594592352989964,
      "f1_stderr,none": "N/A",
      "acc_norm,none": 0.5611808882558591,
      "acc_norm_stderr,none": 0.005647149750045235,
      "f1_norm,none": 0.3594592352989964,
      "f1_norm_stderr,none": "N/A",
      "alias": "chabsa-1.0-0.2"
    }
  },
  "group_subtasks": {
    "chabsa-1.0-0.2": [],
    "cma_basics-1.0-0.2.1": [],
    "cpa_audit-1.0-0.2.1": [],
    "fp2-1.0-0.2.1": [],
    "security_sales_1-1.0-0.2.1": []
  },
  "configs": {
    "chabsa-1.0-0.2": {
      "task": "chabsa-1.0-0.2",
      "dataset_path": "jlm_fin_eval/datasets/chabsa/chabsa.py",
      "dataset_name": "chABSA",
      "test_split": "test",
      "doc_to_text": "センテンス: {{sentence}}\nターゲット: {{target}}\n回答:",
      "doc_to_target": "{{polarity}}",
      "doc_to_choice": [
        "positive",
        "negative"
      ],
      "description": "センテンスとターゲットを入力として受け取り、ターゲットに関するセンチメントをpositiveかnegativeから選択してください。\n\n\n",
      "target_delimiter": " ",
      "fewshot_delimiter": "\n\n",
      "num_fewshot": 0,
      "metric_list": [
        {
          "metric": "acc",
          "aggregation": "mean",
          "higher_is_better": true
        },
        {
          "metric": "acc_norm",
          "aggregation": "mean",
          "higher_is_better": true
        },
        {
          "metric": "f1",
          "aggregation": "2class_adjusted_macro_f1_score_for_chabsa",
          "higher_is_better": true
        },
        {
          "metric": "f1_norm",
          "aggregation": "2class_adjusted_macro_f1_score_for_chabsa",
          "higher_is_better": true
        }
      ],
      "output_type": "multiple_choice",
      "repeats": 1,
      "should_decontaminate": false,
      "doc_to_decontamination_query": "sentence",
      "metadata": {
        "version": 1.0
      }
    },
    "cma_basics-1.0-0.2.1": {
      "task": "cma_basics-1.0-0.2.1",
      "dataset_path": "jlm_fin_eval/datasets/cma_basics/cma_basics.py",
      "dataset_name": "cma_basics",
      "test_split": "test",
      "doc_to_text": "def doc_to_text_02_1(doc):\n    q_doc_text = doc[\"question\"] + \"\\n\"\n    if doc[\"context\"] and doc[\"context\"] != \"\":\n        q_doc_text += doc[\"context\"] + \"\\n\"\n    choices = \"\\n\".join([f\"- {choice}\" for choice in doc[\"choices\"][\"text\"]])\n    return f\"質問:{q_doc_text}選択肢:\\n{choices}\\n回答:\"\n",
      "doc_to_target": "def doc_to_target_01(doc):\n    return [\n        choice_text\n        for choice_id, choice_text in zip(doc[\"choices\"][\"id\"], doc[\"choices\"][\"text\"])\n        if choice_id == doc[\"answer\"]\n    ][0]\n",
      "doc_to_choice": "def doc_to_choices_01(doc):\n    choices = doc[\"choices\"][\"text\"]\n    return choices\n",
      "description": "与えられた選択肢の中から、最適な答えを選んでください。\n\n\n",
      "target_delimiter": "",
      "fewshot_delimiter": "\n\n",
      "num_fewshot": 0,
      "metric_list": [
        {
          "metric": "acc",
          "aggregation": "mean",
          "higher_is_better": true
        },
        {
          "metric": "acc_norm",
          "aggregation": "mean",
          "higher_is_better": true
        },
        {
          "metric": "map",
          "aggregation": "mean",
          "higher_is_better": true
        },
        {
          "metric": "map_2",
          "aggregation": "mean",
          "higher_is_better": true
        },
        {
          "metric": "map_3",
          "aggregation": "mean",
          "higher_is_better": true
        },
        {
          "metric": "map_4",
          "aggregation": "mean",
          "higher_is_better": true
        },
        {
          "metric": "map_norm",
          "aggregation": "mean",
          "higher_is_better": true
        },
        {
          "metric": "map_2_norm",
          "aggregation": "mean",
          "higher_is_better": true
        },
        {
          "metric": "map_3_norm",