{
  "results": {
    "security_sales_1-1.0-0.2": {
      "acc,none": 0.40350877192982454,
      "acc_stderr,none": 0.06555933012294897,
      "acc_norm,none": 0.40350877192982454,
      "acc_norm_stderr,none": 0.06555933012294897,
      "map,none": 0.6681286549707601,
      "map_stderr,none": 0.0378063019688426,
      "map_2,none": 0.6228070175438597,
      "map_2_stderr,none": 0.047296427235001534,
      "map_3,none": 0.6461988304093567,
      "map_3_stderr,none": 0.04296639826438862,
      "map_4,none": 0.6681286549707601,
      "map_4_stderr,none": 0.0378063019688426,
      "map_norm,none": 0.6681286549707601,
      "map_norm_stderr,none": 0.0378063019688426,
      "map_2_norm,none": 0.6228070175438597,
      "map_2_norm_stderr,none": 0.047296427235001534,
      "map_3_norm,none": 0.6461988304093567,
      "map_3_norm_stderr,none": 0.04296639826438862,
      "map_4_norm,none": 0.6681286549707601,
      "map_4_norm_stderr,none": 0.0378063019688426,
      "alias": "security_sales_1-1.0-0.2"
    },
    "fp2-1.0-0.2": {
      "acc,none": 0.26526315789473687,
      "acc_stderr,none": 0.02027753714262581,
      "acc_norm,none": 0.26526315789473687,
      "acc_norm_stderr,none": 0.02027753714262581,
      "map,none": 0.5289473684210535,
      "map_stderr,none": 0.013487253974345489,
      "map_2,none": 0.38421052631578945,
      "map_2_stderr,none": 0.019215294234598057,
      "map_3,none": 0.47052631578947446,
      "map_3_stderr,none": 0.01656138657090264,
      "map_4,none": 0.5289473684210535,
      "map_4_stderr,none": 0.013487253974345489,
      "map_norm,none": 0.5289473684210535,
      "map_norm_stderr,none": 0.013487253974345489,
      "map_2_norm,none": 0.38421052631578945,
      "map_2_norm_stderr,none": 0.019215294234598057,
      "map_3_norm,none": 0.47052631578947446,
      "map_3_norm_stderr,none": 0.01656138657090264,
      "map_4_norm,none": 0.5289473684210535,
      "map_4_norm_stderr,none": 0.013487253974345489,
      "alias": "fp2-1.0-0.2"
    },
    "cpa_audit-1.0-0.2": {
      "acc,none": 0.13819095477386933,
      "acc_stderr,none": 0.017320087404198006,
      "acc_norm,none": 0.13819095477386933,
      "acc_norm_stderr,none": 0.017320087404198006,
      "map,none": 0.3911222780569515,
      "map_stderr,none": 0.013446328300092328,
      "map_2,none": 0.22738693467336685,
      "map_2_stderr,none": 0.018171040615122844,
      "map_3,none": 0.287688442211055,
      "map_3_stderr,none": 0.017394866454739737,
      "map_4,none": 0.32914572864321573,
      "map_4_stderr,none": 0.016256512600023695,
      "map_norm,none": 0.3911222780569515,
      "map_norm_stderr,none": 0.013446328300092328,
      "map_2_norm,none": 0.22738693467336685,
      "map_2_norm_stderr,none": 0.018171040615122844,
      "map_3_norm,none": 0.287688442211055,
      "map_3_norm_stderr,none": 0.017394866454739737,
      "map_4_norm,none": 0.32914572864321573,
      "map_4_norm_stderr,none": 0.016256512600023695,
      "alias": "cpa_audit-1.0-0.2"
    },
    "cma_basics-1.0-0.2": {
      "acc,none": 0.18421052631578946,
      "acc_stderr,none": 0.06373021861834362,
      "acc_norm,none": 0.18421052631578946,
      "acc_norm_stderr,none": 0.06373021861834362,
      "map,none": 0.4846491228070175,
      "map_stderr,none": 0.03986196736007615,
      "map_2,none": 0.34210526315789475,
      "map_2_stderr,none": 0.05994682078436838,
      "map_3,none": 0.4385964912280702,
      "map_3_stderr,none": 0.04926400488830257,
      "map_4,none": 0.4846491228070175,
      "map_4_stderr,none": 0.03986196736007615,
      "map_norm,none": 0.4846491228070175,
      "map_norm_stderr,none": 0.03986196736007615,
      "map_2_norm,none": 0.34210526315789475,
      "map_2_norm_stderr,none": 0.05994682078436838,
      "map_3_norm,none": 0.4385964912280702,
      "map_3_norm_stderr,none": 0.04926400488830257,
      "map_4_norm,none": 0.4846491228070175,
      "map_4_norm_stderr,none": 0.03986196736007615,
      "alias": "cma_basics-1.0-0.2"
    },
    "chabsa-1.0-0.2": {
      "acc,none": 0.5611808882558591,
      "acc_stderr,none": 0.005647149750045235,
      "f1,none": 0.3594592352989964,
      "f1_stderr,none": "N/A",
      "acc_norm,none": 0.5611808882558591,
      "acc_norm_stderr,none": 0.005647149750045235,
      "f1_norm,none": 0.3594592352989964,
      "f1_norm_stderr,none": "N/A",
      "alias": "chabsa-1.0-0.2"
    }
  },
  "group_subtasks": {
    "chabsa-1.0-0.2": [],
    "cma_basics-1.0-0.2": [],
    "cpa_audit-1.0-0.2": [],
    "fp2-1.0-0.2": [],
    "security_sales_1-1.0-0.2": []
  },
  "configs": {
    "chabsa-1.0-0.2": {
      "task": "chabsa-1.0-0.2",
      "dataset_path": "jlm_fin_eval/datasets/chabsa/chabsa.py",
      "dataset_name": "chABSA",
      "test_split": "test",
      "doc_to_text": "センテンス: {{sentence}}\nターゲット: {{target}}\n回答:",
      "doc_to_target": "{{polarity}}",
      "doc_to_choice": [
        "positive",
        "negative"
      ],
      "description": "センテンスとターゲットを入力として受け取り、ターゲットに関するセンチメントをpositiveかnegativeから選択してください。\n\n\n",
      "target_delimiter": " ",
      "fewshot_delimiter": "\n\n",
      "num_fewshot": 0,
      "metric_list": [
        {
          "metric": "acc",
          "aggregation": "mean",
          "higher_is_better": true
        },
        {
          "metric": "acc_norm",
          "aggregation": "mean",
          "higher_is_better": true
        },
        {
          "metric": "f1",
          "aggregation": "2class_adjusted_macro_f1_score_for_chabsa",
          "higher_is_better": true
        },
        {
          "metric": "f1_norm",
          "aggregation": "2class_adjusted_macro_f1_score_for_chabsa",
          "higher_is_better": true
        }
      ],
      "output_type": "multiple_choice",
      "repeats": 1,
      "should_decontaminate": false,
      "doc_to_decontamination_query": "sentence",
      "metadata": {
        "version": 1.0
      }
    },
    "cma_basics-1.0-0.2": {
      "task": "cma_basics-1.0-0.2",
      "dataset_path": "jlm_fin_eval/datasets/cma_basics/cma_basics.py",
      "dataset_name": "cma_basics",
      "test_split": "test",
      "doc_to_text": "def doc_to_text_02(doc):\n    q_doc_text = doc[\"question\"] + \"\\n\"\n    if doc[\"context\"] and doc[\"context\"] != \"\":\n        q_doc_text += doc[\"context\"] + \"\\n\"\n    choices = \",\".join(\n        [\n            f\"{idx}.{choice}\"\n            for idx, choice in zip(doc[\"choices\"][\"id\"], doc[\"choices\"][\"text\"])\n        ]\n    )\n    return f\"質問:{q_doc_text}\" f\"選択肢:{choices}\\n\" \"回答:\"\n",
      "doc_to_target": "def doc_to_target_02(doc):\n    return [\n        str(choice_id)\n        for choice_id in doc[\"choices\"][\"id\"]\n        if choice_id == doc[\"answer\"]\n    ][0]\n",
      "doc_to_choice": "def doc_to_choices_02(doc):\n    return [str(choice) for choice in doc[\"choices\"][\"id\"]]\n",
      "description": "質問と回答の選択肢を入力として受け取り、選択肢から回答を選択してください。なお、回答は選択肢の番号(例:0)でするものとします。\n\n\n",
      "target_delimiter": "",
      "fewshot_delimiter": "\n\n",
      "num_fewshot": 0,
      "metric_list": [
        {
          "metric": "acc",
          "aggregation": "mean",
          "higher_is_better": true
        },
        {
          "metric": "acc_norm",
          "aggregation": "mean",
          "higher_is_better": true
        },
        {
          "metric": "map",
          "aggregation": "mean",
          "higher_is_better": true
        },
        {
          "metric": "map_2",
          "aggregation": "mean",
          "higher_is_better": true
        },
        {
          "metric": "map_3",
          "aggregation": "mean",
          "higher_is_better": true
        },
        {
          "metric": "map_4",
          "aggregation": "mean",
          "higher_is_better": true
        },
        {
          "metric": "map_norm",
          "aggregation": "mean",
          "higher_is_better": true
        },
        {
          "metric": "map_2_norm",
          "aggregation": "mean",