{
  "results": {
    "security_sales_1-1.0-0.2": {
      "acc,none": 0.42105263157894735,
      "acc_stderr,none": 0.06597717584505354,
      "acc_norm,none": 0.42105263157894735,
      "acc_norm_stderr,none": 0.06597717584505354,
      "map,none": 0.6769005847953216,
      "map_stderr,none": 0.03812599293155532,
      "map_2,none": 0.631578947368421,
      "map_2_stderr,none": 0.04770141932499819,
      "map_3,none": 0.6549707602339181,
      "map_3_stderr,none": 0.04332731810372831,
      "map_4,none": 0.6769005847953216,
      "map_4_stderr,none": 0.03812599293155532,
      "map_norm,none": 0.6769005847953216,
      "map_norm_stderr,none": 0.03812599293155532,
      "map_2_norm,none": 0.631578947368421,
      "map_2_norm_stderr,none": 0.04770141932499819,
      "map_3_norm,none": 0.6549707602339181,
      "map_3_norm_stderr,none": 0.04332731810372831,
      "map_4_norm,none": 0.6769005847953216,
      "map_4_norm_stderr,none": 0.03812599293155532,
      "alias": "security_sales_1-1.0-0.2"
    },
    "fp2-1.0-0.2": {
      "acc,none": 0.24,
      "acc_stderr,none": 0.019616577850947305,
      "acc_norm,none": 0.24,
      "acc_norm_stderr,none": 0.019616577850947305,
      "map,none": 0.5175438596491234,
      "map_stderr,none": 0.013162335470933009,
      "map_2,none": 0.37684210526315787,
      "map_2_stderr,none": 0.018737081644412717,
      "map_3,none": 0.45333333333333387,
      "map_3_stderr,none": 0.01645906682938671,
      "map_4,none": 0.5175438596491234,
      "map_4_stderr,none": 0.013162335470933009,
      "map_norm,none": 0.5175438596491234,
      "map_norm_stderr,none": 0.013162335470933009,
      "map_2_norm,none": 0.37684210526315787,
      "map_2_norm_stderr,none": 0.018737081644412717,
      "map_3_norm,none": 0.45333333333333387,
      "map_3_norm_stderr,none": 0.01645906682938671,
      "map_4_norm,none": 0.5175438596491234,
      "map_4_norm_stderr,none": 0.013162335470933009,
      "alias": "fp2-1.0-0.2"
    },
    "cpa_audit-1.0-0.2": {
      "acc,none": 0.1407035175879397,
      "acc_stderr,none": 0.017451338441977035,
      "acc_norm,none": 0.1407035175879397,
      "acc_norm_stderr,none": 0.017451338441977035,
      "map,none": 0.38969849246231153,
      "map_stderr,none": 0.013609091266552902,
      "map_2,none": 0.22989949748743718,
      "map_2_stderr,none": 0.018265308171539072,
      "map_3,none": 0.2818257956448909,
      "map_3_stderr,none": 0.017615004945856865,
      "map_4,none": 0.32579564489112206,
      "map_4_stderr,none": 0.01645235343900338,
      "map_norm,none": 0.38969849246231153,
      "map_norm_stderr,none": 0.013609091266552902,
      "map_2_norm,none": 0.22989949748743718,
      "map_2_norm_stderr,none": 0.018265308171539072,
      "map_3_norm,none": 0.2818257956448909,
      "map_3_norm_stderr,none": 0.017615004945856865,
      "map_4_norm,none": 0.32579564489112206,
      "map_4_norm_stderr,none": 0.01645235343900338,
      "alias": "cpa_audit-1.0-0.2"
    },
    "cma_basics-1.0-0.2": {
      "acc,none": 0.23684210526315788,
      "acc_stderr,none": 0.06989334006042333,
      "acc_norm,none": 0.23684210526315788,
      "acc_norm_stderr,none": 0.06989334006042333,
      "map,none": 0.49561403508771934,
      "map_stderr,none": 0.04766013995430574,
      "map_2,none": 0.3026315789473684,
      "map_2_stderr,none": 0.06938941611192354,
      "map_3,none": 0.4429824561403509,
      "map_3_stderr,none": 0.05701754385964912,
      "map_4,none": 0.49561403508771934,
      "map_4_stderr,none": 0.04766013995430574,
      "map_norm,none": 0.49561403508771934,
      "map_norm_stderr,none": 0.04766013995430574,
      "map_2_norm,none": 0.3026315789473684,
      "map_2_norm_stderr,none": 0.06938941611192354,
      "map_3_norm,none": 0.4429824561403509,
      "map_3_norm_stderr,none": 0.05701754385964912,
      "map_4_norm,none": 0.49561403508771934,
      "map_4_norm_stderr,none": 0.04766013995430574,
      "alias": "cma_basics-1.0-0.2"
    },
    "chabsa-1.0-0.2": {
      "acc,none": 0.562993655315292,
      "acc_stderr,none": 0.0056445681749940566,
      "f1,none": 0.36432861736699457,
      "f1_stderr,none": "N/A",
      "acc_norm,none": 0.562993655315292,
      "acc_norm_stderr,none": 0.0056445681749940566,
      "f1_norm,none": 0.36432861736699457,
      "f1_norm_stderr,none": "N/A",
      "alias": "chabsa-1.0-0.2"
    }
  },
  "group_subtasks": {
    "chabsa-1.0-0.2": [],
    "cma_basics-1.0-0.2": [],
    "cpa_audit-1.0-0.2": [],
    "fp2-1.0-0.2": [],
    "security_sales_1-1.0-0.2": []
  },
  "configs": {
    "chabsa-1.0-0.2": {
      "task": "chabsa-1.0-0.2",
      "dataset_path": "jlm_fin_eval/datasets/chabsa/chabsa.py",
      "dataset_name": "chABSA",
      "test_split": "test",
      "doc_to_text": "センテンス: {{sentence}}\nターゲット: {{target}}\n回答:",
      "doc_to_target": "{{polarity}}",
      "doc_to_choice": [
        "positive",
        "negative"
      ],
      "description": "センテンスとターゲットを入力として受け取り、ターゲットに関するセンチメントをpositiveかnegativeから選択してください。\n\n\n",
      "target_delimiter": " ",
      "fewshot_delimiter": "\n\n",
      "num_fewshot": 0,
      "metric_list": [
        {
          "metric": "acc",
          "aggregation": "mean",
          "higher_is_better": true
        },
        {
          "metric": "acc_norm",
          "aggregation": "mean",
          "higher_is_better": true
        },
        {
          "metric": "f1",
          "aggregation": "2class_adjusted_macro_f1_score_for_chabsa",
          "higher_is_better": true
        },
        {
          "metric": "f1_norm",
          "aggregation": "2class_adjusted_macro_f1_score_for_chabsa",
          "higher_is_better": true
        }
      ],
      "output_type": "multiple_choice",
      "repeats": 1,
      "should_decontaminate": false,
      "doc_to_decontamination_query": "sentence",
      "metadata": {
        "version": 1.0
      }
    },
    "cma_basics-1.0-0.2": {
      "task": "cma_basics-1.0-0.2",
      "dataset_path": "jlm_fin_eval/datasets/cma_basics/cma_basics.py",
      "dataset_name": "cma_basics",
      "test_split": "test",
      "doc_to_text": "def doc_to_text_02(doc):\n    q_doc_text = doc[\"question\"] + \"\\n\"\n    if doc[\"context\"] and doc[\"context\"] != \"\":\n        q_doc_text += doc[\"context\"] + \"\\n\"\n    choices = \",\".join(\n        [\n            f\"{idx}.{choice}\"\n            for idx, choice in zip(doc[\"choices\"][\"id\"], doc[\"choices\"][\"text\"])\n        ]\n    )\n    return f\"質問:{q_doc_text}\" f\"選択肢:{choices}\\n\" \"回答:\"\n",
      "doc_to_target": "def doc_to_target_02(doc):\n    return [\n        str(choice_id)\n        for choice_id in doc[\"choices\"][\"id\"]\n        if choice_id == doc[\"answer\"]\n    ][0]\n",
      "doc_to_choice": "def doc_to_choices_02(doc):\n    return [str(choice) for choice in doc[\"choices\"][\"id\"]]\n",
      "description": "質問と回答の選択肢を入力として受け取り、選択肢から回答を選択してください。なお、回答は選択肢の番号(例:0)でするものとします。\n\n\n",
      "target_delimiter": "",
      "fewshot_delimiter": "\n\n",
      "num_fewshot": 0,
      "metric_list": [
        {
          "metric": "acc",
          "aggregation": "mean",
          "higher_is_better": true
        },
        {
          "metric": "acc_norm",
          "aggregation": "mean",
          "higher_is_better": true
        },
        {
          "metric": "map",
          "aggregation": "mean",
          "higher_is_better": true
        },
        {
          "metric": "map_2",
          "aggregation": "mean",
          "higher_is_better": true
        },
        {
          "metric": "map_3",
          "aggregation": "mean",
          "higher_is_better": true
        },
        {
          "metric": "map_4",
          "aggregation": "mean",
          "higher_is_better": true
        },
        {
          "metric": "map_norm",
          "aggregation": "mean",
          "higher_is_better": true
        },
        {
          "metric": "map_2_norm",
          "aggregation": "mean",