{
  "results": {
    "security_sales_1-1.0-0.1.2": {
      "acc,none": 0.42105263157894735,
      "acc_stderr,none": 0.06597717584505354,
      "acc_norm,none": 0.42105263157894735,
      "acc_norm_stderr,none": 0.06597717584505354,
      "map,none": 0.6725146198830408,
      "map_stderr,none": 0.03873677860356246,
      "map_2,none": 0.6228070175438597,
      "map_2_stderr,none": 0.04892436645686707,
      "map_3,none": 0.6461988304093567,
      "map_3_stderr,none": 0.044752128260274755,
      "map_4,none": 0.6725146198830408,
      "map_4_stderr,none": 0.03873677860356246,
      "map_norm,none": 0.6725146198830408,
      "map_norm_stderr,none": 0.03873677860356246,
      "map_2_norm,none": 0.6228070175438597,
      "map_2_norm_stderr,none": 0.04892436645686707,
      "map_3_norm,none": 0.6461988304093567,
      "map_3_norm_stderr,none": 0.044752128260274755,
      "map_4_norm,none": 0.6725146198830408,
      "map_4_norm_stderr,none": 0.03873677860356246,
      "alias": "security_sales_1-1.0-0.1.2"
    },
    "fp2-1.0-0.1.2": {
      "acc,none": 0.2694736842105263,
      "acc_stderr,none": 0.020379191097956488,
      "acc_norm,none": 0.2694736842105263,
      "acc_norm_stderr,none": 0.020379191097956488,
      "map,none": 0.5398245614035094,
      "map_stderr,none": 0.01357482411997475,
      "map_2,none": 0.40842105263157896,
      "map_2_stderr,none": 0.019115032841241896,
      "map_3,none": 0.47929824561403567,
      "map_3_stderr,none": 0.016807354901586725,
      "map_4,none": 0.5398245614035094,
      "map_4_stderr,none": 0.01357482411997475,
      "map_norm,none": 0.5398245614035094,
      "map_norm_stderr,none": 0.01357482411997475,
      "map_2_norm,none": 0.40842105263157896,
      "map_2_norm_stderr,none": 0.019115032841241896,
      "map_3_norm,none": 0.47929824561403567,
      "map_3_norm_stderr,none": 0.016807354901586725,
      "map_4_norm,none": 0.5398245614035094,
      "map_4_norm_stderr,none": 0.01357482411997475,
      "alias": "fp2-1.0-0.1.2"
    },
    "cpa_audit-1.0-0.1.2": {
      "acc,none": 0.17336683417085427,
      "acc_stderr,none": 0.018999587359991445,
      "acc_norm,none": 0.17336683417085427,
      "acc_norm_stderr,none": 0.018999587359991445,
      "map,none": 0.41394472361809037,
      "map_stderr,none": 0.014615306752429346,
      "map_2,none": 0.2562814070351759,
      "map_2_stderr,none": 0.019463861909925936,
      "map_3,none": 0.3107202680066999,
      "map_3_stderr,none": 0.018622567229104697,
      "map_4,none": 0.3553182579564487,
      "map_4_stderr,none": 0.017322334707680482,
      "map_norm,none": 0.41394472361809037,
      "map_norm_stderr,none": 0.014615306752429346,
      "map_2_norm,none": 0.2562814070351759,
      "map_2_norm_stderr,none": 0.019463861909925936,
      "map_3_norm,none": 0.3107202680066999,
      "map_3_norm_stderr,none": 0.018622567229104697,
      "map_4_norm,none": 0.3553182579564487,
      "map_4_norm_stderr,none": 0.017322334707680482,
      "alias": "cpa_audit-1.0-0.1.2"
    },
    "cma_basics-1.0-0.1.2": {
      "acc,none": 0.21052631578947367,
      "acc_stderr,none": 0.06702258315442243,
      "acc_norm,none": 0.21052631578947367,
      "acc_norm_stderr,none": 0.06702258315442243,
      "map,none": 0.4999999999999999,
      "map_stderr,none": 0.045219552915310844,
      "map_2,none": 0.35526315789473684,
      "map_2_stderr,none": 0.0650743494707991,
      "map_3,none": 0.4342105263157895,
      "map_3_stderr,none": 0.057108655365287704,
      "map_4,none": 0.4999999999999999,
      "map_4_stderr,none": 0.045219552915310844,
      "map_norm,none": 0.4999999999999999,
      "map_norm_stderr,none": 0.045219552915310844,
      "map_2_norm,none": 0.35526315789473684,
      "map_2_norm_stderr,none": 0.0650743494707991,
      "map_3_norm,none": 0.4342105263157895,
      "map_3_norm_stderr,none": 0.057108655365287704,
      "map_4_norm,none": 0.4999999999999999,
      "map_4_norm_stderr,none": 0.045219552915310844,
      "alias": "cma_basics-1.0-0.1.2"
    },
    "chabsa-1.0-0.1": {
      "acc,none": 0.7106046872976822,
      "acc_stderr,none": 0.005160536826510007,
      "f1,none": 0.7226287079244726,
      "f1_stderr,none": "N/A",
      "acc_norm,none": 0.7106046872976822,
      "acc_norm_stderr,none": 0.005160536826510007,
      "f1_norm,none": 0.7226287079244726,
      "f1_norm_stderr,none": "N/A",
      "alias": "chabsa-1.0-0.1"
    }
  },
  "group_subtasks": {
    "chabsa-1.0-0.1": [],
    "cma_basics-1.0-0.1.2": [],
    "cpa_audit-1.0-0.1.2": [],
    "fp2-1.0-0.1.2": [],
    "security_sales_1-1.0-0.1.2": []
  },
  "configs": {
    "chabsa-1.0-0.1": {
      "task": "chabsa-1.0-0.1",
      "dataset_path": "jlm_fin_eval/datasets/chabsa/chabsa.py",
      "dataset_name": "chABSA",
      "test_split": "test",
      "doc_to_text": "[センテンス]: {{sentence}}\nターゲット]: {{target}}\n[答え]:",
      "doc_to_target": "{{polarity}}",
      "doc_to_choice": [
        "positive",
        "negative"
      ],
      "description": "[センテンス]における、[ターゲット]のセンチメントをpositiveかnegativeで選んでください。\n\n\n",
      "target_delimiter": " ",
      "fewshot_delimiter": "\n\n",
      "num_fewshot": 0,
      "metric_list": [
        {
          "metric": "acc",
          "aggregation": "mean",
          "higher_is_better": true
        },
        {
          "metric": "acc_norm",
          "aggregation": "mean",
          "higher_is_better": true
        },
        {
          "metric": "f1",
          "aggregation": "2class_adjusted_macro_f1_score_for_chabsa",
          "higher_is_better": true
        },
        {
          "metric": "f1_norm",
          "aggregation": "2class_adjusted_macro_f1_score_for_chabsa",
          "higher_is_better": true
        }
      ],
      "output_type": "multiple_choice",
      "repeats": 1,
      "should_decontaminate": false,
      "doc_to_decontamination_query": "sentence",
      "metadata": {
        "version": 1.0
      }
    },
    "cma_basics-1.0-0.1.2": {
      "task": "cma_basics-1.0-0.1.2",
      "dataset_path": "jlm_fin_eval/datasets/cma_basics/cma_basics.py",
      "dataset_name": "cma_basics",
      "test_split": "test",
      "doc_to_text": "def doc_to_text_01_2(doc):\n    q_doc_text = doc[\"question\"] + \"\\n\"\n    if doc[\"context\"] and doc[\"context\"] != \"\":\n        q_doc_text += doc[\"context\"] + \"\\n\"\n    choice_doc_text = []\n    for choice_id, choice_text in zip(doc[\"choices\"][\"id\"], doc[\"choices\"][\"text\"]):\n        choice_doc_text.append(chr(choice_id + 65) + \":\" + choice_text)\n    return f\"[問題]:{q_doc_text}[選択肢]:[{', '.join(choice_doc_text)}]\\n[答え]:\"\n",
      "doc_to_target": "def doc_to_target_alphabet(doc):\n    answer = chr(int(doc[\"answer\"]) + 65)\n    return answer\n",
      "doc_to_choice": "def doc_to_choices_alphabet(doc):\n    choices = [chr(choice_id + 65) for choice_id in doc[\"choices\"][\"id\"]]\n    return choices\n",
      "description": "[問題]に対する[答え]を[選択肢]の中からアルファベットで選んでください。\n\n\n",
      "target_delimiter": "",
      "fewshot_delimiter": "\n\n",
      "num_fewshot": 0,
      "metric_list": [
        {
          "metric": "acc",
          "aggregation": "mean",
          "higher_is_better": true
        },
        {
          "metric": "acc_norm",
          "aggregation": "mean",
          "higher_is_better": true
        },
        {
          "metric": "map",
          "aggregation": "mean",
          "higher_is_better": true
        },
        {
          "metric": "map_2",
          "aggregation": "mean",
          "higher_is_better": true
        },
        {
          "metric": "map_3",
          "aggregation": "mean",
          "higher_is_better": true
        },
        {
          "metric": "map_4",
          "aggregation": "mean",
          "higher_is_better": true
        },
        {
          "metric": "map_norm",
          "aggregation": "mean",
          "higher_is_better": true
        },
        {
          "metric": "map_2_norm",
          "aggregation": "mean",