{
  "results": {
    "security_sales_1-1.0-0.2.1": {
      "acc,none": 0.40350877192982454,
      "acc_stderr,none": 0.06555933012294897,
      "acc_norm,none": 0.3684210526315789,
      "acc_norm_stderr,none": 0.06446025638903097,
      "map,none": 0.6549707602339181,
      "map_stderr,none": 0.03803277643078527,
      "map_2,none": 0.6052631578947368,
      "map_2_stderr,none": 0.048045838377646144,
      "map_3,none": 0.6286549707602338,
      "map_3_stderr,none": 0.043957006954306745,
      "map_4,none": 0.6549707602339181,
      "map_4_stderr,none": 0.03803277643078527,
      "map_norm,none": 0.6374269005847952,
      "map_norm_stderr,none": 0.03716791299256546,
      "map_2_norm,none": 0.5877192982456141,
      "map_2_norm_stderr,none": 0.047034233748963185,
      "map_3_norm,none": 0.611111111111111,
      "map_3_norm_stderr,none": 0.043019664616010214,
      "map_4_norm,none": 0.6374269005847952,
      "map_4_norm_stderr,none": 0.03716791299256546,
      "alias": "security_sales_1-1.0-0.2.1"
    },
    "fp2-1.0-0.2.1": {
      "acc,none": 0.25894736842105265,
      "acc_stderr,none": 0.02012060832439214,
      "acc_norm,none": 0.25894736842105265,
      "acc_norm_stderr,none": 0.02012060832439214,
      "map,none": 0.5264912280701763,
      "map_stderr,none": 0.013461288620423919,
      "map_2,none": 0.3873684210526316,
      "map_2_stderr,none": 0.019051948167164285,
      "map_3,none": 0.4617543859649131,
      "map_3_stderr,none": 0.016793827467476274,
      "map_4,none": 0.5264912280701763,
      "map_4_stderr,none": 0.013461288620423919,
      "map_norm,none": 0.5264912280701763,
      "map_norm_stderr,none": 0.013461288620423919,
      "map_2_norm,none": 0.3873684210526316,
      "map_2_norm_stderr,none": 0.019051948167164285,
      "map_3_norm,none": 0.4617543859649131,
      "map_3_norm_stderr,none": 0.016793827467476274,
      "map_4_norm,none": 0.5264912280701763,
      "map_4_norm_stderr,none": 0.013461288620423919,
      "alias": "fp2-1.0-0.2.1"
    },
    "cpa_audit-1.0-0.2.1": {
      "acc,none": 0.16080402010050251,
      "acc_stderr,none": 0.01843677242307894,
      "acc_norm,none": 0.16080402010050251,
      "acc_norm_stderr,none": 0.01843677242307894,
      "map,none": 0.4127721943048573,
      "map_stderr,none": 0.014239567276450522,
      "map_2,none": 0.2638190954773869,
      "map_2_stderr,none": 0.019043058994359367,
      "map_3,none": 0.31155778894472325,
      "map_3_stderr,none": 0.018262877597790814,
      "map_4,none": 0.3536432160804017,
      "map_4_stderr,none": 0.017015222812583216,
      "map_norm,none": 0.4116834170854267,
      "map_norm_stderr,none": 0.014279890987577136,
      "map_2_norm,none": 0.2638190954773869,
      "map_2_norm_stderr,none": 0.019043058994359367,
      "map_3_norm,none": 0.31155778894472325,
      "map_3_norm_stderr,none": 0.018262877597790814,
      "map_4_norm,none": 0.35113065326633136,
      "map_4_norm_stderr,none": 0.0170995910387253,
      "alias": "cpa_audit-1.0-0.2.1"
    },
    "cma_basics-1.0-0.2.1": {
      "acc,none": 0.18421052631578946,
      "acc_stderr,none": 0.06373021861834362,
      "acc_norm,none": 0.21052631578947367,
      "acc_norm_stderr,none": 0.06702258315442243,
      "map,none": 0.4758771929824561,
      "map_stderr,none": 0.04308376068557086,
      "map_2,none": 0.2894736842105263,
      "map_2_stderr,none": 0.06431491177028903,
      "map_3,none": 0.42982456140350883,
      "map_3_stderr,none": 0.05169467989994387,
      "map_4,none": 0.4758771929824561,
      "map_4_stderr,none": 0.04308376068557086,
      "map_norm,none": 0.5153508771929824,
      "map_norm_stderr,none": 0.043872982800160956,
      "map_2_norm,none": 0.3815789473684211,
      "map_2_norm_stderr,none": 0.06376691900642341,
      "map_3_norm,none": 0.46929824561403505,
      "map_3_norm_stderr,none": 0.05328443673303642,
      "map_4_norm,none": 0.5153508771929824,
      "map_4_norm_stderr,none": 0.043872982800160956,
      "alias": "cma_basics-1.0-0.2.1"
    },
    "chabsa-1.0-0.2": {
      "acc,none": 0.5962708791920238,
      "acc_stderr,none": 0.00558344110136904,
      "f1,none": 0.4558672320888418,
      "f1_stderr,none": "N/A",
      "acc_norm,none": 0.5962708791920238,
      "acc_norm_stderr,none": 0.00558344110136904,
      "f1_norm,none": 0.4558672320888418,
      "f1_norm_stderr,none": "N/A",
      "alias": "chabsa-1.0-0.2"
    }
  },
  "group_subtasks": {
    "chabsa-1.0-0.2": [],
    "cma_basics-1.0-0.2.1": [],
    "cpa_audit-1.0-0.2.1": [],
    "fp2-1.0-0.2.1": [],
    "security_sales_1-1.0-0.2.1": []
  },
  "configs": {
    "chabsa-1.0-0.2": {
      "task": "chabsa-1.0-0.2",
      "dataset_path": "jlm_fin_eval/datasets/chabsa/chabsa.py",
      "dataset_name": "chABSA",
      "test_split": "test",
      "doc_to_text": "センテンス: {{sentence}}\nターゲット: {{target}}\n回答:",
      "doc_to_target": "{{polarity}}",
      "doc_to_choice": [
        "positive",
        "negative"
      ],
      "description": "センテンスとターゲットを入力として受け取り、ターゲットに関するセンチメントをpositiveかnegativeから選択してください。\n\n\n",
      "target_delimiter": " ",
      "fewshot_delimiter": "\n\n",
      "num_fewshot": 0,
      "metric_list": [
        {
          "metric": "acc",
          "aggregation": "mean",
          "higher_is_better": true
        },
        {
          "metric": "acc_norm",
          "aggregation": "mean",
          "higher_is_better": true
        },
        {
          "metric": "f1",
          "aggregation": "2class_adjusted_macro_f1_score_for_chabsa",
          "higher_is_better": true
        },
        {
          "metric": "f1_norm",
          "aggregation": "2class_adjusted_macro_f1_score_for_chabsa",
          "higher_is_better": true
        }
      ],
      "output_type": "multiple_choice",
      "repeats": 1,
      "should_decontaminate": false,
      "doc_to_decontamination_query": "sentence",
      "metadata": {
        "version": 1.0
      }
    },
    "cma_basics-1.0-0.2.1": {
      "task": "cma_basics-1.0-0.2.1",
      "dataset_path": "jlm_fin_eval/datasets/cma_basics/cma_basics.py",
      "dataset_name": "cma_basics",
      "test_split": "test",
      "doc_to_text": "def doc_to_text_02_1(doc):\n    q_doc_text = doc[\"question\"] + \"\\n\"\n    if doc[\"context\"] and doc[\"context\"] != \"\":\n        q_doc_text += doc[\"context\"] + \"\\n\"\n    choices = \"\\n\".join([f\"- {choice}\" for choice in doc[\"choices\"][\"text\"]])\n    return f\"質問:{q_doc_text}選択肢:\\n{choices}\\n回答:\"\n",
      "doc_to_target": "def doc_to_target_01(doc):\n    return [\n        choice_text\n        for choice_id, choice_text in zip(doc[\"choices\"][\"id\"], doc[\"choices\"][\"text\"])\n        if choice_id == doc[\"answer\"]\n    ][0]\n",
      "doc_to_choice": "def doc_to_choices_01(doc):\n    choices = doc[\"choices\"][\"text\"]\n    return choices\n",
      "description": "与えられた選択肢の中から、最適な答えを選んでください。\n\n\n",
      "target_delimiter": "",
      "fewshot_delimiter": "\n\n",
      "num_fewshot": 0,
      "metric_list": [
        {
          "metric": "acc",
          "aggregation": "mean",
          "higher_is_better": true
        },
        {
          "metric": "acc_norm",
          "aggregation": "mean",
          "higher_is_better": true
        },
        {
          "metric": "map",
          "aggregation": "mean",
          "higher_is_better": true
        },
        {
          "metric": "map_2",
          "aggregation": "mean",
          "higher_is_better": true
        },
        {
          "metric": "map_3",
          "aggregation": "mean",
          "higher_is_better": true
        },
        {
          "metric": "map_4",
          "aggregation": "mean",
          "higher_is_better": true
        },
        {
          "metric": "map_norm",
          "aggregation": "mean",
          "higher_is_better": true
        },
        {
          "metric": "map_2_norm",
          "aggregation": "mean",
          "higher_is_better": true
        },
        {
          "metric": "map_3_norm",