{
  "results": {
    "security_sales_1-1.0-0.5": {
      "acc,none": 0.47368421052631576,
      "acc_stderr,none": 0.06672270432067237,
      "acc_norm,none": 0.47368421052631576,
      "acc_norm_stderr,none": 0.06672270432067237,
      "map,none": 0.706140350877193,
      "map_stderr,none": 0.038468830800368004,
      "map_2,none": 0.6666666666666666,
      "map_2_stderr,none": 0.04738350265803163,
      "map_3,none": 0.6842105263157895,
      "map_3_stderr,none": 0.043890966262907796,
      "map_4,none": 0.706140350877193,
      "map_4_stderr,none": 0.038468830800368004,
      "map_norm,none": 0.698830409356725,
      "map_norm_stderr,none": 0.03934390311766001,
      "map_2_norm,none": 0.6403508771929824,
      "map_2_norm_stderr,none": 0.05122922888104906,
      "map_3_norm,none": 0.6812865497076023,
      "map_3_norm_stderr,none": 0.04361180320630358,
      "map_4_norm,none": 0.698830409356725,
      "map_4_norm_stderr,none": 0.03934390311766001,
      "alias": "security_sales_1-1.0-0.5"
    },
    "fp2-1.0-0.5": {
      "acc,none": 0.2631578947368421,
      "acc_stderr,none": 0.0202258251371329,
      "acc_norm,none": 0.2631578947368421,
      "acc_norm_stderr,none": 0.0202258251371329,
      "map,none": 0.5294736842105272,
      "map_stderr,none": 0.013488279417299343,
      "map_2,none": 0.3873684210526316,
      "map_2_stderr,none": 0.019168156208143453,
      "map_3,none": 0.46947368421052704,
      "map_3_stderr,none": 0.0166354184196321,
      "map_4,none": 0.5294736842105272,
      "map_4_stderr,none": 0.013488279417299343,
      "map_norm,none": 0.5294736842105272,
      "map_norm_stderr,none": 0.013488279417299343,
      "map_2_norm,none": 0.3873684210526316,
      "map_2_norm_stderr,none": 0.019168156208143453,
      "map_3_norm,none": 0.46947368421052704,
      "map_3_norm_stderr,none": 0.0166354184196321,
      "map_4_norm,none": 0.5294736842105272,
      "map_4_norm_stderr,none": 0.013488279417299343,
      "alias": "fp2-1.0-0.5"
    },
    "cpa_audit-1.0-0.5": {
      "acc,none": 0.13316582914572864,
      "acc_stderr,none": 0.0170517578589349,
      "acc_norm,none": 0.12311557788944724,
      "acc_norm_stderr,none": 0.01649044699948446,
      "map,none": 0.3764237855946395,
      "map_stderr,none": 0.013431122080394415,
      "map_2,none": 0.21105527638190955,
      "map_2_stderr,none": 0.01792555435488424,
      "map_3,none": 0.2654941373534337,
      "map_3_stderr,none": 0.01736913667339428,
      "map_4,none": 0.3038107202680065,
      "map_4_stderr,none": 0.01645810127459266,
      "map_norm,none": 0.3709798994974871,
      "map_norm_stderr,none": 0.013068214369733254,
      "map_2_norm,none": 0.20477386934673367,
      "map_2_norm_stderr,none": 0.01753100068492249,
      "map_3_norm,none": 0.26005025125628123,
      "map_3_norm_stderr,none": 0.017000818699811446,
      "map_4_norm,none": 0.2983668341708541,
      "map_4_norm_stderr,none": 0.016101579490564327,
      "alias": "cpa_audit-1.0-0.5"
    },
    "cma_basics-1.0-0.5": {
      "acc,none": 0.23684210526315788,
      "acc_stderr,none": 0.06989334006042332,
      "acc_norm,none": 0.23684210526315788,
      "acc_norm_stderr,none": 0.06989334006042332,
      "map,none": 0.5175438596491229,
      "map_stderr,none": 0.046528564232748794,
      "map_2,none": 0.3684210526315789,
      "map_2_stderr,none": 0.06716206838991057,
      "map_3,none": 0.46491228070175444,
      "map_3_stderr,none": 0.05662868456841629,
      "map_4,none": 0.5175438596491229,
      "map_4_stderr,none": 0.046528564232748794,
      "map_norm,none": 0.5175438596491229,
      "map_norm_stderr,none": 0.046528564232748794,
      "map_2_norm,none": 0.3684210526315789,
      "map_2_norm_stderr,none": 0.06716206838991057,
      "map_3_norm,none": 0.46491228070175444,
      "map_3_norm_stderr,none": 0.05662868456841629,
      "map_4_norm,none": 0.5175438596491229,
      "map_4_norm_stderr,none": 0.046528564232748794,
      "alias": "cma_basics-1.0-0.5"
    },
    "chabsa-1.0-0.5": {
      "acc,none": 0.5795675255729639,
      "acc_stderr,none": 0.00561739870441598,
      "f1,none": 0.4130543082864947,
      "f1_stderr,none": "N/A",
      "acc_norm,none": 0.5795675255729639,
      "acc_norm_stderr,none": 0.00561739870441598,
      "f1_norm,none": 0.4130543082864947,
      "f1_norm_stderr,none": "N/A",
      "alias": "chabsa-1.0-0.5"
    }
  },
  "group_subtasks": {
    "chabsa-1.0-0.5": [],
    "cma_basics-1.0-0.5": [],
    "cpa_audit-1.0-0.5": [],
    "fp2-1.0-0.5": [],
    "security_sales_1-1.0-0.5": []
  },
  "configs": {
    "chabsa-1.0-0.5": {
      "task": "chabsa-1.0-0.5",
      "dataset_path": "jlm_fin_eval/datasets/chabsa/chabsa.py",
      "dataset_name": "chABSA",
      "test_split": "test",
      "doc_to_text": "センテンス: {{sentence}}\nターゲット: {{target}}\nシステム:",
      "doc_to_target": "{{polarity}}",
      "doc_to_choice": [
        "positive",
        "negative"
      ],
      "description": "ユーザー: センテンスにおける、ターゲットのセンチメントをpositiveかnegativeで答えてください。\nシステム: 分かりました。\n\n",
      "target_delimiter": " ",
      "fewshot_delimiter": "\n",
      "num_fewshot": 0,
      "metric_list": [
        {
          "metric": "acc",
          "aggregation": "mean",
          "higher_is_better": true
        },
        {
          "metric": "acc_norm",
          "aggregation": "mean",
          "higher_is_better": true
        },
        {
          "metric": "f1",
          "aggregation": "2class_adjusted_macro_f1_score_for_chabsa",
          "higher_is_better": true
        },
        {
          "metric": "f1_norm",
          "aggregation": "2class_adjusted_macro_f1_score_for_chabsa",
          "higher_is_better": true
        }
      ],
      "output_type": "multiple_choice",
      "repeats": 1,
      "should_decontaminate": false,
      "doc_to_decontamination_query": "sentence",
      "metadata": {
        "version": 1.0
      }
    },
    "cma_basics-1.0-0.5": {
      "task": "cma_basics-1.0-0.5",
      "dataset_path": "jlm_fin_eval/datasets/cma_basics/cma_basics.py",
      "dataset_name": "cma_basics",
      "test_split": "test",
      "doc_to_text": "def doc_to_text_05(doc):\n    return doc_to_text_04(doc, SEP=\"\\n\")\n",
      "doc_to_target": "def doc_to_target_01(doc):\n    return [\n        choice_text\n        for choice_id, choice_text in zip(doc[\"choices\"][\"id\"], doc[\"choices\"][\"text\"])\n        if choice_id == doc[\"answer\"]\n    ][0]\n",
      "doc_to_choice": "def doc_to_choices_01(doc):\n    choices = doc[\"choices\"][\"text\"]\n    return choices\n",
      "description": "ユーザー: 与えられた選択肢の中から、最適な答えを選んでください。\nシステム: 分かりました。\n\n",
      "target_delimiter": "",
      "fewshot_delimiter": "\n",
      "num_fewshot": 0,
      "metric_list": [
        {
          "metric": "acc",
          "aggregation": "mean",
          "higher_is_better": true
        },
        {
          "metric": "acc_norm",
          "aggregation": "mean",
          "higher_is_better": true
        },
        {
          "metric": "map",
          "aggregation": "mean",
          "higher_is_better": true
        },
        {
          "metric": "map_2",
          "aggregation": "mean",
          "higher_is_better": true
        },
        {
          "metric": "map_3",
          "aggregation": "mean",
          "higher_is_better": true
        },
        {
          "metric": "map_4",
          "aggregation": "mean",
          "higher_is_better": true
        },
        {
          "metric": "map_norm",
          "aggregation": "mean",
          "higher_is_better": true
        },
        {
          "metric": "map_2_norm",
          "aggregation": "mean",
          "higher_is_better": true
        },
        {
          "metric": "map_3_norm",
          "aggregation": "mean",
          "higher_is_better": true
        },
        {
          "metric": "map_4_norm",
          "aggregation": "mean",
          "higher_is_better": true
        }
      ],
      "output_type": "multiple_choice",
      "repeats": 1,