{
  "results": {
    "security_sales_1-1.0-0.6": {
      "acc,none": 0.40350877192982454,
      "acc_stderr,none": 0.06555933012294898,
      "acc_norm,none": 0.40350877192982454,
      "acc_norm_stderr,none": 0.06555933012294897,
      "map,none": 0.6812865497076023,
      "map_stderr,none": 0.035895353875760705,
      "map_2,none": 0.6491228070175439,
      "map_2_stderr,none": 0.043292066842417785,
      "map_3,none": 0.6725146198830408,
      "map_3_stderr,none": 0.03822796902241745,
      "map_4,none": 0.6812865497076023,
      "map_4_stderr,none": 0.035895353875760705,
      "map_norm,none": 0.6710526315789473,
      "map_norm_stderr,none": 0.03745536263741565,
      "map_2_norm,none": 0.631578947368421,
      "map_2_norm_stderr,none": 0.0460302487676233,
      "map_3_norm,none": 0.6491228070175439,
      "map_3_norm_stderr,none": 0.04268476523872455,
      "map_4_norm,none": 0.6710526315789473,
      "map_4_norm_stderr,none": 0.03745536263741565,
      "alias": "security_sales_1-1.0-0.6"
    },
    "fp2-1.0-0.6": {
      "acc,none": 0.27157894736842103,
      "acc_stderr,none": 0.020429141855467275,
      "acc_norm,none": 0.27157894736842103,
      "acc_norm_stderr,none": 0.020429141855467275,
      "map,none": 0.5240350877192993,
      "map_stderr,none": 0.013888133426551652,
      "map_2,none": 0.3663157894736842,
      "map_2_stderr,none": 0.019743081403320793,
      "map_3,none": 0.45824561403508846,
      "map_3_stderr,none": 0.017161530948573853,
      "map_4,none": 0.5240350877192993,
      "map_4_stderr,none": 0.013888133426551652,
      "map_norm,none": 0.5240350877192993,
      "map_norm_stderr,none": 0.013888133426551652,
      "map_2_norm,none": 0.3663157894736842,
      "map_2_norm_stderr,none": 0.019743081403320793,
      "map_3_norm,none": 0.45824561403508846,
      "map_3_norm_stderr,none": 0.017161530948573853,
      "map_4_norm,none": 0.5240350877192993,
      "map_4_norm_stderr,none": 0.013888133426551652,
      "alias": "fp2-1.0-0.6"
    },
    "cpa_audit-1.0-0.6": {
      "acc,none": 0.12311557788944724,
      "acc_stderr,none": 0.016490446999484463,
      "acc_norm,none": 0.12311557788944724,
      "acc_norm_stderr,none": 0.016490446999484463,
      "map,none": 0.3737018425460633,
      "map_stderr,none": 0.01296562141968344,
      "map_2,none": 0.20100502512562815,
      "map_2_stderr,none": 0.017505470996679096,
      "map_3,none": 0.26633165829145694,
      "map_3_stderr,none": 0.016863901327377383,
      "map_4,none": 0.3077889447236177,
      "map_4_stderr,none": 0.015828594872653517,
      "map_norm,none": 0.3737018425460633,
      "map_norm_stderr,none": 0.01296562141968344,
      "map_2_norm,none": 0.20100502512562815,
      "map_2_norm_stderr,none": 0.017505470996679096,
      "map_3_norm,none": 0.26633165829145694,
      "map_3_norm_stderr,none": 0.016863901327377383,
      "map_4_norm,none": 0.3077889447236177,
      "map_4_norm_stderr,none": 0.015828594872653517,
      "alias": "cpa_audit-1.0-0.6"
    },
    "cma_basics-1.0-0.6": {
      "acc,none": 0.21052631578947367,
      "acc_stderr,none": 0.06702258315442243,
      "acc_norm,none": 0.23684210526315788,
      "acc_norm_stderr,none": 0.06989334006042333,
      "map,none": 0.4890350877192982,
      "map_stderr,none": 0.045564597803736076,
      "map_2,none": 0.3157894736842105,
      "map_2_stderr,none": 0.06646171485760265,
      "map_3,none": 0.42982456140350883,
      "map_3_stderr,none": 0.05609365649387524,
      "map_4,none": 0.4890350877192982,
      "map_4_stderr,none": 0.045564597803736076,
      "map_norm,none": 0.5153508771929824,
      "map_norm_stderr,none": 0.04681402249632876,
      "map_2_norm,none": 0.3684210526315789,
      "map_2_norm_stderr,none": 0.06716206838991055,
      "map_3_norm,none": 0.45614035087719296,
      "map_3_norm_stderr,none": 0.057845863532852364,
      "map_4_norm,none": 0.5153508771929824,
      "map_4_norm_stderr,none": 0.04681402249632876,
      "alias": "cma_basics-1.0-0.6"
    },
    "chabsa-1.0-0.6": {
      "acc,none": 0.615693383400233,
      "acc_stderr,none": 0.005535492611865686,
      "f1,none": 0.4992740456747681,
      "f1_stderr,none": "N/A",
      "acc_norm,none": 0.615693383400233,
      "acc_norm_stderr,none": 0.005535492611865686,
      "f1_norm,none": 0.4992740456747681,
      "f1_norm_stderr,none": "N/A",
      "alias": "chabsa-1.0-0.6"
    }
  },
  "group_subtasks": {
    "chabsa-1.0-0.6": [],
    "cma_basics-1.0-0.6": [],
    "cpa_audit-1.0-0.6": [],
    "fp2-1.0-0.6": [],
    "security_sales_1-1.0-0.6": []
  },
  "configs": {
    "chabsa-1.0-0.6": {
      "task": "chabsa-1.0-0.6",
      "dataset_path": "jlm_fin_eval/datasets/chabsa/chabsa.py",
      "dataset_name": "chABSA",
      "test_split": "test",
      "doc_to_text": "与えられたセンテンスにおける、ターゲットのセンチメントをpositiveかnegativeで答えてください。\n\nセンテンス: {{sentence}}\nターゲット: {{target}} [/INST]",
      "doc_to_target": "{{polarity}}",
      "doc_to_choice": [
        "positive",
        "negative"
      ],
      "description": "<s>[INST] <<SYS>>\nYou are a helpful, respectful and honest assistant. Always answer as helpfully as possible, while being safe. Your answers should not include any harmful, unethical, racist, sexist, toxic, dangerous, or illegal content. Please ensure that your responses are socially unbiased and positive in nature.\n\nIf a question does not make any sense, or is not factually coherent, explain why instead of answering something not correct. If you don't know the answer to a question, please don't share false information.\n<</SYS>>\n\n\n",
      "target_delimiter": " ",
      "fewshot_delimiter": " </s><s>[INST] ",
      "num_fewshot": 0,
      "metric_list": [
        {
          "metric": "acc",
          "aggregation": "mean",
          "higher_is_better": true
        },
        {
          "metric": "acc_norm",
          "aggregation": "mean",
          "higher_is_better": true
        },
        {
          "metric": "f1",
          "aggregation": "2class_adjusted_macro_f1_score_for_chabsa",
          "higher_is_better": true
        },
        {
          "metric": "f1_norm",
          "aggregation": "2class_adjusted_macro_f1_score_for_chabsa",
          "higher_is_better": true
        }
      ],
      "output_type": "multiple_choice",
      "repeats": 1,
      "should_decontaminate": false,
      "doc_to_decontamination_query": "sentence",
      "metadata": {
        "version": 1.0
      }
    },
    "cma_basics-1.0-0.6": {
      "task": "cma_basics-1.0-0.6",
      "dataset_path": "jlm_fin_eval/datasets/cma_basics/cma_basics.py",
      "dataset_name": "cma_basics",
      "test_split": "test",
      "doc_to_text": "def doc_to_text_06(doc):\n    INSTRUCTION = \"与えられた選択肢の中から、最適な答えを選んでください。\"\n    q_doc_text = doc[\"question\"]\n    if doc[\"context\"] and doc[\"context\"] != \"\":\n        q_doc_text += \"\\n\" + doc[\"context\"]\n    choices = \"\\n\".join([f\"- {choice}\" for choice in doc[\"choices\"][\"text\"]])\n    input_text = f\"質問：{q_doc_text}\" + f\"出力は以下から選択してください：\\n{choices}\"\n    return f\"{INSTRUCTION}\\n\\n{input_text} [/INST] \"\n",
      "doc_to_target": "def doc_to_target_01(doc):\n    return [\n        choice_text\n        for choice_id, choice_text in zip(doc[\"choices\"][\"id\"], doc[\"choices\"][\"text\"])\n        if choice_id == doc[\"answer\"]\n    ][0]\n",
      "doc_to_choice": "def doc_to_choices_01(doc):\n    choices = doc[\"choices\"][\"text\"]\n    return choices\n",