{
  "results": {
    "security_sales_1-1.0-0.4": {
      "acc,none": 0.40350877192982454,
      "acc_stderr,none": 0.06555933012294897,
      "acc_norm,none": 0.42105263157894735,
      "acc_norm_stderr,none": 0.06597717584505354,
      "map,none": 0.6549707602339181,
      "map_stderr,none": 0.03938171935099811,
      "map_2,none": 0.5877192982456141,
      "map_2_stderr,none": 0.05178941934779906,
      "map_3,none": 0.6286549707602339,
      "map_3_stderr,none": 0.04512921666047012,
      "map_4,none": 0.6549707602339181,
      "map_4_stderr,none": 0.03938171935099811,
      "map_norm,none": 0.6622807017543859,
      "map_norm_stderr,none": 0.03998382417069237,
      "map_2_norm,none": 0.5964912280701754,
      "map_2_norm_stderr,none": 0.05226480389391662,
      "map_3_norm,none": 0.631578947368421,
      "map_3_norm_stderr,none": 0.046593966021499254,
      "map_4_norm,none": 0.6622807017543859,
      "map_4_norm_stderr,none": 0.03998382417069237,
      "alias": "security_sales_1-1.0-0.4"
    },
    "fp2-1.0-0.4": {
      "acc,none": 0.24,
      "acc_stderr,none": 0.01961657785094732,
      "acc_norm,none": 0.24,
      "acc_norm_stderr,none": 0.01961657785094732,
      "map,none": 0.5219298245614045,
      "map_stderr,none": 0.01315666093359155,
      "map_2,none": 0.37894736842105264,
      "map_2_stderr,none": 0.018825079741913612,
      "map_3,none": 0.4645614035087728,
      "map_3_stderr,none": 0.016193689284600202,
      "map_4,none": 0.5219298245614045,
      "map_4_stderr,none": 0.01315666093359155,
      "map_norm,none": 0.5219298245614045,
      "map_norm_stderr,none": 0.01315666093359155,
      "map_2_norm,none": 0.37894736842105264,
      "map_2_norm_stderr,none": 0.018825079741913612,
      "map_3_norm,none": 0.4645614035087728,
      "map_3_norm_stderr,none": 0.016193689284600202,
      "map_4_norm,none": 0.5219298245614045,
      "map_4_norm_stderr,none": 0.01315666093359155,
      "alias": "fp2-1.0-0.4"
    },
    "cpa_audit-1.0-0.4": {
      "acc,none": 0.1407035175879397,
      "acc_stderr,none": 0.017451338441977035,
      "acc_norm,none": 0.12562814070351758,
      "acc_norm_stderr,none": 0.016633984738460367,
      "map,none": 0.3838777219430483,
      "map_stderr,none": 0.013575373965320464,
      "map_2,none": 0.21482412060301506,
      "map_2_stderr,none": 0.018207758214578464,
      "map_3,none": 0.2692629815745392,
      "map_3_stderr,none": 0.017630946062016907,
      "map_4,none": 0.32014237855946376,
      "map_4_stderr,none": 0.016350907413831196,
      "map_norm,none": 0.37592127303182554,
      "map_norm_stderr,none": 0.01304451216438692,
      "map_2_norm,none": 0.20603015075376885,
      "map_2_norm_stderr,none": 0.01762902937909301,
      "map_3_norm,none": 0.2613065326633164,
      "map_3_norm_stderr,none": 0.01709165559752976,
      "map_4_norm,none": 0.31218592964824093,
      "map_4_norm_stderr,none": 0.01583243497800098,
      "alias": "cpa_audit-1.0-0.4"
    },
    "cma_basics-1.0-0.4": {
      "acc,none": 0.2894736842105263,
      "acc_stderr,none": 0.07455791696866067,
      "acc_norm,none": 0.34210526315789475,
      "acc_norm_stderr,none": 0.07799328662681833,
      "map,none": 0.5548245614035088,
      "map_stderr,none": 0.04882007449719981,
      "map_2,none": 0.42105263157894735,
      "map_2_stderr,none": 0.06935569099881989,
      "map_3,none": 0.5087719298245613,
      "map_3_stderr,none": 0.05827568390944465,
      "map_4,none": 0.5548245614035088,
      "map_4_stderr,none": 0.04882007449719981,
      "map_norm,none": 0.5855263157894737,
      "map_norm_stderr,none": 0.0510176626436827,
      "map_2_norm,none": 0.4605263157894737,
      "map_2_norm_stderr,none": 0.07151475030975385,
      "map_3_norm,none": 0.5394736842105263,
      "map_3_norm_stderr,none": 0.06076087890395271,
      "map_4_norm,none": 0.5855263157894737,
      "map_4_norm_stderr,none": 0.0510176626436827,
      "alias": "cma_basics-1.0-0.4"
    },
    "chabsa-1.0-0.4": {
      "acc,none": 0.5929043117959342,
      "acc_stderr,none": 0.005590821890681773,
      "f1,none": 0.4542154444782131,
      "f1_stderr,none": "N/A",
      "acc_norm,none": 0.5929043117959342,
      "acc_norm_stderr,none": 0.005590821890681773,
      "f1_norm,none": 0.4542154444782131,
      "f1_norm_stderr,none": "N/A",
      "alias": "chabsa-1.0-0.4"
    }
  },
  "group_subtasks": {
    "chabsa-1.0-0.4": [],
    "cma_basics-1.0-0.4": [],
    "cpa_audit-1.0-0.4": [],
    "fp2-1.0-0.4": [],
    "security_sales_1-1.0-0.4": []
  },
  "configs": {
    "chabsa-1.0-0.4": {
      "task": "chabsa-1.0-0.4",
      "dataset_path": "jlm_fin_eval/datasets/chabsa/chabsa.py",
      "dataset_name": "chABSA",
      "test_split": "test",
      "doc_to_text": "センテンス: {{sentence}}<NL>ターゲット: {{target}}<NL>システム:",
      "doc_to_target": "{{polarity}}",
      "doc_to_choice": [
        "positive",
        "negative"
      ],
      "description": "ユーザー: センテンスにおける、ターゲットのセンチメントをpositiveかnegativeで答えてください。<NL>システム: 分かりました。<NL>",
      "target_delimiter": " ",
      "fewshot_delimiter": "<NL>",
      "num_fewshot": 0,
      "metric_list": [
        {
          "metric": "acc",
          "aggregation": "mean",
          "higher_is_better": true
        },
        {
          "metric": "acc_norm",
          "aggregation": "mean",
          "higher_is_better": true
        },
        {
          "metric": "f1",
          "aggregation": "2class_adjusted_macro_f1_score_for_chabsa",
          "higher_is_better": true
        },
        {
          "metric": "f1_norm",
          "aggregation": "2class_adjusted_macro_f1_score_for_chabsa",
          "higher_is_better": true
        }
      ],
      "output_type": "multiple_choice",
      "repeats": 1,
      "should_decontaminate": false,
      "doc_to_decontamination_query": "sentence",
      "metadata": {
        "version": 1.0
      }
    },
    "cma_basics-1.0-0.4": {
      "task": "cma_basics-1.0-0.4",
      "dataset_path": "jlm_fin_eval/datasets/cma_basics/cma_basics.py",
      "dataset_name": "cma_basics",
      "test_split": "test",
      "doc_to_text": "def doc_to_text_04(doc, SEP=\"<NL>\"):\n    q_doc_text = doc[\"question\"]\n    if doc[\"context\"] and doc[\"context\"] != \"\":\n        q_doc_text += \"\\n\" + doc[\"context\"]\n    choices = SEP.join([f\"- {choice}\" for choice in doc[\"choices\"][\"text\"]])\n    input_text = f\"質問：{q_doc_text}{SEP}\" + f\"選択肢：{SEP}{choices}\"\n    return f\"ユーザー: {input_text}{SEP}システム: \"\n",
      "doc_to_target": "def doc_to_target_01(doc):\n    return [\n        choice_text\n        for choice_id, choice_text in zip(doc[\"choices\"][\"id\"], doc[\"choices\"][\"text\"])\n        if choice_id == doc[\"answer\"]\n    ][0]\n",
      "doc_to_choice": "def doc_to_choices_01(doc):\n    choices = doc[\"choices\"][\"text\"]\n    return choices\n",
      "description": "ユーザー: 与えられた選択肢の中から、最適な答えを選んでください。<NL>システム: 分かりました。<NL>",
      "target_delimiter": "",
      "fewshot_delimiter": "<NL>",
      "num_fewshot": 0,
      "metric_list": [
        {
          "metric": "acc",
          "aggregation": "mean",
          "higher_is_better": true
        },
        {
          "metric": "acc_norm",
          "aggregation": "mean",
          "higher_is_better": true
        },
        {
          "metric": "map",
          "aggregation": "mean",
          "higher_is_better": true
        },
        {
          "metric": "map_2",
          "aggregation": "mean",
          "higher_is_better": true
        },
        {
          "metric": "map_3",
          "aggregation": "mean",
          "higher_is_better": true
        },
        {
          "metric": "map_4",
          "aggregation": "mean",
          "higher_is_better": true
        },
        {
          "metric": "map_norm",
          "aggregation": "mean",
          "higher_is_better": true
        },
        {
          "metric": "map_2_norm",
          "aggregation": "mean",