{
  "results": {
    "chabsa-1.0-0.1": {
      "acc": 0.8856661918943416,
      "f1": 0.896868503735033
    },
    "cma_basics-1.0-0.1.2": {
      "acc": 0.5789473684210527,
      "acc_stderr": 0.08116837904800629,
      "map": 0.7302631578947367,
      "map_stderr": 0.05081855362393188,
      "map_2": 0.6710526315789473,
      "map_2_stderr": 0.0660733562268826,
      "map_3": 0.6973684210526315,
      "map_3_stderr": 0.06024529148502515,
      "map_4": 0.7302631578947367,
      "map_4_stderr": 0.05081855362393188
    },
    "cpa_audit-1.0-0.3": {
      "acc": 0.20351758793969849,
      "acc_stderr": 0.02020662654975279,
      "map": 0.4497487437185931,
      "map_stderr": 0.015057730681648611,
      "map_2": 0.29773869346733667,
      "map_2_stderr": 0.020277426774165695,
      "map_3": 0.3639028475711892,
      "map_3_stderr": 0.018880097451688806,
      "map_4": 0.40033500837520963,
      "map_4_stderr": 0.017585993211008122
    },
    "fp2-1.0-0.1.2": {
      "acc": 0.3136842105263158,
      "acc_stderr": 0.021311752002182487,
      "map": 0.5678947368421058,
      "map_stderr": 0.014078062675988086,
      "map_2": 0.4431578947368421,
      "map_2_stderr": 0.01965336555190332,
      "map_3": 0.5126315789473692,
      "map_3_stderr": 0.0171762054044414,
      "map_4": 0.5678947368421058,
      "map_4_stderr": 0.014078062675988086
    },
    "security_sales_1-1.0-0.2.1": {
      "acc": 0.5087719298245614,
      "acc_stderr": 0.06680502724442025,
      "map": 0.7251461988304094,
      "map_stderr": 0.036902019614448785,
      "map_2": 0.6929824561403509,
      "map_2_stderr": 0.04469751084464114,
      "map_3": 0.716374269005848,
      "map_3_stderr": 0.039349723365200553,
      "map_4": 0.7251461988304094,
      "map_4_stderr": 0.036902019614448785
    }
  },
  "versions": {
    "chabsa-1.0-0.1": 1.0,
    "cma_basics-1.0-0.1.2": 1.0,
    "cpa_audit-1.0-0.3": 1.0,
    "fp2-1.0-0.1.2": 1.0,
    "security_sales_1-1.0-0.2.1": 1.0
  },
  "config": {
    "model": "hf-causal-experimental",
    "model_args": "pretrained=lightblue/qarasu-14B-chat-plus-unleashed,trust_remote_code=True",
    "num_fewshot": [
      4,
      3,
      0,
      2,
      4
    ],
    "batch_size": null,
    "device": null,
    "no_cache": true,
    "limit": null,
    "bootstrap_iters": 100000,
    "description_dict": {}
  }
}