{
  "results": {
    "security_sales_1-1.0-0.5": {
      "acc,none": 0.43859649122807015,
      "acc_stderr,none": 0.0663095566682855,
      "acc_norm,none": 0.43859649122807015,
      "acc_norm_stderr,none": 0.0663095566682855,
      "map,none": 0.6798245614035088,
      "map_stderr,none": 0.03929051067361604,
      "map_2,none": 0.631578947368421,
      "map_2_stderr,none": 0.049315991418903214,
      "map_3,none": 0.6491228070175439,
      "map_3_stderr,none": 0.046209007687950616,
      "map_4,none": 0.6798245614035088,
      "map_4_stderr,none": 0.03929051067361604,
      "map_norm,none": 0.672514619883041,
      "map_norm_stderr,none": 0.040386540908943516,
      "map_2_norm,none": 0.6228070175438597,
      "map_2_norm_stderr,none": 0.05049985383360872,
      "map_3_norm,none": 0.6286549707602339,
      "map_3_norm_stderr,none": 0.04954146889641432,
      "map_4_norm,none": 0.672514619883041,
      "map_4_norm_stderr,none": 0.040386540908943516,
      "alias": "security_sales_1-1.0-0.5"
    },
    "fp2-1.0-0.5": {
      "acc,none": 0.24210526315789474,
      "acc_stderr,none": 0.01967512001202636,
      "acc_norm,none": 0.24210526315789474,
      "acc_norm_stderr,none": 0.01967512001202636,
      "map,none": 0.5161403508771938,
      "map_stderr,none": 0.01324786277415137,
      "map_2,none": 0.37157894736842106,
      "map_2_stderr,none": 0.018869482379367582,
      "map_3,none": 0.4508771929824567,
      "map_3_stderr,none": 0.016559865228654633,
      "map_4,none": 0.5161403508771938,
      "map_4_stderr,none": 0.01324786277415137,
      "map_norm,none": 0.5161403508771938,
      "map_norm_stderr,none": 0.01324786277415137,
      "map_2_norm,none": 0.37157894736842106,
      "map_2_norm_stderr,none": 0.018869482379367582,
      "map_3_norm,none": 0.4508771929824567,
      "map_3_norm_stderr,none": 0.016559865228654633,
      "map_4_norm,none": 0.5161403508771938,
      "map_4_norm_stderr,none": 0.01324786277415137,
      "alias": "fp2-1.0-0.5"
    },
    "cpa_audit-1.0-0.5": {
      "acc,none": 0.17587939698492464,
      "acc_stderr,none": 0.019107664906766554,
      "acc_norm,none": 0.17587939698492464,
      "acc_norm_stderr,none": 0.019107664906766554,
      "map,none": 0.41264656616415385,
      "map_stderr,none": 0.014667565496263643,
      "map_2,none": 0.25753768844221103,
      "map_2_stderr,none": 0.01946273852248143,
      "map_3,none": 0.3094639865996647,
      "map_3_stderr,none": 0.018661059400374887,
      "map_4,none": 0.34966499162479053,
      "map_4_stderr,none": 0.017515876472515648,
      "map_norm,none": 0.4104690117252926,
      "map_norm_stderr,none": 0.014730005531227802,
      "map_2_norm,none": 0.25753768844221103,
      "map_2_norm_stderr,none": 0.01946273852248143,
      "map_3_norm,none": 0.30611390284757095,
      "map_3_norm_stderr,none": 0.018724765902391576,
      "map_4_norm,none": 0.3438023450586263,
      "map_4_norm_stderr,none": 0.017681955984084726,
      "alias": "cpa_audit-1.0-0.5"
    },
    "cma_basics-1.0-0.5": {
      "acc,none": 0.18421052631578946,
      "acc_stderr,none": 0.06373021861834362,
      "acc_norm,none": 0.23684210526315788,
      "acc_norm_stderr,none": 0.0698933400604233,
      "map,none": 0.48026315789473684,
      "map_stderr,none": 0.043938111420468745,
      "map_2,none": 0.34210526315789475,
      "map_2_stderr,none": 0.06284297970994526,
      "map_3,none": 0.39473684210526316,
      "map_3_stderr,none": 0.0580969785395516,
      "map_4,none": 0.48026315789473684,
      "map_4_stderr,none": 0.043938111420468745,
      "map_norm,none": 0.5109649122807017,
      "map_norm_stderr,none": 0.04737154907747847,
      "map_2_norm,none": 0.3684210526315789,
      "map_2_norm_stderr,none": 0.06716206838991057,
      "map_3_norm,none": 0.4385964912280702,
      "map_3_norm_stderr,none": 0.06010272955426172,
      "map_4_norm,none": 0.5109649122807017,
      "map_4_norm_stderr,none": 0.04737154907747847,
      "alias": "cma_basics-1.0-0.5"
    },
    "chabsa-1.0-0.5": {
      "acc,none": 0.5943286287712028,
      "acc_stderr,none": 0.0055877324954847684,
      "f1,none": 0.47800280212661495,
      "f1_stderr,none": "N/A",
      "acc_norm,none": 0.5943286287712028,
      "acc_norm_stderr,none": 0.0055877324954847684,
      "f1_norm,none": 0.47800280212661495,
      "f1_norm_stderr,none": "N/A",
      "alias": "chabsa-1.0-0.5"
    }
  },
  "group_subtasks": {
    "chabsa-1.0-0.5": [],
    "cma_basics-1.0-0.5": [],
    "cpa_audit-1.0-0.5": [],
    "fp2-1.0-0.5": [],
    "security_sales_1-1.0-0.5": []
  },
  "configs": {
    "chabsa-1.0-0.5": {
      "task": "chabsa-1.0-0.5",
      "dataset_path": "jlm_fin_eval/datasets/chabsa/chabsa.py",
      "dataset_name": "chABSA",
      "test_split": "test",
      "doc_to_text": "センテンス: {{sentence}}\nターゲット: {{target}}\nシステム:",
      "doc_to_target": "{{polarity}}",
      "doc_to_choice": [
        "positive",
        "negative"
      ],
      "description": "ユーザー: センテンスにおける、ターゲットのセンチメントをpositiveかnegativeで答えてください。\nシステム: 分かりました。\n\n",
      "target_delimiter": " ",
      "fewshot_delimiter": "\n",
      "num_fewshot": 0,
      "metric_list": [
        {
          "metric": "acc",
          "aggregation": "mean",
          "higher_is_better": true
        },
        {
          "metric": "acc_norm",
          "aggregation": "mean",
          "higher_is_better": true
        },
        {
          "metric": "f1",
          "aggregation": "2class_adjusted_macro_f1_score_for_chabsa",
          "higher_is_better": true
        },
        {
          "metric": "f1_norm",
          "aggregation": "2class_adjusted_macro_f1_score_for_chabsa",
          "higher_is_better": true
        }
      ],
      "output_type": "multiple_choice",
      "repeats": 1,
      "should_decontaminate": false,
      "doc_to_decontamination_query": "sentence",
      "metadata": {
        "version": 1.0
      }
    },
    "cma_basics-1.0-0.5": {
      "task": "cma_basics-1.0-0.5",
      "dataset_path": "jlm_fin_eval/datasets/cma_basics/cma_basics.py",
      "dataset_name": "cma_basics",
      "test_split": "test",
      "doc_to_text": "def doc_to_text_05(doc):\n    return doc_to_text_04(doc, SEP=\"\\n\")\n",
      "doc_to_target": "def doc_to_target_01(doc):\n    return [\n        choice_text\n        for choice_id, choice_text in zip(doc[\"choices\"][\"id\"], doc[\"choices\"][\"text\"])\n        if choice_id == doc[\"answer\"]\n    ][0]\n",
      "doc_to_choice": "def doc_to_choices_01(doc):\n    choices = doc[\"choices\"][\"text\"]\n    return choices\n",
      "description": "ユーザー: 与えられた選択肢の中から、最適な答えを選んでください。\nシステム: 分かりました。\n\n",
      "target_delimiter": "",
      "fewshot_delimiter": "\n",
      "num_fewshot": 0,
      "metric_list": [
        {
          "metric": "acc",
          "aggregation": "mean",
          "higher_is_better": true
        },
        {
          "metric": "acc_norm",
          "aggregation": "mean",
          "higher_is_better": true
        },
        {
          "metric": "map",
          "aggregation": "mean",
          "higher_is_better": true
        },
        {
          "metric": "map_2",
          "aggregation": "mean",
          "higher_is_better": true
        },
        {
          "metric": "map_3",
          "aggregation": "mean",
          "higher_is_better": true
        },
        {
          "metric": "map_4",
          "aggregation": "mean",
          "higher_is_better": true
        },
        {
          "metric": "map_norm",
          "aggregation": "mean",
          "higher_is_better": true
        },
        {
          "metric": "map_2_norm",
          "aggregation": "mean",
          "higher_is_better": true
        },
        {
          "metric": "map_3_norm",
          "aggregation": "mean",
          "higher_is_better": true
        },
        {
          "metric": "map_4_norm",
          "aggregation": "mean",
          "higher_is_better": true
        }
      ],
      "output_type": "multiple_choice",
      "repeats": 1,