{
  "results": {
    "security_sales_1": {
      "acc,none": 0.45614035087719296,
      "acc_stderr,none": 0.0665577530069649,
      "acc_norm,none": 0.45614035087719296,
      "acc_norm_stderr,none": 0.0665577530069649,
      "map,none": 0.6798245614035088,
      "map_stderr,none": 0.0407581333233142,
      "map_2,none": 0.6228070175438597,
      "map_2_stderr,none": 0.052027654581250075,
      "map_3,none": 0.6403508771929824,
      "map_3_stderr,none": 0.049148534258241575,
      "map_4,none": 0.6798245614035088,
      "map_4_stderr,none": 0.0407581333233142,
      "map_norm,none": 0.6798245614035088,
      "map_norm_stderr,none": 0.0407581333233142,
      "map_2_norm,none": 0.6228070175438597,
      "map_2_norm_stderr,none": 0.052027654581250075,
      "map_3_norm,none": 0.6403508771929824,
      "map_3_norm_stderr,none": 0.049148534258241575,
      "map_4_norm,none": 0.6798245614035088,
      "map_4_norm_stderr,none": 0.0407581333233142,
      "alias": "security_sales_1"
    },
    "fp2": {
      "acc,none": 0.2631578947368421,
      "acc_stderr,none": 0.0202258251371329,
      "acc_norm,none": 0.2631578947368421,
      "acc_norm_stderr,none": 0.0202258251371329,
      "map,none": 0.5287719298245621,
      "map_stderr,none": 0.013589424806398041,
      "map_2,none": 0.38842105263157894,
      "map_2_stderr,none": 0.019210062388114357,
      "map_3,none": 0.46350877192982515,
      "map_3_stderr,none": 0.01693735864028689,
      "map_4,none": 0.5287719298245621,
      "map_4_stderr,none": 0.013589424806398041,
      "map_norm,none": 0.5287719298245621,
      "map_norm_stderr,none": 0.013589424806398041,
      "map_2_norm,none": 0.38842105263157894,
      "map_2_norm_stderr,none": 0.019210062388114357,
      "map_3_norm,none": 0.46350877192982515,
      "map_3_norm_stderr,none": 0.01693735864028689,
      "map_4_norm,none": 0.5287719298245621,
      "map_4_norm_stderr,none": 0.013589424806398041,
      "alias": "fp2"
    },
    "cpa_audit": {
      "acc,none": 0.17587939698492464,
      "acc_stderr,none": 0.019107664906766537,
      "acc_norm,none": 0.17587939698492464,
      "acc_norm_stderr,none": 0.019107664906766537,
      "map,none": 0.413400335008375,
      "map_stderr,none": 0.014657606097275478,
      "map_2,none": 0.25879396984924624,
      "map_2_stderr,none": 0.01946141079917097,
      "map_3,none": 0.3107202680066998,
      "map_3_stderr,none": 0.01865086653394521,
      "map_4,none": 0.3496649916247903,
      "map_4_stderr,none": 0.017538444566118527,
      "map_norm,none": 0.413400335008375,
      "map_norm_stderr,none": 0.014657606097275478,
      "map_2_norm,none": 0.25879396984924624,
      "map_2_norm_stderr,none": 0.01946141079917097,
      "map_3_norm,none": 0.3107202680066998,
      "map_3_norm_stderr,none": 0.01865086653394521,
      "map_4_norm,none": 0.3496649916247903,
      "map_4_norm_stderr,none": 0.017538444566118527,
      "alias": "cpa_audit"
    },
    "cma_basics": {
      "acc,none": 0.23684210526315788,
      "acc_stderr,none": 0.06989334006042332,
      "acc_norm,none": 0.23684210526315788,
      "acc_norm_stderr,none": 0.06989334006042332,
      "map,none": 0.5153508771929824,
      "map_stderr,none": 0.04681402249632876,
      "map_2,none": 0.3684210526315789,
      "map_2_stderr,none": 0.06716206838991057,
      "map_3,none": 0.45614035087719296,
      "map_3_stderr,none": 0.057845863532852364,
      "map_4,none": 0.5153508771929824,
      "map_4_stderr,none": 0.04681402249632876,
      "map_norm,none": 0.5153508771929824,
      "map_norm_stderr,none": 0.04681402249632876,
      "map_2_norm,none": 0.3684210526315789,
      "map_2_norm_stderr,none": 0.06716206838991057,
      "map_3_norm,none": 0.45614035087719296,
      "map_3_norm_stderr,none": 0.057845863532852364,
      "map_4_norm,none": 0.5153508771929824,
      "map_4_norm_stderr,none": 0.04681402249632876,
      "alias": "cma_basics"
    },
    "chabsa": {
      "acc,none": 0.7749579179075489,
      "acc_stderr,none": 0.004752323868623009,
      "f1,none": 0.7766968073029477,
      "f1_stderr,none": "N/A",
      "acc_norm,none": 0.7749579179075489,
      "acc_norm_stderr,none": 0.004752323868623009,
      "f1_norm,none": 0.7766968073029477,
      "f1_norm_stderr,none": "N/A",
      "alias": "chabsa"
    }
  },
  "group_subtasks": {
    "chabsa": [],
    "cma_basics": [],
    "cpa_audit": [],
    "fp2": [],
    "security_sales_1": []
  },
  "configs": {
    "chabsa": {
      "task": "chabsa",
      "dataset_path": "jlm_fin_eval/datasets/chabsa/chabsa.py",
      "dataset_name": "chABSA",
      "test_split": "test",
      "doc_to_text": "センテンス: {{sentence}}\nターゲット: {{target}}\n回答:",
      "doc_to_target": "{{polarity}}",
      "doc_to_choice": [
        "positive",
        "negative"
      ],
      "description": "以下のセンテンスにおける、ターゲットのセンチメントをpositiveかnegativeで答えてください。\n\n\n",
      "target_delimiter": " ",
      "fewshot_delimiter": "\n\n",
      "num_fewshot": 0,
      "metric_list": [
        {
          "metric": "acc",
          "aggregation": "mean",
          "higher_is_better": true
        },
        {
          "metric": "acc_norm",
          "aggregation": "mean",
          "higher_is_better": true
        },
        {
          "metric": "f1",
          "aggregation": "2class_adjusted_macro_f1_score_for_chabsa",
          "higher_is_better": true
        },
        {
          "metric": "f1_norm",
          "aggregation": "2class_adjusted_macro_f1_score_for_chabsa",
          "higher_is_better": true
        }
      ],
      "output_type": "multiple_choice",
      "repeats": 1,
      "should_decontaminate": false,
      "doc_to_decontamination_query": "sentence",
      "metadata": {
        "version": 1.0
      }
    },
    "cma_basics": {
      "task": "cma_basics",
      "dataset_path": "jlm_fin_eval/datasets/cma_basics/cma_basics.py",
      "dataset_name": "cma_basics",
      "test_split": "test",
      "doc_to_text": "def doc_to_text_00(doc):\n    doc_text = \"【問題】\\n\" + doc[\"question\"] + \"\\n\"\n    if doc[\"context\"] and doc[\"context\"] != \"\":\n        doc_text += doc[\"context\"] + \"\\n\"\n    doc_text += \"\\n【選択肢】\\n\"\n    for choice_id, choice_text in zip(doc[\"choices\"][\"id\"], doc[\"choices\"][\"text\"]):\n        doc_text += chr(choice_id + 65) + \": \" + choice_text + \"\\n\"\n    doc_text += \"\\n【答え】\\n\"\n    # doc_text += chr(int(doc[\"answer\"]) + 65)\n    return doc_text\n",
      "doc_to_target": "def doc_to_target_alphabet(doc):\n    answer = chr(int(doc[\"answer\"]) + 65)\n    return answer\n",
      "doc_to_choice": "def doc_to_choices_alphabet(doc):\n    choices = [chr(choice_id + 65) for choice_id in doc[\"choices\"][\"id\"]]\n    return choices\n",
      "description": "以下の問題の適切な答えを選択肢から選んでアルファベットで答えなさい。\n\n\n",
      "target_delimiter": "",
      "fewshot_delimiter": "\n\n",
      "num_fewshot": 0,
      "metric_list": [
        {
          "metric": "acc",
          "aggregation": "mean",
          "higher_is_better": true
        },
        {
          "metric": "acc_norm",
          "aggregation": "mean",
          "higher_is_better": true
        },
        {
          "metric": "map",
          "aggregation": "mean",
          "higher_is_better": true
        },
        {
          "metric": "map_2",
          "aggregation": "mean",
          "higher_is_better": true
        },
        {
          "metric": "map_3",
          "aggregation": "mean",
          "higher_is_better": true
        },
        {
          "metric": "map_4",
          "aggregation": "mean",
          "higher_is_better": true
        },
        {
          "metric": "map_norm",
          "aggregation": "mean",
          "higher_is_better": true
        },
        {
          "metric": "map_2_norm",
          "aggregation": "mean",
          "higher_is_better": true
        },
        {
          "metric": "map_3_norm",
          "aggregation": "mean",