{
  "results": {
    "security_sales_1-1.0-0.1": {
      "acc,none": 0.45614035087719296,
      "acc_stderr,none": 0.06655775300696491,
      "acc_norm,none": 0.45614035087719296,
      "acc_norm_stderr,none": 0.06655775300696491,
      "map,none": 0.7032163742690057,
      "map_stderr,none": 0.03731549476406253,
      "map_2,none": 0.6666666666666666,
      "map_2_stderr,none": 0.04570070809225679,
      "map_3,none": 0.6900584795321637,
      "map_3_stderr,none": 0.040756260376442664,
      "map_4,none": 0.7032163742690057,
      "map_4_stderr,none": 0.03731549476406253,
      "map_norm,none": 0.6915204678362574,
      "map_norm_stderr,none": 0.039189351593295986,
      "map_2_norm,none": 0.6491228070175439,
      "map_2_norm_stderr,none": 0.048416194227948635,
      "map_3_norm,none": 0.6608187134502925,
      "map_3_norm_stderr,none": 0.046261840642395,
      "map_4_norm,none": 0.6915204678362574,
      "map_4_norm_stderr,none": 0.039189351593295986,
      "alias": "security_sales_1-1.0-0.1"
    },
    "fp2-1.0-0.1": {
      "acc,none": 0.25473684210526315,
      "acc_stderr,none": 0.02001296960167153,
      "acc_norm,none": 0.25473684210526315,
      "acc_norm_stderr,none": 0.02001296960167153,
      "map,none": 0.5256140350877202,
      "map_stderr,none": 0.013404029454052252,
      "map_2,none": 0.38421052631578945,
      "map_2_stderr,none": 0.019041147742165292,
      "map_3,none": 0.46350877192982526,
      "map_3_stderr,none": 0.016628609572468617,
      "map_4,none": 0.5256140350877202,
      "map_4_stderr,none": 0.013404029454052252,
      "map_norm,none": 0.5256140350877202,
      "map_norm_stderr,none": 0.013404029454052252,
      "map_2_norm,none": 0.38421052631578945,
      "map_2_norm_stderr,none": 0.019041147742165292,
      "map_3_norm,none": 0.46350877192982526,
      "map_3_norm_stderr,none": 0.016628609572468617,
      "map_4_norm,none": 0.5256140350877202,
      "map_4_norm_stderr,none": 0.013404029454052252,
      "alias": "fp2-1.0-0.1"
    },
    "cpa_audit-1.0-0.1": {
      "acc,none": 0.12814070351758794,
      "acc_stderr,none": 0.016775346521934985,
      "acc_norm,none": 0.12814070351758794,
      "acc_norm_stderr,none": 0.016775346521934985,
      "map,none": 0.38312395309882746,
      "map_stderr,none": 0.013169963716229525,
      "map_2,none": 0.22236180904522612,
      "map_2_stderr,none": 0.017801485953849283,
      "map_3,none": 0.2742881072026798,
      "map_3_stderr,none": 0.01719103337986597,
      "map_4,none": 0.3201423785594637,
      "map_4_stderr,none": 0.01599216177838491,
      "map_norm,none": 0.3817839195979898,
      "map_norm_stderr,none": 0.01321158750838893,
      "map_2_norm,none": 0.22236180904522612,
      "map_2_norm_stderr,none": 0.017801485953849283,
      "map_3_norm,none": 0.2734505862646564,
      "map_3_norm_stderr,none": 0.017204183894464656,
      "map_4_norm,none": 0.31679229480736987,
      "map_4_norm_stderr,none": 0.016088461200941914,
      "alias": "cpa_audit-1.0-0.1"
    },
    "cma_basics-1.0-0.1": {
      "acc,none": 0.21052631578947367,
      "acc_stderr,none": 0.06702258315442243,
      "acc_norm,none": 0.2894736842105263,
      "acc_norm_stderr,none": 0.07455791696866067,
      "map,none": 0.5087719298245613,
      "map_stderr,none": 0.04475729132201619,
      "map_2,none": 0.3815789473684211,
      "map_2_stderr,none": 0.06376691900642338,
      "map_3,none": 0.44298245614035087,
      "map_3_stderr,none": 0.057017543859649134,
      "map_4,none": 0.5087719298245613,
      "map_4_stderr,none": 0.04475729132201619,
      "map_norm,none": 0.5482456140350876,
      "map_norm_stderr,none": 0.049158356032220046,
      "map_2_norm,none": 0.39473684210526316,
      "map_2_norm_stderr,none": 0.07095641765589888,
      "map_3_norm,none": 0.5087719298245613,
      "map_3_norm_stderr,none": 0.05724959163950172,
      "map_4_norm,none": 0.5482456140350876,
      "map_4_norm_stderr,none": 0.049158356032220046,
      "alias": "cma_basics-1.0-0.1"
    },
    "chabsa-1.0-0.1": {
      "acc,none": 0.7383141266347274,
      "acc_stderr,none": 0.005002024674844281,
      "f1,none": 0.7348067349721563,
      "f1_stderr,none": "N/A",
      "acc_norm,none": 0.7383141266347274,
      "acc_norm_stderr,none": 0.005002024674844281,
      "f1_norm,none": 0.7348067349721563,
      "f1_norm_stderr,none": "N/A",
      "alias": "chabsa-1.0-0.1"
    }
  },
  "group_subtasks": {
    "chabsa-1.0-0.1": [],
    "cma_basics-1.0-0.1": [],
    "cpa_audit-1.0-0.1": [],
    "fp2-1.0-0.1": [],
    "security_sales_1-1.0-0.1": []
  },
  "configs": {
    "chabsa-1.0-0.1": {
      "task": "chabsa-1.0-0.1",
      "dataset_path": "jlm_fin_eval/datasets/chabsa/chabsa.py",
      "dataset_name": "chABSA",
      "test_split": "test",
      "doc_to_text": "[センテンス]: {{sentence}}\nターゲット]: {{target}}\n[答え]:",
      "doc_to_target": "{{polarity}}",
      "doc_to_choice": [
        "positive",
        "negative"
      ],
      "description": "[センテンス]における、[ターゲット]のセンチメントをpositiveかnegativeで選んでください。\n\n\n",
      "target_delimiter": " ",
      "fewshot_delimiter": "\n\n",
      "num_fewshot": 0,
      "metric_list": [
        {
          "metric": "acc",
          "aggregation": "mean",
          "higher_is_better": true
        },
        {
          "metric": "acc_norm",
          "aggregation": "mean",
          "higher_is_better": true
        },
        {
          "metric": "f1",
          "aggregation": "2class_adjusted_macro_f1_score_for_chabsa",
          "higher_is_better": true
        },
        {
          "metric": "f1_norm",
          "aggregation": "2class_adjusted_macro_f1_score_for_chabsa",
          "higher_is_better": true
        }
      ],
      "output_type": "multiple_choice",
      "repeats": 1,
      "should_decontaminate": false,
      "doc_to_decontamination_query": "sentence",
      "metadata": {
        "version": 1.0
      }
    },
    "cma_basics-1.0-0.1": {
      "task": "cma_basics-1.0-0.1",
      "dataset_path": "jlm_fin_eval/datasets/cma_basics/cma_basics.py",
      "dataset_name": "cma_basics",
      "test_split": "test",
      "doc_to_text": "def doc_to_text_01(doc):\n    q_doc_text = doc[\"question\"] + \"\\n\"\n    if doc[\"context\"] and doc[\"context\"] != \"\":\n        q_doc_text += doc[\"context\"] + \"\\n\"\n    return f\"[問題]:{q_doc_text}[選択肢]:[{', '.join(doc['choices']['text'])}]\\n[答え]:\"\n",
      "doc_to_target": "def doc_to_target_01(doc):\n    return [\n        choice_text\n        for choice_id, choice_text in zip(doc[\"choices\"][\"id\"], doc[\"choices\"][\"text\"])\n        if choice_id == doc[\"answer\"]\n    ][0]\n",
      "doc_to_choice": "def doc_to_choices_01(doc):\n    choices = doc[\"choices\"][\"text\"]\n    return choices\n",
      "description": "[問題]に対する[答え]を[選択肢]の中から選んでください。\n\n\n",
      "target_delimiter": "",
      "fewshot_delimiter": "\n\n",
      "num_fewshot": 0,
      "metric_list": [
        {
          "metric": "acc",
          "aggregation": "mean",
          "higher_is_better": true
        },
        {
          "metric": "acc_norm",
          "aggregation": "mean",
          "higher_is_better": true
        },
        {
          "metric": "map",
          "aggregation": "mean",
          "higher_is_better": true
        },
        {
          "metric": "map_2",
          "aggregation": "mean",
          "higher_is_better": true
        },
        {
          "metric": "map_3",
          "aggregation": "mean",
          "higher_is_better": true
        },
        {
          "metric": "map_4",
          "aggregation": "mean",
          "higher_is_better": true
        },
        {
          "metric": "map_norm",
          "aggregation": "mean",
          "higher_is_better": true
        },
        {
          "metric": "map_2_norm",
          "aggregation": "mean",
          "higher_is_better": true
        },
        {
          "metric": "map_3_norm",
          "aggregation": "mean",