{
  "results": {
    "security_sales_1-1.0-0.5": {
      "acc,none": 0.3333333333333333,
      "acc_stderr,none": 0.06299407883487118,
      "acc_norm,none": 0.3333333333333333,
      "acc_norm_stderr,none": 0.06299407883487118,
      "map,none": 0.618421052631579,
      "map_stderr,none": 0.03760181622693475,
      "map_2,none": 0.543859649122807,
      "map_2_stderr,none": 0.05049985383360872,
      "map_3,none": 0.5964912280701754,
      "map_3_stderr,none": 0.04232918735352015,
      "map_4,none": 0.618421052631579,
      "map_4_stderr,none": 0.03760181622693475,
      "map_norm,none": 0.6169590643274855,
      "map_norm_stderr,none": 0.037999644641905896,
      "map_2_norm,none": 0.5526315789473685,
      "map_2_norm_stderr,none": 0.04956611639490253,
      "map_3_norm,none": 0.5818713450292399,
      "map_3_norm_stderr,none": 0.04514951009625278,
      "map_4_norm,none": 0.6169590643274855,
      "map_4_norm_stderr,none": 0.037999644641905896,
      "alias": "security_sales_1-1.0-0.5"
    },
    "fp2-1.0-0.5": {
      "acc,none": 0.23789473684210527,
      "acc_stderr,none": 0.01955738235792175,
      "acc_norm,none": 0.23789473684210527,
      "acc_norm_stderr,none": 0.01955738235792175,
      "map,none": 0.5161403508771937,
      "map_stderr,none": 0.013121537847795893,
      "map_2,none": 0.3736842105263158,
      "map_2_stderr,none": 0.01872235427374878,
      "map_3,none": 0.45298245614035143,
      "map_3_stderr,none": 0.016370519753074953,
      "map_4,none": 0.5161403508771937,
      "map_4_stderr,none": 0.013121537847795893,
      "map_norm,none": 0.5161403508771937,
      "map_norm_stderr,none": 0.013121537847795893,
      "map_2_norm,none": 0.3736842105263158,
      "map_2_norm_stderr,none": 0.01872235427374878,
      "map_3_norm,none": 0.45298245614035143,
      "map_3_norm_stderr,none": 0.016370519753074953,
      "map_4_norm,none": 0.5161403508771937,
      "map_4_norm_stderr,none": 0.013121537847795893,
      "alias": "fp2-1.0-0.5"
    },
    "cpa_audit-1.0-0.5": {
      "acc,none": 0.19597989949748743,
      "acc_stderr,none": 0.019922505943002544,
      "acc_norm,none": 0.19597989949748743,
      "acc_norm_stderr,none": 0.019922505943002544,
      "map,none": 0.42169179229480724,
      "map_stderr,none": 0.015187461798738023,
      "map_2,none": 0.2613065326633166,
      "map_2_stderr,none": 0.020098129044838122,
      "map_3,none": 0.3149078726968171,
      "map_3_stderr,none": 0.019265045227125507,
      "map_4,none": 0.3639028475711892,
      "map_4_stderr,none": 0.01783875374561417,
      "map_norm,none": 0.4208542713567837,
      "map_norm_stderr,none": 0.015217011582778413,
      "map_2_norm,none": 0.2613065326633166,
      "map_2_norm_stderr,none": 0.020098129044838122,
      "map_3_norm,none": 0.3149078726968171,
      "map_3_norm_stderr,none": 0.019265045227125507,
      "map_4_norm,none": 0.3613902847571188,
      "map_4_norm_stderr,none": 0.01792286822324976,
      "alias": "cpa_audit-1.0-0.5"
    },
    "cma_basics-1.0-0.5": {
      "acc,none": 0.23684210526315788,
      "acc_stderr,none": 0.0698933400604233,
      "acc_norm,none": 0.21052631578947367,
      "acc_norm_stderr,none": 0.06702258315442244,
      "map,none": 0.5219298245614035,
      "map_stderr,none": 0.046265229886245846,
      "map_2,none": 0.3815789473684211,
      "map_2_stderr,none": 0.06649690771940579,
      "map_3,none": 0.46929824561403505,
      "map_3_stderr,none": 0.05652300394200905,
      "map_4,none": 0.5219298245614035,
      "map_4_stderr,none": 0.046265229886245846,
      "map_norm,none": 0.5175438596491228,
      "map_norm_stderr,none": 0.04356825916946273,
      "map_2_norm,none": 0.3815789473684211,
      "map_2_norm_stderr,none": 0.06376691900642338,
      "map_3_norm,none": 0.47807017543859653,
      "map_3_norm_stderr,none": 0.05190044566415837,
      "map_4_norm,none": 0.5175438596491228,
      "map_4_norm_stderr,none": 0.04356825916946273,
      "alias": "cma_basics-1.0-0.5"
    },
    "chabsa-1.0-0.5": {
      "acc,none": 0.7936035219474298,
      "acc_stderr,none": 0.004605619293079997,
      "f1,none": 0.791740565721877,
      "f1_stderr,none": "N/A",
      "acc_norm,none": 0.7936035219474298,
      "acc_norm_stderr,none": 0.004605619293079997,
      "f1_norm,none": 0.791740565721877,
      "f1_norm_stderr,none": "N/A",
      "alias": "chabsa-1.0-0.5"
    }
  },
  "group_subtasks": {
    "chabsa-1.0-0.5": [],
    "cma_basics-1.0-0.5": [],
    "cpa_audit-1.0-0.5": [],
    "fp2-1.0-0.5": [],
    "security_sales_1-1.0-0.5": []
  },
  "configs": {
    "chabsa-1.0-0.5": {
      "task": "chabsa-1.0-0.5",
      "dataset_path": "jlm_fin_eval/datasets/chabsa/chabsa.py",
      "dataset_name": "chABSA",
      "test_split": "test",
      "doc_to_text": "センテンス: {{sentence}}\nターゲット: {{target}}\nシステム:",
      "doc_to_target": "{{polarity}}",
      "doc_to_choice": [
        "positive",
        "negative"
      ],
      "description": "ユーザー: センテンスにおける、ターゲットのセンチメントをpositiveかnegativeで答えてください。\nシステム: 分かりました。\n\n",
      "target_delimiter": " ",
      "fewshot_delimiter": "\n",
      "num_fewshot": 0,
      "metric_list": [
        {
          "metric": "acc",
          "aggregation": "mean",
          "higher_is_better": true
        },
        {
          "metric": "acc_norm",
          "aggregation": "mean",
          "higher_is_better": true
        },
        {
          "metric": "f1",
          "aggregation": "2class_adjusted_macro_f1_score_for_chabsa",
          "higher_is_better": true
        },
        {
          "metric": "f1_norm",
          "aggregation": "2class_adjusted_macro_f1_score_for_chabsa",
          "higher_is_better": true
        }
      ],
      "output_type": "multiple_choice",
      "repeats": 1,
      "should_decontaminate": false,
      "doc_to_decontamination_query": "sentence",
      "metadata": {
        "version": 1.0
      }
    },
    "cma_basics-1.0-0.5": {
      "task": "cma_basics-1.0-0.5",
      "dataset_path": "jlm_fin_eval/datasets/cma_basics/cma_basics.py",
      "dataset_name": "cma_basics",
      "test_split": "test",
      "doc_to_text": "def doc_to_text_05(doc):\n    return doc_to_text_04(doc, SEP=\"\\n\")\n",
      "doc_to_target": "def doc_to_target_01(doc):\n    return [\n        choice_text\n        for choice_id, choice_text in zip(doc[\"choices\"][\"id\"], doc[\"choices\"][\"text\"])\n        if choice_id == doc[\"answer\"]\n    ][0]\n",
      "doc_to_choice": "def doc_to_choices_01(doc):\n    choices = doc[\"choices\"][\"text\"]\n    return choices\n",
      "description": "ユーザー: 与えられた選択肢の中から、最適な答えを選んでください。\nシステム: 分かりました。\n\n",
      "target_delimiter": "",
      "fewshot_delimiter": "\n",
      "num_fewshot": 0,
      "metric_list": [
        {
          "metric": "acc",
          "aggregation": "mean",
          "higher_is_better": true
        },
        {
          "metric": "acc_norm",
          "aggregation": "mean",
          "higher_is_better": true
        },
        {
          "metric": "map",
          "aggregation": "mean",
          "higher_is_better": true
        },
        {
          "metric": "map_2",
          "aggregation": "mean",
          "higher_is_better": true
        },
        {
          "metric": "map_3",
          "aggregation": "mean",
          "higher_is_better": true
        },
        {
          "metric": "map_4",
          "aggregation": "mean",
          "higher_is_better": true
        },
        {
          "metric": "map_norm",
          "aggregation": "mean",
          "higher_is_better": true
        },
        {
          "metric": "map_2_norm",
          "aggregation": "mean",
          "higher_is_better": true
        },
        {
          "metric": "map_3_norm",
          "aggregation": "mean",
          "higher_is_better": true
        },
        {
          "metric": "map_4_norm",
          "aggregation": "mean",
          "higher_is_better": true
        }
      ],
      "output_type": "multiple_choice",
      "repeats": 1,