{
  "results": {
    "security_sales_1-1.0-0.2.1": {
      "acc,none": 0.3508771929824561,
      "acc_stderr,none": 0.06377448947368158,
      "acc_norm,none": 0.3508771929824561,
      "acc_norm_stderr,none": 0.06377448947368158,
      "map,none": 0.631578947368421,
      "map_stderr,none": 0.03777499239662411,
      "map_2,none": 0.5701754385964912,
      "map_2_stderr,none": 0.04917648338433229,
      "map_3,none": 0.6052631578947368,
      "map_3_stderr,none": 0.043482084142600165,
      "map_4,none": 0.631578947368421,
      "map_4_stderr,none": 0.03777499239662411,
      "map_norm,none": 0.6271929824561403,
      "map_norm_stderr,none": 0.038298792097747766,
      "map_2_norm,none": 0.5614035087719298,
      "map_2_norm_stderr,none": 0.050172283757312267,
      "map_3_norm,none": 0.5964912280701754,
      "map_3_norm_stderr,none": 0.04472824134730514,
      "map_4_norm,none": 0.6271929824561403,
      "map_4_norm_stderr,none": 0.038298792097747766,
      "alias": "security_sales_1-1.0-0.2.1"
    },
    "fp2-1.0-0.2.1": {
      "acc,none": 0.27578947368421053,
      "acc_stderr,none": 0.020527312251959445,
      "acc_norm,none": 0.27578947368421053,
      "acc_norm_stderr,none": 0.020527312251959445,
      "map,none": 0.5380701754385974,
      "map_stderr,none": 0.013723231404889758,
      "map_2,none": 0.4,
      "map_2_stderr,none": 0.01937279928114576,
      "map_3,none": 0.4764912280701763,
      "map_3_stderr,none": 0.016960360986878142,
      "map_4,none": 0.5380701754385974,
      "map_4_stderr,none": 0.013723231404889758,
      "map_norm,none": 0.5380701754385974,
      "map_norm_stderr,none": 0.013723231404889758,
      "map_2_norm,none": 0.4,
      "map_2_norm_stderr,none": 0.01937279928114576,
      "map_3_norm,none": 0.4764912280701763,
      "map_3_norm_stderr,none": 0.016960360986878142,
      "map_4_norm,none": 0.5380701754385974,
      "map_4_norm_stderr,none": 0.013723231404889758,
      "alias": "fp2-1.0-0.2.1"
    },
    "cpa_audit-1.0-0.2.1": {
      "acc,none": 0.18090452261306533,
      "acc_stderr,none": 0.019319537383523426,
      "acc_norm,none": 0.15829145728643215,
      "acc_norm_stderr,none": 0.01831953107292637,
      "map,none": 0.42499999999999966,
      "map_stderr,none": 0.014645294358799566,
      "map_2,none": 0.27261306532663315,
      "map_2_stderr,none": 0.01959546229428166,
      "map_3,none": 0.32705192629815716,
      "map_3_stderr,none": 0.018640312647040046,
      "map_4,none": 0.3691373534338357,
      "map_4_stderr,none": 0.01732516493894248,
      "map_norm,none": 0.41235343383584555,
      "map_norm_stderr,none": 0.013999579991384297,
      "map_2_norm,none": 0.25879396984924624,
      "map_2_norm_stderr,none": 0.01888373513739568,
      "map_3_norm,none": 0.3132328308207702,
      "map_3_norm_stderr,none": 0.017996234860507505,
      "map_4_norm,none": 0.35657453936348393,
      "map_4_norm_stderr,none": 0.016674315878152084,
      "alias": "cpa_audit-1.0-0.2.1"
    },
    "cma_basics-1.0-0.2.1": {
      "acc,none": 0.2894736842105263,
      "acc_stderr,none": 0.07455791696866065,
      "acc_norm,none": 0.18421052631578946,
      "acc_norm_stderr,none": 0.06373021861834362,
      "map,none": 0.5285087719298246,
      "map_stderr,none": 0.05060838924771112,
      "map_2,none": 0.34210526315789475,
      "map_2_stderr,none": 0.07329198595692592,
      "map_3,none": 0.48245614035087725,
      "map_3_stderr,none": 0.059231376832138506,
      "map_4,none": 0.5285087719298246,
      "map_4_stderr,none": 0.05060838924771112,
      "map_norm,none": 0.506578947368421,
      "map_norm_stderr,none": 0.04162297127387284,
      "map_2_norm,none": 0.3815789473684211,
      "map_2_norm_stderr,none": 0.060914704160000256,
      "map_3_norm,none": 0.4605263157894737,
      "map_3_norm_stderr,none": 0.05123502781463655,
      "map_4_norm,none": 0.506578947368421,
      "map_4_norm_stderr,none": 0.04162297127387284,
      "alias": "cma_basics-1.0-0.2.1"
    },
    "chabsa-1.0-0.2": {
      "acc,none": 0.7357244594069662,
      "acc_stderr,none": 0.005017890541896668,
      "f1,none": 0.7102562373784368,
      "f1_stderr,none": "N/A",
      "acc_norm,none": 0.7357244594069662,
      "acc_norm_stderr,none": 0.005017890541896668,
      "f1_norm,none": 0.7102562373784368,
      "f1_norm_stderr,none": "N/A",
      "alias": "chabsa-1.0-0.2"
    }
  },
  "group_subtasks": {
    "chabsa-1.0-0.2": [],
    "cma_basics-1.0-0.2.1": [],
    "cpa_audit-1.0-0.2.1": [],
    "fp2-1.0-0.2.1": [],
    "security_sales_1-1.0-0.2.1": []
  },
  "configs": {
    "chabsa-1.0-0.2": {
      "task": "chabsa-1.0-0.2",
      "dataset_path": "jlm_fin_eval/datasets/chabsa/chabsa.py",
      "dataset_name": "chABSA",
      "test_split": "test",
      "doc_to_text": "センテンス: {{sentence}}\nターゲット: {{target}}\n回答:",
      "doc_to_target": "{{polarity}}",
      "doc_to_choice": [
        "positive",
        "negative"
      ],
      "description": "センテンスとターゲットを入力として受け取り、ターゲットに関するセンチメントをpositiveかnegativeから選択してください。\n\n\n",
      "target_delimiter": " ",
      "fewshot_delimiter": "\n\n",
      "num_fewshot": 0,
      "metric_list": [
        {
          "metric": "acc",
          "aggregation": "mean",
          "higher_is_better": true
        },
        {
          "metric": "acc_norm",
          "aggregation": "mean",
          "higher_is_better": true
        },
        {
          "metric": "f1",
          "aggregation": "2class_adjusted_macro_f1_score_for_chabsa",
          "higher_is_better": true
        },
        {
          "metric": "f1_norm",
          "aggregation": "2class_adjusted_macro_f1_score_for_chabsa",
          "higher_is_better": true
        }
      ],
      "output_type": "multiple_choice",
      "repeats": 1,
      "should_decontaminate": false,
      "doc_to_decontamination_query": "sentence",
      "metadata": {
        "version": 1.0
      }
    },
    "cma_basics-1.0-0.2.1": {
      "task": "cma_basics-1.0-0.2.1",
      "dataset_path": "jlm_fin_eval/datasets/cma_basics/cma_basics.py",
      "dataset_name": "cma_basics",
      "test_split": "test",
      "doc_to_text": "def doc_to_text_02_1(doc):\n    q_doc_text = doc[\"question\"] + \"\\n\"\n    if doc[\"context\"] and doc[\"context\"] != \"\":\n        q_doc_text += doc[\"context\"] + \"\\n\"\n    choices = \"\\n\".join([f\"- {choice}\" for choice in doc[\"choices\"][\"text\"]])\n    return f\"質問:{q_doc_text}選択肢:\\n{choices}\\n回答:\"\n",
      "doc_to_target": "def doc_to_target_01(doc):\n    return [\n        choice_text\n        for choice_id, choice_text in zip(doc[\"choices\"][\"id\"], doc[\"choices\"][\"text\"])\n        if choice_id == doc[\"answer\"]\n    ][0]\n",
      "doc_to_choice": "def doc_to_choices_01(doc):\n    choices = doc[\"choices\"][\"text\"]\n    return choices\n",
      "description": "与えられた選択肢の中から、最適な答えを選んでください。\n\n\n",
      "target_delimiter": "",
      "fewshot_delimiter": "\n\n",
      "num_fewshot": 0,
      "metric_list": [
        {
          "metric": "acc",
          "aggregation": "mean",
          "higher_is_better": true
        },
        {
          "metric": "acc_norm",
          "aggregation": "mean",
          "higher_is_better": true
        },
        {
          "metric": "map",
          "aggregation": "mean",
          "higher_is_better": true
        },
        {
          "metric": "map_2",
          "aggregation": "mean",
          "higher_is_better": true
        },
        {
          "metric": "map_3",
          "aggregation": "mean",
          "higher_is_better": true
        },
        {
          "metric": "map_4",
          "aggregation": "mean",
          "higher_is_better": true
        },
        {
          "metric": "map_norm",
          "aggregation": "mean",
          "higher_is_better": true
        },
        {
          "metric": "map_2_norm",
          "aggregation": "mean",
          "higher_is_better": true
        },
        {
          "metric": "map_3_norm",
          "aggregation": "mean",