{
  "results": {
    "security_sales_1-1.0-0.1": {
      "acc,none": 0.43859649122807015,
      "acc_stderr,none": 0.0663095566682855,
      "acc_norm,none": 0.43859649122807015,
      "acc_norm_stderr,none": 0.0663095566682855,
      "map,none": 0.6856725146198831,
      "map_stderr,none": 0.03840726633280133,
      "map_2,none": 0.6403508771929824,
      "map_2_stderr,none": 0.04807442858450697,
      "map_3,none": 0.6637426900584795,
      "map_3_stderr,none": 0.04365379147328794,
      "map_4,none": 0.6856725146198831,
      "map_4_stderr,none": 0.03840726633280133,
      "map_norm,none": 0.6856725146198831,
      "map_norm_stderr,none": 0.03840726633280133,
      "map_2_norm,none": 0.6403508771929824,
      "map_2_norm_stderr,none": 0.04807442858450697,
      "map_3_norm,none": 0.6637426900584795,
      "map_3_norm_stderr,none": 0.04365379147328794,
      "map_4_norm,none": 0.6856725146198831,
      "map_4_norm_stderr,none": 0.03840726633280133,
      "alias": "security_sales_1-1.0-0.1"
    },
    "fp2-1.0-0.1": {
      "acc,none": 0.24421052631578946,
      "acc_stderr,none": 0.019733014655901614,
      "acc_norm,none": 0.24421052631578946,
      "acc_norm_stderr,none": 0.019733014655901614,
      "map,none": 0.5128070175438607,
      "map_stderr,none": 0.013372533163926302,
      "map_2,none": 0.36210526315789476,
      "map_2_stderr,none": 0.019051211969054904,
      "map_3,none": 0.44491228070175526,
      "map_3_stderr,none": 0.016739080854269294,
      "map_4,none": 0.5128070175438607,
      "map_4_stderr,none": 0.013372533163926302,
      "map_norm,none": 0.5128070175438607,
      "map_norm_stderr,none": 0.013372533163926302,
      "map_2_norm,none": 0.36210526315789476,
      "map_2_norm_stderr,none": 0.019051211969054904,
      "map_3_norm,none": 0.44491228070175526,
      "map_3_norm_stderr,none": 0.016739080854269294,
      "map_4_norm,none": 0.5128070175438607,
      "map_4_norm_stderr,none": 0.013372533163926302,
      "alias": "fp2-1.0-0.1"
    },
    "cpa_audit-1.0-0.1": {
      "acc,none": 0.1984924623115578,
      "acc_stderr,none": 0.020018455258200216,
      "acc_norm,none": 0.1708542713567839,
      "acc_norm_stderr,none": 0.018890049712103906,
      "map,none": 0.4315326633165826,
      "map_stderr,none": 0.015147736950311574,
      "map_2,none": 0.2776381909547739,
      "map_2_stderr,none": 0.020136959362927625,
      "map_3,none": 0.33040201005025105,
      "map_3_stderr,none": 0.019209030339016834,
      "map_4,none": 0.37499999999999994,
      "map_4_stderr,none": 0.01782773458550251,
      "map_norm,none": 0.41239530988274653,
      "map_norm_stderr,none": 0.01446024563676796,
      "map_2_norm,none": 0.2562814070351759,
      "map_2_norm_stderr,none": 0.019300597059717785,
      "map_3_norm,none": 0.3082077051926295,
      "map_3_norm_stderr,none": 0.01850077374026027,
      "map_4_norm,none": 0.35343383584589605,
      "map_4_norm_stderr,none": 0.017186754726029256,
      "alias": "cpa_audit-1.0-0.1"
    },
    "cma_basics-1.0-0.1": {
      "acc,none": 0.2894736842105263,
      "acc_stderr,none": 0.07455791696866065,
      "acc_norm,none": 0.2894736842105263,
      "acc_norm_stderr,none": 0.07455791696866065,
      "map,none": 0.5482456140350876,
      "map_stderr,none": 0.049757549818117114,
      "map_2,none": 0.42105263157894735,
      "map_2_stderr,none": 0.0693556909988199,
      "map_3,none": 0.48245614035087714,
      "map_3_stderr,none": 0.06216087819603423,
      "map_4,none": 0.5482456140350876,
      "map_4_stderr,none": 0.049757549818117114,
      "map_norm,none": 0.5767543859649122,
      "map_norm_stderr,none": 0.04665828124250725,
      "map_2_norm,none": 0.47368421052631576,
      "map_2_norm_stderr,none": 0.06518211827132771,
      "map_3_norm,none": 0.5438596491228069,
      "map_3_norm_stderr,none": 0.054323217446889484,
      "map_4_norm,none": 0.5767543859649122,
      "map_4_norm_stderr,none": 0.04665828124250725,
      "alias": "cma_basics-1.0-0.1"
    },
    "chabsa-1.0-0.1": {
      "acc,none": 0.7653761491648323,
      "acc_stderr,none": 0.004822349057710335,
      "f1,none": 0.7528278423303939,
      "f1_stderr,none": "N/A",
      "acc_norm,none": 0.7653761491648323,
      "acc_norm_stderr,none": 0.004822349057710335,
      "f1_norm,none": 0.7528278423303939,
      "f1_norm_stderr,none": "N/A",
      "alias": "chabsa-1.0-0.1"
    }
  },
  "group_subtasks": {
    "chabsa-1.0-0.1": [],
    "cma_basics-1.0-0.1": [],
    "cpa_audit-1.0-0.1": [],
    "fp2-1.0-0.1": [],
    "security_sales_1-1.0-0.1": []
  },
  "configs": {
    "chabsa-1.0-0.1": {
      "task": "chabsa-1.0-0.1",
      "dataset_path": "jlm_fin_eval/datasets/chabsa/chabsa.py",
      "dataset_name": "chABSA",
      "test_split": "test",
      "doc_to_text": "[センテンス]: {{sentence}}\nターゲット]: {{target}}\n[答え]:",
      "doc_to_target": "{{polarity}}",
      "doc_to_choice": [
        "positive",
        "negative"
      ],
      "description": "[センテンス]における、[ターゲット]のセンチメントをpositiveかnegativeで選んでください。\n\n\n",
      "target_delimiter": " ",
      "fewshot_delimiter": "\n\n",
      "num_fewshot": 0,
      "metric_list": [
        {
          "metric": "acc",
          "aggregation": "mean",
          "higher_is_better": true
        },
        {
          "metric": "acc_norm",
          "aggregation": "mean",
          "higher_is_better": true
        },
        {
          "metric": "f1",
          "aggregation": "2class_adjusted_macro_f1_score_for_chabsa",
          "higher_is_better": true
        },
        {
          "metric": "f1_norm",
          "aggregation": "2class_adjusted_macro_f1_score_for_chabsa",
          "higher_is_better": true
        }
      ],
      "output_type": "multiple_choice",
      "repeats": 1,
      "should_decontaminate": false,
      "doc_to_decontamination_query": "sentence",
      "metadata": {
        "version": 1.0
      }
    },
    "cma_basics-1.0-0.1": {
      "task": "cma_basics-1.0-0.1",
      "dataset_path": "jlm_fin_eval/datasets/cma_basics/cma_basics.py",
      "dataset_name": "cma_basics",
      "test_split": "test",
      "doc_to_text": "def doc_to_text_01(doc):\n    q_doc_text = doc[\"question\"] + \"\\n\"\n    if doc[\"context\"] and doc[\"context\"] != \"\":\n        q_doc_text += doc[\"context\"] + \"\\n\"\n    return f\"[問題]:{q_doc_text}[選択肢]:[{', '.join(doc['choices']['text'])}]\\n[答え]:\"\n",
      "doc_to_target": "def doc_to_target_01(doc):\n    return [\n        choice_text\n        for choice_id, choice_text in zip(doc[\"choices\"][\"id\"], doc[\"choices\"][\"text\"])\n        if choice_id == doc[\"answer\"]\n    ][0]\n",
      "doc_to_choice": "def doc_to_choices_01(doc):\n    choices = doc[\"choices\"][\"text\"]\n    return choices\n",
      "description": "[問題]に対する[答え]を[選択肢]の中から選んでください。\n\n\n",
      "target_delimiter": "",
      "fewshot_delimiter": "\n\n",
      "num_fewshot": 0,
      "metric_list": [
        {
          "metric": "acc",
          "aggregation": "mean",
          "higher_is_better": true
        },
        {
          "metric": "acc_norm",
          "aggregation": "mean",
          "higher_is_better": true
        },
        {
          "metric": "map",
          "aggregation": "mean",
          "higher_is_better": true
        },
        {
          "metric": "map_2",
          "aggregation": "mean",
          "higher_is_better": true
        },
        {
          "metric": "map_3",
          "aggregation": "mean",
          "higher_is_better": true
        },
        {
          "metric": "map_4",
          "aggregation": "mean",
          "higher_is_better": true
        },
        {
          "metric": "map_norm",
          "aggregation": "mean",
          "higher_is_better": true
        },
        {
          "metric": "map_2_norm",
          "aggregation": "mean",
          "higher_is_better": true
        },
        {
          "metric": "map_3_norm",
          "aggregation": "mean",