{
  "results": {
    "security_sales_1-1.0-0.2": {
      "acc,none": 0.5964912280701754,
      "acc_stderr,none": 0.06555933012294905,
      "acc_norm,none": 0.5964912280701754,
      "acc_norm_stderr,none": 0.06555933012294905,
      "map,none": 0.7514619883040936,
      "map_stderr,none": 0.040096307197846306,
      "map_2,none": 0.7017543859649122,
      "map_2_stderr,none": 0.051389906417921224,
      "map_3,none": 0.7251461988304094,
      "map_3_stderr,none": 0.04673464959404097,
      "map_4,none": 0.7514619883040936,
      "map_4_stderr,none": 0.040096307197846306,
      "map_norm,none": 0.7514619883040936,
      "map_norm_stderr,none": 0.040096307197846306,
      "map_2_norm,none": 0.7017543859649122,
      "map_2_norm_stderr,none": 0.051389906417921224,
      "map_3_norm,none": 0.7251461988304094,
      "map_3_norm_stderr,none": 0.04673464959404097,
      "map_4_norm,none": 0.7514619883040936,
      "map_4_norm_stderr,none": 0.040096307197846306,
      "alias": "security_sales_1-1.0-0.2"
    },
    "fp2-1.0-0.2": {
      "acc,none": 0.2168421052631579,
      "acc_stderr,none": 0.018928112207699244,
      "acc_norm,none": 0.2168421052631579,
      "acc_norm_stderr,none": 0.018928112207699244,
      "map,none": 0.5064912280701763,
      "map_stderr,none": 0.01285309869011344,
      "map_2,none": 0.3568421052631579,
      "map_2_stderr,none": 0.018524912631336335,
      "map_3,none": 0.4459649122807025,
      "map_3_stderr,none": 0.015965607772577255,
      "map_4,none": 0.5064912280701763,
      "map_4_stderr,none": 0.01285309869011344,
      "map_norm,none": 0.5064912280701763,
      "map_norm_stderr,none": 0.01285309869011344,
      "map_2_norm,none": 0.3568421052631579,
      "map_2_norm_stderr,none": 0.018524912631336335,
      "map_3_norm,none": 0.4459649122807025,
      "map_3_norm_stderr,none": 0.015965607772577255,
      "map_4_norm,none": 0.5064912280701763,
      "map_4_norm_stderr,none": 0.01285309869011344,
      "alias": "fp2-1.0-0.2"
    },
    "cpa_audit-1.0-0.2": {
      "acc,none": 0.19597989949748743,
      "acc_stderr,none": 0.019922505943002544,
      "acc_norm,none": 0.19597989949748743,
      "acc_norm_stderr,none": 0.019922505943002544,
      "map,none": 0.4308207705192632,
      "map_stderr,none": 0.015021906212570997,
      "map_2,none": 0.271356783919598,
      "map_2_stderr,none": 0.02007754723806205,
      "map_3,none": 0.3324958123953096,
      "map_3_stderr,none": 0.019011765719814912,
      "map_4,none": 0.37772194304857615,
      "map_4_stderr,none": 0.017578946380370053,
      "map_norm,none": 0.4308207705192632,
      "map_norm_stderr,none": 0.015021906212570997,
      "map_2_norm,none": 0.271356783919598,
      "map_2_norm_stderr,none": 0.02007754723806205,
      "map_3_norm,none": 0.3324958123953096,
      "map_3_norm_stderr,none": 0.019011765719814912,
      "map_4_norm,none": 0.37772194304857615,
      "map_4_norm_stderr,none": 0.017578946380370053,
      "alias": "cpa_audit-1.0-0.2"
    },
    "cma_basics-1.0-0.2": {
      "acc,none": 0.21052631578947367,
      "acc_stderr,none": 0.06702258315442243,
      "acc_norm,none": 0.21052631578947367,
      "acc_norm_stderr,none": 0.06702258315442243,
      "map,none": 0.5109649122807017,
      "map_stderr,none": 0.04737154907747847,
      "map_2,none": 0.3684210526315789,
      "map_2_stderr,none": 0.06716206838991057,
      "map_3,none": 0.4385964912280702,
      "map_3_stderr,none": 0.06010272955426172,
      "map_4,none": 0.5109649122807017,
      "map_4_stderr,none": 0.04737154907747847,
      "map_norm,none": 0.5109649122807017,
      "map_norm_stderr,none": 0.04737154907747847,
      "map_2_norm,none": 0.3684210526315789,
      "map_2_norm_stderr,none": 0.06716206838991057,
      "map_3_norm,none": 0.4385964912280702,
      "map_3_norm_stderr,none": 0.06010272955426172,
      "map_4_norm,none": 0.5109649122807017,
      "map_4_norm_stderr,none": 0.04737154907747847,
      "alias": "cma_basics-1.0-0.2"
    },
    "chabsa-1.0-0.2": {
      "acc,none": 0.7357244594069662,
      "acc_stderr,none": 0.005017890541896668,
      "f1,none": 0.7102562373784368,
      "f1_stderr,none": "N/A",
      "acc_norm,none": 0.7357244594069662,
      "acc_norm_stderr,none": 0.005017890541896668,
      "f1_norm,none": 0.7102562373784368,
      "f1_norm_stderr,none": "N/A",
      "alias": "chabsa-1.0-0.2"
    }
  },
  "group_subtasks": {
    "chabsa-1.0-0.2": [],
    "cma_basics-1.0-0.2": [],
    "cpa_audit-1.0-0.2": [],
    "fp2-1.0-0.2": [],
    "security_sales_1-1.0-0.2": []
  },
  "configs": {
    "chabsa-1.0-0.2": {
      "task": "chabsa-1.0-0.2",
      "dataset_path": "jlm_fin_eval/datasets/chabsa/chabsa.py",
      "dataset_name": "chABSA",
      "test_split": "test",
      "doc_to_text": "センテンス: {{sentence}}\nターゲット: {{target}}\n回答:",
      "doc_to_target": "{{polarity}}",
      "doc_to_choice": [
        "positive",
        "negative"
      ],
      "description": "センテンスとターゲットを入力として受け取り、ターゲットに関するセンチメントをpositiveかnegativeから選択してください。\n\n\n",
      "target_delimiter": " ",
      "fewshot_delimiter": "\n\n",
      "num_fewshot": 0,
      "metric_list": [
        {
          "metric": "acc",
          "aggregation": "mean",
          "higher_is_better": true
        },
        {
          "metric": "acc_norm",
          "aggregation": "mean",
          "higher_is_better": true
        },
        {
          "metric": "f1",
          "aggregation": "2class_adjusted_macro_f1_score_for_chabsa",
          "higher_is_better": true
        },
        {
          "metric": "f1_norm",
          "aggregation": "2class_adjusted_macro_f1_score_for_chabsa",
          "higher_is_better": true
        }
      ],
      "output_type": "multiple_choice",
      "repeats": 1,
      "should_decontaminate": false,
      "doc_to_decontamination_query": "sentence",
      "metadata": {
        "version": 1.0
      }
    },
    "cma_basics-1.0-0.2": {
      "task": "cma_basics-1.0-0.2",
      "dataset_path": "jlm_fin_eval/datasets/cma_basics/cma_basics.py",
      "dataset_name": "cma_basics",
      "test_split": "test",
      "doc_to_text": "def doc_to_text_02(doc):\n    q_doc_text = doc[\"question\"] + \"\\n\"\n    if doc[\"context\"] and doc[\"context\"] != \"\":\n        q_doc_text += doc[\"context\"] + \"\\n\"\n    choices = \",\".join(\n        [\n            f\"{idx}.{choice}\"\n            for idx, choice in zip(doc[\"choices\"][\"id\"], doc[\"choices\"][\"text\"])\n        ]\n    )\n    return f\"質問:{q_doc_text}\" f\"選択肢:{choices}\\n\" \"回答:\"\n",
      "doc_to_target": "def doc_to_target_02(doc):\n    return [\n        str(choice_id)\n        for choice_id in doc[\"choices\"][\"id\"]\n        if choice_id == doc[\"answer\"]\n    ][0]\n",
      "doc_to_choice": "def doc_to_choices_02(doc):\n    return [str(choice) for choice in doc[\"choices\"][\"id\"]]\n",
      "description": "質問と回答の選択肢を入力として受け取り、選択肢から回答を選択してください。なお、回答は選択肢の番号(例:0)でするものとします。\n\n\n",
      "target_delimiter": "",
      "fewshot_delimiter": "\n\n",
      "num_fewshot": 0,
      "metric_list": [
        {
          "metric": "acc",
          "aggregation": "mean",
          "higher_is_better": true
        },
        {
          "metric": "acc_norm",
          "aggregation": "mean",
          "higher_is_better": true
        },
        {
          "metric": "map",
          "aggregation": "mean",
          "higher_is_better": true
        },
        {
          "metric": "map_2",
          "aggregation": "mean",
          "higher_is_better": true
        },
        {
          "metric": "map_3",
          "aggregation": "mean",
          "higher_is_better": true
        },
        {
          "metric": "map_4",
          "aggregation": "mean",
          "higher_is_better": true
        },
        {
          "metric": "map_norm",
          "aggregation": "mean",
          "higher_is_better": true
        },
        {
          "metric": "map_2_norm",
          "aggregation": "mean",