{
  "results": {
    "cpa_audit-1.0-0.2.1": {
      "acc": 0.20351758793969849,
      "acc_stderr": 0.020206626549752787,
      "map": 0.44371859296482413,
      "map_stderr": 0.015149194169922421,
      "map_2": 0.29773869346733667,
      "map_2_stderr": 0.020199247505491697,
      "map_3": 0.34966499162479037,
      "map_3_stderr": 0.01915542293131839,
      "map_4": 0.3886097152428812,
      "map_4_stderr": 0.01786145794152611
    },
    "fp2-1.0-0.2.1": {
      "acc": 0.2863157894736842,
      "acc_stderr": 0.020762828791714708,
      "map": 0.5438596491228077,
      "map_stderr": 0.013898051296373884,
      "map_2": 0.4094736842105263,
      "map_2_stderr": 0.019499325898829984,
      "map_3": 0.47964912280701827,
      "map_3_stderr": 0.01726092075872394,
      "map_4": 0.5438596491228077,
      "map_4_stderr": 0.013898051296373884
    },
    "chabsa-1.0-0.3": {
      "acc": 0.8387932150718632,
      "f1": 0.5625886139981292
    },
    "cma_basics-1.0-0.6": {
      "acc": 0.3157894736842105,
      "acc_stderr": 0.07641750223933594,
      "map": 0.581140350877193,
      "map_stderr": 0.04904320457091834,
      "map_2": 0.47368421052631576,
      "map_2_stderr": 0.06785519375116957,
      "map_3": 0.5350877192982457,
      "map_3_stderr": 0.0590203380014443,
      "map_4": 0.581140350877193,
      "map_4_stderr": 0.04904320457091834
    },
    "security_sales_1-1.0-0.2": {
      "acc": 0.5263157894736842,
      "acc_stderr": 0.06672270432067237,
      "map": 0.7280701754385966,
      "map_stderr": 0.0395519274671068,
      "map_2": 0.6842105263157895,
      "map_2_stderr": 0.04948288188379015,
      "map_3": 0.7017543859649124,
      "map_3_stderr": 0.0460302487676233,
      "map_4": 0.7280701754385966,
      "map_4_stderr": 0.0395519274671068
    }
  },
  "versions": {
    "cpa_audit-1.0-0.2.1": 1.0,
    "fp2-1.0-0.2.1": 1.0,
    "chabsa-1.0-0.3": 1.0,
    "cma_basics-1.0-0.6": 1.0,
    "security_sales_1-1.0-0.2": 1.0
  },
  "config": {
    "model": "hf",
    "model_args": "pretrained=rinna/youri-7b-instruction,load_in_8bit=True",
    "num_fewshot": [
      0,
      0,
      0,
      0,
      0
    ],
    "batch_size": null,
    "device": "cuda",
    "no_cache": false,
    "limit": null,
    "bootstrap_iters": 100000,
    "description_dict": {}
  }
}